solid OpenSCAD_Model
  facet normal 0 0 -1
    outer loop
      vertex -46.553216354311935 -35.58861149080837 -6
      vertex -46.92820323027551 -35 -6
      vertex -47.2504622962932 -34.380946093925594 -6
    endloop
  endfacet
  facet normal 0 0 -1
    outer loop
      vertex -45.14230087749232 -37.12835554495182 -6
      vertex -47.2504622962932 -34.380946093925594 -6
      vertex -48 -31 -6
    endloop
  endfacet
  facet normal 0 0 -1
    outer loop
      vertex -45.65685424949238 -36.65685424949238 -6
      vertex -46.553216354311935 -35.58861149080837 -6
      vertex -45.14230087749232 -37.12835554495182 -6
    endloop
  endfacet
  facet normal 0 0 -1
    outer loop
      vertex -45.65685424949238 -36.65685424949238 -6
      vertex -46.12835554495182 -36.14230087749232 -6
      vertex -46.553216354311935 -35.58861149080837 -6
    endloop
  endfacet
  facet normal 0 0 -1
    outer loop
      vertex -45.14230087749232 -37.12835554495182 -6
      vertex -46.553216354311935 -35.58861149080837 -6
      vertex -47.2504622962932 -34.380946093925594 -6
    endloop
  endfacet
  facet normal 0 0 -1
    outer loop
      vertex -45.14230087749232 -37.12835554495182 -6
      vertex -42.73616114660535 -38.51754096628727 -6
      vertex -44 -37.92820323027551 -6
    endloop
  endfacet
  facet normal 0 0 -1
    outer loop
      vertex -45.14230087749232 -37.12835554495182 -6
      vertex -44 -37.92820323027551 -6
      vertex -44.58861149080837 -37.553216354311935 -6
    endloop
  endfacet
  facet normal 0 0 -1
    outer loop
      vertex -44 -37.92820323027551 -6
      vertex -42.73616114660535 -38.51754096628727 -6
      vertex -43.380946093925594 -38.2504622962932 -6
    endloop
  endfacet
  facet normal 0 0 -1
    outer loop
      vertex -42.73616114660535 -38.51754096628727 -6
      vertex -41.38918542133544 -38.878462024097665 -6
      vertex -42.070552360820166 -38.72740661031255 -6
    endloop
  endfacet
  facet normal 0 0 -1
    outer loop
      vertex -45.14230087749232 -37.12835554495182 -6
      vertex -40 -39 -6
      vertex -42.73616114660535 -38.51754096628727 -6
    endloop
  endfacet
  facet normal 0 0 -1
    outer loop
      vertex -47.2504622962932 -34.380946093925594 -6
      vertex -47.51754096628727 -33.73616114660535 -6
      vertex -47.72740661031255 -33.070552360820166 -6
    endloop
  endfacet
  facet normal 0 0 -1
    outer loop
      vertex -47.2504622962932 -34.380946093925594 -6
      vertex -47.72740661031255 -33.070552360820166 -6
      vertex -48 -31 -6
    endloop
  endfacet
  facet normal 0 0 -1
    outer loop
      vertex -47.72740661031255 -33.070552360820166 -6
      vertex -47.878462024097665 -32.38918542133544 -6
      vertex -47.96955758473396 -31.697245941981265 -6
    endloop
  endfacet
  facet normal 0 0 -1
    outer loop
      vertex -47.72740661031255 -33.070552360820166 -6
      vertex -47.96955758473396 -31.697245941981265 -6
      vertex -48 -31 -6
    endloop
  endfacet
  facet normal 0 0 -1
    outer loop
      vertex -42.73616114660535 -38.51754096628727 -6
      vertex -40 -39 -6
      vertex -41.38918542133544 -38.878462024097665 -6
    endloop
  endfacet
  facet normal 0 0 -1
    outer loop
      vertex -41.38918542133544 -38.878462024097665 -6
      vertex -40 -39 -6
      vertex -40.697245941981265 -38.96955758473396 -6
    endloop
  endfacet
  facet normal -0.675590207615657 -0.7372773368101271 1.4537729252954555e-18
    outer loop
      vertex -45.65685424949238 -36.65685424949238 -6
      vertex -45.14230087749232 -37.12835554495182 -6
      vertex -45.14230087749232 -37.12835554495182 6
    endloop
  endfacet
  facet normal -0.8433914458128876 -0.5372996083468209 0
    outer loop
      vertex -46.553216354311935 -35.58861149080837 -6
      vertex -46.553216354311935 -35.58861149080837 6
      vertex -46.92820323027551 -35 -6
    endloop
  endfacet
  facet normal -0.9238795325112853 -0.38268343236509317 0
    outer loop
      vertex -47.2504622962932 -34.380946093925594 -6
      vertex -47.2504622962932 -34.380946093925594 6
      vertex -47.51754096628727 -33.73616114660535 -6
    endloop
  endfacet
  facet normal -0.8870108331782203 -0.46174861323503635 0
    outer loop
      vertex -47.2504622962932 -34.380946093925594 -6
      vertex -46.92820323027551 -35 -6
      vertex -47.2504622962932 -34.380946093925594 6
    endloop
  endfacet
  facet normal -0.7372773368101271 -0.675590207615657 0
    outer loop
      vertex -45.65685424949238 -36.65685424949238 -6
      vertex -45.65685424949238 -36.65685424949238 6
      vertex -46.12835554495182 -36.14230087749232 -6
    endloop
  endfacet
  facet normal -0.7933533402912355 -0.6087614290087201 0
    outer loop
      vertex -46.553216354311935 -35.58861149080837 -6
      vertex -46.12835554495182 -36.14230087749232 -6
      vertex -46.553216354311935 -35.58861149080837 6
    endloop
  endfacet
  facet normal -0.46174861323503635 -0.8870108331782203 -8.161330027783879e-19
    outer loop
      vertex -44 -37.92820323027551 -6
      vertex -43.380946093925594 -38.2504622962932 -6
      vertex -43.380946093925594 -38.2504622962932 6
    endloop
  endfacet
  facet normal -0.6087614290087201 -0.7933533402912355 -8.346874258128032e-19
    outer loop
      vertex -45.14230087749232 -37.12835554495182 -6
      vertex -44.58861149080837 -37.553216354311935 -6
      vertex -44.58861149080837 -37.553216354311935 6
    endloop
  endfacet
  facet normal -0.5372996083468209 -0.8433914458128876 -9.61954021819596e-19
    outer loop
      vertex -44 -37.92820323027551 -6
      vertex -44.58861149080837 -37.553216354311935 6
      vertex -44.58861149080837 -37.553216354311935 -6
    endloop
  endfacet
  facet normal -0.38268343236509317 -0.9238795325112853 0
    outer loop
      vertex -43.380946093925594 -38.2504622962932 -6
      vertex -42.73616114660535 -38.51754096628727 -6
      vertex -43.380946093925594 -38.2504622962932 6
    endloop
  endfacet
  facet normal -0.3007057995042726 -0.9537169507482269 8.382514888911337e-19
    outer loop
      vertex -42.73616114660535 -38.51754096628727 -6
      vertex -42.070552360820166 -38.72740661031255 -6
      vertex -42.070552360820166 -38.72740661031255 6
    endloop
  endfacet
  facet normal -0.9537169507482269 -0.3007057995042726 8.382514888911337e-19
    outer loop
      vertex -47.51754096628727 -33.73616114660535 -6
      vertex -47.72740661031255 -33.070552360820166 6
      vertex -47.72740661031255 -33.070552360820166 -6
    endloop
  endfacet
  facet normal -0.9762960071199343 -0.21643961393809916 0
    outer loop
      vertex -47.72740661031255 -33.070552360820166 -6
      vertex -47.72740661031255 -33.070552360820166 6
      vertex -47.878462024097665 -32.38918542133544 -6
    endloop
  endfacet
  facet normal -0.9914448613738108 -0.13052619222004877 -7.212498589530564e-21
    outer loop
      vertex -47.878462024097665 -32.38918542133544 -6
      vertex -47.96955758473396 -31.697245941981265 6
      vertex -47.96955758473396 -31.697245941981265 -6
    endloop
  endfacet
  facet normal -0.9990482215818577 -0.043619387365338415 1.4622321235917267e-19
    outer loop
      vertex -47.96955758473396 -31.697245941981265 -6
      vertex -48 -31 6
      vertex -48 -31 -6
    endloop
  endfacet
  facet normal -0.21643961393809916 -0.9762960071199343 0
    outer loop
      vertex -42.070552360820166 -38.72740661031255 -6
      vertex -41.38918542133544 -38.878462024097665 -6
      vertex -42.070552360820166 -38.72740661031255 6
    endloop
  endfacet
  facet normal -0.13052619222004877 -0.9914448613738108 0
    outer loop
      vertex -41.38918542133544 -38.878462024097665 -6
      vertex -40.697245941981265 -38.96955758473396 -6
      vertex -41.38918542133544 -38.878462024097665 6
    endloop
  endfacet
  facet normal -0.043619387365338415 -0.9990482215818577 0
    outer loop
      vertex -40.697245941981265 -38.96955758473396 -6
      vertex -40 -39 -6
      vertex -40.697245941981265 -38.96955758473396 6
    endloop
  endfacet
  facet normal 0 0 -1
    outer loop
      vertex -45.14230087749232 -37.12835554495182 -6
      vertex -48 -31 -6
      vertex -47.96955758473396 31.697245941981265 -6
    endloop
  endfacet
  facet normal 0 0 -1
    outer loop
      vertex -45.14230087749232 -37.12835554495182 -6
      vertex 45.14230087749232 -37.12835554495182 -6
      vertex -40 -39 -6
    endloop
  endfacet
  facet normal 0 -1 0
    outer loop
      vertex -40 -39 -6
      vertex 40 -39 -6
      vertex -40 -39 6
    endloop
  endfacet
  facet normal 0 0 -1
    outer loop
      vertex -45.14230087749232 -37.12835554495182 -6
      vertex -40 39 -6
      vertex 48 -31 -6
    endloop
  endfacet
  facet normal -0.675590207615657 -0.7372773368101271 0
    outer loop
      vertex -45.65685424949238 -36.65685424949238 -6
      vertex -45.14230087749232 -37.12835554495182 6
      vertex -45.65685424949238 -36.65685424949238 6
    endloop
  endfacet
  facet normal -0.8870108331782203 -0.46174861323503635 0
    outer loop
      vertex -46.92820323027551 -35 -6
      vertex -46.92820323027551 -35 6
      vertex -47.2504622962932 -34.380946093925594 6
    endloop
  endfacet
  facet normal -0.8433914458128876 -0.5372996083468209 0
    outer loop
      vertex -46.92820323027551 -35 -6
      vertex -46.553216354311935 -35.58861149080837 6
      vertex -46.92820323027551 -35 6
    endloop
  endfacet
  facet normal -0.7933533402912355 -0.6087614290087201 0
    outer loop
      vertex -46.12835554495182 -36.14230087749232 -6
      vertex -46.12835554495182 -36.14230087749232 6
      vertex -46.553216354311935 -35.58861149080837 6
    endloop
  endfacet
  facet normal -0.7372773368101271 -0.675590207615657 0
    outer loop
      vertex -46.12835554495182 -36.14230087749232 -6
      vertex -45.65685424949238 -36.65685424949238 6
      vertex -46.12835554495182 -36.14230087749232 6
    endloop
  endfacet
  facet normal -0.5372996083468209 -0.8433914458128876 0
    outer loop
      vertex -44 -37.92820323027551 -6
      vertex -44 -37.92820323027551 6
      vertex -44.58861149080837 -37.553216354311935 6
    endloop
  endfacet
  facet normal -0.46174861323503635 -0.8870108331782203 0
    outer loop
      vertex -44 -37.92820323027551 -6
      vertex -43.380946093925594 -38.2504622962932 6
      vertex -44 -37.92820323027551 6
    endloop
  endfacet
  facet normal -0.6087614290087201 -0.7933533402912355 0
    outer loop
      vertex -45.14230087749232 -37.12835554495182 -6
      vertex -44.58861149080837 -37.553216354311935 6
      vertex -45.14230087749232 -37.12835554495182 6
    endloop
  endfacet
  facet normal -0.38268343236509317 -0.9238795325112853 0
    outer loop
      vertex -42.73616114660535 -38.51754096628727 -6
      vertex -42.73616114660535 -38.51754096628727 6
      vertex -43.380946093925594 -38.2504622962932 6
    endloop
  endfacet
  facet normal -0.3007057995042726 -0.9537169507482269 0
    outer loop
      vertex -42.73616114660535 -38.51754096628727 -6
      vertex -42.070552360820166 -38.72740661031255 6
      vertex -42.73616114660535 -38.51754096628727 6
    endloop
  endfacet
  facet normal -0.9238795325112853 -0.38268343236509317 0
    outer loop
      vertex -47.51754096628727 -33.73616114660535 -6
      vertex -47.2504622962932 -34.380946093925594 6
      vertex -47.51754096628727 -33.73616114660535 6
    endloop
  endfacet
  facet normal -0.9537169507482269 -0.3007057995042726 0
    outer loop
      vertex -47.51754096628727 -33.73616114660535 -6
      vertex -47.51754096628727 -33.73616114660535 6
      vertex -47.72740661031255 -33.070552360820166 6
    endloop
  endfacet
  facet normal -0.9762960071199343 -0.21643961393809916 0
    outer loop
      vertex -47.878462024097665 -32.38918542133544 -6
      vertex -47.72740661031255 -33.070552360820166 6
      vertex -47.878462024097665 -32.38918542133544 6
    endloop
  endfacet
  facet normal -0.9914448613738108 -0.13052619222004877 0
    outer loop
      vertex -47.878462024097665 -32.38918542133544 -6
      vertex -47.878462024097665 -32.38918542133544 6
      vertex -47.96955758473396 -31.697245941981265 6
    endloop
  endfacet
  facet normal -0.9990482215818577 -0.043619387365338415 0
    outer loop
      vertex -47.96955758473396 -31.697245941981265 -6
      vertex -47.96955758473396 -31.697245941981265 6
      vertex -48 -31 6
    endloop
  endfacet
  facet normal -0.21643961393809916 -0.9762960071199343 0
    outer loop
      vertex -41.38918542133544 -38.878462024097665 -6
      vertex -41.38918542133544 -38.878462024097665 6
      vertex -42.070552360820166 -38.72740661031255 6
    endloop
  endfacet
  facet normal -0.13052619222004877 -0.9914448613738108 0
    outer loop
      vertex -40.697245941981265 -38.96955758473396 -6
      vertex -40.697245941981265 -38.96955758473396 6
      vertex -41.38918542133544 -38.878462024097665 6
    endloop
  endfacet
  facet normal -0.043619387365338415 -0.9990482215818577 0
    outer loop
      vertex -40 -39 -6
      vertex -40 -39 6
      vertex -40.697245941981265 -38.96955758473396 6
    endloop
  endfacet
  facet normal 0 0 1
    outer loop
      vertex -46.553216354311935 -35.58861149080837 6
      vertex -47.2504622962932 -34.380946093925594 6
      vertex -46.92820323027551 -35 6
    endloop
  endfacet
  facet normal 0 0 1
    outer loop
      vertex -45.14230087749232 -37.12835554495182 6
      vertex -48 -31 6
      vertex -47.2504622962932 -34.380946093925594 6
    endloop
  endfacet
  facet normal 0 0 1
    outer loop
      vertex -45.65685424949238 -36.65685424949238 6
      vertex -45.14230087749232 -37.12835554495182 6
      vertex -46.553216354311935 -35.58861149080837 6
    endloop
  endfacet
  facet normal 0 0 1
    outer loop
      vertex -45.65685424949238 -36.65685424949238 6
      vertex -46.553216354311935 -35.58861149080837 6
      vertex -46.12835554495182 -36.14230087749232 6
    endloop
  endfacet
  facet normal 0 0 1
    outer loop
      vertex -45.14230087749232 -37.12835554495182 6
      vertex -47.2504622962932 -34.380946093925594 6
      vertex -46.553216354311935 -35.58861149080837 6
    endloop
  endfacet
  facet normal 0 0 1
    outer loop
      vertex -45.14230087749232 -37.12835554495182 6
      vertex -44 -37.92820323027551 6
      vertex -42.73616114660535 -38.51754096628727 6
    endloop
  endfacet
  facet normal 0 0 1
    outer loop
      vertex -45.14230087749232 -37.12835554495182 6
      vertex -44.58861149080837 -37.553216354311935 6
      vertex -44 -37.92820323027551 6
    endloop
  endfacet
  facet normal 0 0 1
    outer loop
      vertex -44 -37.92820323027551 6
      vertex -43.380946093925594 -38.2504622962932 6
      vertex -42.73616114660535 -38.51754096628727 6
    endloop
  endfacet
  facet normal 0 0 1
    outer loop
      vertex -42.73616114660535 -38.51754096628727 6
      vertex -42.070552360820166 -38.72740661031255 6
      vertex -41.38918542133544 -38.878462024097665 6
    endloop
  endfacet
  facet normal 0 0 1
    outer loop
      vertex -45.14230087749232 -37.12835554495182 6
      vertex -42.73616114660535 -38.51754096628727 6
      vertex -40 -39 6
    endloop
  endfacet
  facet normal 0 0 1
    outer loop
      vertex -47.2504622962932 -34.380946093925594 6
      vertex -47.72740661031255 -33.070552360820166 6
      vertex -47.51754096628727 -33.73616114660535 6
    endloop
  endfacet
  facet normal 0 0 1
    outer loop
      vertex -47.2504622962932 -34.380946093925594 6
      vertex -48 -31 6
      vertex -47.72740661031255 -33.070552360820166 6
    endloop
  endfacet
  facet normal 0 0 1
    outer loop
      vertex -47.72740661031255 -33.070552360820166 6
      vertex -47.96955758473396 -31.697245941981265 6
      vertex -47.878462024097665 -32.38918542133544 6
    endloop
  endfacet
  facet normal 0 0 1
    outer loop
      vertex -47.72740661031255 -33.070552360820166 6
      vertex -48 -31 6
      vertex -47.96955758473396 -31.697245941981265 6
    endloop
  endfacet
  facet normal 0 0 1
    outer loop
      vertex -42.73616114660535 -38.51754096628727 6
      vertex -41.38918542133544 -38.878462024097665 6
      vertex -40 -39 6
    endloop
  endfacet
  facet normal 0 0 1
    outer loop
      vertex -41.38918542133544 -38.878462024097665 6
      vertex -40.697245941981265 -38.96955758473396 6
      vertex -40 -39 6
    endloop
  endfacet
  facet normal 0 0 1
    outer loop
      vertex -45.14230087749232 -37.12835554495182 6
      vertex -35.907456132866976 -27.170729309053137 6
      vertex -36.04807621135332 -26.95 6
    endloop
  endfacet
  facet normal 0 0 1
    outer loop
      vertex -45.14230087749232 -37.12835554495182 6
      vertex -36.04807621135332 -26.95 6
      vertex -36.168923361109954 -26.717854785222098 6
    endloop
  endfacet
  facet normal 0 0 1
    outer loop
      vertex -45.14230087749232 -37.12835554495182 6
      vertex -36.168923361109954 -26.717854785222098 6
      vertex -36.269077862357726 -26.476060429977004 6
    endloop
  endfacet
  facet normal 0 0 1
    outer loop
      vertex -45.14230087749232 -37.12835554495182 6
      vertex -36.269077862357726 -26.476060429977004 6
      vertex -36.34777747886721 -26.226457135307562 6
    endloop
  endfacet
  facet normal 0 0 1
    outer loop
      vertex -45.14230087749232 -37.12835554495182 6
      vertex -36.34777747886721 -26.226457135307562 6
      vertex -36.404423259036626 -25.97094453300079 6
    endloop
  endfacet
  facet normal 0 0 1
    outer loop
      vertex -45.14230087749232 -37.12835554495182 6
      vertex -34.7178547852221 -28.16892336110995 6
      vertex -34.95 -28.048076211353315 6
    endloop
  endfacet
  facet normal 0 0 1
    outer loop
      vertex -45.14230087749232 -37.12835554495182 6
      vertex -35.37836282905962 -27.748133329356932 6
      vertex -35.57132034355965 -27.57132034355964 6
    endloop
  endfacet
  facet normal 0 0 1
    outer loop
      vertex -45.14230087749232 -37.12835554495182 6
      vertex -35.57132034355965 -27.57132034355964 6
      vertex -35.74813332935694 -27.37836282905962 6
    endloop
  endfacet
  facet normal 0 0 1
    outer loop
      vertex -45.14230087749232 -37.12835554495182 6
      vertex -35.74813332935694 -27.37836282905962 6
      vertex -35.907456132866976 -27.170729309053137 6
    endloop
  endfacet
  facet normal 0 0 1
    outer loop
      vertex -45.14230087749232 -37.12835554495182 6
      vertex -35.170729309053144 -27.907456132866976 6
      vertex -35.37836282905962 -27.748133329356932 6
    endloop
  endfacet
  facet normal 0 0 1
    outer loop
      vertex -45.14230087749232 -37.12835554495182 6
      vertex -34.95 -28.048076211353315 6
      vertex -35.170729309053144 -27.907456132866976 6
    endloop
  endfacet
  facet normal 0 0 1
    outer loop
      vertex -45.14230087749232 -37.12835554495182 6
      vertex -34.47606042997701 -28.269077862357726 6
      vertex -34.7178547852221 -28.16892336110995 6
    endloop
  endfacet
  facet normal 0 0 1
    outer loop
      vertex -45.14230087749232 -37.12835554495182 6
      vertex -34.22645713530756 -28.347777478867204 6
      vertex -34.47606042997701 -28.269077862357726 6
    endloop
  endfacet
  facet normal 0 0 1
    outer loop
      vertex -45.14230087749232 -37.12835554495182 6
      vertex -33.9709445330008 -28.404423259036623 6
      vertex -34.22645713530756 -28.347777478867204 6
    endloop
  endfacet
  facet normal 0 0 1
    outer loop
      vertex -45.14230087749232 -37.12835554495182 6
      vertex -33.71146722824298 -28.438584094275235 6
      vertex -33.9709445330008 -28.404423259036623 6
    endloop
  endfacet
  facet normal 0 0 1
    outer loop
      vertex -45.14230087749232 -37.12835554495182 6
      vertex -33.45 -28.45 6
      vertex -33.71146722824298 -28.438584094275235 6
    endloop
  endfacet
  facet normal -1 0 0
    outer loop
      vertex -48 -31 -6
      vertex -48 -31 6
      vertex -48 31 6
    endloop
  endfacet
  facet normal 0 0 1
    outer loop
      vertex -45.14230087749232 -37.12835554495182 6
      vertex -48 31 6
      vertex -48 -31 6
    endloop
  endfacet
  facet normal 0 0 1
    outer loop
      vertex -45.14230087749232 -37.12835554495182 6
      vertex -36.404423259036626 -25.97094453300079 6
      vertex -45.14230087749232 37.12835554495183 6
    endloop
  endfacet
  facet normal 0 0 1
    outer loop
      vertex -45.14230087749232 37.12835554495183 6
      vertex -36.404423259036626 -25.97094453300079 6
      vertex -36.43858409427524 -25.711467228242974 6
    endloop
  endfacet
  facet normal 0 0 1
    outer loop
      vertex -45.14230087749232 37.12835554495183 6
      vertex -36.43858409427524 -25.711467228242974 6
      vertex -36.45 -25.45 6
    endloop
  endfacet
  facet normal 0 0 1
    outer loop
      vertex -45.14230087749232 -37.12835554495182 6
      vertex -40 -39 6
      vertex 45.14230087749232 -37.12835554495182 6
    endloop
  endfacet
  facet normal 0 0 1
    outer loop
      vertex -45.14230087749232 -37.12835554495182 6
      vertex 33.45 -28.45 6
      vertex -33.45 -28.45 6
    endloop
  endfacet
  facet normal 0 0 -1
    outer loop
      vertex -48 -31 -6
      vertex -48 31 -6
      vertex -47.96955758473396 31.697245941981265 -6
    endloop
  endfacet
  facet normal 0 0 -1
    outer loop
      vertex -45.14230087749232 -37.12835554495182 -6
      vertex -47.96955758473396 31.697245941981265 -6
      vertex -40 39 -6
    endloop
  endfacet
  facet normal -1 0 0
    outer loop
      vertex -48 -31 -6
      vertex -48 31 6
      vertex -48 31 -6
    endloop
  endfacet
  facet normal 0 0 -1
    outer loop
      vertex -47.96955758473396 31.697245941981265 -6
      vertex -47.878462024097665 32.38918542133544 -6
      vertex -47.72740661031255 33.07055236082016 -6
    endloop
  endfacet
  facet normal 0 0 -1
    outer loop
      vertex -47.96955758473396 31.697245941981265 -6
      vertex -47.72740661031255 33.07055236082016 -6
      vertex -47.2504622962932 34.3809460939256 -6
    endloop
  endfacet
  facet normal 0 0 -1
    outer loop
      vertex -47.72740661031255 33.07055236082016 -6
      vertex -47.51754096628727 33.736161146605355 -6
      vertex -47.2504622962932 34.3809460939256 -6
    endloop
  endfacet
  facet normal 0 0 -1
    outer loop
      vertex -47.96955758473396 31.697245941981265 -6
      vertex -47.2504622962932 34.3809460939256 -6
      vertex -45.14230087749232 37.12835554495183 -6
    endloop
  endfacet
  facet normal 0 0 -1
    outer loop
      vertex -47.2504622962932 34.3809460939256 -6
      vertex -46.92820323027551 35 -6
      vertex -46.553216354311935 35.588611490808375 -6
    endloop
  endfacet
  facet normal 0 0 -1
    outer loop
      vertex -47.2504622962932 34.3809460939256 -6
      vertex -46.553216354311935 35.588611490808375 -6
      vertex -45.14230087749232 37.12835554495183 -6
    endloop
  endfacet
  facet normal 0 0 -1
    outer loop
      vertex -46.553216354311935 35.588611490808375 -6
      vertex -46.12835554495182 36.14230087749232 -6
      vertex -45.14230087749232 37.12835554495183 -6
    endloop
  endfacet
  facet normal 0 0 -1
    outer loop
      vertex -46.12835554495182 36.14230087749232 -6
      vertex -45.65685424949238 36.65685424949238 -6
      vertex -45.14230087749232 37.12835554495183 -6
    endloop
  endfacet
  facet normal 0 0 -1
    outer loop
      vertex -47.96955758473396 31.697245941981265 -6
      vertex -45.14230087749232 37.12835554495183 -6
      vertex -40 39 -6
    endloop
  endfacet
  facet normal 0 0 -1
    outer loop
      vertex -45.14230087749232 37.12835554495183 -6
      vertex -44.58861149080837 37.55321635431193 -6
      vertex -44 37.928203230275514 -6
    endloop
  endfacet
  facet normal 0 0 -1
    outer loop
      vertex -45.14230087749232 37.12835554495183 -6
      vertex -44 37.928203230275514 -6
      vertex -42.73616114660535 38.51754096628727 -6
    endloop
  endfacet
  facet normal 0 0 -1
    outer loop
      vertex -44 37.928203230275514 -6
      vertex -43.380946093925594 38.25046229629319 -6
      vertex -42.73616114660535 38.51754096628727 -6
    endloop
  endfacet
  facet normal 0 0 -1
    outer loop
      vertex -45.14230087749232 37.12835554495183 -6
      vertex -42.73616114660535 38.51754096628727 -6
      vertex -40 39 -6
    endloop
  endfacet
  facet normal 0 0 -1
    outer loop
      vertex -42.73616114660535 38.51754096628727 -6
      vertex -42.070552360820166 38.72740661031254 -6
      vertex -41.38918542133544 38.87846202409766 -6
    endloop
  endfacet
  facet normal 0 0 -1
    outer loop
      vertex -42.73616114660535 38.51754096628727 -6
      vertex -41.38918542133544 38.87846202409766 -6
      vertex -40 39 -6
    endloop
  endfacet
  facet normal 0 0 -1
    outer loop
      vertex -41.38918542133544 38.87846202409766 -6
      vertex -40.697245941981265 38.96955758473396 -6
      vertex -40 39 -6
    endloop
  endfacet
  facet normal -0.9990482215818577 0.043619387365338415 0
    outer loop
      vertex -48 31 -6
      vertex -48 31 6
      vertex -47.96955758473396 31.697245941981265 -6
    endloop
  endfacet
  facet normal -0.9914448613738108 0.13052619222004877 0
    outer loop
      vertex -47.96955758473396 31.697245941981265 -6
      vertex -47.96955758473396 31.697245941981265 6
      vertex -47.878462024097665 32.38918542133544 -6
    endloop
  endfacet
  facet normal -0.9762960071199338 0.21643961393810132 7.520449213477643e-19
    outer loop
      vertex -47.878462024097665 32.38918542133544 -6
      vertex -47.72740661031255 33.07055236082016 6
      vertex -47.72740661031255 33.07055236082016 -6
    endloop
  endfacet
  facet normal -0.9537169507482289 0.30070579950426685 6.571159334863415e-19
    outer loop
      vertex -47.72740661031255 33.07055236082016 -6
      vertex -47.51754096628727 33.736161146605355 6
      vertex -47.51754096628727 33.736161146605355 -6
    endloop
  endfacet
  facet normal -0.9238795325112853 0.38268343236509317 0
    outer loop
      vertex -47.51754096628727 33.736161146605355 -6
      vertex -47.51754096628727 33.736161146605355 6
      vertex -47.2504622962932 34.3809460939256 -6
    endloop
  endfacet
  facet normal -0.8870108331782182 0.4617486132350405 0
    outer loop
      vertex -47.2504622962932 34.3809460939256 -6
      vertex -47.2504622962932 34.3809460939256 6
      vertex -46.92820323027551 35 -6
    endloop
  endfacet
  facet normal -0.8433914458128905 0.5372996083468162 9.508193648862234e-19
    outer loop
      vertex -46.92820323027551 35 -6
      vertex -46.553216354311935 35.588611490808375 6
      vertex -46.553216354311935 35.588611490808375 -6
    endloop
  endfacet
  facet normal -0.7933533402912317 0.6087614290087251 0
    outer loop
      vertex -46.553216354311935 35.588611490808375 -6
      vertex -46.553216354311935 35.588611490808375 6
      vertex -46.12835554495182 36.14230087749232 -6
    endloop
  endfacet
  facet normal -0.7372773368101271 0.675590207615657 0
    outer loop
      vertex -46.12835554495182 36.14230087749232 -6
      vertex -46.12835554495182 36.14230087749232 6
      vertex -45.65685424949238 36.65685424949238 -6
    endloop
  endfacet
  facet normal -0.6755902076156625 0.737277336810122 9.511688530194466e-19
    outer loop
      vertex -45.65685424949238 36.65685424949238 -6
      vertex -45.14230087749232 37.12835554495183 6
      vertex -45.14230087749232 37.12835554495183 -6
    endloop
  endfacet
  facet normal -0.6087614290087074 0.7933533402912455 -7.858090618705877e-19
    outer loop
      vertex -45.14230087749232 37.12835554495183 -6
      vertex -44.58861149080837 37.55321635431193 6
      vertex -44.58861149080837 37.55321635431193 -6
    endloop
  endfacet
  facet normal -0.5372996083468353 0.8433914458128783 0
    outer loop
      vertex -44.58861149080837 37.55321635431193 -6
      vertex -44.58861149080837 37.55321635431193 6
      vertex -44 37.928203230275514 -6
    endloop
  endfacet
  facet normal -0.46174861323502037 0.8870108331782288 9.632806416009525e-19
    outer loop
      vertex -44 37.928203230275514 -6
      vertex -43.380946093925594 38.25046229629319 6
      vertex -43.380946093925594 38.25046229629319 -6
    endloop
  endfacet
  facet normal -0.3826834323651019 0.9238795325112817 0
    outer loop
      vertex -43.380946093925594 38.25046229629319 -6
      vertex -43.380946093925594 38.25046229629319 6
      vertex -42.73616114660535 38.51754096628727 -6
    endloop
  endfacet
  facet normal -0.3007057995042634 0.9537169507482299 0
    outer loop
      vertex -42.73616114660535 38.51754096628727 -6
      vertex -42.73616114660535 38.51754096628727 6
      vertex -42.070552360820166 38.72740661031254 -6
    endloop
  endfacet
  facet normal -0.21643961393809916 0.9762960071199343 -3.410015545559389e-19
    outer loop
      vertex -42.070552360820166 38.72740661031254 -6
      vertex -41.38918542133544 38.87846202409766 6
      vertex -41.38918542133544 38.87846202409766 -6
    endloop
  endfacet
  facet normal -0.1305261922200588 0.9914448613738096 4.596134011617016e-19
    outer loop
      vertex -41.38918542133544 38.87846202409766 -6
      vertex -40.697245941981265 38.96955758473396 6
      vertex -40.697245941981265 38.96955758473396 -6
    endloop
  endfacet
  facet normal -0.043619387365338415 0.9990482215818577 0
    outer loop
      vertex -40.697245941981265 38.96955758473396 -6
      vertex -40.697245941981265 38.96955758473396 6
      vertex -40 39 -6
    endloop
  endfacet
  facet normal 0 1 0
    outer loop
      vertex -40 39 -6
      vertex -40 39 6
      vertex 40 39 -6
    endloop
  endfacet
  facet normal 0 0 1
    outer loop
      vertex -45.14230087749232 -37.12835554495182 6
      vertex -45.14230087749232 37.12835554495183 6
      vertex -48 31 6
    endloop
  endfacet
  facet normal 0 0 1
    outer loop
      vertex -45.14230087749232 37.12835554495183 6
      vertex -36.45 -25.45 6
      vertex -36.45 25.45 6
    endloop
  endfacet
  facet normal -0.9990482215818577 0.043619387365338415 0
    outer loop
      vertex -47.96955758473396 31.697245941981265 -6
      vertex -48 31 6
      vertex -47.96955758473396 31.697245941981265 6
    endloop
  endfacet
  facet normal -0.9914448613738108 0.13052619222004877 0
    outer loop
      vertex -47.878462024097665 32.38918542133544 -6
      vertex -47.96955758473396 31.697245941981265 6
      vertex -47.878462024097665 32.38918542133544 6
    endloop
  endfacet
  facet normal -0.9762960071199338 0.21643961393810132 0
    outer loop
      vertex -47.878462024097665 32.38918542133544 -6
      vertex -47.878462024097665 32.38918542133544 6
      vertex -47.72740661031255 33.07055236082016 6
    endloop
  endfacet
  facet normal -0.9537169507482289 0.30070579950426685 0
    outer loop
      vertex -47.72740661031255 33.07055236082016 -6
      vertex -47.72740661031255 33.07055236082016 6
      vertex -47.51754096628727 33.736161146605355 6
    endloop
  endfacet
  facet normal -0.9238795325112853 0.38268343236509317 0
    outer loop
      vertex -47.2504622962932 34.3809460939256 -6
      vertex -47.51754096628727 33.736161146605355 6
      vertex -47.2504622962932 34.3809460939256 6
    endloop
  endfacet
  facet normal -0.8870108331782182 0.4617486132350405 0
    outer loop
      vertex -46.92820323027551 35 -6
      vertex -47.2504622962932 34.3809460939256 6
      vertex -46.92820323027551 35 6
    endloop
  endfacet
  facet normal -0.8433914458128905 0.5372996083468162 0
    outer loop
      vertex -46.92820323027551 35 -6
      vertex -46.92820323027551 35 6
      vertex -46.553216354311935 35.588611490808375 6
    endloop
  endfacet
  facet normal -0.7933533402912317 0.6087614290087251 0
    outer loop
      vertex -46.12835554495182 36.14230087749232 -6
      vertex -46.553216354311935 35.588611490808375 6
      vertex -46.12835554495182 36.14230087749232 6
    endloop
  endfacet
  facet normal -0.7372773368101271 0.675590207615657 0
    outer loop
      vertex -45.65685424949238 36.65685424949238 -6
      vertex -46.12835554495182 36.14230087749232 6
      vertex -45.65685424949238 36.65685424949238 6
    endloop
  endfacet
  facet normal -0.6755902076156625 0.737277336810122 0
    outer loop
      vertex -45.65685424949238 36.65685424949238 -6
      vertex -45.65685424949238 36.65685424949238 6
      vertex -45.14230087749232 37.12835554495183 6
    endloop
  endfacet
  facet normal -0.6087614290087074 0.7933533402912455 0
    outer loop
      vertex -45.14230087749232 37.12835554495183 -6
      vertex -45.14230087749232 37.12835554495183 6
      vertex -44.58861149080837 37.55321635431193 6
    endloop
  endfacet
  facet normal -0.5372996083468353 0.8433914458128783 0
    outer loop
      vertex -44 37.928203230275514 -6
      vertex -44.58861149080837 37.55321635431193 6
      vertex -44 37.928203230275514 6
    endloop
  endfacet
  facet normal -0.46174861323502037 0.8870108331782288 0
    outer loop
      vertex -44 37.928203230275514 -6
      vertex -44 37.928203230275514 6
      vertex -43.380946093925594 38.25046229629319 6
    endloop
  endfacet
  facet normal -0.3826834323651019 0.9238795325112817 0
    outer loop
      vertex -42.73616114660535 38.51754096628727 -6
      vertex -43.380946093925594 38.25046229629319 6
      vertex -42.73616114660535 38.51754096628727 6
    endloop
  endfacet
  facet normal -0.3007057995042634 0.9537169507482299 0
    outer loop
      vertex -42.070552360820166 38.72740661031254 -6
      vertex -42.73616114660535 38.51754096628727 6
      vertex -42.070552360820166 38.72740661031254 6
    endloop
  endfacet
  facet normal -0.21643961393809916 0.9762960071199343 0
    outer loop
      vertex -42.070552360820166 38.72740661031254 -6
      vertex -42.070552360820166 38.72740661031254 6
      vertex -41.38918542133544 38.87846202409766 6
    endloop
  endfacet
  facet normal -0.1305261922200588 0.9914448613738096 0
    outer loop
      vertex -41.38918542133544 38.87846202409766 -6
      vertex -41.38918542133544 38.87846202409766 6
      vertex -40.697245941981265 38.96955758473396 6
    endloop
  endfacet
  facet normal -0.043619387365338415 0.9990482215818577 0
    outer loop
      vertex -40 39 -6
      vertex -40.697245941981265 38.96955758473396 6
      vertex -40 39 6
    endloop
  endfacet
  facet normal 0 0 1
    outer loop
      vertex -48 31 6
      vertex -47.72740661031255 33.07055236082016 6
      vertex -47.96955758473396 31.697245941981265 6
    endloop
  endfacet
  facet normal 0 0 1
    outer loop
      vertex -47.96955758473396 31.697245941981265 6
      vertex -47.72740661031255 33.07055236082016 6
      vertex -47.878462024097665 32.38918542133544 6
    endloop
  endfacet
  facet normal 0 0 1
    outer loop
      vertex -48 31 6
      vertex -47.2504622962932 34.3809460939256 6
      vertex -47.72740661031255 33.07055236082016 6
    endloop
  endfacet
  facet normal 0 0 1
    outer loop
      vertex -47.72740661031255 33.07055236082016 6
      vertex -47.2504622962932 34.3809460939256 6
      vertex -47.51754096628727 33.736161146605355 6
    endloop
  endfacet
  facet normal 0 0 1
    outer loop
      vertex -48 31 6
      vertex -45.14230087749232 37.12835554495183 6
      vertex -47.2504622962932 34.3809460939256 6
    endloop
  endfacet
  facet normal 0 0 1
    outer loop
      vertex -47.2504622962932 34.3809460939256 6
      vertex -46.553216354311935 35.588611490808375 6
      vertex -46.92820323027551 35 6
    endloop
  endfacet
  facet normal 0 0 1
    outer loop
      vertex -47.2504622962932 34.3809460939256 6
      vertex -45.14230087749232 37.12835554495183 6
      vertex -46.553216354311935 35.588611490808375 6
    endloop
  endfacet
  facet normal 0 0 1
    outer loop
      vertex -46.553216354311935 35.588611490808375 6
      vertex -45.14230087749232 37.12835554495183 6
      vertex -46.12835554495182 36.14230087749232 6
    endloop
  endfacet
  facet normal 0 0 1
    outer loop
      vertex -46.12835554495182 36.14230087749232 6
      vertex -45.14230087749232 37.12835554495183 6
      vertex -45.65685424949238 36.65685424949238 6
    endloop
  endfacet
  facet normal 0 0 1
    outer loop
      vertex -45.14230087749232 37.12835554495183 6
      vertex -44 37.928203230275514 6
      vertex -44.58861149080837 37.55321635431193 6
    endloop
  endfacet
  facet normal 0 0 1
    outer loop
      vertex -45.14230087749232 37.12835554495183 6
      vertex -42.73616114660535 38.51754096628727 6
      vertex -44 37.928203230275514 6
    endloop
  endfacet
  facet normal 0 0 1
    outer loop
      vertex -44 37.928203230275514 6
      vertex -42.73616114660535 38.51754096628727 6
      vertex -43.380946093925594 38.25046229629319 6
    endloop
  endfacet
  facet normal 0 0 1
    outer loop
      vertex -45.14230087749232 37.12835554495183 6
      vertex -40 39 6
      vertex -42.73616114660535 38.51754096628727 6
    endloop
  endfacet
  facet normal 0 0 1
    outer loop
      vertex -42.73616114660535 38.51754096628727 6
      vertex -41.38918542133544 38.87846202409766 6
      vertex -42.070552360820166 38.72740661031254 6
    endloop
  endfacet
  facet normal 0 0 1
    outer loop
      vertex -45.14230087749232 37.12835554495183 6
      vertex -36.45 25.45 6
      vertex -36.43858409427524 25.711467228242977 6
    endloop
  endfacet
  facet normal 0 0 1
    outer loop
      vertex -45.14230087749232 37.12835554495183 6
      vertex -36.43858409427524 25.711467228242977 6
      vertex -36.404423259036626 25.970944533000793 6
    endloop
  endfacet
  facet normal 0 0 1
    outer loop
      vertex -45.14230087749232 37.12835554495183 6
      vertex -36.404423259036626 25.970944533000793 6
      vertex -36.34777747886721 26.22645713530756 6
    endloop
  endfacet
  facet normal 0 0 1
    outer loop
      vertex -45.14230087749232 37.12835554495183 6
      vertex -36.34777747886721 26.22645713530756 6
      vertex -36.269077862357726 26.476060429977007 6
    endloop
  endfacet
  facet normal 0 0 1
    outer loop
      vertex -45.14230087749232 37.12835554495183 6
      vertex -36.269077862357726 26.476060429977007 6
      vertex -36.168923361109954 26.717854785222098 6
    endloop
  endfacet
  facet normal 0 0 1
    outer loop
      vertex -45.14230087749232 37.12835554495183 6
      vertex -36.168923361109954 26.717854785222098 6
      vertex -36.04807621135332 26.95 6
    endloop
  endfacet
  facet normal 0 0 1
    outer loop
      vertex -45.14230087749232 37.12835554495183 6
      vertex -36.04807621135332 26.95 6
      vertex -35.907456132866976 27.17072930905314 6
    endloop
  endfacet
  facet normal 0 0 1
    outer loop
      vertex -45.14230087749232 37.12835554495183 6
      vertex -35.907456132866976 27.17072930905314 6
      vertex -35.74813332935694 27.378362829059615 6
    endloop
  endfacet
  facet normal 0 0 1
    outer loop
      vertex -45.14230087749232 37.12835554495183 6
      vertex -35.74813332935694 27.378362829059615 6
      vertex -35.57132034355965 27.571320343559645 6
    endloop
  endfacet
  facet normal 0 0 1
    outer loop
      vertex -45.14230087749232 37.12835554495183 6
      vertex -35.57132034355965 27.571320343559645 6
      vertex -35.37836282905962 27.748133329356936 6
    endloop
  endfacet
  facet normal 0 0 1
    outer loop
      vertex -45.14230087749232 37.12835554495183 6
      vertex -35.37836282905962 27.748133329356936 6
      vertex -35.170729309053144 27.907456132866972 6
    endloop
  endfacet
  facet normal 0 0 1
    outer loop
      vertex -45.14230087749232 37.12835554495183 6
      vertex -35.170729309053144 27.907456132866972 6
      vertex -34.95 28.048076211353315 6
    endloop
  endfacet
  facet normal 0 0 1
    outer loop
      vertex -45.14230087749232 37.12835554495183 6
      vertex -34.95 28.048076211353315 6
      vertex -34.7178547852221 28.16892336110995 6
    endloop
  endfacet
  facet normal 0 0 1
    outer loop
      vertex -45.14230087749232 37.12835554495183 6
      vertex -34.7178547852221 28.16892336110995 6
      vertex -34.47606042997701 28.269077862357722 6
    endloop
  endfacet
  facet normal 0 0 1
    outer loop
      vertex -45.14230087749232 37.12835554495183 6
      vertex -34.47606042997701 28.269077862357722 6
      vertex -34.22645713530756 28.347777478867204 6
    endloop
  endfacet
  facet normal 0 0 1
    outer loop
      vertex -45.14230087749232 37.12835554495183 6
      vertex -34.22645713530756 28.347777478867204 6
      vertex -33.9709445330008 28.404423259036623 6
    endloop
  endfacet
  facet normal 0 0 1
    outer loop
      vertex -45.14230087749232 37.12835554495183 6
      vertex -33.9709445330008 28.404423259036623 6
      vertex -33.71146722824298 28.43858409427524 6
    endloop
  endfacet
  facet normal 0 0 1
    outer loop
      vertex -45.14230087749232 37.12835554495183 6
      vertex -33.71146722824298 28.43858409427524 6
      vertex -33.45 28.45 6
    endloop
  endfacet
  facet normal 0 0 1
    outer loop
      vertex -42.73616114660535 38.51754096628727 6
      vertex -40 39 6
      vertex -41.38918542133544 38.87846202409766 6
    endloop
  endfacet
  facet normal 0 0 1
    outer loop
      vertex -41.38918542133544 38.87846202409766 6
      vertex -40 39 6
      vertex -40.697245941981265 38.96955758473396 6
    endloop
  endfacet
  facet normal 0 0 1
    outer loop
      vertex -45.14230087749232 37.12835554495183 6
      vertex -33.45 28.45 6
      vertex 33.45 28.45 6
    endloop
  endfacet
  facet normal 0 0 1
    outer loop
      vertex -45.14230087749232 37.12835554495183 6
      vertex 45.14230087749232 37.12835554495183 6
      vertex -40 39 6
    endloop
  endfacet
  facet normal 0 0 -1
    outer loop
      vertex -40 -39 -6
      vertex 45.14230087749232 -37.12835554495182 -6
      vertex 40 -39 -6
    endloop
  endfacet
  facet normal 0 0 -1
    outer loop
      vertex -45.14230087749232 -37.12835554495182 -6
      vertex 48 -31 -6
      vertex 45.14230087749232 -37.12835554495182 -6
    endloop
  endfacet
  facet normal 0 0 -1
    outer loop
      vertex 40 -39 -6
      vertex 41.38918542133544 -38.878462024097665 -6
      vertex 40.697245941981265 -38.96955758473396 -6
    endloop
  endfacet
  facet normal 0 0 -1
    outer loop
      vertex 40 -39 -6
      vertex 42.736161146605355 -38.51754096628727 -6
      vertex 41.38918542133544 -38.878462024097665 -6
    endloop
  endfacet
  facet normal 0 0 -1
    outer loop
      vertex 41.38918542133544 -38.878462024097665 -6
      vertex 42.736161146605355 -38.51754096628727 -6
      vertex 42.07055236082016 -38.72740661031255 -6
    endloop
  endfacet
  facet normal 0 0 -1
    outer loop
      vertex 40 -39 -6
      vertex 45.14230087749232 -37.12835554495182 -6
      vertex 42.736161146605355 -38.51754096628727 -6
    endloop
  endfacet
  facet normal 0 0 -1
    outer loop
      vertex 42.736161146605355 -38.51754096628727 -6
      vertex 44 -37.92820323027551 -6
      vertex 43.3809460939256 -38.2504622962932 -6
    endloop
  endfacet
  facet normal 0 0 -1
    outer loop
      vertex 42.736161146605355 -38.51754096628727 -6
      vertex 45.14230087749232 -37.12835554495182 -6
      vertex 44 -37.92820323027551 -6
    endloop
  endfacet
  facet normal 0 0 -1
    outer loop
      vertex 44 -37.92820323027551 -6
      vertex 45.14230087749232 -37.12835554495182 -6
      vertex 44.588611490808375 -37.553216354311935 -6
    endloop
  endfacet
  facet normal 0 0 -1
    outer loop
      vertex 45.14230087749232 -37.12835554495182 -6
      vertex 46.12835554495183 -36.14230087749232 -6
      vertex 45.65685424949238 -36.65685424949238 -6
    endloop
  endfacet
  facet normal 0 0 -1
    outer loop
      vertex 45.14230087749232 -37.12835554495182 -6
      vertex 47.25046229629319 -34.380946093925594 -6
      vertex 46.12835554495183 -36.14230087749232 -6
    endloop
  endfacet
  facet normal 0 0 -1
    outer loop
      vertex 46.12835554495183 -36.14230087749232 -6
      vertex 46.928203230275514 -35 -6
      vertex 46.55321635431193 -35.58861149080837 -6
    endloop
  endfacet
  facet normal 0 0 -1
    outer loop
      vertex 46.12835554495183 -36.14230087749232 -6
      vertex 47.25046229629319 -34.380946093925594 -6
      vertex 46.928203230275514 -35 -6
    endloop
  endfacet
  facet normal 0 0 -1
    outer loop
      vertex 45.14230087749232 -37.12835554495182 -6
      vertex 48 -31 -6
      vertex 47.25046229629319 -34.380946093925594 -6
    endloop
  endfacet
  facet normal 0 0 -1
    outer loop
      vertex 47.25046229629319 -34.380946093925594 -6
      vertex 47.72740661031254 -33.070552360820166 -6
      vertex 47.51754096628727 -33.73616114660535 -6
    endloop
  endfacet
  facet normal 0 0 -1
    outer loop
      vertex 47.25046229629319 -34.380946093925594 -6
      vertex 48 -31 -6
      vertex 47.72740661031254 -33.070552360820166 -6
    endloop
  endfacet
  facet normal 0 0 -1
    outer loop
      vertex 47.72740661031254 -33.070552360820166 -6
      vertex 47.96955758473396 -31.697245941981265 -6
      vertex 47.87846202409766 -32.38918542133544 -6
    endloop
  endfacet
  facet normal 0 0 -1
    outer loop
      vertex 47.72740661031254 -33.070552360820166 -6
      vertex 48 -31 -6
      vertex 47.96955758473396 -31.697245941981265 -6
    endloop
  endfacet
  facet normal 0.043619387365338415 -0.9990482215818577 0
    outer loop
      vertex 40 -39 -6
      vertex 40.697245941981265 -38.96955758473396 -6
      vertex 40 -39 6
    endloop
  endfacet
  facet normal 0.13052619222004877 -0.9914448613738108 0
    outer loop
      vertex 40.697245941981265 -38.96955758473396 -6
      vertex 41.38918542133544 -38.878462024097665 -6
      vertex 40.697245941981265 -38.96955758473396 6
    endloop
  endfacet
  facet normal 0.21643961393810132 -0.9762960071199338 7.520449213477643e-19
    outer loop
      vertex 41.38918542133544 -38.878462024097665 -6
      vertex 42.07055236082016 -38.72740661031255 -6
      vertex 42.07055236082016 -38.72740661031255 6
    endloop
  endfacet
  facet normal 0.30070579950426685 -0.9537169507482289 6.571159334863415e-19
    outer loop
      vertex 42.07055236082016 -38.72740661031255 -6
      vertex 42.736161146605355 -38.51754096628727 -6
      vertex 42.736161146605355 -38.51754096628727 6
    endloop
  endfacet
  facet normal 0.38268343236509317 -0.9238795325112853 0
    outer loop
      vertex 42.736161146605355 -38.51754096628727 -6
      vertex 43.3809460939256 -38.2504622962932 -6
      vertex 42.736161146605355 -38.51754096628727 6
    endloop
  endfacet
  facet normal 0.4617486132350405 -0.8870108331782182 -8.353668938887579e-19
    outer loop
      vertex 43.3809460939256 -38.2504622962932 -6
      vertex 44 -37.92820323027551 -6
      vertex 44 -37.92820323027551 6
    endloop
  endfacet
  facet normal 0.5372996083468162 -0.8433914458128905 0
    outer loop
      vertex 44 -37.92820323027551 -6
      vertex 44.588611490808375 -37.553216354311935 -6
      vertex 44 -37.92820323027551 6
    endloop
  endfacet
  facet normal 0.6087614290087251 -0.7933533402912317 1.6156050046907447e-18
    outer loop
      vertex 44.588611490808375 -37.553216354311935 -6
      vertex 45.14230087749232 -37.12835554495182 -6
      vertex 45.14230087749232 -37.12835554495182 6
    endloop
  endfacet
  facet normal 0.675590207615657 -0.7372773368101271 -1.4537729252954555e-18
    outer loop
      vertex 45.14230087749232 -37.12835554495182 -6
      vertex 45.65685424949238 -36.65685424949238 -6
      vertex 45.65685424949238 -36.65685424949238 6
    endloop
  endfacet
  facet normal 0.737277336810122 -0.6755902076156625 0
    outer loop
      vertex 45.65685424949238 -36.65685424949238 -6
      vertex 46.12835554495183 -36.14230087749232 -6
      vertex 45.65685424949238 -36.65685424949238 6
    endloop
  endfacet
  facet normal 0.7933533402912455 -0.6087614290087074 0
    outer loop
      vertex 46.12835554495183 -36.14230087749232 -6
      vertex 46.55321635431193 -35.58861149080837 -6
      vertex 46.12835554495183 -36.14230087749232 6
    endloop
  endfacet
  facet normal 0.8433914458128783 -0.5372996083468353 -1.1289855190424571e-18
    outer loop
      vertex 46.55321635431193 -35.58861149080837 -6
      vertex 46.928203230275514 -35 -6
      vertex 46.928203230275514 -35 6
    endloop
  endfacet
  facet normal 0.8870108331782288 -0.46174861323502037 9.632806416009525e-19
    outer loop
      vertex 46.928203230275514 -35 -6
      vertex 47.25046229629319 -34.380946093925594 -6
      vertex 47.25046229629319 -34.380946093925594 6
    endloop
  endfacet
  facet normal 0.9238795325112817 -0.3826834323651019 6.626887451498481e-19
    outer loop
      vertex 47.25046229629319 -34.380946093925594 -6
      vertex 47.51754096628727 -33.73616114660535 -6
      vertex 47.51754096628727 -33.73616114660535 6
    endloop
  endfacet
  facet normal 0.9537169507482299 -0.3007057995042634 0
    outer loop
      vertex 47.51754096628727 -33.73616114660535 -6
      vertex 47.72740661031254 -33.070552360820166 -6
      vertex 47.51754096628727 -33.73616114660535 6
    endloop
  endfacet
  facet normal 0.9762960071199343 -0.21643961393809916 -3.410015545559389e-19
    outer loop
      vertex 47.72740661031254 -33.070552360820166 -6
      vertex 47.87846202409766 -32.38918542133544 -6
      vertex 47.87846202409766 -32.38918542133544 6
    endloop
  endfacet
  facet normal 0.9914448613738096 -0.1305261922200588 0
    outer loop
      vertex 47.87846202409766 -32.38918542133544 -6
      vertex 47.96955758473396 -31.697245941981265 -6
      vertex 47.87846202409766 -32.38918542133544 6
    endloop
  endfacet
  facet normal 0.9990482215818577 -0.043619387365338415 0
    outer loop
      vertex 47.96955758473396 -31.697245941981265 -6
      vertex 48 -31 -6
      vertex 47.96955758473396 -31.697245941981265 6
    endloop
  endfacet
  facet normal 1 0 0
    outer loop
      vertex 48 -31 -6
      vertex 48 31 -6
      vertex 48 -31 6
    endloop
  endfacet
  facet normal 0 -1 0
    outer loop
      vertex -40 -39 6
      vertex 40 -39 -6
      vertex 40 -39 6
    endloop
  endfacet
  facet normal 0 0 1
    outer loop
      vertex -45.14230087749232 -37.12835554495182 6
      vertex 45.14230087749232 -37.12835554495182 6
      vertex 33.71146722824298 -28.438584094275235 6
    endloop
  endfacet
  facet normal 0 0 1
    outer loop
      vertex -45.14230087749232 -37.12835554495182 6
      vertex 33.71146722824298 -28.438584094275235 6
      vertex 33.45 -28.45 6
    endloop
  endfacet
  facet normal 0 0 1
    outer loop
      vertex -40 -39 6
      vertex 40 -39 6
      vertex 45.14230087749232 -37.12835554495182 6
    endloop
  endfacet
  facet normal 0.043619387365338415 -0.9990482215818577 0
    outer loop
      vertex 40.697245941981265 -38.96955758473396 -6
      vertex 40.697245941981265 -38.96955758473396 6
      vertex 40 -39 6
    endloop
  endfacet
  facet normal 0.13052619222004877 -0.9914448613738108 0
    outer loop
      vertex 41.38918542133544 -38.878462024097665 -6
      vertex 41.38918542133544 -38.878462024097665 6
      vertex 40.697245941981265 -38.96955758473396 6
    endloop
  endfacet
  facet normal 0.21643961393810132 -0.9762960071199338 0
    outer loop
      vertex 41.38918542133544 -38.878462024097665 -6
      vertex 42.07055236082016 -38.72740661031255 6
      vertex 41.38918542133544 -38.878462024097665 6
    endloop
  endfacet
  facet normal 0.30070579950426685 -0.9537169507482289 0
    outer loop
      vertex 42.07055236082016 -38.72740661031255 -6
      vertex 42.736161146605355 -38.51754096628727 6
      vertex 42.07055236082016 -38.72740661031255 6
    endloop
  endfacet
  facet normal 0.38268343236509317 -0.9238795325112853 0
    outer loop
      vertex 43.3809460939256 -38.2504622962932 -6
      vertex 43.3809460939256 -38.2504622962932 6
      vertex 42.736161146605355 -38.51754096628727 6
    endloop
  endfacet
  facet normal 0.4617486132350405 -0.8870108331782182 0
    outer loop
      vertex 43.3809460939256 -38.2504622962932 -6
      vertex 44 -37.92820323027551 6
      vertex 43.3809460939256 -38.2504622962932 6
    endloop
  endfacet
  facet normal 0.5372996083468162 -0.8433914458128905 0
    outer loop
      vertex 44.588611490808375 -37.553216354311935 -6
      vertex 44.588611490808375 -37.553216354311935 6
      vertex 44 -37.92820323027551 6
    endloop
  endfacet
  facet normal 0.6087614290087251 -0.7933533402912317 0
    outer loop
      vertex 44.588611490808375 -37.553216354311935 -6
      vertex 45.14230087749232 -37.12835554495182 6
      vertex 44.588611490808375 -37.553216354311935 6
    endloop
  endfacet
  facet normal 0.675590207615657 -0.7372773368101271 0
    outer loop
      vertex 45.14230087749232 -37.12835554495182 -6
      vertex 45.65685424949238 -36.65685424949238 6
      vertex 45.14230087749232 -37.12835554495182 6
    endloop
  endfacet
  facet normal 0.737277336810122 -0.6755902076156625 0
    outer loop
      vertex 46.12835554495183 -36.14230087749232 -6
      vertex 46.12835554495183 -36.14230087749232 6
      vertex 45.65685424949238 -36.65685424949238 6
    endloop
  endfacet
  facet normal 0.7933533402912455 -0.6087614290087074 0
    outer loop
      vertex 46.55321635431193 -35.58861149080837 -6
      vertex 46.55321635431193 -35.58861149080837 6
      vertex 46.12835554495183 -36.14230087749232 6
    endloop
  endfacet
  facet normal 0.8433914458128783 -0.5372996083468353 0
    outer loop
      vertex 46.55321635431193 -35.58861149080837 -6
      vertex 46.928203230275514 -35 6
      vertex 46.55321635431193 -35.58861149080837 6
    endloop
  endfacet
  facet normal 0.8870108331782288 -0.46174861323502037 0
    outer loop
      vertex 46.928203230275514 -35 -6
      vertex 47.25046229629319 -34.380946093925594 6
      vertex 46.928203230275514 -35 6
    endloop
  endfacet
  facet normal 0.9238795325112817 -0.3826834323651019 0
    outer loop
      vertex 47.25046229629319 -34.380946093925594 -6
      vertex 47.51754096628727 -33.73616114660535 6
      vertex 47.25046229629319 -34.380946093925594 6
    endloop
  endfacet
  facet normal 0.9537169507482299 -0.3007057995042634 0
    outer loop
      vertex 47.72740661031254 -33.070552360820166 -6
      vertex 47.72740661031254 -33.070552360820166 6
      vertex 47.51754096628727 -33.73616114660535 6
    endloop
  endfacet
  facet normal 0.9762960071199343 -0.21643961393809916 0
    outer loop
      vertex 47.72740661031254 -33.070552360820166 -6
      vertex 47.87846202409766 -32.38918542133544 6
      vertex 47.72740661031254 -33.070552360820166 6
    endloop
  endfacet
  facet normal 0.9914448613738096 -0.1305261922200588 0
    outer loop
      vertex 47.96955758473396 -31.697245941981265 -6
      vertex 47.96955758473396 -31.697245941981265 6
      vertex 47.87846202409766 -32.38918542133544 6
    endloop
  endfacet
  facet normal 0.9990482215818577 -0.043619387365338415 0
    outer loop
      vertex 48 -31 -6
      vertex 48 -31 6
      vertex 47.96955758473396 -31.697245941981265 6
    endloop
  endfacet
  facet normal 0 0 1
    outer loop
      vertex 40 -39 6
      vertex 40.697245941981265 -38.96955758473396 6
      vertex 41.38918542133544 -38.878462024097665 6
    endloop
  endfacet
  facet normal 0 0 1
    outer loop
      vertex 40 -39 6
      vertex 41.38918542133544 -38.878462024097665 6
      vertex 42.736161146605355 -38.51754096628727 6
    endloop
  endfacet
  facet normal 0 0 1
    outer loop
      vertex 45.14230087749232 -37.12835554495182 6
      vertex 33.97094453300079 -28.404423259036623 6
      vertex 33.71146722824298 -28.438584094275235 6
    endloop
  endfacet
  facet normal 0 0 1
    outer loop
      vertex 45.14230087749232 -37.12835554495182 6
      vertex 34.22645713530757 -28.347777478867204 6
      vertex 33.97094453300079 -28.404423259036623 6
    endloop
  endfacet
  facet normal 0 0 1
    outer loop
      vertex 45.14230087749232 -37.12835554495182 6
      vertex 34.47606042997701 -28.269077862357726 6
      vertex 34.22645713530757 -28.347777478867204 6
    endloop
  endfacet
  facet normal 0 0 1
    outer loop
      vertex 45.14230087749232 -37.12835554495182 6
      vertex 34.7178547852221 -28.16892336110995 6
      vertex 34.47606042997701 -28.269077862357726 6
    endloop
  endfacet
  facet normal 0 0 1
    outer loop
      vertex 45.14230087749232 -37.12835554495182 6
      vertex 34.95 -28.048076211353315 6
      vertex 34.7178547852221 -28.16892336110995 6
    endloop
  endfacet
  facet normal 0 0 1
    outer loop
      vertex 45.14230087749232 -37.12835554495182 6
      vertex 35.170729309053144 -27.907456132866976 6
      vertex 34.95 -28.048076211353315 6
    endloop
  endfacet
  facet normal 0 0 1
    outer loop
      vertex 45.14230087749232 -37.12835554495182 6
      vertex 35.378362829059625 -27.748133329356932 6
      vertex 35.170729309053144 -27.907456132866976 6
    endloop
  endfacet
  facet normal 0 0 1
    outer loop
      vertex 45.14230087749232 -37.12835554495182 6
      vertex 35.57132034355965 -27.57132034355964 6
      vertex 35.378362829059625 -27.748133329356932 6
    endloop
  endfacet
  facet normal 0 0 1
    outer loop
      vertex 45.14230087749232 -37.12835554495182 6
      vertex 35.74813332935693 -27.37836282905962 6
      vertex 35.57132034355965 -27.57132034355964 6
    endloop
  endfacet
  facet normal 0 0 1
    outer loop
      vertex 45.14230087749232 -37.12835554495182 6
      vertex 35.90745613286698 -27.170729309053137 6
      vertex 35.74813332935693 -27.37836282905962 6
    endloop
  endfacet
  facet normal 0 0 1
    outer loop
      vertex 45.14230087749232 -37.12835554495182 6
      vertex 36.04807621135332 -26.95 6
      vertex 35.90745613286698 -27.170729309053137 6
    endloop
  endfacet
  facet normal 0 0 1
    outer loop
      vertex 45.14230087749232 -37.12835554495182 6
      vertex 36.16892336110995 -26.717854785222098 6
      vertex 36.04807621135332 -26.95 6
    endloop
  endfacet
  facet normal 0 0 1
    outer loop
      vertex 45.14230087749232 -37.12835554495182 6
      vertex 36.26907786235773 -26.476060429977004 6
      vertex 36.16892336110995 -26.717854785222098 6
    endloop
  endfacet
  facet normal 0 0 1
    outer loop
      vertex 45.14230087749232 -37.12835554495182 6
      vertex 36.3477774788672 -26.226457135307562 6
      vertex 36.26907786235773 -26.476060429977004 6
    endloop
  endfacet
  facet normal 0 0 1
    outer loop
      vertex 45.14230087749232 -37.12835554495182 6
      vertex 36.40442325903663 -25.97094453300079 6
      vertex 36.3477774788672 -26.226457135307562 6
    endloop
  endfacet
  facet normal 0 0 1
    outer loop
      vertex 45.14230087749232 -37.12835554495182 6
      vertex 36.43858409427524 -25.711467228242974 6
      vertex 36.40442325903663 -25.97094453300079 6
    endloop
  endfacet
  facet normal 0 0 1
    outer loop
      vertex 45.14230087749232 -37.12835554495182 6
      vertex 36.45 -25.45 6
      vertex 36.43858409427524 -25.711467228242974 6
    endloop
  endfacet
  facet normal 0 0 1
    outer loop
      vertex 41.38918542133544 -38.878462024097665 6
      vertex 42.07055236082016 -38.72740661031255 6
      vertex 42.736161146605355 -38.51754096628727 6
    endloop
  endfacet
  facet normal 0 0 1
    outer loop
      vertex 40 -39 6
      vertex 42.736161146605355 -38.51754096628727 6
      vertex 45.14230087749232 -37.12835554495182 6
    endloop
  endfacet
  facet normal 0 0 1
    outer loop
      vertex 42.736161146605355 -38.51754096628727 6
      vertex 43.3809460939256 -38.2504622962932 6
      vertex 44 -37.92820323027551 6
    endloop
  endfacet
  facet normal 0 0 1
    outer loop
      vertex 42.736161146605355 -38.51754096628727 6
      vertex 44 -37.92820323027551 6
      vertex 45.14230087749232 -37.12835554495182 6
    endloop
  endfacet
  facet normal 0 0 1
    outer loop
      vertex 44 -37.92820323027551 6
      vertex 44.588611490808375 -37.553216354311935 6
      vertex 45.14230087749232 -37.12835554495182 6
    endloop
  endfacet
  facet normal 0 0 1
    outer loop
      vertex 45.14230087749232 -37.12835554495182 6
      vertex 45.65685424949238 -36.65685424949238 6
      vertex 46.12835554495183 -36.14230087749232 6
    endloop
  endfacet
  facet normal 0 0 1
    outer loop
      vertex 45.14230087749232 -37.12835554495182 6
      vertex 46.12835554495183 -36.14230087749232 6
      vertex 47.25046229629319 -34.380946093925594 6
    endloop
  endfacet
  facet normal 0 0 1
    outer loop
      vertex 46.12835554495183 -36.14230087749232 6
      vertex 46.55321635431193 -35.58861149080837 6
      vertex 46.928203230275514 -35 6
    endloop
  endfacet
  facet normal 0 0 1
    outer loop
      vertex 46.12835554495183 -36.14230087749232 6
      vertex 46.928203230275514 -35 6
      vertex 47.25046229629319 -34.380946093925594 6
    endloop
  endfacet
  facet normal 0 0 1
    outer loop
      vertex 45.14230087749232 -37.12835554495182 6
      vertex 47.25046229629319 -34.380946093925594 6
      vertex 48 -31 6
    endloop
  endfacet
  facet normal 0 0 1
    outer loop
      vertex 47.25046229629319 -34.380946093925594 6
      vertex 47.51754096628727 -33.73616114660535 6
      vertex 47.72740661031254 -33.070552360820166 6
    endloop
  endfacet
  facet normal 0 0 1
    outer loop
      vertex 47.25046229629319 -34.380946093925594 6
      vertex 47.72740661031254 -33.070552360820166 6
      vertex 48 -31 6
    endloop
  endfacet
  facet normal 0 0 1
    outer loop
      vertex 47.72740661031254 -33.070552360820166 6
      vertex 47.87846202409766 -32.38918542133544 6
      vertex 47.96955758473396 -31.697245941981265 6
    endloop
  endfacet
  facet normal 0 0 1
    outer loop
      vertex 47.72740661031254 -33.070552360820166 6
      vertex 47.96955758473396 -31.697245941981265 6
      vertex 48 -31 6
    endloop
  endfacet
  facet normal 0 0 1
    outer loop
      vertex 45.14230087749232 -37.12835554495182 6
      vertex 36.45 25.45 6
      vertex 36.45 -25.45 6
    endloop
  endfacet
  facet normal 0 0 1
    outer loop
      vertex 45.14230087749232 -37.12835554495182 6
      vertex 48 -31 6
      vertex 45.14230087749232 37.12835554495183 6
    endloop
  endfacet
  facet normal 0 0 -1
    outer loop
      vertex -40 39 -6
      vertex 45.14230087749232 37.12835554495183 -6
      vertex 48 -31 -6
    endloop
  endfacet
  facet normal 0 0 -1
    outer loop
      vertex -40 39 -6
      vertex 40 39 -6
      vertex 45.14230087749232 37.12835554495183 -6
    endloop
  endfacet
  facet normal 0 0 -1
    outer loop
      vertex 48 -31 -6
      vertex 45.14230087749232 37.12835554495183 -6
      vertex 48 31 -6
    endloop
  endfacet
  facet normal 0 0 -1
    outer loop
      vertex 40 39 -6
      vertex 40.697245941981265 38.96955758473396 -6
      vertex 41.38918542133544 38.87846202409766 -6
    endloop
  endfacet
  facet normal 0 0 -1
    outer loop
      vertex 40 39 -6
      vertex 41.38918542133544 38.87846202409766 -6
      vertex 42.736161146605355 38.51754096628727 -6
    endloop
  endfacet
  facet normal 0 0 -1
    outer loop
      vertex 48 31 -6
      vertex 47.72740661031254 33.07055236082016 -6
      vertex 47.96955758473396 31.697245941981265 -6
    endloop
  endfacet
  facet normal 0 0 -1
    outer loop
      vertex 47.96955758473396 31.697245941981265 -6
      vertex 47.72740661031254 33.07055236082016 -6
      vertex 47.87846202409766 32.38918542133544 -6
    endloop
  endfacet
  facet normal 0 0 -1
    outer loop
      vertex 48 31 -6
      vertex 47.25046229629319 34.3809460939256 -6
      vertex 47.72740661031254 33.07055236082016 -6
    endloop
  endfacet
  facet normal 0 0 -1
    outer loop
      vertex 47.72740661031254 33.07055236082016 -6
      vertex 47.25046229629319 34.3809460939256 -6
      vertex 47.51754096628727 33.736161146605355 -6
    endloop
  endfacet
  facet normal 0 0 -1
    outer loop
      vertex 40 39 -6
      vertex 42.736161146605355 38.51754096628727 -6
      vertex 45.14230087749232 37.12835554495183 -6
    endloop
  endfacet
  facet normal 0 0 -1
    outer loop
      vertex 41.38918542133544 38.87846202409766 -6
      vertex 42.07055236082016 38.72740661031254 -6
      vertex 42.736161146605355 38.51754096628727 -6
    endloop
  endfacet
  facet normal 0 0 -1
    outer loop
      vertex 42.736161146605355 38.51754096628727 -6
      vertex 43.3809460939256 38.25046229629319 -6
      vertex 44 37.928203230275514 -6
    endloop
  endfacet
  facet normal 0 0 -1
    outer loop
      vertex 44.588611490808375 37.55321635431193 -6
      vertex 45.14230087749232 37.12835554495183 -6
      vertex 44 37.928203230275514 -6
    endloop
  endfacet
  facet normal 0 0 -1
    outer loop
      vertex 42.736161146605355 38.51754096628727 -6
      vertex 44 37.928203230275514 -6
      vertex 45.14230087749232 37.12835554495183 -6
    endloop
  endfacet
  facet normal 0 0 -1
    outer loop
      vertex 46.12835554495183 36.14230087749232 -6
      vertex 47.25046229629319 34.3809460939256 -6
      vertex 45.14230087749232 37.12835554495183 -6
    endloop
  endfacet
  facet normal 0 0 -1
    outer loop
      vertex 48 31 -6
      vertex 45.14230087749232 37.12835554495183 -6
      vertex 47.25046229629319 34.3809460939256 -6
    endloop
  endfacet
  facet normal 0 0 -1
    outer loop
      vertex 46.12835554495183 36.14230087749232 -6
      vertex 46.928203230275514 35 -6
      vertex 47.25046229629319 34.3809460939256 -6
    endloop
  endfacet
  facet normal 0 0 -1
    outer loop
      vertex 46.12835554495183 36.14230087749232 -6
      vertex 46.55321635431193 35.588611490808375 -6
      vertex 46.928203230275514 35 -6
    endloop
  endfacet
  facet normal 0 0 -1
    outer loop
      vertex 46.12835554495183 36.14230087749232 -6
      vertex 45.14230087749232 37.12835554495183 -6
      vertex 45.65685424949238 36.65685424949238 -6
    endloop
  endfacet
  facet normal 0.043619387365338415 0.9990482215818577 0
    outer loop
      vertex 40 39 -6
      vertex 40 39 6
      vertex 40.697245941981265 38.96955758473396 -6
    endloop
  endfacet
  facet normal 0.1305261922200588 0.9914448613738096 -4.596134011617016e-19
    outer loop
      vertex 40.697245941981265 38.96955758473396 -6
      vertex 41.38918542133544 38.87846202409766 6
      vertex 41.38918542133544 38.87846202409766 -6
    endloop
  endfacet
  facet normal 0.21643961393810132 0.9762960071199338 0
    outer loop
      vertex 41.38918542133544 38.87846202409766 -6
      vertex 41.38918542133544 38.87846202409766 6
      vertex 42.07055236082016 38.72740661031254 -6
    endloop
  endfacet
  facet normal 0.9990482215818577 0.043619387365338415 1.4622321235917267e-19
    outer loop
      vertex 48 31 -6
      vertex 47.96955758473396 31.697245941981265 -6
      vertex 47.96955758473396 31.697245941981265 6
    endloop
  endfacet
  facet normal 0.9914448613738096 0.1305261922200588 -4.596134011617016e-19
    outer loop
      vertex 47.96955758473396 31.697245941981265 -6
      vertex 47.87846202409766 32.38918542133544 -6
      vertex 47.87846202409766 32.38918542133544 6
    endloop
  endfacet
  facet normal 0.9762960071199338 0.21643961393810132 0
    outer loop
      vertex 47.87846202409766 32.38918542133544 -6
      vertex 47.72740661031254 33.07055236082016 -6
      vertex 47.87846202409766 32.38918542133544 6
    endloop
  endfacet
  facet normal 0.9537169507482317 0.3007057995042576 0
    outer loop
      vertex 47.72740661031254 33.07055236082016 -6
      vertex 47.51754096628727 33.736161146605355 -6
      vertex 47.72740661031254 33.07055236082016 6
    endloop
  endfacet
  facet normal 0.9238795325112817 0.3826834323651019 0
    outer loop
      vertex 47.51754096628727 33.736161146605355 -6
      vertex 47.25046229629319 34.3809460939256 -6
      vertex 47.51754096628727 33.736161146605355 6
    endloop
  endfacet
  facet normal 0.3007057995042576 0.9537169507482317 6.547793689368978e-19
    outer loop
      vertex 42.07055236082016 38.72740661031254 -6
      vertex 42.736161146605355 38.51754096628727 6
      vertex 42.736161146605355 38.51754096628727 -6
    endloop
  endfacet
  facet normal 0.3826834323651019 0.9238795325112817 0
    outer loop
      vertex 42.736161146605355 38.51754096628727 -6
      vertex 42.736161146605355 38.51754096628727 6
      vertex 43.3809460939256 38.25046229629319 -6
    endloop
  endfacet
  facet normal 0.6087614290087123 0.7933533402912417 4.891482980592832e-21
    outer loop
      vertex 44.588611490808375 37.55321635431193 -6
      vertex 45.14230087749232 37.12835554495183 6
      vertex 45.14230087749232 37.12835554495183 -6
    endloop
  endfacet
  facet normal 0.4617486132350246 0.8870108331782267 6.882192550541508e-19
    outer loop
      vertex 43.3809460939256 38.25046229629319 -6
      vertex 44 37.928203230275514 6
      vertex 44 37.928203230275514 -6
    endloop
  endfacet
  facet normal 0.5372996083468308 0.8433914458128813 1.1401201759637548e-18
    outer loop
      vertex 44.588611490808375 37.55321635431193 -6
      vertex 44 37.928203230275514 -6
      vertex 44 37.928203230275514 6
    endloop
  endfacet
  facet normal 0.7933533402912417 0.6087614290087123 4.891482980592832e-21
    outer loop
      vertex 46.12835554495183 36.14230087749232 -6
      vertex 46.55321635431193 35.588611490808375 6
      vertex 46.55321635431193 35.588611490808375 -6
    endloop
  endfacet
  facet normal 0.737277336810122 0.6755902076156625 0
    outer loop
      vertex 46.12835554495183 36.14230087749232 -6
      vertex 45.65685424949238 36.65685424949238 -6
      vertex 46.12835554495183 36.14230087749232 6
    endloop
  endfacet
  facet normal 0.8870108331782267 0.4617486132350246 6.882192550541508e-19
    outer loop
      vertex 46.928203230275514 35 -6
      vertex 47.25046229629319 34.3809460939256 6
      vertex 47.25046229629319 34.3809460939256 -6
    endloop
  endfacet
  facet normal 0.8433914458128813 0.5372996083468308 1.1401201759637548e-18
    outer loop
      vertex 46.928203230275514 35 -6
      vertex 46.55321635431193 35.588611490808375 -6
      vertex 46.55321635431193 35.588611490808375 6
    endloop
  endfacet
  facet normal 0.6755902076156625 0.737277336810122 0
    outer loop
      vertex 45.14230087749232 37.12835554495183 -6
      vertex 45.14230087749232 37.12835554495183 6
      vertex 45.65685424949238 36.65685424949238 -6
    endloop
  endfacet
  facet normal 0 1 0
    outer loop
      vertex -40 39 6
      vertex 40 39 6
      vertex 40 39 -6
    endloop
  endfacet
  facet normal 0 0 1
    outer loop
      vertex -45.14230087749232 37.12835554495183 6
      vertex 33.45 28.45 6
      vertex 33.71146722824298 28.43858409427524 6
    endloop
  endfacet
  facet normal 0 0 1
    outer loop
      vertex -45.14230087749232 37.12835554495183 6
      vertex 33.71146722824298 28.43858409427524 6
      vertex 45.14230087749232 37.12835554495183 6
    endloop
  endfacet
  facet normal 0 0 1
    outer loop
      vertex -40 39 6
      vertex 45.14230087749232 37.12835554495183 6
      vertex 40 39 6
    endloop
  endfacet
  facet normal 1 0 0
    outer loop
      vertex 48 -31 6
      vertex 48 31 -6
      vertex 48 31 6
    endloop
  endfacet
  facet normal 0 0 1
    outer loop
      vertex 45.14230087749232 -37.12835554495182 6
      vertex 36.43858409427524 25.711467228242977 6
      vertex 36.45 25.45 6
    endloop
  endfacet
  facet normal 0 0 1
    outer loop
      vertex 45.14230087749232 -37.12835554495182 6
      vertex 36.40442325903663 25.970944533000793 6
      vertex 36.43858409427524 25.711467228242977 6
    endloop
  endfacet
  facet normal 0 0 1
    outer loop
      vertex 45.14230087749232 -37.12835554495182 6
      vertex 45.14230087749232 37.12835554495183 6
      vertex 36.40442325903663 25.970944533000793 6
    endloop
  endfacet
  facet normal 0 0 1
    outer loop
      vertex 48 -31 6
      vertex 48 31 6
      vertex 45.14230087749232 37.12835554495183 6
    endloop
  endfacet
  facet normal 0.043619387365338415 0.9990482215818577 0
    outer loop
      vertex 40.697245941981265 38.96955758473396 -6
      vertex 40 39 6
      vertex 40.697245941981265 38.96955758473396 6
    endloop
  endfacet
  facet normal 0.1305261922200588 0.9914448613738096 0
    outer loop
      vertex 40.697245941981265 38.96955758473396 -6
      vertex 40.697245941981265 38.96955758473396 6
      vertex 41.38918542133544 38.87846202409766 6
    endloop
  endfacet
  facet normal 0.21643961393810132 0.9762960071199338 0
    outer loop
      vertex 42.07055236082016 38.72740661031254 -6
      vertex 41.38918542133544 38.87846202409766 6
      vertex 42.07055236082016 38.72740661031254 6
    endloop
  endfacet
  facet normal 0.9990482215818577 0.043619387365338415 0
    outer loop
      vertex 48 31 -6
      vertex 47.96955758473396 31.697245941981265 6
      vertex 48 31 6
    endloop
  endfacet
  facet normal 0.9914448613738096 0.1305261922200588 0
    outer loop
      vertex 47.96955758473396 31.697245941981265 -6
      vertex 47.87846202409766 32.38918542133544 6
      vertex 47.96955758473396 31.697245941981265 6
    endloop
  endfacet
  facet normal 0.9762960071199338 0.21643961393810132 0
    outer loop
      vertex 47.72740661031254 33.07055236082016 -6
      vertex 47.72740661031254 33.07055236082016 6
      vertex 47.87846202409766 32.38918542133544 6
    endloop
  endfacet
  facet normal 0.9537169507482317 0.3007057995042576 0
    outer loop
      vertex 47.51754096628727 33.736161146605355 -6
      vertex 47.51754096628727 33.736161146605355 6
      vertex 47.72740661031254 33.07055236082016 6
    endloop
  endfacet
  facet normal 0.3007057995042576 0.9537169507482317 0
    outer loop
      vertex 42.07055236082016 38.72740661031254 -6
      vertex 42.07055236082016 38.72740661031254 6
      vertex 42.736161146605355 38.51754096628727 6
    endloop
  endfacet
  facet normal 0.3826834323651019 0.9238795325112817 0
    outer loop
      vertex 43.3809460939256 38.25046229629319 -6
      vertex 42.736161146605355 38.51754096628727 6
      vertex 43.3809460939256 38.25046229629319 6
    endloop
  endfacet
  facet normal 0.5372996083468308 0.8433914458128813 0
    outer loop
      vertex 44.588611490808375 37.55321635431193 -6
      vertex 44 37.928203230275514 6
      vertex 44.588611490808375 37.55321635431193 6
    endloop
  endfacet
  facet normal 0.6087614290087123 0.7933533402912417 0
    outer loop
      vertex 44.588611490808375 37.55321635431193 -6
      vertex 44.588611490808375 37.55321635431193 6
      vertex 45.14230087749232 37.12835554495183 6
    endloop
  endfacet
  facet normal 0.4617486132350246 0.8870108331782267 0
    outer loop
      vertex 43.3809460939256 38.25046229629319 -6
      vertex 43.3809460939256 38.25046229629319 6
      vertex 44 37.928203230275514 6
    endloop
  endfacet
  facet normal 0.737277336810122 0.6755902076156625 0
    outer loop
      vertex 45.65685424949238 36.65685424949238 -6
      vertex 45.65685424949238 36.65685424949238 6
      vertex 46.12835554495183 36.14230087749232 6
    endloop
  endfacet
  facet normal 0.7933533402912417 0.6087614290087123 0
    outer loop
      vertex 46.12835554495183 36.14230087749232 -6
      vertex 46.12835554495183 36.14230087749232 6
      vertex 46.55321635431193 35.588611490808375 6
    endloop
  endfacet
  facet normal 0.8433914458128813 0.5372996083468308 0
    outer loop
      vertex 46.928203230275514 35 -6
      vertex 46.55321635431193 35.588611490808375 6
      vertex 46.928203230275514 35 6
    endloop
  endfacet
  facet normal 0.8870108331782267 0.4617486132350246 0
    outer loop
      vertex 46.928203230275514 35 -6
      vertex 46.928203230275514 35 6
      vertex 47.25046229629319 34.3809460939256 6
    endloop
  endfacet
  facet normal 0.9238795325112817 0.3826834323651019 0
    outer loop
      vertex 47.25046229629319 34.3809460939256 -6
      vertex 47.25046229629319 34.3809460939256 6
      vertex 47.51754096628727 33.736161146605355 6
    endloop
  endfacet
  facet normal 0.6755902076156625 0.737277336810122 0
    outer loop
      vertex 45.65685424949238 36.65685424949238 -6
      vertex 45.14230087749232 37.12835554495183 6
      vertex 45.65685424949238 36.65685424949238 6
    endloop
  endfacet
  facet normal 0 0 1
    outer loop
      vertex 45.14230087749232 37.12835554495183 6
      vertex 33.71146722824298 28.43858409427524 6
      vertex 33.97094453300079 28.404423259036623 6
    endloop
  endfacet
  facet normal 0 0 1
    outer loop
      vertex 45.14230087749232 37.12835554495183 6
      vertex 33.97094453300079 28.404423259036623 6
      vertex 34.22645713530757 28.347777478867204 6
    endloop
  endfacet
  facet normal 0 0 1
    outer loop
      vertex 45.14230087749232 37.12835554495183 6
      vertex 34.22645713530757 28.347777478867204 6
      vertex 34.47606042997701 28.269077862357722 6
    endloop
  endfacet
  facet normal 0 0 1
    outer loop
      vertex 45.14230087749232 37.12835554495183 6
      vertex 34.47606042997701 28.269077862357722 6
      vertex 34.7178547852221 28.16892336110995 6
    endloop
  endfacet
  facet normal 0 0 1
    outer loop
      vertex 45.14230087749232 37.12835554495183 6
      vertex 34.95 28.048076211353315 6
      vertex 35.170729309053144 27.907456132866972 6
    endloop
  endfacet
  facet normal 0 0 1
    outer loop
      vertex 45.14230087749232 37.12835554495183 6
      vertex 35.170729309053144 27.907456132866972 6
      vertex 35.378362829059625 27.748133329356936 6
    endloop
  endfacet
  facet normal 0 0 1
    outer loop
      vertex 45.14230087749232 37.12835554495183 6
      vertex 35.74813332935693 27.378362829059615 6
      vertex 35.90745613286698 27.17072930905314 6
    endloop
  endfacet
  facet normal 0 0 1
    outer loop
      vertex 45.14230087749232 37.12835554495183 6
      vertex 35.57132034355965 27.571320343559645 6
      vertex 35.74813332935693 27.378362829059615 6
    endloop
  endfacet
  facet normal 0 0 1
    outer loop
      vertex 45.14230087749232 37.12835554495183 6
      vertex 35.378362829059625 27.748133329356936 6
      vertex 35.57132034355965 27.571320343559645 6
    endloop
  endfacet
  facet normal 0 0 1
    outer loop
      vertex 45.14230087749232 37.12835554495183 6
      vertex 34.7178547852221 28.16892336110995 6
      vertex 34.95 28.048076211353315 6
    endloop
  endfacet
  facet normal 0 0 1
    outer loop
      vertex 45.14230087749232 37.12835554495183 6
      vertex 36.3477774788672 26.22645713530756 6
      vertex 36.40442325903663 25.970944533000793 6
    endloop
  endfacet
  facet normal 0 0 1
    outer loop
      vertex 45.14230087749232 37.12835554495183 6
      vertex 36.26907786235773 26.476060429977007 6
      vertex 36.3477774788672 26.22645713530756 6
    endloop
  endfacet
  facet normal 0 0 1
    outer loop
      vertex 45.14230087749232 37.12835554495183 6
      vertex 36.16892336110995 26.717854785222098 6
      vertex 36.26907786235773 26.476060429977007 6
    endloop
  endfacet
  facet normal 0 0 1
    outer loop
      vertex 45.14230087749232 37.12835554495183 6
      vertex 36.04807621135332 26.95 6
      vertex 36.16892336110995 26.717854785222098 6
    endloop
  endfacet
  facet normal 0 0 1
    outer loop
      vertex 45.14230087749232 37.12835554495183 6
      vertex 35.90745613286698 27.17072930905314 6
      vertex 36.04807621135332 26.95 6
    endloop
  endfacet
  facet normal 0 0 1
    outer loop
      vertex 40 39 6
      vertex 41.38918542133544 38.87846202409766 6
      vertex 40.697245941981265 38.96955758473396 6
    endloop
  endfacet
  facet normal 0 0 1
    outer loop
      vertex 40 39 6
      vertex 42.736161146605355 38.51754096628727 6
      vertex 41.38918542133544 38.87846202409766 6
    endloop
  endfacet
  facet normal 0 0 1
    outer loop
      vertex 48 31 6
      vertex 47.96955758473396 31.697245941981265 6
      vertex 47.72740661031254 33.07055236082016 6
    endloop
  endfacet
  facet normal 0 0 1
    outer loop
      vertex 47.96955758473396 31.697245941981265 6
      vertex 47.87846202409766 32.38918542133544 6
      vertex 47.72740661031254 33.07055236082016 6
    endloop
  endfacet
  facet normal 0 0 1
    outer loop
      vertex 48 31 6
      vertex 47.72740661031254 33.07055236082016 6
      vertex 45.14230087749232 37.12835554495183 6
    endloop
  endfacet
  facet normal 0 0 1
    outer loop
      vertex 47.72740661031254 33.07055236082016 6
      vertex 47.51754096628727 33.736161146605355 6
      vertex 47.25046229629319 34.3809460939256 6
    endloop
  endfacet
  facet normal 0 0 1
    outer loop
      vertex 40 39 6
      vertex 45.14230087749232 37.12835554495183 6
      vertex 42.736161146605355 38.51754096628727 6
    endloop
  endfacet
  facet normal 0 0 1
    outer loop
      vertex 41.38918542133544 38.87846202409766 6
      vertex 42.736161146605355 38.51754096628727 6
      vertex 42.07055236082016 38.72740661031254 6
    endloop
  endfacet
  facet normal 0 0 1
    outer loop
      vertex 42.736161146605355 38.51754096628727 6
      vertex 44 37.928203230275514 6
      vertex 43.3809460939256 38.25046229629319 6
    endloop
  endfacet
  facet normal 0 0 1
    outer loop
      vertex 44.588611490808375 37.55321635431193 6
      vertex 44 37.928203230275514 6
      vertex 45.14230087749232 37.12835554495183 6
    endloop
  endfacet
  facet normal 0 0 1
    outer loop
      vertex 42.736161146605355 38.51754096628727 6
      vertex 45.14230087749232 37.12835554495183 6
      vertex 44 37.928203230275514 6
    endloop
  endfacet
  facet normal 0 0 1
    outer loop
      vertex 47.72740661031254 33.07055236082016 6
      vertex 46.55321635431193 35.588611490808375 6
      vertex 45.14230087749232 37.12835554495183 6
    endloop
  endfacet
  facet normal 0 0 1
    outer loop
      vertex 46.12835554495183 36.14230087749232 6
      vertex 45.14230087749232 37.12835554495183 6
      vertex 46.55321635431193 35.588611490808375 6
    endloop
  endfacet
  facet normal 0 0 1
    outer loop
      vertex 47.72740661031254 33.07055236082016 6
      vertex 47.25046229629319 34.3809460939256 6
      vertex 46.55321635431193 35.588611490808375 6
    endloop
  endfacet
  facet normal 0 0 1
    outer loop
      vertex 46.928203230275514 35 6
      vertex 46.55321635431193 35.588611490808375 6
      vertex 47.25046229629319 34.3809460939256 6
    endloop
  endfacet
  facet normal 0 0 1
    outer loop
      vertex 46.12835554495183 36.14230087749232 6
      vertex 45.65685424949238 36.65685424949238 6
      vertex 45.14230087749232 37.12835554495183 6
    endloop
  endfacet
  facet normal 0 0 1
    outer loop
      vertex -35.907456132866976 -27.170729309053137 -3.0300000000000002
      vertex -36.168923361109954 -26.717854785222098 -3.0300000000000002
      vertex -36.04807621135332 -26.95 -3.0300000000000002
    endloop
  endfacet
  facet normal 0 0 1
    outer loop
      vertex -36.168923361109954 -26.717854785222098 -3.0300000000000002
      vertex -36.34777747886721 -26.226457135307562 -3.0300000000000002
      vertex -36.269077862357726 -26.476060429977004 -3.0300000000000002
    endloop
  endfacet
  facet normal 0 0 1
    outer loop
      vertex -36.34777747886721 -26.226457135307562 -3.0300000000000002
      vertex -36.43858409427524 -25.711467228242974 -3.0300000000000002
      vertex -36.404423259036626 -25.97094453300079 -3.0300000000000002
    endloop
  endfacet
  facet normal 0 0 1
    outer loop
      vertex -36.34777747886721 -26.226457135307562 -3.0300000000000002
      vertex -36.45 -25.45 -3.0300000000000002
      vertex -36.43858409427524 -25.711467228242974 -3.0300000000000002
    endloop
  endfacet
  facet normal 0 0 1
    outer loop
      vertex -36.168923361109954 -26.717854785222098 -3.0300000000000002
      vertex -36.45 -25.45 -3.0300000000000002
      vertex -36.34777747886721 -26.226457135307562 -3.0300000000000002
    endloop
  endfacet
  facet normal 0 0 1
    outer loop
      vertex -34.95 -28.048076211353315 -3.0300000000000002
      vertex -34.7178547852221 -28.16892336110995 -3.0300000000000002
      vertex -34.47606042997701 -28.269077862357726 -3.0300000000000002
    endloop
  endfacet
  facet normal 0 0 1
    outer loop
      vertex -35.57132034355965 -27.57132034355964 -3.0300000000000002
      vertex -35.37836282905962 -27.748133329356932 -3.0300000000000002
      vertex -35.74813332935694 -27.37836282905962 -3.0300000000000002
    endloop
  endfacet
  facet normal 0 0 1
    outer loop
      vertex -35.37836282905962 -27.748133329356932 -3.0300000000000002
      vertex -36.168923361109954 -26.717854785222098 -3.0300000000000002
      vertex -35.74813332935694 -27.37836282905962 -3.0300000000000002
    endloop
  endfacet
  facet normal 0 0 1
    outer loop
      vertex -35.907456132866976 -27.170729309053137 -3.0300000000000002
      vertex -35.74813332935694 -27.37836282905962 -3.0300000000000002
      vertex -36.168923361109954 -26.717854785222098 -3.0300000000000002
    endloop
  endfacet
  facet normal 0 0 1
    outer loop
      vertex -35.37836282905962 -27.748133329356932 -3.0300000000000002
      vertex -35.170729309053144 -27.907456132866976 -3.0300000000000002
      vertex -34.95 -28.048076211353315 -3.0300000000000002
    endloop
  endfacet
  facet normal 0 0 1
    outer loop
      vertex -35.37836282905962 -27.748133329356932 -3.0300000000000002
      vertex -34.95 -28.048076211353315 -3.0300000000000002
      vertex -34.47606042997701 -28.269077862357726 -3.0300000000000002
    endloop
  endfacet
  facet normal 0 0 1
    outer loop
      vertex -34.47606042997701 -28.269077862357726 -3.0300000000000002
      vertex -34.22645713530756 -28.347777478867204 -3.0300000000000002
      vertex -33.9709445330008 -28.404423259036623 -3.0300000000000002
    endloop
  endfacet
  facet normal 0 0 1
    outer loop
      vertex -35.37836282905962 -27.748133329356932 -3.0300000000000002
      vertex -34.47606042997701 -28.269077862357726 -3.0300000000000002
      vertex -33.45 -28.45 -3.0300000000000002
    endloop
  endfacet
  facet normal 0 0 1
    outer loop
      vertex -34.47606042997701 -28.269077862357726 -3.0300000000000002
      vertex -33.9709445330008 -28.404423259036623 -3.0300000000000002
      vertex -33.45 -28.45 -3.0300000000000002
    endloop
  endfacet
  facet normal 0 0 1
    outer loop
      vertex -33.9709445330008 -28.404423259036623 -3.0300000000000002
      vertex -33.71146722824298 -28.438584094275235 -3.0300000000000002
      vertex -33.45 -28.45 -3.0300000000000002
    endloop
  endfacet
  facet normal 0 0 1
    outer loop
      vertex -35.37836282905962 -27.748133329356932 -3.0300000000000002
      vertex -36.45 -25.45 -3.0300000000000002
      vertex -36.168923361109954 -26.717854785222098 -3.0300000000000002
    endloop
  endfacet
  facet normal 0.8433914458128805 0.5372996083468321 -1.5357760352446406e-19
    outer loop
      vertex -35.907456132866976 -27.170729309053137 -3.0300000000000002
      vertex -36.04807621135332 -26.95 -3.0300000000000002
      vertex -36.04807621135332 -26.95 6
    endloop
  endfacet
  facet normal 0.9238795325112923 0.3826834323650763 2.800772467713631e-19
    outer loop
      vertex -36.168923361109954 -26.717854785222098 -3.0300000000000002
      vertex -36.269077862357726 -26.476060429977004 -3.0300000000000002
      vertex -36.269077862357726 -26.476060429977004 6
    endloop
  endfacet
  facet normal 0.8870108331782196 0.4617486132350377 0
    outer loop
      vertex -36.168923361109954 -26.717854785222098 -3.0300000000000002
      vertex -36.168923361109954 -26.717854785222098 6
      vertex -36.04807621135332 -26.95 -3.0300000000000002
    endloop
  endfacet
  facet normal 0.9537169507482235 0.30070579950428383 1.2364781034772133e-20
    outer loop
      vertex -36.269077862357726 -26.476060429977004 -3.0300000000000002
      vertex -36.34777747886721 -26.226457135307562 -3.0300000000000002
      vertex -36.34777747886721 -26.226457135307562 6
    endloop
  endfacet
  facet normal 0.9762960071199344 0.21643961393809846 2.5975020870966545e-19
    outer loop
      vertex -36.34777747886721 -26.226457135307562 -3.0300000000000002
      vertex -36.404423259036626 -25.97094453300079 -3.0300000000000002
      vertex -36.404423259036626 -25.97094453300079 6
    endloop
  endfacet
  facet normal 0.9914448613738086 0.13052619222006542 -1.232931496215191e-20
    outer loop
      vertex -36.404423259036626 -25.97094453300079 -3.0300000000000002
      vertex -36.43858409427524 -25.711467228242974 -3.0300000000000002
      vertex -36.43858409427524 -25.711467228242974 6
    endloop
  endfacet
  facet normal 0.9990482215818582 0.043619387365324856 3.8834431487698113e-20
    outer loop
      vertex -36.43858409427524 -25.711467228242974 -3.0300000000000002
      vertex -36.45 -25.45 -3.0300000000000002
      vertex -36.45 -25.45 6
    endloop
  endfacet
  facet normal 0.4617486132350377 0.8870108331782196 0
    outer loop
      vertex -34.95 -28.048076211353315 -3.0300000000000002
      vertex -34.95 -28.048076211353315 6
      vertex -34.7178547852221 -28.16892336110995 -3.0300000000000002
    endloop
  endfacet
  facet normal 0.38268343236509267 0.9238795325112855 2.22514170573766e-19
    outer loop
      vertex -34.47606042997701 -28.269077862357726 -3.0300000000000002
      vertex -34.7178547852221 -28.16892336110995 -3.0300000000000002
      vertex -34.7178547852221 -28.16892336110995 6
    endloop
  endfacet
  facet normal 0.7372773368101222 0.6755902076156621 -1.1016026520138788e-18
    outer loop
      vertex -35.57132034355965 -27.57132034355964 -3.0300000000000002
      vertex -35.74813332935694 -27.37836282905962 -3.0300000000000002
      vertex -35.74813332935694 -27.37836282905962 6
    endloop
  endfacet
  facet normal 0.6087614290087359 0.7933533402912235 0
    outer loop
      vertex -35.37836282905962 -27.748133329356932 -3.0300000000000002
      vertex -35.37836282905962 -27.748133329356932 6
      vertex -35.170729309053144 -27.907456132866976 -3.0300000000000002
    endloop
  endfacet
  facet normal 0.6755902076156487 0.7372773368101347 0
    outer loop
      vertex -35.57132034355965 -27.57132034355964 -3.0300000000000002
      vertex -35.57132034355965 -27.57132034355964 6
      vertex -35.37836282905962 -27.748133329356932 -3.0300000000000002
    endloop
  endfacet
  facet normal 0.7933533402912467 0.6087614290087058 0
    outer loop
      vertex -35.907456132866976 -27.170729309053137 -3.0300000000000002
      vertex -35.907456132866976 -27.170729309053137 6
      vertex -35.74813332935694 -27.37836282905962 -3.0300000000000002
    endloop
  endfacet
  facet normal 0.5372996083468162 0.8433914458128906 -1.0681703689391939e-19
    outer loop
      vertex -34.95 -28.048076211353315 -3.0300000000000002
      vertex -35.170729309053144 -27.907456132866976 -3.0300000000000002
      vertex -35.170729309053144 -27.907456132866976 6
    endloop
  endfacet
  facet normal 0.21643961393810415 0.976296007119933 0
    outer loop
      vertex -34.22645713530756 -28.347777478867204 -3.0300000000000002
      vertex -34.22645713530756 -28.347777478867204 6
      vertex -33.9709445330008 -28.404423259036623 -3.0300000000000002
    endloop
  endfacet
  facet normal 0.3007057995042638 0.9537169507482299 0
    outer loop
      vertex -34.47606042997701 -28.269077862357726 -3.0300000000000002
      vertex -34.47606042997701 -28.269077862357726 6
      vertex -34.22645713530756 -28.347777478867204 -3.0300000000000002
    endloop
  endfacet
  facet normal 0.1305261922200521 0.9914448613738104 0
    outer loop
      vertex -33.9709445330008 -28.404423259036623 -3.0300000000000002
      vertex -33.9709445330008 -28.404423259036623 6
      vertex -33.71146722824298 -28.438584094275235 -3.0300000000000002
    endloop
  endfacet
  facet normal 0.04361938736533782 0.9990482215818577 0
    outer loop
      vertex -33.71146722824298 -28.438584094275235 -3.0300000000000002
      vertex -33.71146722824298 -28.438584094275235 6
      vertex -33.45 -28.45 -3.0300000000000002
    endloop
  endfacet
  facet normal 0 0 1
    outer loop
      vertex -35.37836282905962 -27.748133329356932 -3.0300000000000002
      vertex -36.45 25.45 -3.0300000000000002
      vertex -36.45 -25.45 -3.0300000000000002
    endloop
  endfacet
  facet normal 0 0 1
    outer loop
      vertex -35.37836282905962 -27.748133329356932 -3.0300000000000002
      vertex -33.45 -28.45 -3.0300000000000002
      vertex 35.378362829059625 -27.748133329356932 -3.0300000000000002
    endloop
  endfacet
  facet normal 0 1 0
    outer loop
      vertex -33.45 -28.45 -3.0300000000000002
      vertex -33.45 -28.45 6
      vertex 33.45 -28.45 -3.0300000000000002
    endloop
  endfacet
  facet normal 0 0 1
    outer loop
      vertex -35.37836282905962 -27.748133329356932 -3.0300000000000002
      vertex 36.45 -25.45 -3.0300000000000002
      vertex -33.45 28.45 -3.0300000000000002
    endloop
  endfacet
  facet normal 0.8870108331782196 0.4617486132350377 0
    outer loop
      vertex -36.04807621135332 -26.95 -3.0300000000000002
      vertex -36.168923361109954 -26.717854785222098 6
      vertex -36.04807621135332 -26.95 6
    endloop
  endfacet
  facet normal 0.9238795325112923 0.3826834323650763 0
    outer loop
      vertex -36.168923361109954 -26.717854785222098 -3.0300000000000002
      vertex -36.269077862357726 -26.476060429977004 6
      vertex -36.168923361109954 -26.717854785222098 6
    endloop
  endfacet
  facet normal 0.9537169507482235 0.30070579950428383 0
    outer loop
      vertex -36.269077862357726 -26.476060429977004 -3.0300000000000002
      vertex -36.34777747886721 -26.226457135307562 6
      vertex -36.269077862357726 -26.476060429977004 6
    endloop
  endfacet
  facet normal 0.9914448613738086 0.13052619222006542 0
    outer loop
      vertex -36.404423259036626 -25.97094453300079 -3.0300000000000002
      vertex -36.43858409427524 -25.711467228242974 6
      vertex -36.404423259036626 -25.97094453300079 6
    endloop
  endfacet
  facet normal 0.9990482215818582 0.043619387365324856 0
    outer loop
      vertex -36.43858409427524 -25.711467228242974 -3.0300000000000002
      vertex -36.45 -25.45 6
      vertex -36.43858409427524 -25.711467228242974 6
    endloop
  endfacet
  facet normal 0.9762960071199344 0.21643961393809846 0
    outer loop
      vertex -36.34777747886721 -26.226457135307562 -3.0300000000000002
      vertex -36.404423259036626 -25.97094453300079 6
      vertex -36.34777747886721 -26.226457135307562 6
    endloop
  endfacet
  facet normal 0.4617486132350377 0.8870108331782196 0
    outer loop
      vertex -34.7178547852221 -28.16892336110995 -3.0300000000000002
      vertex -34.95 -28.048076211353315 6
      vertex -34.7178547852221 -28.16892336110995 6
    endloop
  endfacet
  facet normal 0.38268343236509267 0.9238795325112855 0
    outer loop
      vertex -34.47606042997701 -28.269077862357726 -3.0300000000000002
      vertex -34.7178547852221 -28.16892336110995 6
      vertex -34.47606042997701 -28.269077862357726 6
    endloop
  endfacet
  facet normal 0.7372773368101222 0.6755902076156621 0
    outer loop
      vertex -35.57132034355965 -27.57132034355964 -3.0300000000000002
      vertex -35.74813332935694 -27.37836282905962 6
      vertex -35.57132034355965 -27.57132034355964 6
    endloop
  endfacet
  facet normal 0.6755902076156487 0.7372773368101347 0
    outer loop
      vertex -35.37836282905962 -27.748133329356932 -3.0300000000000002
      vertex -35.57132034355965 -27.57132034355964 6
      vertex -35.37836282905962 -27.748133329356932 6
    endloop
  endfacet
  facet normal 0.7933533402912467 0.6087614290087058 0
    outer loop
      vertex -35.74813332935694 -27.37836282905962 -3.0300000000000002
      vertex -35.907456132866976 -27.170729309053137 6
      vertex -35.74813332935694 -27.37836282905962 6
    endloop
  endfacet
  facet normal 0.8433914458128805 0.5372996083468321 0
    outer loop
      vertex -35.907456132866976 -27.170729309053137 -3.0300000000000002
      vertex -36.04807621135332 -26.95 6
      vertex -35.907456132866976 -27.170729309053137 6
    endloop
  endfacet
  facet normal 0.6087614290087359 0.7933533402912235 0
    outer loop
      vertex -35.170729309053144 -27.907456132866976 -3.0300000000000002
      vertex -35.37836282905962 -27.748133329356932 6
      vertex -35.170729309053144 -27.907456132866976 6
    endloop
  endfacet
  facet normal 0.5372996083468162 0.8433914458128906 0
    outer loop
      vertex -34.95 -28.048076211353315 -3.0300000000000002
      vertex -35.170729309053144 -27.907456132866976 6
      vertex -34.95 -28.048076211353315 6
    endloop
  endfacet
  facet normal 0.3007057995042638 0.9537169507482299 0
    outer loop
      vertex -34.22645713530756 -28.347777478867204 -3.0300000000000002
      vertex -34.47606042997701 -28.269077862357726 6
      vertex -34.22645713530756 -28.347777478867204 6
    endloop
  endfacet
  facet normal 0.21643961393810415 0.976296007119933 0
    outer loop
      vertex -33.9709445330008 -28.404423259036623 -3.0300000000000002
      vertex -34.22645713530756 -28.347777478867204 6
      vertex -33.9709445330008 -28.404423259036623 6
    endloop
  endfacet
  facet normal 0.1305261922200521 0.9914448613738104 0
    outer loop
      vertex -33.71146722824298 -28.438584094275235 -3.0300000000000002
      vertex -33.9709445330008 -28.404423259036623 6
      vertex -33.71146722824298 -28.438584094275235 6
    endloop
  endfacet
  facet normal 0.04361938736533782 0.9990482215818577 0
    outer loop
      vertex -33.45 -28.45 -3.0300000000000002
      vertex -33.71146722824298 -28.438584094275235 6
      vertex -33.45 -28.45 6
    endloop
  endfacet
  facet normal 1 0 0
    outer loop
      vertex -36.45 -25.45 -3.0300000000000002
      vertex -36.45 25.45 6
      vertex -36.45 -25.45 6
    endloop
  endfacet
  facet normal 0 0 1
    outer loop
      vertex -35.37836282905962 -27.748133329356932 -3.0300000000000002
      vertex -33.45 28.45 -3.0300000000000002
      vertex -36.45 25.45 -3.0300000000000002
    endloop
  endfacet
  facet normal 1 0 0
    outer loop
      vertex -36.45 -25.45 -3.0300000000000002
      vertex -36.45 25.45 -3.0300000000000002
      vertex -36.45 25.45 6
    endloop
  endfacet
  facet normal 0 0 1
    outer loop
      vertex -36.45 25.45 -3.0300000000000002
      vertex -36.404423259036626 25.970944533000793 -3.0300000000000002
      vertex -36.43858409427524 25.711467228242977 -3.0300000000000002
    endloop
  endfacet
  facet normal 0 0 1
    outer loop
      vertex -36.45 25.45 -3.0300000000000002
      vertex -36.269077862357726 26.476060429977007 -3.0300000000000002
      vertex -36.404423259036626 25.970944533000793 -3.0300000000000002
    endloop
  endfacet
  facet normal 0 0 1
    outer loop
      vertex -36.404423259036626 25.970944533000793 -3.0300000000000002
      vertex -36.269077862357726 26.476060429977007 -3.0300000000000002
      vertex -36.34777747886721 26.22645713530756 -3.0300000000000002
    endloop
  endfacet
  facet normal 0 0 1
    outer loop
      vertex -36.45 25.45 -3.0300000000000002
      vertex -35.57132034355965 27.571320343559645 -3.0300000000000002
      vertex -36.269077862357726 26.476060429977007 -3.0300000000000002
    endloop
  endfacet
  facet normal 0 0 1
    outer loop
      vertex -36.269077862357726 26.476060429977007 -3.0300000000000002
      vertex -35.907456132866976 27.17072930905314 -3.0300000000000002
      vertex -36.168923361109954 26.717854785222098 -3.0300000000000002
    endloop
  endfacet
  facet normal 0 0 1
    outer loop
      vertex -36.168923361109954 26.717854785222098 -3.0300000000000002
      vertex -35.907456132866976 27.17072930905314 -3.0300000000000002
      vertex -36.04807621135332 26.95 -3.0300000000000002
    endloop
  endfacet
  facet normal 0 0 1
    outer loop
      vertex -36.269077862357726 26.476060429977007 -3.0300000000000002
      vertex -35.57132034355965 27.571320343559645 -3.0300000000000002
      vertex -35.907456132866976 27.17072930905314 -3.0300000000000002
    endloop
  endfacet
  facet normal 0 0 1
    outer loop
      vertex -35.907456132866976 27.17072930905314 -3.0300000000000002
      vertex -35.57132034355965 27.571320343559645 -3.0300000000000002
      vertex -35.74813332935694 27.378362829059615 -3.0300000000000002
    endloop
  endfacet
  facet normal 0 0 1
    outer loop
      vertex -35.57132034355965 27.571320343559645 -3.0300000000000002
      vertex -35.170729309053144 27.907456132866972 -3.0300000000000002
      vertex -35.37836282905962 27.748133329356936 -3.0300000000000002
    endloop
  endfacet
  facet normal 0 0 1
    outer loop
      vertex -36.45 25.45 -3.0300000000000002
      vertex -33.45 28.45 -3.0300000000000002
      vertex -35.57132034355965 27.571320343559645 -3.0300000000000002
    endloop
  endfacet
  facet normal 0 0 1
    outer loop
      vertex -35.57132034355965 27.571320343559645 -3.0300000000000002
      vertex -34.7178547852221 28.16892336110995 -3.0300000000000002
      vertex -35.170729309053144 27.907456132866972 -3.0300000000000002
    endloop
  endfacet
  facet normal 0 0 1
    outer loop
      vertex -35.170729309053144 27.907456132866972 -3.0300000000000002
      vertex -34.7178547852221 28.16892336110995 -3.0300000000000002
      vertex -34.95 28.048076211353315 -3.0300000000000002
    endloop
  endfacet
  facet normal 0 0 1
    outer loop
      vertex -35.57132034355965 27.571320343559645 -3.0300000000000002
      vertex -33.45 28.45 -3.0300000000000002
      vertex -34.7178547852221 28.16892336110995 -3.0300000000000002
    endloop
  endfacet
  facet normal 0 0 1
    outer loop
      vertex -34.7178547852221 28.16892336110995 -3.0300000000000002
      vertex -34.22645713530756 28.347777478867204 -3.0300000000000002
      vertex -34.47606042997701 28.269077862357722 -3.0300000000000002
    endloop
  endfacet
  facet normal 0 0 1
    outer loop
      vertex -34.7178547852221 28.16892336110995 -3.0300000000000002
      vertex -33.45 28.45 -3.0300000000000002
      vertex -34.22645713530756 28.347777478867204 -3.0300000000000002
    endloop
  endfacet
  facet normal 0 0 1
    outer loop
      vertex -34.22645713530756 28.347777478867204 -3.0300000000000002
      vertex -33.71146722824298 28.43858409427524 -3.0300000000000002
      vertex -33.9709445330008 28.404423259036623 -3.0300000000000002
    endloop
  endfacet
  facet normal 0 0 1
    outer loop
      vertex -34.22645713530756 28.347777478867204 -3.0300000000000002
      vertex -33.45 28.45 -3.0300000000000002
      vertex -33.71146722824298 28.43858409427524 -3.0300000000000002
    endloop
  endfacet
  facet normal 0.9990482215818582 -0.043619387365324266 5.642379196926512e-20
    outer loop
      vertex -36.45 25.45 -3.0300000000000002
      vertex -36.43858409427524 25.711467228242977 -3.0300000000000002
      vertex -36.43858409427524 25.711467228242977 6
    endloop
  endfacet
  facet normal 0.9914448613738086 -0.13052619222006542 1.232931496215191e-20
    outer loop
      vertex -36.43858409427524 25.711467228242977 -3.0300000000000002
      vertex -36.404423259036626 25.970944533000793 -3.0300000000000002
      vertex -36.404423259036626 25.970944533000793 6
    endloop
  endfacet
  facet normal 0.976296007119933 -0.21643961393810415 -2.7524959791225903e-19
    outer loop
      vertex -36.404423259036626 25.970944533000793 -3.0300000000000002
      vertex -36.34777747886721 26.22645713530756 -3.0300000000000002
      vertex -36.34777747886721 26.22645713530756 6
    endloop
  endfacet
  facet normal 0.953716950748226 -0.3007057995042761 2.472084123943896e-19
    outer loop
      vertex -36.34777747886721 26.22645713530756 -3.0300000000000002
      vertex -36.269077862357726 26.476060429977007 -3.0300000000000002
      vertex -36.269077862357726 26.476060429977007 6
    endloop
  endfacet
  facet normal 0.9238795325112904 -0.3826834323650811 3.684948802128284e-19
    outer loop
      vertex -36.269077862357726 26.476060429977007 -3.0300000000000002
      vertex -36.168923361109954 26.717854785222098 -3.0300000000000002
      vertex -36.168923361109954 26.717854785222098 6
    endloop
  endfacet
  facet normal 0.8870108331782196 -0.4617486132350377 3.1588187341306823e-19
    outer loop
      vertex -36.168923361109954 26.717854785222098 -3.0300000000000002
      vertex -36.04807621135332 26.95 -3.0300000000000002
      vertex -36.04807621135332 26.95 6
    endloop
  endfacet
  facet normal 0.8433914458128844 -0.537299608346826 1.4617916038471066e-19
    outer loop
      vertex -36.04807621135332 26.95 -3.0300000000000002
      vertex -35.907456132866976 27.17072930905314 -3.0300000000000002
      vertex -35.907456132866976 27.17072930905314 6
    endloop
  endfacet
  facet normal 0.7933533402912365 -0.6087614290087188 8.834577075042531e-19
    outer loop
      vertex -35.907456132866976 27.17072930905314 -3.0300000000000002
      vertex -35.74813332935694 27.378362829059615 -3.0300000000000002
      vertex -35.74813332935694 27.378362829059615 6
    endloop
  endfacet
  facet normal 0.7372773368101347 -0.6755902076156487 1.2674851553588348e-18
    outer loop
      vertex -35.74813332935694 27.378362829059615 -3.0300000000000002
      vertex -35.57132034355965 27.571320343559645 -3.0300000000000002
      vertex -35.57132034355965 27.571320343559645 6
    endloop
  endfacet
  facet normal 0.6755902076156487 -0.7372773368101347 1.2674851553588348e-18
    outer loop
      vertex -35.57132034355965 27.571320343559645 -3.0300000000000002
      vertex -35.37836282905962 27.748133329356936 -3.0300000000000002
      vertex -35.37836282905962 27.748133329356936 6
    endloop
  endfacet
  facet normal 0.6087614290087188 -0.7933533402912365 8.834577075042531e-19
    outer loop
      vertex -35.37836282905962 27.748133329356936 -3.0300000000000002
      vertex -35.170729309053144 27.907456132866972 -3.0300000000000002
      vertex -35.170729309053144 27.907456132866972 6
    endloop
  endfacet
  facet normal 0.537299608346826 -0.8433914458128844 1.4617916038471066e-19
    outer loop
      vertex -35.170729309053144 27.907456132866972 -3.0300000000000002
      vertex -34.95 28.048076211353315 -3.0300000000000002
      vertex -34.95 28.048076211353315 6
    endloop
  endfacet
  facet normal 0.4617486132350377 -0.8870108331782196 3.1588187341306823e-19
    outer loop
      vertex -34.95 28.048076211353315 -3.0300000000000002
      vertex -34.7178547852221 28.16892336110995 -3.0300000000000002
      vertex -34.7178547852221 28.16892336110995 6
    endloop
  endfacet
  facet normal 0.3826834323650811 -0.9238795325112904 3.684948802128284e-19
    outer loop
      vertex -34.7178547852221 28.16892336110995 -3.0300000000000002
      vertex -34.47606042997701 28.269077862357722 -3.0300000000000002
      vertex -34.47606042997701 28.269077862357722 6
    endloop
  endfacet
  facet normal 0.3007057995042761 -0.953716950748226 2.472084123943896e-19
    outer loop
      vertex -34.47606042997701 28.269077862357722 -3.0300000000000002
      vertex -34.22645713530756 28.347777478867204 -3.0300000000000002
      vertex -34.22645713530756 28.347777478867204 6
    endloop
  endfacet
  facet normal 0.21643961393810415 -0.976296007119933 -2.7524959791225903e-19
    outer loop
      vertex -34.22645713530756 28.347777478867204 -3.0300000000000002
      vertex -33.9709445330008 28.404423259036623 -3.0300000000000002
      vertex -33.9709445330008 28.404423259036623 6
    endloop
  endfacet
  facet normal 0.13052619222006542 -0.9914448613738086 1.232931496215191e-20
    outer loop
      vertex -33.9709445330008 28.404423259036623 -3.0300000000000002
      vertex -33.71146722824298 28.43858409427524 -3.0300000000000002
      vertex -33.71146722824298 28.43858409427524 6
    endloop
  endfacet
  facet normal 0.043619387365324266 -0.9990482215818582 5.642379196926512e-20
    outer loop
      vertex -33.71146722824298 28.43858409427524 -3.0300000000000002
      vertex -33.45 28.45 -3.0300000000000002
      vertex -33.45 28.45 6
    endloop
  endfacet
  facet normal 0.9990482215818582 -0.043619387365324266 0
    outer loop
      vertex -36.45 25.45 -3.0300000000000002
      vertex -36.43858409427524 25.711467228242977 6
      vertex -36.45 25.45 6
    endloop
  endfacet
  facet normal 0.9914448613738086 -0.13052619222006542 0
    outer loop
      vertex -36.43858409427524 25.711467228242977 -3.0300000000000002
      vertex -36.404423259036626 25.970944533000793 6
      vertex -36.43858409427524 25.711467228242977 6
    endloop
  endfacet
  facet normal 0.976296007119933 -0.21643961393810415 0
    outer loop
      vertex -36.404423259036626 25.970944533000793 -3.0300000000000002
      vertex -36.34777747886721 26.22645713530756 6
      vertex -36.404423259036626 25.970944533000793 6
    endloop
  endfacet
  facet normal 0.953716950748226 -0.3007057995042761 0
    outer loop
      vertex -36.34777747886721 26.22645713530756 -3.0300000000000002
      vertex -36.269077862357726 26.476060429977007 6
      vertex -36.34777747886721 26.22645713530756 6
    endloop
  endfacet
  facet normal 0.9238795325112904 -0.3826834323650811 0
    outer loop
      vertex -36.269077862357726 26.476060429977007 -3.0300000000000002
      vertex -36.168923361109954 26.717854785222098 6
      vertex -36.269077862357726 26.476060429977007 6
    endloop
  endfacet
  facet normal 0.8870108331782196 -0.4617486132350377 0
    outer loop
      vertex -36.168923361109954 26.717854785222098 -3.0300000000000002
      vertex -36.04807621135332 26.95 6
      vertex -36.168923361109954 26.717854785222098 6
    endloop
  endfacet
  facet normal 0.8433914458128844 -0.537299608346826 0
    outer loop
      vertex -36.04807621135332 26.95 -3.0300000000000002
      vertex -35.907456132866976 27.17072930905314 6
      vertex -36.04807621135332 26.95 6
    endloop
  endfacet
  facet normal 0.7933533402912365 -0.6087614290087188 0
    outer loop
      vertex -35.907456132866976 27.17072930905314 -3.0300000000000002
      vertex -35.74813332935694 27.378362829059615 6
      vertex -35.907456132866976 27.17072930905314 6
    endloop
  endfacet
  facet normal 0.7372773368101347 -0.6755902076156487 0
    outer loop
      vertex -35.74813332935694 27.378362829059615 -3.0300000000000002
      vertex -35.57132034355965 27.571320343559645 6
      vertex -35.74813332935694 27.378362829059615 6
    endloop
  endfacet
  facet normal 0.6755902076156487 -0.7372773368101347 0
    outer loop
      vertex -35.57132034355965 27.571320343559645 -3.0300000000000002
      vertex -35.37836282905962 27.748133329356936 6
      vertex -35.57132034355965 27.571320343559645 6
    endloop
  endfacet
  facet normal 0.6087614290087188 -0.7933533402912365 0
    outer loop
      vertex -35.37836282905962 27.748133329356936 -3.0300000000000002
      vertex -35.170729309053144 27.907456132866972 6
      vertex -35.37836282905962 27.748133329356936 6
    endloop
  endfacet
  facet normal 0.537299608346826 -0.8433914458128844 0
    outer loop
      vertex -35.170729309053144 27.907456132866972 -3.0300000000000002
      vertex -34.95 28.048076211353315 6
      vertex -35.170729309053144 27.907456132866972 6
    endloop
  endfacet
  facet normal 0.4617486132350377 -0.8870108331782196 0
    outer loop
      vertex -34.95 28.048076211353315 -3.0300000000000002
      vertex -34.7178547852221 28.16892336110995 6
      vertex -34.95 28.048076211353315 6
    endloop
  endfacet
  facet normal 0.3826834323650811 -0.9238795325112904 0
    outer loop
      vertex -34.7178547852221 28.16892336110995 -3.0300000000000002
      vertex -34.47606042997701 28.269077862357722 6
      vertex -34.7178547852221 28.16892336110995 6
    endloop
  endfacet
  facet normal 0.3007057995042761 -0.953716950748226 0
    outer loop
      vertex -34.47606042997701 28.269077862357722 -3.0300000000000002
      vertex -34.22645713530756 28.347777478867204 6
      vertex -34.47606042997701 28.269077862357722 6
    endloop
  endfacet
  facet normal 0.21643961393810415 -0.976296007119933 0
    outer loop
      vertex -34.22645713530756 28.347777478867204 -3.0300000000000002
      vertex -33.9709445330008 28.404423259036623 6
      vertex -34.22645713530756 28.347777478867204 6
    endloop
  endfacet
  facet normal 0.13052619222006542 -0.9914448613738086 0
    outer loop
      vertex -33.9709445330008 28.404423259036623 -3.0300000000000002
      vertex -33.71146722824298 28.43858409427524 6
      vertex -33.9709445330008 28.404423259036623 6
    endloop
  endfacet
  facet normal 0.043619387365324266 -0.9990482215818582 0
    outer loop
      vertex -33.71146722824298 28.43858409427524 -3.0300000000000002
      vertex -33.45 28.45 6
      vertex -33.71146722824298 28.43858409427524 6
    endloop
  endfacet
  facet normal 0 -1 0
    outer loop
      vertex -33.45 28.45 -3.0300000000000002
      vertex 33.45 28.45 6
      vertex -33.45 28.45 6
    endloop
  endfacet
  facet normal 0 0 1
    outer loop
      vertex -33.45 -28.45 -3.0300000000000002
      vertex 33.45 -28.45 -3.0300000000000002
      vertex 35.378362829059625 -27.748133329356932 -3.0300000000000002
    endloop
  endfacet
  facet normal 0 0 1
    outer loop
      vertex -35.37836282905962 -27.748133329356932 -3.0300000000000002
      vertex 35.378362829059625 -27.748133329356932 -3.0300000000000002
      vertex 36.45 -25.45 -3.0300000000000002
    endloop
  endfacet
  facet normal 0 0 1
    outer loop
      vertex 33.45 -28.45 -3.0300000000000002
      vertex 33.71146722824298 -28.438584094275235 -3.0300000000000002
      vertex 33.97094453300079 -28.404423259036623 -3.0300000000000002
    endloop
  endfacet
  facet normal 0 0 1
    outer loop
      vertex 33.45 -28.45 -3.0300000000000002
      vertex 33.97094453300079 -28.404423259036623 -3.0300000000000002
      vertex 34.47606042997701 -28.269077862357726 -3.0300000000000002
    endloop
  endfacet
  facet normal 0 0 1
    outer loop
      vertex 33.97094453300079 -28.404423259036623 -3.0300000000000002
      vertex 34.22645713530757 -28.347777478867204 -3.0300000000000002
      vertex 34.47606042997701 -28.269077862357726 -3.0300000000000002
    endloop
  endfacet
  facet normal 0 0 1
    outer loop
      vertex 33.45 -28.45 -3.0300000000000002
      vertex 34.47606042997701 -28.269077862357726 -3.0300000000000002
      vertex 35.378362829059625 -27.748133329356932 -3.0300000000000002
    endloop
  endfacet
  facet normal 0 0 1
    outer loop
      vertex 34.47606042997701 -28.269077862357726 -3.0300000000000002
      vertex 34.7178547852221 -28.16892336110995 -3.0300000000000002
      vertex 34.95 -28.048076211353315 -3.0300000000000002
    endloop
  endfacet
  facet normal 0 0 1
    outer loop
      vertex 34.47606042997701 -28.269077862357726 -3.0300000000000002
      vertex 34.95 -28.048076211353315 -3.0300000000000002
      vertex 35.378362829059625 -27.748133329356932 -3.0300000000000002
    endloop
  endfacet
  facet normal 0 0 1
    outer loop
      vertex 34.95 -28.048076211353315 -3.0300000000000002
      vertex 35.170729309053144 -27.907456132866976 -3.0300000000000002
      vertex 35.378362829059625 -27.748133329356932 -3.0300000000000002
    endloop
  endfacet
  facet normal 0 0 1
    outer loop
      vertex 35.378362829059625 -27.748133329356932 -3.0300000000000002
      vertex 35.57132034355965 -27.57132034355964 -3.0300000000000002
      vertex 35.90745613286698 -27.170729309053137 -3.0300000000000002
    endloop
  endfacet
  facet normal 0 0 1
    outer loop
      vertex 35.57132034355965 -27.57132034355964 -3.0300000000000002
      vertex 35.74813332935693 -27.37836282905962 -3.0300000000000002
      vertex 35.90745613286698 -27.170729309053137 -3.0300000000000002
    endloop
  endfacet
  facet normal 0 0 1
    outer loop
      vertex 35.378362829059625 -27.748133329356932 -3.0300000000000002
      vertex 35.90745613286698 -27.170729309053137 -3.0300000000000002
      vertex 36.16892336110995 -26.717854785222098 -3.0300000000000002
    endloop
  endfacet
  facet normal 0 0 1
    outer loop
      vertex 35.378362829059625 -27.748133329356932 -3.0300000000000002
      vertex 36.16892336110995 -26.717854785222098 -3.0300000000000002
      vertex 36.45 -25.45 -3.0300000000000002
    endloop
  endfacet
  facet normal 0 0 1
    outer loop
      vertex 35.90745613286698 -27.170729309053137 -3.0300000000000002
      vertex 36.04807621135332 -26.95 -3.0300000000000002
      vertex 36.16892336110995 -26.717854785222098 -3.0300000000000002
    endloop
  endfacet
  facet normal 0 0 1
    outer loop
      vertex 36.16892336110995 -26.717854785222098 -3.0300000000000002
      vertex 36.26907786235773 -26.476060429977004 -3.0300000000000002
      vertex 36.3477774788672 -26.226457135307562 -3.0300000000000002
    endloop
  endfacet
  facet normal 0 0 1
    outer loop
      vertex 36.16892336110995 -26.717854785222098 -3.0300000000000002
      vertex 36.3477774788672 -26.226457135307562 -3.0300000000000002
      vertex 36.45 -25.45 -3.0300000000000002
    endloop
  endfacet
  facet normal 0 0 1
    outer loop
      vertex 36.3477774788672 -26.226457135307562 -3.0300000000000002
      vertex 36.40442325903663 -25.97094453300079 -3.0300000000000002
      vertex 36.45 -25.45 -3.0300000000000002
    endloop
  endfacet
  facet normal 0 0 1
    outer loop
      vertex 36.40442325903663 -25.97094453300079 -3.0300000000000002
      vertex 36.43858409427524 -25.711467228242974 -3.0300000000000002
      vertex 36.45 -25.45 -3.0300000000000002
    endloop
  endfacet
  facet normal -0.04361938736533782 0.9990482215818577 0
    outer loop
      vertex 33.45 -28.45 -3.0300000000000002
      vertex 33.45 -28.45 6
      vertex 33.71146722824298 -28.438584094275235 -3.0300000000000002
    endloop
  endfacet
  facet normal -0.1305261922200556 0.9914448613738098 0
    outer loop
      vertex 33.71146722824298 -28.438584094275235 -3.0300000000000002
      vertex 33.71146722824298 -28.438584094275235 6
      vertex 33.97094453300079 -28.404423259036623 -3.0300000000000002
    endloop
  endfacet
  facet normal -0.2164396139380927 0.9762960071199356 0
    outer loop
      vertex 33.97094453300079 -28.404423259036623 -3.0300000000000002
      vertex 33.97094453300079 -28.404423259036623 6
      vertex 34.22645713530757 -28.347777478867204 -3.0300000000000002
    endloop
  endfacet
  facet normal -0.3007057995042715 0.9537169507482274 0
    outer loop
      vertex 34.22645713530757 -28.347777478867204 -3.0300000000000002
      vertex 34.22645713530757 -28.347777478867204 6
      vertex 34.47606042997701 -28.269077862357726 -3.0300000000000002
    endloop
  endfacet
  facet normal -0.38268343236509267 0.9238795325112855 0
    outer loop
      vertex 34.47606042997701 -28.269077862357726 -3.0300000000000002
      vertex 34.47606042997701 -28.269077862357726 6
      vertex 34.7178547852221 -28.16892336110995 -3.0300000000000002
    endloop
  endfacet
  facet normal -0.4617486132350377 0.8870108331782196 0
    outer loop
      vertex 34.7178547852221 -28.16892336110995 -3.0300000000000002
      vertex 34.7178547852221 -28.16892336110995 6
      vertex 34.95 -28.048076211353315 -3.0300000000000002
    endloop
  endfacet
  facet normal -0.5372996083468162 0.8433914458128906 0
    outer loop
      vertex 34.95 -28.048076211353315 -3.0300000000000002
      vertex 34.95 -28.048076211353315 6
      vertex 35.170729309053144 -27.907456132866976 -3.0300000000000002
    endloop
  endfacet
  facet normal -0.6087614290087228 0.7933533402912336 0
    outer loop
      vertex 35.170729309053144 -27.907456132866976 -3.0300000000000002
      vertex 35.170729309053144 -27.907456132866976 6
      vertex 35.378362829059625 -27.748133329356932 -3.0300000000000002
    endloop
  endfacet
  facet normal -0.6755902076156621 0.7372773368101222 0
    outer loop
      vertex 35.378362829059625 -27.748133329356932 -3.0300000000000002
      vertex 35.378362829059625 -27.748133329356932 6
      vertex 35.57132034355965 -27.57132034355964 -3.0300000000000002
    endloop
  endfacet
  facet normal -0.7372773368101359 0.6755902076156475 0
    outer loop
      vertex 35.57132034355965 -27.57132034355964 -3.0300000000000002
      vertex 35.57132034355965 -27.57132034355964 6
      vertex 35.74813332935693 -27.37836282905962 -3.0300000000000002
    endloop
  endfacet
  facet normal -0.7933533402912204 0.6087614290087399 0
    outer loop
      vertex 35.74813332935693 -27.37836282905962 -3.0300000000000002
      vertex 35.74813332935693 -27.37836282905962 6
      vertex 35.90745613286698 -27.170729309053137 -3.0300000000000002
    endloop
  endfacet
  facet normal -0.8433914458128927 0.5372996083468128 0
    outer loop
      vertex 35.90745613286698 -27.170729309053137 -3.0300000000000002
      vertex 35.90745613286698 -27.170729309053137 6
      vertex 36.04807621135332 -26.95 -3.0300000000000002
    endloop
  endfacet
  facet normal -0.8870108331782307 0.46174861323501637 0
    outer loop
      vertex 36.04807621135332 -26.95 -3.0300000000000002
      vertex 36.04807621135332 -26.95 6
      vertex 36.16892336110995 -26.717854785222098 -3.0300000000000002
    endloop
  endfacet
  facet normal -0.9238795325112731 0.38268343236512264 0
    outer loop
      vertex 36.16892336110995 -26.717854785222098 -3.0300000000000002
      vertex 36.16892336110995 -26.717854785222098 6
      vertex 36.26907786235773 -26.476060429977004 -3.0300000000000002
    endloop
  endfacet
  facet normal -0.953716950748239 0.3007057995042345 0
    outer loop
      vertex 36.26907786235773 -26.476060429977004 -3.0300000000000002
      vertex 36.26907786235773 -26.476060429977004 6
      vertex 36.3477774788672 -26.226457135307562 -3.0300000000000002
    endloop
  endfacet
  facet normal -0.976296007119923 0.21643961393815025 0
    outer loop
      vertex 36.3477774788672 -26.226457135307562 -3.0300000000000002
      vertex 36.3477774788672 -26.226457135307562 6
      vertex 36.40442325903663 -25.97094453300079 -3.0300000000000002
    endloop
  endfacet
  facet normal -0.9914448613738122 0.13052619222003875 0
    outer loop
      vertex 36.40442325903663 -25.97094453300079 -3.0300000000000002
      vertex 36.40442325903663 -25.97094453300079 6
      vertex 36.43858409427524 -25.711467228242974 -3.0300000000000002
    endloop
  endfacet
  facet normal -0.9990482215818582 0.043619387365324856 0
    outer loop
      vertex 36.43858409427524 -25.711467228242974 -3.0300000000000002
      vertex 36.43858409427524 -25.711467228242974 6
      vertex 36.45 -25.45 -3.0300000000000002
    endloop
  endfacet
  facet normal -1 0 0
    outer loop
      vertex 36.45 -25.45 -3.0300000000000002
      vertex 36.45 -25.45 6
      vertex 36.45 25.45 -3.0300000000000002
    endloop
  endfacet
  facet normal 0 1 0
    outer loop
      vertex 33.45 -28.45 -3.0300000000000002
      vertex -33.45 -28.45 6
      vertex 33.45 -28.45 6
    endloop
  endfacet
  facet normal -0.04361938736533782 0.9990482215818577 0
    outer loop
      vertex 33.71146722824298 -28.438584094275235 -3.0300000000000002
      vertex 33.45 -28.45 6
      vertex 33.71146722824298 -28.438584094275235 6
    endloop
  endfacet
  facet normal -0.1305261922200556 0.9914448613738098 0
    outer loop
      vertex 33.97094453300079 -28.404423259036623 -3.0300000000000002
      vertex 33.71146722824298 -28.438584094275235 6
      vertex 33.97094453300079 -28.404423259036623 6
    endloop
  endfacet
  facet normal -0.2164396139380927 0.9762960071199356 0
    outer loop
      vertex 34.22645713530757 -28.347777478867204 -3.0300000000000002
      vertex 33.97094453300079 -28.404423259036623 6
      vertex 34.22645713530757 -28.347777478867204 6
    endloop
  endfacet
  facet normal -0.3007057995042715 0.9537169507482274 0
    outer loop
      vertex 34.47606042997701 -28.269077862357726 -3.0300000000000002
      vertex 34.22645713530757 -28.347777478867204 6
      vertex 34.47606042997701 -28.269077862357726 6
    endloop
  endfacet
  facet normal -0.38268343236509267 0.9238795325112855 0
    outer loop
      vertex 34.7178547852221 -28.16892336110995 -3.0300000000000002
      vertex 34.47606042997701 -28.269077862357726 6
      vertex 34.7178547852221 -28.16892336110995 6
    endloop
  endfacet
  facet normal -0.4617486132350377 0.8870108331782196 0
    outer loop
      vertex 34.95 -28.048076211353315 -3.0300000000000002
      vertex 34.7178547852221 -28.16892336110995 6
      vertex 34.95 -28.048076211353315 6
    endloop
  endfacet
  facet normal -0.5372996083468162 0.8433914458128906 0
    outer loop
      vertex 35.170729309053144 -27.907456132866976 -3.0300000000000002
      vertex 34.95 -28.048076211353315 6
      vertex 35.170729309053144 -27.907456132866976 6
    endloop
  endfacet
  facet normal -0.6087614290087228 0.7933533402912336 0
    outer loop
      vertex 35.378362829059625 -27.748133329356932 -3.0300000000000002
      vertex 35.170729309053144 -27.907456132866976 6
      vertex 35.378362829059625 -27.748133329356932 6
    endloop
  endfacet
  facet normal -0.6755902076156621 0.7372773368101222 0
    outer loop
      vertex 35.57132034355965 -27.57132034355964 -3.0300000000000002
      vertex 35.378362829059625 -27.748133329356932 6
      vertex 35.57132034355965 -27.57132034355964 6
    endloop
  endfacet
  facet normal -0.7372773368101359 0.6755902076156475 0
    outer loop
      vertex 35.74813332935693 -27.37836282905962 -3.0300000000000002
      vertex 35.57132034355965 -27.57132034355964 6
      vertex 35.74813332935693 -27.37836282905962 6
    endloop
  endfacet
  facet normal -0.7933533402912204 0.6087614290087399 0
    outer loop
      vertex 35.90745613286698 -27.170729309053137 -3.0300000000000002
      vertex 35.74813332935693 -27.37836282905962 6
      vertex 35.90745613286698 -27.170729309053137 6
    endloop
  endfacet
  facet normal -0.8433914458128927 0.5372996083468128 0
    outer loop
      vertex 36.04807621135332 -26.95 -3.0300000000000002
      vertex 35.90745613286698 -27.170729309053137 6
      vertex 36.04807621135332 -26.95 6
    endloop
  endfacet
  facet normal -0.8870108331782307 0.46174861323501637 0
    outer loop
      vertex 36.16892336110995 -26.717854785222098 -3.0300000000000002
      vertex 36.04807621135332 -26.95 6
      vertex 36.16892336110995 -26.717854785222098 6
    endloop
  endfacet
  facet normal -0.9238795325112731 0.38268343236512264 0
    outer loop
      vertex 36.26907786235773 -26.476060429977004 -3.0300000000000002
      vertex 36.16892336110995 -26.717854785222098 6
      vertex 36.26907786235773 -26.476060429977004 6
    endloop
  endfacet
  facet normal -0.953716950748239 0.3007057995042345 0
    outer loop
      vertex 36.3477774788672 -26.226457135307562 -3.0300000000000002
      vertex 36.26907786235773 -26.476060429977004 6
      vertex 36.3477774788672 -26.226457135307562 6
    endloop
  endfacet
  facet normal -0.976296007119923 0.21643961393815025 0
    outer loop
      vertex 36.40442325903663 -25.97094453300079 -3.0300000000000002
      vertex 36.3477774788672 -26.226457135307562 6
      vertex 36.40442325903663 -25.97094453300079 6
    endloop
  endfacet
  facet normal -0.9914448613738122 0.13052619222003875 0
    outer loop
      vertex 36.43858409427524 -25.711467228242974 -3.0300000000000002
      vertex 36.40442325903663 -25.97094453300079 6
      vertex 36.43858409427524 -25.711467228242974 6
    endloop
  endfacet
  facet normal -0.9990482215818582 0.043619387365324856 0
    outer loop
      vertex 36.45 -25.45 -3.0300000000000002
      vertex 36.43858409427524 -25.711467228242974 6
      vertex 36.45 -25.45 6
    endloop
  endfacet
  facet normal 0 0 1
    outer loop
      vertex -33.45 28.45 -3.0300000000000002
      vertex 36.45 -25.45 -3.0300000000000002
      vertex 35.378362829059625 27.748133329356936 -3.0300000000000002
    endloop
  endfacet
  facet normal 0 0 1
    outer loop
      vertex -33.45 28.45 -3.0300000000000002
      vertex 35.378362829059625 27.748133329356936 -3.0300000000000002
      vertex 33.45 28.45 -3.0300000000000002
    endloop
  endfacet
  facet normal 0 -1 0
    outer loop
      vertex -33.45 28.45 -3.0300000000000002
      vertex 33.45 28.45 -3.0300000000000002
      vertex 33.45 28.45 6
    endloop
  endfacet
  facet normal 0 0 1
    outer loop
      vertex 36.45 -25.45 -3.0300000000000002
      vertex 36.45 25.45 -3.0300000000000002
      vertex 35.378362829059625 27.748133329356936 -3.0300000000000002
    endloop
  endfacet
  facet normal 0 0 1
    outer loop
      vertex 36.45 25.45 -3.0300000000000002
      vertex 36.16892336110995 26.717854785222098 -3.0300000000000002
      vertex 35.378362829059625 27.748133329356936 -3.0300000000000002
    endloop
  endfacet
  facet normal 0 0 1
    outer loop
      vertex 33.45 28.45 -3.0300000000000002
      vertex 33.97094453300079 28.404423259036623 -3.0300000000000002
      vertex 33.71146722824298 28.43858409427524 -3.0300000000000002
    endloop
  endfacet
  facet normal 0 0 1
    outer loop
      vertex 33.45 28.45 -3.0300000000000002
      vertex 34.47606042997701 28.269077862357722 -3.0300000000000002
      vertex 33.97094453300079 28.404423259036623 -3.0300000000000002
    endloop
  endfacet
  facet normal 0 0 1
    outer loop
      vertex 33.45 28.45 -3.0300000000000002
      vertex 35.378362829059625 27.748133329356936 -3.0300000000000002
      vertex 34.47606042997701 28.269077862357722 -3.0300000000000002
    endloop
  endfacet
  facet normal 0 0 1
    outer loop
      vertex 33.97094453300079 28.404423259036623 -3.0300000000000002
      vertex 34.47606042997701 28.269077862357722 -3.0300000000000002
      vertex 34.22645713530757 28.347777478867204 -3.0300000000000002
    endloop
  endfacet
  facet normal 0 0 1
    outer loop
      vertex 34.47606042997701 28.269077862357722 -3.0300000000000002
      vertex 35.378362829059625 27.748133329356936 -3.0300000000000002
      vertex 34.95 28.048076211353315 -3.0300000000000002
    endloop
  endfacet
  facet normal 0 0 1
    outer loop
      vertex 35.170729309053144 27.907456132866972 -3.0300000000000002
      vertex 34.95 28.048076211353315 -3.0300000000000002
      vertex 35.378362829059625 27.748133329356936 -3.0300000000000002
    endloop
  endfacet
  facet normal 0 0 1
    outer loop
      vertex 36.16892336110995 26.717854785222098 -3.0300000000000002
      vertex 35.90745613286698 27.17072930905314 -3.0300000000000002
      vertex 35.378362829059625 27.748133329356936 -3.0300000000000002
    endloop
  endfacet
  facet normal 0 0 1
    outer loop
      vertex 35.74813332935693 27.378362829059615 -3.0300000000000002
      vertex 35.57132034355965 27.571320343559645 -3.0300000000000002
      vertex 35.378362829059625 27.748133329356936 -3.0300000000000002
    endloop
  endfacet
  facet normal 0 0 1
    outer loop
      vertex 35.74813332935693 27.378362829059615 -3.0300000000000002
      vertex 35.378362829059625 27.748133329356936 -3.0300000000000002
      vertex 35.90745613286698 27.17072930905314 -3.0300000000000002
    endloop
  endfacet
  facet normal 0 0 1
    outer loop
      vertex 34.7178547852221 28.16892336110995 -3.0300000000000002
      vertex 34.47606042997701 28.269077862357722 -3.0300000000000002
      vertex 34.95 28.048076211353315 -3.0300000000000002
    endloop
  endfacet
  facet normal 0 0 1
    outer loop
      vertex 36.45 25.45 -3.0300000000000002
      vertex 36.40442325903663 25.970944533000793 -3.0300000000000002
      vertex 36.16892336110995 26.717854785222098 -3.0300000000000002
    endloop
  endfacet
  facet normal 0 0 1
    outer loop
      vertex 36.45 25.45 -3.0300000000000002
      vertex 36.43858409427524 25.711467228242977 -3.0300000000000002
      vertex 36.40442325903663 25.970944533000793 -3.0300000000000002
    endloop
  endfacet
  facet normal 0 0 1
    outer loop
      vertex 36.40442325903663 25.970944533000793 -3.0300000000000002
      vertex 36.3477774788672 26.22645713530756 -3.0300000000000002
      vertex 36.26907786235773 26.476060429977007 -3.0300000000000002
    endloop
  endfacet
  facet normal 0 0 1
    outer loop
      vertex 36.40442325903663 25.970944533000793 -3.0300000000000002
      vertex 36.26907786235773 26.476060429977007 -3.0300000000000002
      vertex 36.16892336110995 26.717854785222098 -3.0300000000000002
    endloop
  endfacet
  facet normal 0 0 1
    outer loop
      vertex 36.04807621135332 26.95 -3.0300000000000002
      vertex 35.90745613286698 27.17072930905314 -3.0300000000000002
      vertex 36.16892336110995 26.717854785222098 -3.0300000000000002
    endloop
  endfacet
  facet normal -0.043619387365324266 -0.9990482215818582 -5.642379196926512e-20
    outer loop
      vertex 33.45 28.45 -3.0300000000000002
      vertex 33.71146722824298 28.43858409427524 -3.0300000000000002
      vertex 33.71146722824298 28.43858409427524 6
    endloop
  endfacet
  facet normal -0.13052619222006898 -0.9914448613738082 -6.901000046844028e-20
    outer loop
      vertex 33.71146722824298 28.43858409427524 -3.0300000000000002
      vertex 33.97094453300079 28.404423259036623 -3.0300000000000002
      vertex 33.97094453300079 28.404423259036623 6
    endloop
  endfacet
  facet normal -0.30070579950428383 -0.9537169507482235 1.2364781034772133e-20
    outer loop
      vertex 34.22645713530757 28.347777478867204 -3.0300000000000002
      vertex 34.47606042997701 28.269077862357722 -3.0300000000000002
      vertex 34.47606042997701 28.269077862357722 6
    endloop
  endfacet
  facet normal -0.2164396139380927 -0.9762960071199356 2.442508195070726e-19
    outer loop
      vertex 33.97094453300079 28.404423259036623 -3.0300000000000002
      vertex 34.22645713530757 28.347777478867204 -3.0300000000000002
      vertex 34.22645713530757 28.347777478867204 6
    endloop
  endfacet
  facet normal -0.537299608346826 -0.8433914458128844 0
    outer loop
      vertex 35.170729309053144 27.907456132866972 -3.0300000000000002
      vertex 35.170729309053144 27.907456132866972 6
      vertex 34.95 28.048076211353315 -3.0300000000000002
    endloop
  endfacet
  facet normal -0.7933533402912104 -0.608761429008753 1.3672171246295463e-18
    outer loop
      vertex 35.74813332935693 27.378362829059615 -3.0300000000000002
      vertex 35.90745613286698 27.17072930905314 -3.0300000000000002
      vertex 35.90745613286698 27.17072930905314 6
    endloop
  endfacet
  facet normal -0.6755902076156621 -0.7372773368101222 -1.1016026520138788e-18
    outer loop
      vertex 35.378362829059625 27.748133329356936 -3.0300000000000002
      vertex 35.57132034355965 27.571320343559645 -3.0300000000000002
      vertex 35.57132034355965 27.571320343559645 6
    endloop
  endfacet
  facet normal -0.6087614290087058 -0.7933533402912467 -1.313746328618727e-18
    outer loop
      vertex 35.170729309053144 27.907456132866972 -3.0300000000000002
      vertex 35.378362829059625 27.748133329356936 -3.0300000000000002
      vertex 35.378362829059625 27.748133329356936 6
    endloop
  endfacet
  facet normal -0.7372773368101482 -0.6755902076156339 0
    outer loop
      vertex 35.74813332935693 27.378362829059615 -3.0300000000000002
      vertex 35.74813332935693 27.378362829059615 6
      vertex 35.57132034355965 27.571320343559645 -3.0300000000000002
    endloop
  endfacet
  facet normal -0.3826834323650811 -0.9238795325112904 0
    outer loop
      vertex 34.7178547852221 28.16892336110995 -3.0300000000000002
      vertex 34.7178547852221 28.16892336110995 6
      vertex 34.47606042997701 28.269077862357722 -3.0300000000000002
    endloop
  endfacet
  facet normal -0.4617486132350377 -0.8870108331782196 -3.1588187341306823e-19
    outer loop
      vertex 34.7178547852221 28.16892336110995 -3.0300000000000002
      vertex 34.95 28.048076211353315 -3.0300000000000002
      vertex 34.95 28.048076211353315 6
    endloop
  endfacet
  facet normal -0.9990482215818582 -0.043619387365324266 0
    outer loop
      vertex 36.45 25.45 -3.0300000000000002
      vertex 36.45 25.45 6
      vertex 36.43858409427524 25.711467228242977 -3.0300000000000002
    endloop
  endfacet
  facet normal -0.9914448613738122 -0.13052619222003875 0
    outer loop
      vertex 36.43858409427524 25.711467228242977 -3.0300000000000002
      vertex 36.43858409427524 25.711467228242977 6
      vertex 36.40442325903663 25.970944533000793 -3.0300000000000002
    endloop
  endfacet
  facet normal -0.9762960071199216 -0.21643961393815594 0
    outer loop
      vertex 36.40442325903663 25.970944533000793 -3.0300000000000002
      vertex 36.40442325903663 25.970944533000793 6
      vertex 36.3477774788672 26.22645713530756 -3.0300000000000002
    endloop
  endfacet
  facet normal -0.9537169507482416 -0.3007057995042267 0
    outer loop
      vertex 36.3477774788672 26.22645713530756 -3.0300000000000002
      vertex 36.3477774788672 26.22645713530756 6
      vertex 36.26907786235773 26.476060429977007 -3.0300000000000002
    endloop
  endfacet
  facet normal -0.8870108331782307 -0.46174861323501637 3.203720318707021e-19
    outer loop
      vertex 36.04807621135332 26.95 -3.0300000000000002
      vertex 36.16892336110995 26.717854785222098 -3.0300000000000002
      vertex 36.16892336110995 26.717854785222098 6
    endloop
  endfacet
  facet normal -0.9238795325112712 -0.3826834323651274 0
    outer loop
      vertex 36.26907786235773 26.476060429977007 -3.0300000000000002
      vertex 36.26907786235773 26.476060429977007 6
      vertex 36.16892336110995 26.717854785222098 -3.0300000000000002
    endloop
  endfacet
  facet normal -0.8433914458128967 -0.5372996083468067 0
    outer loop
      vertex 36.04807621135332 26.95 -3.0300000000000002
      vertex 36.04807621135332 26.95 6
      vertex 35.90745613286698 27.17072930905314 -3.0300000000000002
    endloop
  endfacet
  facet normal -1 0 0
    outer loop
      vertex 36.45 25.45 -3.0300000000000002
      vertex 36.45 -25.45 6
      vertex 36.45 25.45 6
    endloop
  endfacet
  facet normal -0.043619387365324266 -0.9990482215818582 0
    outer loop
      vertex 33.45 28.45 -3.0300000000000002
      vertex 33.71146722824298 28.43858409427524 6
      vertex 33.45 28.45 6
    endloop
  endfacet
  facet normal -0.13052619222006898 -0.9914448613738082 0
    outer loop
      vertex 33.71146722824298 28.43858409427524 -3.0300000000000002
      vertex 33.97094453300079 28.404423259036623 6
      vertex 33.71146722824298 28.43858409427524 6
    endloop
  endfacet
  facet normal -0.2164396139380927 -0.9762960071199356 0
    outer loop
      vertex 33.97094453300079 28.404423259036623 -3.0300000000000002
      vertex 34.22645713530757 28.347777478867204 6
      vertex 33.97094453300079 28.404423259036623 6
    endloop
  endfacet
  facet normal -0.30070579950428383 -0.9537169507482235 0
    outer loop
      vertex 34.22645713530757 28.347777478867204 -3.0300000000000002
      vertex 34.47606042997701 28.269077862357722 6
      vertex 34.22645713530757 28.347777478867204 6
    endloop
  endfacet
  facet normal -0.537299608346826 -0.8433914458128844 0
    outer loop
      vertex 34.95 28.048076211353315 -3.0300000000000002
      vertex 35.170729309053144 27.907456132866972 6
      vertex 34.95 28.048076211353315 6
    endloop
  endfacet
  facet normal -0.6087614290087058 -0.7933533402912467 0
    outer loop
      vertex 35.170729309053144 27.907456132866972 -3.0300000000000002
      vertex 35.378362829059625 27.748133329356936 6
      vertex 35.170729309053144 27.907456132866972 6
    endloop
  endfacet
  facet normal -0.8433914458128967 -0.5372996083468067 0
    outer loop
      vertex 35.90745613286698 27.17072930905314 -3.0300000000000002
      vertex 36.04807621135332 26.95 6
      vertex 35.90745613286698 27.17072930905314 6
    endloop
  endfacet
  facet normal -0.7933533402912104 -0.608761429008753 0
    outer loop
      vertex 35.74813332935693 27.378362829059615 -3.0300000000000002
      vertex 35.90745613286698 27.17072930905314 6
      vertex 35.74813332935693 27.378362829059615 6
    endloop
  endfacet
  facet normal -0.6755902076156621 -0.7372773368101222 0
    outer loop
      vertex 35.378362829059625 27.748133329356936 -3.0300000000000002
      vertex 35.57132034355965 27.571320343559645 6
      vertex 35.378362829059625 27.748133329356936 6
    endloop
  endfacet
  facet normal -0.7372773368101482 -0.6755902076156339 0
    outer loop
      vertex 35.57132034355965 27.571320343559645 -3.0300000000000002
      vertex 35.74813332935693 27.378362829059615 6
      vertex 35.57132034355965 27.571320343559645 6
    endloop
  endfacet
  facet normal -0.3826834323650811 -0.9238795325112904 0
    outer loop
      vertex 34.47606042997701 28.269077862357722 -3.0300000000000002
      vertex 34.7178547852221 28.16892336110995 6
      vertex 34.47606042997701 28.269077862357722 6
    endloop
  endfacet
  facet normal -0.4617486132350377 -0.8870108331782196 0
    outer loop
      vertex 34.7178547852221 28.16892336110995 -3.0300000000000002
      vertex 34.95 28.048076211353315 6
      vertex 34.7178547852221 28.16892336110995 6
    endloop
  endfacet
  facet normal -0.9762960071199216 -0.21643961393815594 0
    outer loop
      vertex 36.3477774788672 26.22645713530756 -3.0300000000000002
      vertex 36.40442325903663 25.970944533000793 6
      vertex 36.3477774788672 26.22645713530756 6
    endloop
  endfacet
  facet normal -0.9990482215818582 -0.043619387365324266 0
    outer loop
      vertex 36.43858409427524 25.711467228242977 -3.0300000000000002
      vertex 36.45 25.45 6
      vertex 36.43858409427524 25.711467228242977 6
    endloop
  endfacet
  facet normal -0.9914448613738122 -0.13052619222003875 0
    outer loop
      vertex 36.40442325903663 25.970944533000793 -3.0300000000000002
      vertex 36.43858409427524 25.711467228242977 6
      vertex 36.40442325903663 25.970944533000793 6
    endloop
  endfacet
  facet normal -0.9537169507482416 -0.3007057995042267 0
    outer loop
      vertex 36.26907786235773 26.476060429977007 -3.0300000000000002
      vertex 36.3477774788672 26.22645713530756 6
      vertex 36.26907786235773 26.476060429977007 6
    endloop
  endfacet
  facet normal -0.9238795325112712 -0.3826834323651274 0
    outer loop
      vertex 36.16892336110995 26.717854785222098 -3.0300000000000002
      vertex 36.26907786235773 26.476060429977007 6
      vertex 36.16892336110995 26.717854785222098 6
    endloop
  endfacet
  facet normal -0.8870108331782307 -0.46174861323501637 0
    outer loop
      vertex 36.04807621135332 26.95 -3.0300000000000002
      vertex 36.16892336110995 26.717854785222098 6
      vertex 36.04807621135332 26.95 6
    endloop
  endfacet
endsolid OpenSCAD_Model
