solid OpenSCAD_Model
  facet normal 0 0 1
    outer loop
      vertex -35.822520670090185 -25.148424540327795 51.7
      vertex -35.801163666515805 -24.896892740284127 51.7
      vertex -35.92597844841185 -24.562249504905996 51.7
    endloop
  endfacet
  facet normal 0 0 1
    outer loop
      vertex -35.137846768889524 -26.271315131916715 51.7
      vertex -32.77122872963951 -26.065200799760305 51.7
      vertex -35.801163666515805 -24.896892740284127 51.7
    endloop
  endfacet
  facet normal 0 0 1
    outer loop
      vertex -35.801163666515805 -24.896892740284127 51.7
      vertex -32.77122872963951 -26.065200799760305 51.7
      vertex -35.99971100192717 -24.006619144104103 51.7
    endloop
  endfacet
  facet normal 0 0 -1
    outer loop
      vertex -32.99697418374389 -27.872194653385737 48.5
      vertex -32.973874878950504 -27.864911470560436 48.5
      vertex -32.69459271066772 -27.939231012048833 48.5
    endloop
  endfacet
  facet normal 0 0 -1
    outer loop
      vertex -32.973874878950504 -27.864911470560436 48.5
      vertex -32.79333509370083 -27.790129442962098 48.5
      vertex -32.69459271066772 -27.939231012048833 48.5
    endloop
  endfacet
  facet normal -0.2164396139381012 -0.9762960071199338 4.1750986040363472e-19
    outer loop
      vertex -32.99697418374389 -27.872194653385737 48.5
      vertex -32.69459271066772 -27.939231012048833 48.5
      vertex -32.69459271066772 -27.939231012048833 51.7
    endloop
  endfacet
  facet normal 0 0 -1
    outer loop
      vertex -32.79333509370083 -27.790129442962098 48.5
      vertex -32 -28 48.5
      vertex -32.69459271066772 -27.939231012048833 48.5
    endloop
  endfacet
  facet normal 0 0 -1
    outer loop
      vertex -32.69459271066772 -27.939231012048833 48.5
      vertex -32 -28 48.5
      vertex -32.34862297099063 -27.98477879236698 48.5
    endloop
  endfacet
  facet normal 0 0 -1
    outer loop
      vertex -32.79333509370083 -27.790129442962098 48.5
      vertex -32.62 -27.699896904477143 48.5
      vertex -32 -28 48.5
    endloop
  endfacet
  facet normal 0 0 -1
    outer loop
      vertex -32.62 -27.699896904477143 48.5
      vertex -32.45518878257366 -27.59490057920734 48.5
      vertex -32 -28 48.5
    endloop
  endfacet
  facet normal 0 0 -1
    outer loop
      vertex -32.45518878257366 -27.59490057920734 48.5
      vertex -32.30015575430215 -27.47593955258651 48.5
      vertex -32 -28 48.5
    endloop
  endfacet
  facet normal 0 0 -1
    outer loop
      vertex -32.30015575430215 -27.47593955258651 48.5
      vertex -32.156080810142136 -27.343919189857868 48.5
      vertex -32 -28 48.5
    endloop
  endfacet
  facet normal -0.13052619222004877 -0.9914448613738107 -1.3523434855369796e-20
    outer loop
      vertex -32.69459271066772 -27.939231012048833 48.5
      vertex -32.34862297099063 -27.98477879236698 48.5
      vertex -32.34862297099063 -27.98477879236698 51.7
    endloop
  endfacet
  facet normal -0.04361938736533841 -0.9990482215818577 0
    outer loop
      vertex -32.34862297099063 -27.98477879236698 48.5
      vertex -32 -28 48.5
      vertex -32.34862297099063 -27.98477879236698 51.7
    endloop
  endfacet
  facet normal -0.2164396139381012 -0.9762960071199338 0
    outer loop
      vertex -32.99697418374389 -27.872194653385737 48.5
      vertex -32.69459271066772 -27.939231012048833 51.7
      vertex -32.99697418374389 -27.872194653385737 51.7
    endloop
  endfacet
  facet normal 0 0 1
    outer loop
      vertex -32.987416209287474 -27.860769192068812 51.7
      vertex -32.99697418374389 -27.872194653385737 51.7
      vertex -32.69459271066772 -27.939231012048833 51.7
    endloop
  endfacet
  facet normal 0 0 1
    outer loop
      vertex -33.32390287440616 -27.770607861886422 51.7
      vertex -32.987416209287474 -27.860769192068812 51.7
      vertex -32 -28 51.7
    endloop
  endfacet
  facet normal -0.13052619222004877 -0.9914448613738107 0
    outer loop
      vertex -32.69459271066772 -27.939231012048833 48.5
      vertex -32.34862297099063 -27.98477879236698 51.7
      vertex -32.69459271066772 -27.939231012048833 51.7
    endloop
  endfacet
  facet normal -0.04361938736533841 -0.9990482215818577 0
    outer loop
      vertex -32 -28 48.5
      vertex -32 -28 51.7
      vertex -32.34862297099063 -27.98477879236698 51.7
    endloop
  endfacet
  facet normal 0 0 1
    outer loop
      vertex -32.987416209287474 -27.860769192068812 51.7
      vertex -32.69459271066772 -27.939231012048833 51.7
      vertex -32 -28 51.7
    endloop
  endfacet
  facet normal 0 0 1
    outer loop
      vertex -32.69459271066772 -27.939231012048833 51.7
      vertex -32.34862297099063 -27.98477879236698 51.7
      vertex -32 -28 51.7
    endloop
  endfacet
  facet normal 0 0 1
    outer loop
      vertex -35.925821911849525 -24.682984055610675 51.7
      vertex -35.92597844841185 -24.562249504905996 51.7
      vertex -35.99971100192717 -24.006619144104103 51.7
    endloop
  endfacet
  facet normal 0 0 1
    outer loop
      vertex -35.801163666515805 -24.896892740284127 51.7
      vertex -35.99971100192717 -24.006619144104103 51.7
      vertex -35.92597844841185 -24.562249504905996 51.7
    endloop
  endfacet
  facet normal -1 0 0
    outer loop
      vertex -36 -24 48.5
      vertex -36 -24 50.56195985241699
      vertex -36 -11.407694436756163 50.860512962450414
    endloop
  endfacet
  facet normal 0 0 1
    outer loop
      vertex -32.77122872963951 -26.065200799760305 51.7
      vertex -34.39103918124071 -8.289172053641735 51.7
      vertex -35.99971100192717 -24.006619144104103 51.7
    endloop
  endfacet
  facet normal 0 0 1
    outer loop
      vertex -35.99971100192717 -24.006619144104103 51.7
      vertex -34.39103918124071 -8.289172053641735 51.7
      vertex -35.929709998060645 -21.684155316646287 51.7
    endloop
  endfacet
  facet normal 0 0 1
    outer loop
      vertex -32.77122872963951 -26.065200799760305 51.7
      vertex -14.75 -8.227241335952167 51.7
      vertex -15.448976145334937 -7.781944420745422 51.7
    endloop
  endfacet
  facet normal 0 0 1
    outer loop
      vertex -32.77122872963951 -26.065200799760305 51.7
      vertex -14.014873486536644 -8.609923976848174 51.7
      vertex -14.75 -8.227241335952167 51.7
    endloop
  endfacet
  facet normal 0 0 -1
    outer loop
      vertex -31.5 -25.759999999999998 48.5
      vertex -14.75 -8.227241335952167 48.5
      vertex -14.014873486536644 -8.609923976848174 48.5
    endloop
  endfacet
  facet normal 0 0 -1
    outer loop
      vertex -31.5 -25.759999999999998 48.5
      vertex -14.014873486536644 -8.609923976848174 48.5
      vertex -13.249191361593853 -8.92707989746613 48.5
    endloop
  endfacet
  facet normal 0 0 -1
    outer loop
      vertex -31.5 -25.759999999999998 48.5
      vertex -13.249191361593853 -8.92707989746613 48.5
      vertex -12.458780928473947 -9.176295349746148 48.5
    endloop
  endfacet
  facet normal 0 0 -1
    outer loop
      vertex -31.5 -25.759999999999998 48.5
      vertex -12.458780928473947 -9.176295349746148 48.5
      vertex -11.649657687835838 -9.355673653615977 48.5
    endloop
  endfacet
  facet normal 0 0 1
    outer loop
      vertex -32.77122872963951 -26.065200799760305 51.7
      vertex -13.249191361593853 -8.92707989746613 51.7
      vertex -14.014873486536644 -8.609923976848174 51.7
    endloop
  endfacet
  facet normal 0 0 1
    outer loop
      vertex -32.77122872963951 -26.065200799760305 51.7
      vertex -12.458780928473947 -9.176295349746148 51.7
      vertex -13.249191361593853 -8.92707989746613 51.7
    endloop
  endfacet
  facet normal 0 0 1
    outer loop
      vertex -35.99971100192717 -24.006619144104103 51.7
      vertex -35.98926003032035 24.245985747539837 51.7
      vertex -35.99966576750636 -23.732177288166845 51.7
    endloop
  endfacet
  facet normal 0 0 1
    outer loop
      vertex -35.99971100192717 -24.006619144104103 51.7
      vertex -35.929709998060645 -21.684155316646287 51.7
      vertex -35.98926003032035 24.245985747539837 51.7
    endloop
  endfacet
  facet normal 0 0 1
    outer loop
      vertex -32.77122872963951 -26.065200799760305 51.7
      vertex -17.27742220963029 -6.106482292022123 51.7
      vertex -34.39103918124071 -8.289172053641735 51.7
    endloop
  endfacet
  facet normal -1 0 0
    outer loop
      vertex -36 -24 48.5
      vertex -36 -11.407694436756163 50.860512962450414
      vertex -36 24 48.5
    endloop
  endfacet
  facet normal 0 0 -1
    outer loop
      vertex -31.5 -25.759999999999998 48.5
      vertex -31.5 23.5 48.5
      vertex -18.92707989746613 -3.249191361593853 48.5
    endloop
  endfacet
  facet normal 0 0 -1
    outer loop
      vertex -31.5 -25.759999999999998 48.5
      vertex -18.227241335952165 -4.75 48.5
      vertex -17.781944420745422 -5.448976145334937 48.5
    endloop
  endfacet
  facet normal 0 0 -1
    outer loop
      vertex -31.5 -25.759999999999998 48.5
      vertex -18.609923976848172 -4.014873486536644 48.5
      vertex -18.227241335952165 -4.75 48.5
    endloop
  endfacet
  facet normal 0 0 -1
    outer loop
      vertex -31.5 -25.759999999999998 48.5
      vertex -18.92707989746613 -3.249191361593853 48.5
      vertex -18.609923976848172 -4.014873486536644 48.5
    endloop
  endfacet
  facet normal 0 0 -1
    outer loop
      vertex -31.5 -25.759999999999998 48.5
      vertex -16.717514421272202 -6.7175144212722016 48.5
      vertex -16.106482292022122 -7.277422209630291 48.5
    endloop
  endfacet
  facet normal 0 0 -1
    outer loop
      vertex -31.5 -25.759999999999998 48.5
      vertex -17.781944420745422 -5.448976145334937 48.5
      vertex -17.27742220963029 -6.106482292022123 48.5
    endloop
  endfacet
  facet normal 0 0 -1
    outer loop
      vertex -31.5 -25.759999999999998 48.5
      vertex -17.27742220963029 -6.106482292022123 48.5
      vertex -16.717514421272202 -6.7175144212722016 48.5
    endloop
  endfacet
  facet normal 0 0 -1
    outer loop
      vertex -31.5 -25.759999999999998 48.5
      vertex -16.106482292022122 -7.277422209630291 48.5
      vertex -15.448976145334937 -7.781944420745422 48.5
    endloop
  endfacet
  facet normal 0 0 -1
    outer loop
      vertex -31.5 -25.759999999999998 48.5
      vertex -15.448976145334937 -7.781944420745422 48.5
      vertex -14.75 -8.227241335952167 48.5
    endloop
  endfacet
  facet normal 0 0 1
    outer loop
      vertex -32.77122872963951 -26.065200799760305 51.7
      vertex -15.448976145334937 -7.781944420745422 51.7
      vertex -16.106482292022122 -7.277422209630291 51.7
    endloop
  endfacet
  facet normal 0 0 1
    outer loop
      vertex -32.77122872963951 -26.065200799760305 51.7
      vertex -16.106482292022122 -7.277422209630291 51.7
      vertex -16.717514421272202 -6.7175144212722016 51.7
    endloop
  endfacet
  facet normal 0 0 1
    outer loop
      vertex -32.77122872963951 -26.065200799760305 51.7
      vertex -16.717514421272202 -6.7175144212722016 51.7
      vertex -17.27742220963029 -6.106482292022123 51.7
    endloop
  endfacet
  facet normal 0 0 1
    outer loop
      vertex -34.39103918124071 -8.289172053641735 51.7
      vertex -18.227241335952165 -4.75 51.7
      vertex -18.609923976848172 -4.014873486536644 51.7
    endloop
  endfacet
  facet normal 0 0 1
    outer loop
      vertex -34.39103918124071 -8.289172053641735 51.7
      vertex -17.27742220963029 -6.106482292022123 51.7
      vertex -17.781944420745422 -5.448976145334937 51.7
    endloop
  endfacet
  facet normal 0 0 1
    outer loop
      vertex -34.39103918124071 -8.289172053641735 51.7
      vertex -17.781944420745422 -5.448976145334937 51.7
      vertex -18.227241335952165 -4.75 51.7
    endloop
  endfacet
  facet normal 0 0 1
    outer loop
      vertex -34.39103918124071 -8.289172053641735 51.7
      vertex -18.609923976848172 -4.014873486536644 51.7
      vertex -18.92707989746613 -3.249191361593853 51.7
    endloop
  endfacet
  facet normal 0 0 1
    outer loop
      vertex -34.39103918124071 -8.289172053641735 51.7
      vertex -18.92707989746613 -3.249191361593853 51.7
      vertex -19.176295349746148 -2.458780928473947 51.7
    endloop
  endfacet
  facet normal 0 0 1
    outer loop
      vertex -34.39103918124071 -8.289172053641735 51.7
      vertex -19.176295349746148 -2.458780928473947 51.7
      vertex -19.355673653615977 -1.6496576878358382 51.7
    endloop
  endfacet
  facet normal 0 0 1
    outer loop
      vertex -34.39103918124071 -8.289172053641735 51.7
      vertex -19.355673653615977 -1.6496576878358382 51.7
      vertex -19.463849631871582 -0.8279795561027525 51.7
    endloop
  endfacet
  facet normal 0 0 1
    outer loop
      vertex -34.39103918124071 -8.289172053641735 51.7
      vertex -19.463849631871582 -0.8279795561027525 51.7
      vertex -19.5 0 51.7
    endloop
  endfacet
  facet normal 0 0 1
    outer loop
      vertex -34.39103918124071 -8.289172053641735 51.7
      vertex -19.5 0 51.7
      vertex -19.463849631871582 0.8279795561027525 51.7
    endloop
  endfacet
  facet normal 0 0 1
    outer loop
      vertex -34.39103918124071 -8.289172053641735 51.7
      vertex -19.463849631871582 0.8279795561027525 51.7
      vertex -19.355673653615977 1.6496576878358382 51.7
    endloop
  endfacet
  facet normal 0 0 1
    outer loop
      vertex -33.32390287440616 -27.770607861886422 51.7
      vertex 32 -28 51.7
      vertex -32.82537194543707 -27.272076932917336 51.7
    endloop
  endfacet
  facet normal 0 0 -1
    outer loop
      vertex -32.156080810142136 -27.343919189857868 48.5
      vertex 32.34862297099063 -27.98477879236698 48.5
      vertex -32 -28 48.5
    endloop
  endfacet
  facet normal 0 0 -1
    outer loop
      vertex -32.156080810142136 -27.343919189857868 48.5
      vertex -32.02406044741349 -27.199844245697847 48.5
      vertex 32.34862297099063 -27.98477879236698 48.5
    endloop
  endfacet
  facet normal 0 0 -1
    outer loop
      vertex -32.02406044741349 -27.199844245697847 48.5
      vertex -31.90509942079266 -27.044811217426343 48.5
      vertex 32.34862297099063 -27.98477879236698 48.5
    endloop
  endfacet
  facet normal 0 0 -1
    outer loop
      vertex -31.90509942079266 -27.044811217426343 48.5
      vertex -31.800103095522857 -26.88 48.5
      vertex 31.5 -25.759999999999998 48.5
    endloop
  endfacet
  facet normal 0 0 -1
    outer loop
      vertex -31.800103095522857 -26.88 48.5
      vertex -31.709870557037902 -26.706664906299167 48.5
      vertex 31.5 -25.759999999999998 48.5
    endloop
  endfacet
  facet normal 0 0 -1
    outer loop
      vertex -31.709870557037902 -26.706664906299167 48.5
      vertex -31.635088529439564 -26.526125121049496 48.5
      vertex 31.5 -25.759999999999998 48.5
    endloop
  endfacet
  facet normal 0 -1 0
    outer loop
      vertex -32 -28 48.5
      vertex 32 -28 51.7
      vertex -32 -28 51.7
    endloop
  endfacet
  facet normal 0 0 1
    outer loop
      vertex -33.32390287440616 -27.770607861886422 51.7
      vertex -32 -28 51.7
      vertex 32 -28 51.7
    endloop
  endfacet
  facet normal 0 0 1
    outer loop
      vertex -32.82537194543707 -27.272076932917336 51.7
      vertex 32.62831291217214 -27.07017087532989 51.7
      vertex -32.77122872963951 -26.065200799760305 51.7
    endloop
  endfacet
  facet normal 0 0 -1
    outer loop
      vertex -31.635088529439564 -26.526125121049496 48.5
      vertex -31.57632614911249 -26.339754661029644 48.5
      vertex 31.5 -25.759999999999998 48.5
    endloop
  endfacet
  facet normal 0 0 -1
    outer loop
      vertex -31.57632614911249 -26.339754661029644 48.5
      vertex -31.534030633252655 -26.148971917973924 48.5
      vertex 31.5 -25.759999999999998 48.5
    endloop
  endfacet
  facet normal 0 0 -1
    outer loop
      vertex -31.534030633252655 -26.148971917973924 48.5
      vertex -31.508523876274488 -25.955228863754755 48.5
      vertex 31.5 -25.759999999999998 48.5
    endloop
  endfacet
  facet normal 0 0 -1
    outer loop
      vertex -31.508523876274488 -25.955228863754755 48.5
      vertex -31.5 -25.759999999999998 48.5
      vertex 31.5 -25.759999999999998 48.5
    endloop
  endfacet
  facet normal 0 0 -1
    outer loop
      vertex -31.5 -25.759999999999998 48.5
      vertex -10.827979556102752 -9.463849631871582 48.5
      vertex -10 -9.5 48.5
    endloop
  endfacet
  facet normal 0 0 -1
    outer loop
      vertex -31.5 -25.759999999999998 48.5
      vertex -10 -9.5 48.5
      vertex -9.172020443897248 -9.463849631871582 48.5
    endloop
  endfacet
  facet normal 0 0 -1
    outer loop
      vertex -31.5 -25.759999999999998 48.5
      vertex -11.649657687835838 -9.355673653615977 48.5
      vertex -10.827979556102752 -9.463849631871582 48.5
    endloop
  endfacet
  facet normal 0 0 -1
    outer loop
      vertex -31.5 -25.759999999999998 48.5
      vertex -9.172020443897248 -9.463849631871582 48.5
      vertex -8.350342312164162 -9.355673653615977 48.5
    endloop
  endfacet
  facet normal 0 0 -1
    outer loop
      vertex -31.5 -25.759999999999998 48.5
      vertex -8.350342312164162 -9.355673653615977 48.5
      vertex -7.5412190715260525 -9.176295349746148 48.5
    endloop
  endfacet
  facet normal 0 0 -1
    outer loop
      vertex -31.5 -25.759999999999998 48.5
      vertex -7.5412190715260525 -9.176295349746148 48.5
      vertex -6.750808638406147 -8.92707989746613 48.5
    endloop
  endfacet
  facet normal 0 0 -1
    outer loop
      vertex -31.5 -25.759999999999998 48.5
      vertex -6.750808638406147 -8.92707989746613 48.5
      vertex -5.985126513463356 -8.609923976848174 48.5
    endloop
  endfacet
  facet normal 0 0 -1
    outer loop
      vertex -31.5 -25.759999999999998 48.5
      vertex -5.985126513463356 -8.609923976848174 48.5
      vertex -5.25 -8.227241335952167 48.5
    endloop
  endfacet
  facet normal 0 0 1
    outer loop
      vertex -32.77122872963951 -26.065200799760305 51.7
      vertex 32.62831291217214 -27.07017087532989 51.7
      vertex -12.458780928473947 -9.176295349746148 51.7
    endloop
  endfacet
  facet normal 0 0 -1
    outer loop
      vertex -31.5 -25.759999999999998 48.5
      vertex -5.25 -8.227241335952167 48.5
      vertex 31.5 -25.759999999999998 48.5
    endloop
  endfacet
  facet normal 0 0 1
    outer loop
      vertex -35.99966576750636 -23.732177288166845 51.7
      vertex -35.98926003032035 24.245985747539837 51.7
      vertex -36 0 51.7
    endloop
  endfacet
  facet normal -1 0 0
    outer loop
      vertex -36 -11.407694436756163 50.860512962450414
      vertex -36 0 51.7
      vertex -36 24 48.5
    endloop
  endfacet
  facet normal 0 0 1
    outer loop
      vertex -34.39103918124071 -8.289172053641735 51.7
      vertex -19.355673653615977 1.6496576878358382 51.7
      vertex -31.63341467288351 24.188710623858963 51.7
    endloop
  endfacet
  facet normal 0 0 -1
    outer loop
      vertex -31.5 23.5 48.5
      vertex -19.176295349746148 -2.458780928473947 48.5
      vertex -18.92707989746613 -3.249191361593853 48.5
    endloop
  endfacet
  facet normal 0 0 -1
    outer loop
      vertex -31.5 23.5 48.5
      vertex -19.355673653615977 -1.6496576878358382 48.5
      vertex -19.176295349746148 -2.458780928473947 48.5
    endloop
  endfacet
  facet normal 0 0 -1
    outer loop
      vertex -31.5 23.5 48.5
      vertex -19.463849631871582 -0.8279795561027525 48.5
      vertex -19.355673653615977 -1.6496576878358382 48.5
    endloop
  endfacet
  facet normal 0 0 -1
    outer loop
      vertex -31.5 23.5 48.5
      vertex -19.5 0 48.5
      vertex -19.463849631871582 -0.8279795561027525 48.5
    endloop
  endfacet
  facet normal 0 0 -1
    outer loop
      vertex -31.5 23.5 48.5
      vertex -19.463849631871582 0.8279795561027525 48.5
      vertex -19.5 0 48.5
    endloop
  endfacet
  facet normal 0 0 -1
    outer loop
      vertex -31.5 23.5 48.5
      vertex -19.355673653615977 1.6496576878358382 48.5
      vertex -19.463849631871582 0.8279795561027525 48.5
    endloop
  endfacet
  facet normal 0 0 -1
    outer loop
      vertex -31.5 23.5 48.5
      vertex -19.176295349746148 2.458780928473947 48.5
      vertex -19.355673653615977 1.6496576878358382 48.5
    endloop
  endfacet
  facet normal 0 0 -1
    outer loop
      vertex -31.5 23.5 48.5
      vertex -18.92707989746613 3.249191361593853 48.5
      vertex -19.176295349746148 2.458780928473947 48.5
    endloop
  endfacet
  facet normal 0 0 -1
    outer loop
      vertex -31.5 23.5 48.5
      vertex -18.609923976848172 4.014873486536644 48.5
      vertex -18.92707989746613 3.249191361593853 48.5
    endloop
  endfacet
  facet normal 0 0 1
    outer loop
      vertex -31.63341467288351 24.188710623858963 51.7
      vertex -19.355673653615977 1.6496576878358382 51.7
      vertex -19.176295349746148 2.458780928473947 51.7
    endloop
  endfacet
  facet normal 0 0 1
    outer loop
      vertex -31.63341467288351 24.188710623858963 51.7
      vertex -19.176295349746148 2.458780928473947 51.7
      vertex -18.92707989746613 3.249191361593853 51.7
    endloop
  endfacet
  facet normal 0 0 1
    outer loop
      vertex -31.63341467288351 24.188710623858963 51.7
      vertex -18.92707989746613 3.249191361593853 51.7
      vertex -18.609923976848172 4.014873486536644 51.7
    endloop
  endfacet
  facet normal 0 0 -1
    outer loop
      vertex -31.5 23.5 48.5
      vertex -18.227241335952165 4.75 48.5
      vertex -18.609923976848172 4.014873486536644 48.5
    endloop
  endfacet
  facet normal 0 0 -1
    outer loop
      vertex -31.5 23.5 48.5
      vertex -17.781944420745422 5.448976145334937 48.5
      vertex -18.227241335952165 4.75 48.5
    endloop
  endfacet
  facet normal 0 0 1
    outer loop
      vertex -31.63341467288351 24.188710623858963 51.7
      vertex -18.609923976848172 4.014873486536644 51.7
      vertex -18.227241335952165 4.75 51.7
    endloop
  endfacet
  facet normal 0 0 1
    outer loop
      vertex -31.63341467288351 24.188710623858963 51.7
      vertex -18.227241335952165 4.75 51.7
      vertex -17.781944420745422 5.448976145334937 51.7
    endloop
  endfacet
  facet normal 0 0 -1
    outer loop
      vertex -31.5 23.5 48.5
      vertex -17.27742220963029 6.106482292022123 48.5
      vertex -17.781944420745422 5.448976145334937 48.5
    endloop
  endfacet
  facet normal 0 0 -1
    outer loop
      vertex -31.5 23.5 48.5
      vertex -16.717514421272202 6.7175144212722016 48.5
      vertex -17.27742220963029 6.106482292022123 48.5
    endloop
  endfacet
  facet normal 0 0 1
    outer loop
      vertex -31.63341467288351 24.188710623858963 51.7
      vertex -17.781944420745422 5.448976145334937 51.7
      vertex -17.27742220963029 6.106482292022123 51.7
    endloop
  endfacet
  facet normal 0 0 -1
    outer loop
      vertex -31.5 23.5 48.5
      vertex -16.106482292022122 7.277422209630291 48.5
      vertex -16.717514421272202 6.7175144212722016 48.5
    endloop
  endfacet
  facet normal 0 0 -1
    outer loop
      vertex -31.5 23.5 48.5
      vertex -15.448976145334937 7.781944420745422 48.5
      vertex -16.106482292022122 7.277422209630291 48.5
    endloop
  endfacet
  facet normal 0 0 -1
    outer loop
      vertex -31.5 23.5 48.5
      vertex -14.75 8.227241335952167 48.5
      vertex -15.448976145334937 7.781944420745422 48.5
    endloop
  endfacet
  facet normal 0 0 1
    outer loop
      vertex -31.63341467288351 24.188710623858963 51.7
      vertex -17.27742220963029 6.106482292022123 51.7
      vertex -16.717514421272202 6.7175144212722016 51.7
    endloop
  endfacet
  facet normal 0 0 1
    outer loop
      vertex -31.63341467288351 24.188710623858963 51.7
      vertex -16.717514421272202 6.7175144212722016 51.7
      vertex -16.106482292022122 7.277422209630291 51.7
    endloop
  endfacet
  facet normal 0 0 1
    outer loop
      vertex -31.63341467288351 24.188710623858963 51.7
      vertex -16.106482292022122 7.277422209630291 51.7
      vertex -15.448976145334937 7.781944420745422 51.7
    endloop
  endfacet
  facet normal 0 0 1
    outer loop
      vertex -31.63341467288351 24.188710623858963 51.7
      vertex -15.448976145334937 7.781944420745422 51.7
      vertex -14.75 8.227241335952167 51.7
    endloop
  endfacet
  facet normal 0 0 -1
    outer loop
      vertex -31.5 23.5 48.5
      vertex -14.014873486536644 8.609923976848174 48.5
      vertex -14.75 8.227241335952167 48.5
    endloop
  endfacet
  facet normal 0 0 -1
    outer loop
      vertex -31.5 23.5 48.5
      vertex -13.249191361593853 8.92707989746613 48.5
      vertex -14.014873486536644 8.609923976848174 48.5
    endloop
  endfacet
  facet normal 0 0 1
    outer loop
      vertex -31.63341467288351 24.188710623858963 51.7
      vertex -14.75 8.227241335952167 51.7
      vertex -14.014873486536644 8.609923976848174 51.7
    endloop
  endfacet
  facet normal 0 0 1
    outer loop
      vertex -31.63341467288351 24.188710623858963 51.7
      vertex -14.014873486536644 8.609923976848174 51.7
      vertex -13.249191361593853 8.92707989746613 51.7
    endloop
  endfacet
  facet normal -1 0 0
    outer loop
      vertex -36 0 51.7
      vertex -36 24 51.7
      vertex -36 24 48.5
    endloop
  endfacet
  facet normal 0 0 1
    outer loop
      vertex -36 0 51.7
      vertex -35.98926003032035 24.245985747539837 51.7
      vertex -36 24 51.7
    endloop
  endfacet
  facet normal 0 0 1
    outer loop
      vertex -31.63341467288351 24.188710623858963 51.7
      vertex -32.809611620225034 27.069611620225032 51.7
      vertex -34.21416744824508 25.877975429984364 51.7
    endloop
  endfacet
  facet normal 0 0 1
    outer loop
      vertex -31.63341467288351 24.188710623858963 51.7
      vertex 22.19255176654219 27.239277697732525 51.7
      vertex -32.809611620225034 27.069611620225032 51.7
    endloop
  endfacet
  facet normal 0 0 1
    outer loop
      vertex -31.63341467288351 24.188710623858963 51.7
      vertex -13.249191361593853 8.92707989746613 51.7
      vertex 22.19255176654219 27.239277697732525 51.7
    endloop
  endfacet
  facet normal 0 0 1
    outer loop
      vertex 22.19255176654219 27.239277697732525 51.7
      vertex -13.249191361593853 8.92707989746613 51.7
      vertex -12.458780928473947 9.176295349746148 51.7
    endloop
  endfacet
  facet normal 0 0 1
    outer loop
      vertex 22.19255176654219 27.239277697732525 51.7
      vertex -12.458780928473947 9.176295349746148 51.7
      vertex -11.649657687835838 9.355673653615977 51.7
    endloop
  endfacet
  facet normal 0 0 1
    outer loop
      vertex 22.19255176654219 27.239277697732525 51.7
      vertex -11.649657687835838 9.355673653615977 51.7
      vertex -10.827979556102752 9.463849631871582 51.7
    endloop
  endfacet
  facet normal 0 0 -1
    outer loop
      vertex -31.5 23.5 48.5
      vertex 31.5 23.5 48.5
      vertex -13.249191361593853 8.92707989746613 48.5
    endloop
  endfacet
  facet normal 0 0 1
    outer loop
      vertex 32.62831291217214 -27.07017087532989 51.7
      vertex -11.649657687835838 -9.355673653615977 51.7
      vertex -12.458780928473947 -9.176295349746148 51.7
    endloop
  endfacet
  facet normal 0 0 1
    outer loop
      vertex 32.62831291217214 -27.07017087532989 51.7
      vertex -10 -9.5 51.7
      vertex -10.827979556102752 -9.463849631871582 51.7
    endloop
  endfacet
  facet normal 0 0 1
    outer loop
      vertex 32.62831291217214 -27.07017087532989 51.7
      vertex -10.827979556102752 -9.463849631871582 51.7
      vertex -11.649657687835838 -9.355673653615977 51.7
    endloop
  endfacet
  facet normal 0 0 1
    outer loop
      vertex 32.62831291217214 -27.07017087532989 51.7
      vertex -9.172020443897248 -9.463849631871582 51.7
      vertex -10 -9.5 51.7
    endloop
  endfacet
  facet normal 0 0 1
    outer loop
      vertex 32.62831291217214 -27.07017087532989 51.7
      vertex -8.350342312164162 -9.355673653615977 51.7
      vertex -9.172020443897248 -9.463849631871582 51.7
    endloop
  endfacet
  facet normal 0 0 1
    outer loop
      vertex 32.62831291217214 -27.07017087532989 51.7
      vertex -7.5412190715260525 -9.176295349746148 51.7
      vertex -8.350342312164162 -9.355673653615977 51.7
    endloop
  endfacet
  facet normal 0 0 1
    outer loop
      vertex 32.62831291217214 -27.07017087532989 51.7
      vertex -6.750808638406147 -8.92707989746613 51.7
      vertex -7.5412190715260525 -9.176295349746148 51.7
    endloop
  endfacet
  facet normal 0 0 1
    outer loop
      vertex 32.62831291217214 -27.07017087532989 51.7
      vertex -5.985126513463356 -8.609923976848174 51.7
      vertex -6.750808638406147 -8.92707989746613 51.7
    endloop
  endfacet
  facet normal 0 0 1
    outer loop
      vertex 32.62831291217214 -27.07017087532989 51.7
      vertex -5.25 -8.227241335952167 51.7
      vertex -5.985126513463356 -8.609923976848174 51.7
    endloop
  endfacet
  facet normal 0 0 1
    outer loop
      vertex 32.62831291217214 -27.07017087532989 51.7
      vertex -4.551023854665063 -7.781944420745422 51.7
      vertex -5.25 -8.227241335952167 51.7
    endloop
  endfacet
  facet normal 0 0 1
    outer loop
      vertex 32.62831291217214 -27.07017087532989 51.7
      vertex -3.8935177079778773 -7.277422209630291 51.7
      vertex -4.551023854665063 -7.781944420745422 51.7
    endloop
  endfacet
  facet normal 0 0 -1
    outer loop
      vertex -32 -28 48.5
      vertex 32.34862297099063 -27.98477879236698 48.5
      vertex 32 -28 48.5
    endloop
  endfacet
  facet normal 0 0 -1
    outer loop
      vertex -31.90509942079266 -27.044811217426343 48.5
      vertex 32.45518878257366 -27.59490057920734 48.5
      vertex 32.34862297099063 -27.98477879236698 48.5
    endloop
  endfacet
  facet normal 0 0 -1
    outer loop
      vertex -31.90509942079266 -27.044811217426343 48.5
      vertex 32.30015575430215 -27.47593955258651 48.5
      vertex 32.45518878257366 -27.59490057920734 48.5
    endloop
  endfacet
  facet normal 0 0 -1
    outer loop
      vertex -31.90509942079266 -27.044811217426343 48.5
      vertex 32.02406044741349 -27.199844245697847 48.5
      vertex 32.156080810142136 -27.343919189857868 48.5
    endloop
  endfacet
  facet normal 0 0 -1
    outer loop
      vertex -31.90509942079266 -27.044811217426343 48.5
      vertex 32.156080810142136 -27.343919189857868 48.5
      vertex 32.30015575430215 -27.47593955258651 48.5
    endloop
  endfacet
  facet normal 0 -1 0
    outer loop
      vertex -32 -28 48.5
      vertex 32 -28 48.5
      vertex 32 -28 51.7
    endloop
  endfacet
  facet normal 0 0 -1
    outer loop
      vertex -31.90509942079266 -27.044811217426343 48.5
      vertex 31.90509942079266 -27.044811217426343 48.5
      vertex 32.02406044741349 -27.199844245697847 48.5
    endloop
  endfacet
  facet normal 0 0 -1
    outer loop
      vertex -31.90509942079266 -27.044811217426343 48.5
      vertex 31.800103095522857 -26.88 48.5
      vertex 31.90509942079266 -27.044811217426343 48.5
    endloop
  endfacet
  facet normal 0 0 -1
    outer loop
      vertex -31.90509942079266 -27.044811217426343 48.5
      vertex 31.709870557037902 -26.706664906299167 48.5
      vertex 31.800103095522857 -26.88 48.5
    endloop
  endfacet
  facet normal 0 0 -1
    outer loop
      vertex -31.90509942079266 -27.044811217426343 48.5
      vertex 31.635088529439564 -26.526125121049496 48.5
      vertex 31.709870557037902 -26.706664906299167 48.5
    endloop
  endfacet
  facet normal 0 0 -1
    outer loop
      vertex -31.90509942079266 -27.044811217426343 48.5
      vertex 31.534030633252655 -26.148971917973924 48.5
      vertex 31.576326149112486 -26.339754661029644 48.5
    endloop
  endfacet
  facet normal 0 0 -1
    outer loop
      vertex -31.90509942079266 -27.044811217426343 48.5
      vertex 31.50852387627449 -25.955228863754755 48.5
      vertex 31.534030633252655 -26.148971917973924 48.5
    endloop
  endfacet
  facet normal 0 0 -1
    outer loop
      vertex -31.90509942079266 -27.044811217426343 48.5
      vertex 31.5 -25.759999999999998 48.5
      vertex 31.50852387627449 -25.955228863754755 48.5
    endloop
  endfacet
  facet normal 0 0 -1
    outer loop
      vertex -31.90509942079266 -27.044811217426343 48.5
      vertex 31.576326149112486 -26.339754661029644 48.5
      vertex 31.635088529439564 -26.526125121049496 48.5
    endloop
  endfacet
  facet normal 0 0 1
    outer loop
      vertex -32.82537194543707 -27.272076932917336 51.7
      vertex 32 -28 51.7
      vertex 32.62831291217214 -27.07017087532989 51.7
    endloop
  endfacet
  facet normal 0 0 -1
    outer loop
      vertex 31.5 -25.759999999999998 48.5
      vertex -5.25 -8.227241335952167 48.5
      vertex -4.551023854665063 -7.781944420745422 48.5
    endloop
  endfacet
  facet normal 0 0 -1
    outer loop
      vertex 31.5 -25.759999999999998 48.5
      vertex -4.551023854665063 -7.781944420745422 48.5
      vertex -3.8935177079778773 -7.277422209630291 48.5
    endloop
  endfacet
  facet normal 0 0 -1
    outer loop
      vertex 31.5 -25.759999999999998 48.5
      vertex -3.8935177079778773 -7.277422209630291 48.5
      vertex -3.2824855787277984 -6.7175144212722016 48.5
    endloop
  endfacet
  facet normal 0 0 -1
    outer loop
      vertex 31.5 -25.759999999999998 48.5
      vertex -3.2824855787277984 -6.7175144212722016 48.5
      vertex -2.7225777903697086 -6.106482292022123 48.5
    endloop
  endfacet
  facet normal 0 0 -1
    outer loop
      vertex 31.5 -25.759999999999998 48.5
      vertex -2.7225777903697086 -6.106482292022123 48.5
      vertex -2.218055579254578 -5.448976145334937 48.5
    endloop
  endfacet
  facet normal 0 0 1
    outer loop
      vertex 32.62831291217214 -27.07017087532989 51.7
      vertex -3.2824855787277984 -6.7175144212722016 51.7
      vertex -3.8935177079778773 -7.277422209630291 51.7
    endloop
  endfacet
  facet normal 0 0 1
    outer loop
      vertex 32.62831291217214 -27.07017087532989 51.7
      vertex -2.7225777903697086 -6.106482292022123 51.7
      vertex -3.2824855787277984 -6.7175144212722016 51.7
    endloop
  endfacet
  facet normal 0 0 1
    outer loop
      vertex 32.62831291217214 -27.07017087532989 51.7
      vertex -2.218055579254578 -5.448976145334937 51.7
      vertex -2.7225777903697086 -6.106482292022123 51.7
    endloop
  endfacet
  facet normal 0 0 1
    outer loop
      vertex 32.62831291217214 -27.07017087532989 51.7
      vertex -1.7727586640478332 -4.75 51.7
      vertex -2.218055579254578 -5.448976145334937 51.7
    endloop
  endfacet
  facet normal 0 0 -1
    outer loop
      vertex 31.5 -25.759999999999998 48.5
      vertex -2.218055579254578 -5.448976145334937 48.5
      vertex -1.7727586640478332 -4.75 48.5
    endloop
  endfacet
  facet normal 0 0 -1
    outer loop
      vertex 31.5 -25.759999999999998 48.5
      vertex -1.7727586640478332 -4.75 48.5
      vertex -1.3900760231518259 -4.014873486536644 48.5
    endloop
  endfacet
  facet normal 0 0 -1
    outer loop
      vertex 31.5 -25.759999999999998 48.5
      vertex -1.3900760231518259 -4.014873486536644 48.5
      vertex -1.0729201025338693 -3.249191361593853 48.5
    endloop
  endfacet
  facet normal 0 0 1
    outer loop
      vertex 32.62831291217214 -27.07017087532989 51.7
      vertex -1.3900760231518259 -4.014873486536644 51.7
      vertex -1.7727586640478332 -4.75 51.7
    endloop
  endfacet
  facet normal 0 0 1
    outer loop
      vertex 32.62831291217214 -27.07017087532989 51.7
      vertex -1.0729201025338693 -3.249191361593853 51.7
      vertex -1.3900760231518259 -4.014873486536644 51.7
    endloop
  endfacet
  facet normal 0 0 1
    outer loop
      vertex 32.62831291217214 -27.07017087532989 51.7
      vertex -0.8237046502538519 -2.458780928473947 51.7
      vertex -1.0729201025338693 -3.249191361593853 51.7
    endloop
  endfacet
  facet normal 0 0 -1
    outer loop
      vertex 31.5 -25.759999999999998 48.5
      vertex -1.0729201025338693 -3.249191361593853 48.5
      vertex -0.8237046502538519 -2.458780928473947 48.5
    endloop
  endfacet
  facet normal 0 0 -1
    outer loop
      vertex 31.5 -25.759999999999998 48.5
      vertex -0.8237046502538519 -2.458780928473947 48.5
      vertex -0.6443263463840232 -1.6496576878358382 48.5
    endloop
  endfacet
  facet normal 0 0 -1
    outer loop
      vertex 31.5 -25.759999999999998 48.5
      vertex -0.6443263463840232 -1.6496576878358382 48.5
      vertex -0.5361503681284177 -0.8279795561027525 48.5
    endloop
  endfacet
  facet normal 0 0 -1
    outer loop
      vertex 31.5 -25.759999999999998 48.5
      vertex -0.5361503681284177 -0.8279795561027525 48.5
      vertex -0.5 0 48.5
    endloop
  endfacet
  facet normal 0 0 1
    outer loop
      vertex 32.62831291217214 -27.07017087532989 51.7
      vertex -0.6443263463840232 -1.6496576878358382 51.7
      vertex -0.8237046502538519 -2.458780928473947 51.7
    endloop
  endfacet
  facet normal 0 0 1
    outer loop
      vertex 32.62831291217214 -27.07017087532989 51.7
      vertex -0.5361503681284177 -0.8279795561027525 51.7
      vertex -0.6443263463840232 -1.6496576878358382 51.7
    endloop
  endfacet
  facet normal 0 0 -1
    outer loop
      vertex 32.34862297099063 -27.98477879236698 48.5
      vertex 32.62 -27.699896904477143 48.5
      vertex 32.79333509370083 -27.790129442962098 48.5
    endloop
  endfacet
  facet normal 0 0 -1
    outer loop
      vertex 32.34862297099063 -27.98477879236698 48.5
      vertex 32.45518878257366 -27.59490057920734 48.5
      vertex 32.62 -27.699896904477143 48.5
    endloop
  endfacet
  facet normal 0.04361938736533841 -0.9990482215818577 0
    outer loop
      vertex 32 -28 48.5
      vertex 32.34862297099063 -27.98477879236698 48.5
      vertex 32 -28 51.7
    endloop
  endfacet
  facet normal 0.13052619222004877 -0.9914448613738107 1.3523434855369796e-20
    outer loop
      vertex 32.34862297099063 -27.98477879236698 48.5
      vertex 32.69459271066772 -27.939231012048833 48.5
      vertex 32.69459271066772 -27.939231012048833 51.7
    endloop
  endfacet
  facet normal 0 0 -1
    outer loop
      vertex 32.34862297099063 -27.98477879236698 48.5
      vertex 32.99697418374389 -27.872194653385737 48.5
      vertex 32.69459271066772 -27.939231012048833 48.5
    endloop
  endfacet
  facet normal 0 0 -1
    outer loop
      vertex 32.34862297099063 -27.98477879236698 48.5
      vertex 32.79333509370083 -27.790129442962098 48.5
      vertex 32.973874878950504 -27.864911470560436 48.5
    endloop
  endfacet
  facet normal 0 0 -1
    outer loop
      vertex 32.34862297099063 -27.98477879236698 48.5
      vertex 32.973874878950504 -27.864911470560436 48.5
      vertex 32.99697418374389 -27.872194653385737 48.5
    endloop
  endfacet
  facet normal 0.2164396139381012 -0.9762960071199338 -4.1750986040363472e-19
    outer loop
      vertex 32.69459271066772 -27.939231012048833 48.5
      vertex 32.99697418374389 -27.872194653385737 48.5
      vertex 32.99697418374389 -27.872194653385737 51.7
    endloop
  endfacet
  facet normal 0.04361938736533841 -0.9990482215818577 0
    outer loop
      vertex 32.34862297099063 -27.98477879236698 48.5
      vertex 32.34862297099063 -27.98477879236698 51.7
      vertex 32 -28 51.7
    endloop
  endfacet
  facet normal 0.13052619222004877 -0.9914448613738107 0
    outer loop
      vertex 32.34862297099063 -27.98477879236698 48.5
      vertex 32.69459271066772 -27.939231012048833 51.7
      vertex 32.34862297099063 -27.98477879236698 51.7
    endloop
  endfacet
  facet normal 0 0 1
    outer loop
      vertex 32 -28 51.7
      vertex 32.34862297099063 -27.98477879236698 51.7
      vertex 32.69459271066772 -27.939231012048833 51.7
    endloop
  endfacet
  facet normal 0 0 1
    outer loop
      vertex 32 -28 51.7
      vertex 33.192276811231686 -27.7897694297068 51.7
      vertex 32.62831291217214 -27.07017087532989 51.7
    endloop
  endfacet
  facet normal 0.2164396139381012 -0.9762960071199338 0
    outer loop
      vertex 32.69459271066772 -27.939231012048833 48.5
      vertex 32.99697418374389 -27.872194653385737 51.7
      vertex 32.69459271066772 -27.939231012048833 51.7
    endloop
  endfacet
  facet normal 0 0 1
    outer loop
      vertex 32 -28 51.7
      vertex 32.69459271066772 -27.939231012048833 51.7
      vertex 33.192276811231686 -27.7897694297068 51.7
    endloop
  endfacet
  facet normal 0 0 1
    outer loop
      vertex 32.69459271066772 -27.939231012048833 51.7
      vertex 32.99697418374389 -27.872194653385737 51.7
      vertex 32.987416209287474 -27.860769192068812 51.7
    endloop
  endfacet
  facet normal 0 0 1
    outer loop
      vertex 32.69459271066772 -27.939231012048833 51.7
      vertex 32.987416209287474 -27.860769192068812 51.7
      vertex 33.192276811231686 -27.7897694297068 51.7
    endloop
  endfacet
  facet normal 0 0 1
    outer loop
      vertex 32.987416209287474 -27.860769192068812 51.7
      vertex 33.22253559029339 -27.797769143803375 51.7
      vertex 33.192276811231686 -27.7897694297068 51.7
    endloop
  endfacet
  facet normal 0 0 1
    outer loop
      vertex 33.192276811231686 -27.7897694297068 51.7
      vertex 33.50566614999827 -27.679335413401823 51.7
      vertex 32.62831291217214 -27.07017087532989 51.7
    endloop
  endfacet
  facet normal 0 0 1
    outer loop
      vertex 34.47434024965101 -26.087359795865158 51.7
      vertex 35.38129981148019 -26.008370554137528 51.7
      vertex 34.39814606752584 6.894188527943692 51.7
    endloop
  endfacet
  facet normal 0 0 -1
    outer loop
      vertex 31.5 -25.759999999999998 48.5
      vertex -0.5 0 48.5
      vertex 31.5 23.5 48.5
    endloop
  endfacet
  facet normal 0 0 1
    outer loop
      vertex 32.62831291217214 -27.07017087532989 51.7
      vertex 29.558842792344493 23.5101704347807 51.7
      vertex -0.5361503681284177 -0.8279795561027525 51.7
    endloop
  endfacet
  facet normal 0 0 1
    outer loop
      vertex 32.62831291217214 -27.07017087532989 51.7
      vertex 34.47434024965101 -26.087359795865158 51.7
      vertex 29.558842792344493 23.5101704347807 51.7
    endloop
  endfacet
  facet normal 0 0 1
    outer loop
      vertex 35.38129981148019 -26.008370554137528 51.7
      vertex 35.991792288872325 -24.03702259237921 51.7
      vertex 35.99971027366285 24.002200690016988 51.7
    endloop
  endfacet
  facet normal 0 0 -1
    outer loop
      vertex 31.5 23.5 48.5
      vertex -12.458780928473947 9.176295349746148 48.5
      vertex -13.249191361593853 8.92707989746613 48.5
    endloop
  endfacet
  facet normal 0 0 1
    outer loop
      vertex 22.19255176654219 27.239277697732525 51.7
      vertex -0.6443263463840232 1.6496576878358382 51.7
      vertex -0.5361503681284177 0.8279795561027525 51.7
    endloop
  endfacet
  facet normal 0 0 1
    outer loop
      vertex 22.19255176654219 27.239277697732525 51.7
      vertex -0.8237046502538519 2.458780928473947 51.7
      vertex -0.6443263463840232 1.6496576878358382 51.7
    endloop
  endfacet
  facet normal 0 0 1
    outer loop
      vertex 22.19255176654219 27.239277697732525 51.7
      vertex -1.3900760231518259 4.014873486536644 51.7
      vertex -1.0729201025338693 3.249191361593853 51.7
    endloop
  endfacet
  facet normal 0 0 1
    outer loop
      vertex 22.19255176654219 27.239277697732525 51.7
      vertex -1.7727586640478332 4.75 51.7
      vertex -1.3900760231518259 4.014873486536644 51.7
    endloop
  endfacet
  facet normal 0 0 -1
    outer loop
      vertex 31.5 23.5 48.5
      vertex -6.750808638406147 8.92707989746613 48.5
      vertex -7.5412190715260525 9.176295349746148 48.5
    endloop
  endfacet
  facet normal 0 0 -1
    outer loop
      vertex 31.5 23.5 48.5
      vertex -5.985126513463356 8.609923976848174 48.5
      vertex -6.750808638406147 8.92707989746613 48.5
    endloop
  endfacet
  facet normal 0 0 1
    outer loop
      vertex 22.19255176654219 27.239277697732525 51.7
      vertex -3.8935177079778773 7.277422209630291 51.7
      vertex -3.2824855787277984 6.7175144212722016 51.7
    endloop
  endfacet
  facet normal 0 0 1
    outer loop
      vertex 22.19255176654219 27.239277697732525 51.7
      vertex -3.2824855787277984 6.7175144212722016 51.7
      vertex -2.7225777903697086 6.106482292022123 51.7
    endloop
  endfacet
  facet normal 0 0 1
    outer loop
      vertex 22.19255176654219 27.239277697732525 51.7
      vertex -2.218055579254578 5.448976145334937 51.7
      vertex -1.7727586640478332 4.75 51.7
    endloop
  endfacet
  facet normal 0 0 1
    outer loop
      vertex 22.19255176654219 27.239277697732525 51.7
      vertex -2.7225777903697086 6.106482292022123 51.7
      vertex -2.218055579254578 5.448976145334937 51.7
    endloop
  endfacet
  facet normal 0 0 -1
    outer loop
      vertex 31.5 23.5 48.5
      vertex -2.218055579254578 5.448976145334937 48.5
      vertex -2.7225777903697086 6.106482292022123 48.5
    endloop
  endfacet
  facet normal 0 0 -1
    outer loop
      vertex 31.5 23.5 48.5
      vertex -2.7225777903697086 6.106482292022123 48.5
      vertex -3.2824855787277984 6.7175144212722016 48.5
    endloop
  endfacet
  facet normal 0 0 1
    outer loop
      vertex 22.19255176654219 27.239277697732525 51.7
      vertex -1.0729201025338693 3.249191361593853 51.7
      vertex -0.8237046502538519 2.458780928473947 51.7
    endloop
  endfacet
  facet normal 0 0 -1
    outer loop
      vertex 31.5 23.5 48.5
      vertex -3.8935177079778773 7.277422209630291 48.5
      vertex -4.551023854665063 7.781944420745422 48.5
    endloop
  endfacet
  facet normal 0 0 -1
    outer loop
      vertex 31.5 23.5 48.5
      vertex -5.25 8.227241335952167 48.5
      vertex -5.985126513463356 8.609923976848174 48.5
    endloop
  endfacet
  facet normal 0 0 -1
    outer loop
      vertex 31.5 23.5 48.5
      vertex -4.551023854665063 7.781944420745422 48.5
      vertex -5.25 8.227241335952167 48.5
    endloop
  endfacet
  facet normal 0 0 -1
    outer loop
      vertex 31.5 23.5 48.5
      vertex -3.2824855787277984 6.7175144212722016 48.5
      vertex -3.8935177079778773 7.277422209630291 48.5
    endloop
  endfacet
  facet normal 0 0 -1
    outer loop
      vertex 31.5 23.5 48.5
      vertex -0.5361503681284177 0.8279795561027525 48.5
      vertex -0.6443263463840232 1.6496576878358382 48.5
    endloop
  endfacet
  facet normal 0 0 -1
    outer loop
      vertex 31.5 23.5 48.5
      vertex -0.5 0 48.5
      vertex -0.5361503681284177 0.8279795561027525 48.5
    endloop
  endfacet
  facet normal 0 0 1
    outer loop
      vertex 29.558842792344493 23.5101704347807 51.7
      vertex -0.5 0 51.7
      vertex -0.5361503681284177 -0.8279795561027525 51.7
    endloop
  endfacet
  facet normal 0 0 1
    outer loop
      vertex 29.558842792344493 23.5101704347807 51.7
      vertex -0.5361503681284177 0.8279795561027525 51.7
      vertex -0.5 0 51.7
    endloop
  endfacet
  facet normal 0 0 -1
    outer loop
      vertex 31.5 23.5 48.5
      vertex -0.6443263463840232 1.6496576878358382 48.5
      vertex -0.8237046502538519 2.458780928473947 48.5
    endloop
  endfacet
  facet normal 0 0 -1
    outer loop
      vertex 31.5 23.5 48.5
      vertex -0.8237046502538519 2.458780928473947 48.5
      vertex -1.0729201025338693 3.249191361593853 48.5
    endloop
  endfacet
  facet normal 0 0 -1
    outer loop
      vertex 31.5 23.5 48.5
      vertex -1.0729201025338693 3.249191361593853 48.5
      vertex -1.3900760231518259 4.014873486536644 48.5
    endloop
  endfacet
  facet normal 0 0 -1
    outer loop
      vertex 31.5 23.5 48.5
      vertex -1.3900760231518259 4.014873486536644 48.5
      vertex -1.7727586640478332 4.75 48.5
    endloop
  endfacet
  facet normal 0 0 -1
    outer loop
      vertex 31.5 23.5 48.5
      vertex -1.7727586640478332 4.75 48.5
      vertex -2.218055579254578 5.448976145334937 48.5
    endloop
  endfacet
  facet normal 0 0 1
    outer loop
      vertex 22.19255176654219 27.239277697732525 51.7
      vertex -10.827979556102752 9.463849631871582 51.7
      vertex -10 9.5 51.7
    endloop
  endfacet
  facet normal 0 0 1
    outer loop
      vertex 22.19255176654219 27.239277697732525 51.7
      vertex -10 9.5 51.7
      vertex -9.172020443897248 9.463849631871582 51.7
    endloop
  endfacet
  facet normal 0 0 1
    outer loop
      vertex 22.19255176654219 27.239277697732525 51.7
      vertex -9.172020443897248 9.463849631871582 51.7
      vertex -8.350342312164162 9.355673653615977 51.7
    endloop
  endfacet
  facet normal 0 0 1
    outer loop
      vertex 22.19255176654219 27.239277697732525 51.7
      vertex -8.350342312164162 9.355673653615977 51.7
      vertex -7.5412190715260525 9.176295349746148 51.7
    endloop
  endfacet
  facet normal 0 0 -1
    outer loop
      vertex 31.5 23.5 48.5
      vertex -11.649657687835838 9.355673653615977 48.5
      vertex -12.458780928473947 9.176295349746148 48.5
    endloop
  endfacet
  facet normal 0 0 -1
    outer loop
      vertex 31.5 23.5 48.5
      vertex -10.827979556102752 9.463849631871582 48.5
      vertex -11.649657687835838 9.355673653615977 48.5
    endloop
  endfacet
  facet normal 0 0 -1
    outer loop
      vertex 31.5 23.5 48.5
      vertex -10 9.5 48.5
      vertex -10.827979556102752 9.463849631871582 48.5
    endloop
  endfacet
  facet normal 0 0 -1
    outer loop
      vertex 31.5 23.5 48.5
      vertex -9.172020443897248 9.463849631871582 48.5
      vertex -10 9.5 48.5
    endloop
  endfacet
  facet normal 0 0 1
    outer loop
      vertex 22.19255176654219 27.239277697732525 51.7
      vertex -7.5412190715260525 9.176295349746148 51.7
      vertex -6.750808638406147 8.92707989746613 51.7
    endloop
  endfacet
  facet normal 0 0 1
    outer loop
      vertex 22.19255176654219 27.239277697732525 51.7
      vertex -6.750808638406147 8.92707989746613 51.7
      vertex -5.985126513463356 8.609923976848174 51.7
    endloop
  endfacet
  facet normal 0 0 1
    outer loop
      vertex 22.19255176654219 27.239277697732525 51.7
      vertex -5.985126513463356 8.609923976848174 51.7
      vertex -5.25 8.227241335952167 51.7
    endloop
  endfacet
  facet normal 0 0 1
    outer loop
      vertex 22.19255176654219 27.239277697732525 51.7
      vertex -5.25 8.227241335952167 51.7
      vertex -4.551023854665063 7.781944420745422 51.7
    endloop
  endfacet
  facet normal 0 0 -1
    outer loop
      vertex 31.5 23.5 48.5
      vertex -8.350342312164162 9.355673653615977 48.5
      vertex -9.172020443897248 9.463849631871582 48.5
    endloop
  endfacet
  facet normal 0 0 -1
    outer loop
      vertex 31.5 23.5 48.5
      vertex -7.5412190715260525 9.176295349746148 48.5
      vertex -8.350342312164162 9.355673653615977 48.5
    endloop
  endfacet
  facet normal 0 0 1
    outer loop
      vertex 22.19255176654219 27.239277697732525 51.7
      vertex -4.551023854665063 7.781944420745422 51.7
      vertex -3.8935177079778773 7.277422209630291 51.7
    endloop
  endfacet
  facet normal 0 0 1
    outer loop
      vertex 22.19255176654219 27.239277697732525 51.7
      vertex -0.5361503681284177 0.8279795561027525 51.7
      vertex 29.558842792344493 23.5101704347807 51.7
    endloop
  endfacet
  facet normal 0 0 1
    outer loop
      vertex 34.47434024965101 -26.087359795865158 51.7
      vertex 34.39814606752584 6.894188527943692 51.7
      vertex 29.558842792344493 23.5101704347807 51.7
    endloop
  endfacet
  facet normal 0 0 1
    outer loop
      vertex 35.38129981148019 -26.008370554137528 51.7
      vertex 35.99971027366285 24.002200690016988 51.7
      vertex 34.39814606752584 6.894188527943692 51.7
    endloop
  endfacet
  facet normal 0 0 1
    outer loop
      vertex 34.39814606752584 6.894188527943692 51.7
      vertex 31.511595787361546 23.58590504962533 51.7
      vertex 29.558842792344493 23.5101704347807 51.7
    endloop
  endfacet
  facet normal 0 0 1
    outer loop
      vertex 34.39814606752584 6.894188527943692 51.7
      vertex 35.99971027366285 24.002200690016988 51.7
      vertex 35.91375318310735 24.744229364129076 51.7
    endloop
  endfacet
  facet normal 0 0 1
    outer loop
      vertex 29.558842792344493 23.5101704347807 51.7
      vertex 31.511595787361546 23.58590504962533 51.7
      vertex 31.511485889665362 23.67066766849911 51.7
    endloop
  endfacet
  facet normal 0 0 1
    outer loop
      vertex 29.558842792344493 23.5101704347807 51.7
      vertex 31.511485889665362 23.67066766849911 51.7
      vertex 32.57469742411771 25.90888600350636 51.7
    endloop
  endfacet
  facet normal 0 0 1
    outer loop
      vertex 31.511485889665362 23.67066766849911 51.7
      vertex 33.98373958333895 25.847639835843523 51.7
      vertex 32.57469742411771 25.90888600350636 51.7
    endloop
  endfacet
  facet normal 0 0 -1
    outer loop
      vertex -31.236396103067893 -15.036396103067894 15.75
      vertex -31.337236839860093 -14.916218792715942 15.75
      vertex -31.11621879271594 -15.137236839860094 15.75
    endloop
  endfacet
  facet normal 0 0 -1
    outer loop
      vertex -31.337236839860093 -14.916218792715942 15.75
      vertex -31.44572335870732 -14.707818128993102 15.75
      vertex -31.11621879271594 -15.137236839860094 15.75
    endloop
  endfacet
  facet normal 0 0 -1
    outer loop
      vertex -31.236396103067893 -15.036396103067894 15.75
      vertex -31.28943999880708 -14.978508848717887 15.75
      vertex -31.337236839860093 -14.916218792715942 15.75
    endloop
  endfacet
  facet normal 0 0 -1
    outer loop
      vertex -30.98035643556663 -15.215677008332985 15.75
      vertex -31.05 -15.179422863405996 15.75
      vertex -30.9078181289931 -15.245723358707318 15.75
    endloop
  endfacet
  facet normal 0 0 -1
    outer loop
      vertex -31.11621879271594 -15.137236839860094 15.75
      vertex -30.9078181289931 -15.245723358707318 15.75
      vertex -31.05 -15.179422863405996 15.75
    endloop
  endfacet
  facet normal 0 0 -1
    outer loop
      vertex -31.236396103067893 -15.036396103067894 15.75
      vertex -31.11621879271594 -15.137236839860094 15.75
      vertex -31.178508848717886 -15.08943999880708 15.75
    endloop
  endfacet
  facet normal 0 0 -1
    outer loop
      vertex -31.11621879271594 -15.137236839860094 15.75
      vertex -31.44572335870732 -14.707818128993102 15.75
      vertex -30.6 -15.3 15.75
    endloop
  endfacet
  facet normal 0 0 -1
    outer loop
      vertex -31.11621879271594 -15.137236839860094 15.75
      vertex -30.6 -15.3 15.75
      vertex -30.9078181289931 -15.245723358707318 15.75
    endloop
  endfacet
  facet normal 0 0 -1
    outer loop
      vertex -30.9078181289931 -15.245723358707318 15.75
      vertex -30.756283359900237 -15.286326977710988 15.75
      vertex -30.832937140592268 -15.269333243660162 15.75
    endloop
  endfacet
  facet normal 0 0 -1
    outer loop
      vertex -30.9078181289931 -15.245723358707318 15.75
      vertex -30.6 -15.3 15.75
      vertex -30.756283359900237 -15.286326977710988 15.75
    endloop
  endfacet
  facet normal 0 0 -1
    outer loop
      vertex -30.756283359900237 -15.286326977710988 15.75
      vertex -30.6 -15.3 15.75
      vertex -30.678440168472893 -15.296575228282572 15.75
    endloop
  endfacet
  facet normal 0 0 -1
    outer loop
      vertex -31.337236839860093 -14.916218792715942 15.75
      vertex -31.379422863405996 -14.850000000000001 15.75
      vertex -31.44572335870732 -14.707818128993102 15.75
    endloop
  endfacet
  facet normal 0 0 -1
    outer loop
      vertex -31.379422863405996 -14.850000000000001 15.75
      vertex -31.415677008332985 -14.780356435566631 15.75
      vertex -31.44572335870732 -14.707818128993102 15.75
    endloop
  endfacet
  facet normal 0 0 -1
    outer loop
      vertex -31.44572335870732 -14.707818128993102 15.75
      vertex -31.46933324366016 -14.632937140592269 15.75
      vertex -31.486326977710988 -14.556283359900238 15.75
    endloop
  endfacet
  facet normal 0 0 -1
    outer loop
      vertex -31.44572335870732 -14.707818128993102 15.75
      vertex -31.486326977710988 -14.556283359900238 15.75
      vertex -31.5 -14.4 15.75
    endloop
  endfacet
  facet normal 0 0 -1
    outer loop
      vertex -31.486326977710988 -14.556283359900238 15.75
      vertex -31.49657522828257 -14.478440168472893 15.75
      vertex -31.5 -14.4 15.75
    endloop
  endfacet
  facet normal 0 0 -1
    outer loop
      vertex -30.6 -15.3 15.75
      vertex -31.44572335870732 -14.707818128993102 15.75
      vertex -24.9 -15.3 15.75
    endloop
  endfacet
  facet normal -0.7372773368101269 -0.6755902076156574 2.2281264960886124e-19
    outer loop
      vertex -31.236396103067893 -15.036396103067894 15.75
      vertex -31.28943999880708 -14.978508848717887 22.25
      vertex -31.28943999880708 -14.978508848717887 15.75
    endloop
  endfacet
  facet normal -0.7933533402912325 -0.6087614290087241 0
    outer loop
      vertex -31.28943999880708 -14.978508848717887 15.75
      vertex -31.28943999880708 -14.978508848717887 22.25
      vertex -31.337236839860093 -14.916218792715942 15.75
    endloop
  endfacet
  facet normal -0.6087614290087241 -0.7933533402912325 -1.1792899929025597e-19
    outer loop
      vertex -31.11621879271594 -15.137236839860094 15.75
      vertex -31.178508848717886 -15.08943999880708 22.25
      vertex -31.178508848717886 -15.08943999880708 15.75
    endloop
  endfacet
  facet normal -0.3826834323650767 -0.9238795325112922 0
    outer loop
      vertex -30.98035643556663 -15.215677008332985 15.75
      vertex -30.9078181289931 -15.245723358707318 15.75
      vertex -30.98035643556663 -15.215677008332985 22.25
    endloop
  endfacet
  facet normal -0.46174861323502353 -0.887010833178227 0
    outer loop
      vertex -30.98035643556663 -15.215677008332985 15.75
      vertex -30.98035643556663 -15.215677008332985 22.25
      vertex -31.05 -15.179422863405996 15.75
    endloop
  endfacet
  facet normal -0.5372996083468318 -0.8433914458128806 1.8178423959720593e-19
    outer loop
      vertex -31.11621879271594 -15.137236839860094 15.75
      vertex -31.05 -15.179422863405996 15.75
      vertex -31.05 -15.179422863405996 22.25
    endloop
  endfacet
  facet normal -0.6755902076156574 -0.7372773368101269 2.2281264960886124e-19
    outer loop
      vertex -31.236396103067893 -15.036396103067894 15.75
      vertex -31.178508848717886 -15.08943999880708 15.75
      vertex -31.178508848717886 -15.08943999880708 22.25
    endloop
  endfacet
  facet normal -0.3007057995042782 -0.9537169507482253 -1.2448281395335956e-19
    outer loop
      vertex -30.9078181289931 -15.245723358707318 15.75
      vertex -30.832937140592268 -15.269333243660162 15.75
      vertex -30.832937140592268 -15.269333243660162 22.25
    endloop
  endfacet
  facet normal -0.21643961393811517 -0.9762960071199306 0
    outer loop
      vertex -30.832937140592268 -15.269333243660162 15.75
      vertex -30.756283359900237 -15.286326977710988 15.75
      vertex -30.832937140592268 -15.269333243660162 22.25
    endloop
  endfacet
  facet normal -0.1305261922200521 -0.9914448613738103 3.5164096501248527e-20
    outer loop
      vertex -30.756283359900237 -15.286326977710988 15.75
      vertex -30.678440168472893 -15.296575228282572 15.75
      vertex -30.678440168472893 -15.296575228282572 22.25
    endloop
  endfacet
  facet normal -0.04361938736532997 -0.9990482215818581 0
    outer loop
      vertex -30.678440168472893 -15.296575228282572 15.75
      vertex -30.6 -15.3 15.75
      vertex -30.678440168472893 -15.296575228282572 22.25
    endloop
  endfacet
  facet normal -0.8433914458128806 -0.5372996083468318 1.8178423959720593e-19
    outer loop
      vertex -31.337236839860093 -14.916218792715942 15.75
      vertex -31.379422863405996 -14.850000000000001 22.25
      vertex -31.379422863405996 -14.850000000000001 15.75
    endloop
  endfacet
  facet normal -0.887010833178227 -0.46174861323502353 -2.2679770279682487e-19
    outer loop
      vertex -31.379422863405996 -14.850000000000001 15.75
      vertex -31.415677008332985 -14.780356435566631 22.25
      vertex -31.415677008332985 -14.780356435566631 15.75
    endloop
  endfacet
  facet normal -0.9537169507482405 -0.30070579950423065 0
    outer loop
      vertex -31.44572335870732 -14.707818128993102 15.75
      vertex -31.44572335870732 -14.707818128993102 22.25
      vertex -31.46933324366016 -14.632937140592269 15.75
    endloop
  endfacet
  facet normal -0.9238795325112809 -0.38268343236510394 0
    outer loop
      vertex -31.415677008332985 -14.780356435566631 15.75
      vertex -31.415677008332985 -14.780356435566631 22.25
      vertex -31.44572335870732 -14.707818128993102 15.75
    endloop
  endfacet
  facet normal -0.9762960071199259 -0.21643961393813677 -2.0883779192949912e-19
    outer loop
      vertex -31.46933324366016 -14.632937140592269 15.75
      vertex -31.486326977710988 -14.556283359900238 22.25
      vertex -31.486326977710988 -14.556283359900238 15.75
    endloop
  endfacet
  facet normal -0.991444861373813 -0.13052619222002984 0
    outer loop
      vertex -31.486326977710988 -14.556283359900238 15.75
      vertex -31.486326977710988 -14.556283359900238 22.25
      vertex -31.49657522828257 -14.478440168472893 15.75
    endloop
  endfacet
  facet normal -0.999048221581857 -0.043619387365351564 4.570448983189249e-20
    outer loop
      vertex -31.49657522828257 -14.478440168472893 15.75
      vertex -31.5 -14.4 22.25
      vertex -31.5 -14.4 15.75
    endloop
  endfacet
  facet normal -0.7372773368101269 -0.6755902076156574 0
    outer loop
      vertex -31.236396103067893 -15.036396103067894 15.75
      vertex -31.236396103067893 -15.036396103067894 22.25
      vertex -31.28943999880708 -14.978508848717887 22.25
    endloop
  endfacet
  facet normal -0.7933533402912325 -0.6087614290087241 0
    outer loop
      vertex -31.337236839860093 -14.916218792715942 15.75
      vertex -31.28943999880708 -14.978508848717887 22.25
      vertex -31.337236839860093 -14.916218792715942 22.25
    endloop
  endfacet
  facet normal -0.8433914458128806 -0.5372996083468318 0
    outer loop
      vertex -31.337236839860093 -14.916218792715942 15.75
      vertex -31.337236839860093 -14.916218792715942 22.25
      vertex -31.379422863405996 -14.850000000000001 22.25
    endloop
  endfacet
  facet normal -0.5372996083468318 -0.8433914458128806 0
    outer loop
      vertex -31.11621879271594 -15.137236839860094 15.75
      vertex -31.05 -15.179422863405996 22.25
      vertex -31.11621879271594 -15.137236839860094 22.25
    endloop
  endfacet
  facet normal -0.6087614290087241 -0.7933533402912325 0
    outer loop
      vertex -31.11621879271594 -15.137236839860094 15.75
      vertex -31.11621879271594 -15.137236839860094 22.25
      vertex -31.178508848717886 -15.08943999880708 22.25
    endloop
  endfacet
  facet normal -0.46174861323502353 -0.887010833178227 0
    outer loop
      vertex -31.05 -15.179422863405996 15.75
      vertex -30.98035643556663 -15.215677008332985 22.25
      vertex -31.05 -15.179422863405996 22.25
    endloop
  endfacet
  facet normal -0.6755902076156574 -0.7372773368101269 0
    outer loop
      vertex -31.236396103067893 -15.036396103067894 15.75
      vertex -31.178508848717886 -15.08943999880708 22.25
      vertex -31.236396103067893 -15.036396103067894 22.25
    endloop
  endfacet
  facet normal -0.3826834323650767 -0.9238795325112922 0
    outer loop
      vertex -30.9078181289931 -15.245723358707318 15.75
      vertex -30.9078181289931 -15.245723358707318 22.25
      vertex -30.98035643556663 -15.215677008332985 22.25
    endloop
  endfacet
  facet normal -0.3007057995042782 -0.9537169507482253 0
    outer loop
      vertex -30.9078181289931 -15.245723358707318 15.75
      vertex -30.832937140592268 -15.269333243660162 22.25
      vertex -30.9078181289931 -15.245723358707318 22.25
    endloop
  endfacet
  facet normal -0.21643961393811517 -0.9762960071199306 0
    outer loop
      vertex -30.756283359900237 -15.286326977710988 15.75
      vertex -30.756283359900237 -15.286326977710988 22.25
      vertex -30.832937140592268 -15.269333243660162 22.25
    endloop
  endfacet
  facet normal -0.1305261922200521 -0.9914448613738103 0
    outer loop
      vertex -30.756283359900237 -15.286326977710988 15.75
      vertex -30.678440168472893 -15.296575228282572 22.25
      vertex -30.756283359900237 -15.286326977710988 22.25
    endloop
  endfacet
  facet normal -0.04361938736532997 -0.9990482215818581 0
    outer loop
      vertex -30.6 -15.3 15.75
      vertex -30.6 -15.3 22.25
      vertex -30.678440168472893 -15.296575228282572 22.25
    endloop
  endfacet
  facet normal -0.887010833178227 -0.46174861323502353 0
    outer loop
      vertex -31.379422863405996 -14.850000000000001 15.75
      vertex -31.379422863405996 -14.850000000000001 22.25
      vertex -31.415677008332985 -14.780356435566631 22.25
    endloop
  endfacet
  facet normal -0.9238795325112809 -0.38268343236510394 0
    outer loop
      vertex -31.44572335870732 -14.707818128993102 15.75
      vertex -31.415677008332985 -14.780356435566631 22.25
      vertex -31.44572335870732 -14.707818128993102 22.25
    endloop
  endfacet
  facet normal -0.9537169507482405 -0.30070579950423065 0
    outer loop
      vertex -31.46933324366016 -14.632937140592269 15.75
      vertex -31.44572335870732 -14.707818128993102 22.25
      vertex -31.46933324366016 -14.632937140592269 22.25
    endloop
  endfacet
  facet normal -0.9762960071199259 -0.21643961393813677 0
    outer loop
      vertex -31.46933324366016 -14.632937140592269 15.75
      vertex -31.46933324366016 -14.632937140592269 22.25
      vertex -31.486326977710988 -14.556283359900238 22.25
    endloop
  endfacet
  facet normal -0.991444861373813 -0.13052619222002984 0
    outer loop
      vertex -31.49657522828257 -14.478440168472893 15.75
      vertex -31.486326977710988 -14.556283359900238 22.25
      vertex -31.49657522828257 -14.478440168472893 22.25
    endloop
  endfacet
  facet normal -0.999048221581857 -0.043619387365351564 0
    outer loop
      vertex -31.49657522828257 -14.478440168472893 15.75
      vertex -31.49657522828257 -14.478440168472893 22.25
      vertex -31.5 -14.4 22.25
    endloop
  endfacet
  facet normal 0 0 1
    outer loop
      vertex -31.236396103067893 -15.036396103067894 22.25
      vertex -31.11621879271594 -15.137236839860094 22.25
      vertex -31.337236839860093 -14.916218792715942 22.25
    endloop
  endfacet
  facet normal 0 0 1
    outer loop
      vertex -31.337236839860093 -14.916218792715942 22.25
      vertex -31.11621879271594 -15.137236839860094 22.25
      vertex -31.44572335870732 -14.707818128993102 22.25
    endloop
  endfacet
  facet normal 0 0 1
    outer loop
      vertex -31.236396103067893 -15.036396103067894 22.25
      vertex -31.337236839860093 -14.916218792715942 22.25
      vertex -31.28943999880708 -14.978508848717887 22.25
    endloop
  endfacet
  facet normal 0 0 1
    outer loop
      vertex -30.98035643556663 -15.215677008332985 22.25
      vertex -30.9078181289931 -15.245723358707318 22.25
      vertex -31.05 -15.179422863405996 22.25
    endloop
  endfacet
  facet normal 0 0 1
    outer loop
      vertex -31.11621879271594 -15.137236839860094 22.25
      vertex -31.05 -15.179422863405996 22.25
      vertex -30.9078181289931 -15.245723358707318 22.25
    endloop
  endfacet
  facet normal 0 0 1
    outer loop
      vertex -31.236396103067893 -15.036396103067894 22.25
      vertex -31.178508848717886 -15.08943999880708 22.25
      vertex -31.11621879271594 -15.137236839860094 22.25
    endloop
  endfacet
  facet normal 0 0 1
    outer loop
      vertex -31.11621879271594 -15.137236839860094 22.25
      vertex -30.6 -15.3 22.25
      vertex -31.44572335870732 -14.707818128993102 22.25
    endloop
  endfacet
  facet normal 0 0 1
    outer loop
      vertex -31.11621879271594 -15.137236839860094 22.25
      vertex -30.9078181289931 -15.245723358707318 22.25
      vertex -30.6 -15.3 22.25
    endloop
  endfacet
  facet normal 0 0 1
    outer loop
      vertex -30.9078181289931 -15.245723358707318 22.25
      vertex -30.832937140592268 -15.269333243660162 22.25
      vertex -30.756283359900237 -15.286326977710988 22.25
    endloop
  endfacet
  facet normal 0 0 1
    outer loop
      vertex -30.9078181289931 -15.245723358707318 22.25
      vertex -30.756283359900237 -15.286326977710988 22.25
      vertex -30.6 -15.3 22.25
    endloop
  endfacet
  facet normal 0 0 1
    outer loop
      vertex -30.756283359900237 -15.286326977710988 22.25
      vertex -30.678440168472893 -15.296575228282572 22.25
      vertex -30.6 -15.3 22.25
    endloop
  endfacet
  facet normal 0 0 1
    outer loop
      vertex -31.337236839860093 -14.916218792715942 22.25
      vertex -31.44572335870732 -14.707818128993102 22.25
      vertex -31.379422863405996 -14.850000000000001 22.25
    endloop
  endfacet
  facet normal 0 0 1
    outer loop
      vertex -31.379422863405996 -14.850000000000001 22.25
      vertex -31.44572335870732 -14.707818128993102 22.25
      vertex -31.415677008332985 -14.780356435566631 22.25
    endloop
  endfacet
  facet normal 0 0 1
    outer loop
      vertex -31.44572335870732 -14.707818128993102 22.25
      vertex -31.486326977710988 -14.556283359900238 22.25
      vertex -31.46933324366016 -14.632937140592269 22.25
    endloop
  endfacet
  facet normal 0 0 1
    outer loop
      vertex -31.44572335870732 -14.707818128993102 22.25
      vertex -31.5 -14.4 22.25
      vertex -31.486326977710988 -14.556283359900238 22.25
    endloop
  endfacet
  facet normal 0 0 1
    outer loop
      vertex -31.486326977710988 -14.556283359900238 22.25
      vertex -31.5 -14.4 22.25
      vertex -31.49657522828257 -14.478440168472893 22.25
    endloop
  endfacet
  facet normal 0 -1 0
    outer loop
      vertex -30.6 -15.3 15.75
      vertex -24.9 -15.3 22.25
      vertex -30.6 -15.3 22.25
    endloop
  endfacet
  facet normal 0 -1 0
    outer loop
      vertex -30.6 -15.3 15.75
      vertex -24.9 -15.3 15.75
      vertex -24.9 -15.3 22.25
    endloop
  endfacet
  facet normal 0 0 -1
    outer loop
      vertex -31.44572335870732 -14.707818128993102 15.75
      vertex -31.5 -14.4 15.75
      vertex -28.75 -8.192829142140766 15.75
    endloop
  endfacet
  facet normal 0 0 -1
    outer loop
      vertex -31.44572335870732 -14.707818128993102 15.75
      vertex -24.9 -10 15.75
      vertex -24.9 -15.3 15.75
    endloop
  endfacet
  facet normal 0 0 -1
    outer loop
      vertex -31.44572335870732 -14.707818128993102 15.75
      vertex -28.75 -8.192829142140766 15.75
      vertex -24.9 -10 15.75
    endloop
  endfacet
  facet normal 0 0 -1
    outer loop
      vertex -31.5 -14.4 15.75
      vertex -31.5 -8.192829142140768 15.75
      vertex -28.75 -8.192829142140766 15.75
    endloop
  endfacet
  facet normal 0 0 -1
    outer loop
      vertex -28.75 -8.192829142140766 15.75
      vertex -28.75 -5.807170857859233 15.75
      vertex -24.9 -10 15.75
    endloop
  endfacet
  facet normal 0 0 1
    outer loop
      vertex -30.6 -15.3 22.25
      vertex -24.9 -10 22.25
      vertex -31.44572335870732 -14.707818128993102 22.25
    endloop
  endfacet
  facet normal 0 0 1
    outer loop
      vertex -31.44572335870732 -14.707818128993102 22.25
      vertex -31.5 14.400000000000002 22.25
      vertex -31.5 -14.4 22.25
    endloop
  endfacet
  facet normal 0 0 1
    outer loop
      vertex -31.44572335870732 -14.707818128993102 22.25
      vertex -24.9 -10 22.25
      vertex -26.2 11.299999999999999 22.25
    endloop
  endfacet
  facet normal 0 0 -1
    outer loop
      vertex -21.4 -10 15.75
      vertex -24.9 -10 15.75
      vertex -28.75 -5.807170857859233 15.75
    endloop
  endfacet
  facet normal 0 0 1
    outer loop
      vertex -30.6 -15.3 22.25
      vertex -24.9 -15.3 22.25
      vertex -24.9 -10 22.25
    endloop
  endfacet
  facet normal 0 0 -1
    outer loop
      vertex -21.4 -10 15.75
      vertex -28.75 -5.807170857859233 15.75
      vertex -28.75 5.807170857859233 15.75
    endloop
  endfacet
  facet normal 0 0 1
    outer loop
      vertex -26.2 11.299999999999999 22.25
      vertex -24.9 -10 22.25
      vertex -21.4 -10 22.25
    endloop
  endfacet
  facet normal 0 0 1
    outer loop
      vertex -31.44572335870732 -14.707818128993102 22.25
      vertex -27.327631144943087 12.089575828009195 22.25
      vertex -27.35911099154688 12.189417145876973 22.25
    endloop
  endfacet
  facet normal 0 0 1
    outer loop
      vertex -31.44572335870732 -14.707818128993102 22.25
      vertex -27.35911099154688 12.189417145876973 22.25
      vertex -27.381769303614647 12.291622186799682 22.25
    endloop
  endfacet
  facet normal 0 0 1
    outer loop
      vertex -31.44572335870732 -14.707818128993102 22.25
      vertex -27.381769303614647 12.291622186799682 22.25
      vertex -27.39543363771009 12.395413108702808 22.25
    endloop
  endfacet
  facet normal 0 0 1
    outer loop
      vertex -31.44572335870732 -14.707818128993102 22.25
      vertex -27.39543363771009 12.395413108702808 22.25
      vertex -27.4 12.5 22.25
    endloop
  endfacet
  facet normal 0 0 1
    outer loop
      vertex -31.44572335870732 -14.707818128993102 22.25
      vertex -26.971345131623846 11.580746668257225 22.25
      vertex -27.048528137423855 11.651471862576141 22.25
    endloop
  endfacet
  facet normal 0 0 1
    outer loop
      vertex -31.44572335870732 -14.707818128993102 22.25
      vertex -26.888291723621254 11.517017546853209 22.25
      vertex -26.971345131623846 11.580746668257225 22.25
    endloop
  endfacet
  facet normal 0 0 1
    outer loop
      vertex -31.44572335870732 -14.707818128993102 22.25
      vertex -27.119253331742772 11.728654868376152 22.25
      vertex -27.18298245314679 11.811708276378743 22.25
    endloop
  endfacet
  facet normal 0 0 1
    outer loop
      vertex -31.44572335870732 -14.707818128993102 22.25
      vertex -27.18298245314679 11.811708276378743 22.25
      vertex -27.239230484541324 11.899999999999999 22.25
    endloop
  endfacet
  facet normal 0 0 1
    outer loop
      vertex -31.44572335870732 -14.707818128993102 22.25
      vertex -27.239230484541324 11.899999999999999 22.25
      vertex -27.287569344443977 11.992858085911159 22.25
    endloop
  endfacet
  facet normal 0 0 1
    outer loop
      vertex -31.44572335870732 -14.707818128993102 22.25
      vertex -27.048528137423855 11.651471862576141 22.25
      vertex -27.119253331742772 11.728654868376152 22.25
    endloop
  endfacet
  facet normal 0 0 1
    outer loop
      vertex -31.44572335870732 -14.707818128993102 22.25
      vertex -26.707141914088837 11.412430655556019 22.25
      vertex -26.799999999999997 11.460769515458672 22.25
    endloop
  endfacet
  facet normal 0 0 1
    outer loop
      vertex -31.44572335870732 -14.707818128993102 22.25
      vertex -26.799999999999997 11.460769515458672 22.25
      vertex -26.888291723621254 11.517017546853209 22.25
    endloop
  endfacet
  facet normal 0 0 1
    outer loop
      vertex -31.44572335870732 -14.707818128993102 22.25
      vertex -26.6104241719908 11.372368855056909 22.25
      vertex -26.707141914088837 11.412430655556019 22.25
    endloop
  endfacet
  facet normal 0 0 1
    outer loop
      vertex -31.44572335870732 -14.707818128993102 22.25
      vertex -26.510582854123022 11.340889008453118 22.25
      vertex -26.6104241719908 11.372368855056909 22.25
    endloop
  endfacet
  facet normal 0 0 1
    outer loop
      vertex -31.44572335870732 -14.707818128993102 22.25
      vertex -27.287569344443977 11.992858085911159 22.25
      vertex -27.327631144943087 12.089575828009195 22.25
    endloop
  endfacet
  facet normal 0 0 1
    outer loop
      vertex -31.44572335870732 -14.707818128993102 22.25
      vertex -26.408377813200314 11.31823069638535 22.25
      vertex -26.510582854123022 11.340889008453118 22.25
    endloop
  endfacet
  facet normal 0 0 1
    outer loop
      vertex -31.44572335870732 -14.707818128993102 22.25
      vertex -26.304586891297188 11.304566362289904 22.25
      vertex -26.408377813200314 11.31823069638535 22.25
    endloop
  endfacet
  facet normal 0 0 1
    outer loop
      vertex -31.44572335870732 -14.707818128993102 22.25
      vertex -26.2 11.299999999999999 22.25
      vertex -26.304586891297188 11.304566362289904 22.25
    endloop
  endfacet
  facet normal 0 0 1
    outer loop
      vertex -31.44572335870732 -14.707818128993102 22.25
      vertex -31.44572335870732 14.707818128993104 22.25
      vertex -31.5 14.400000000000002 22.25
    endloop
  endfacet
  facet normal 0 0 1
    outer loop
      vertex -31.44572335870732 -14.707818128993102 22.25
      vertex -27.4 12.5 22.25
      vertex -31.44572335870732 14.707818128993104 22.25
    endloop
  endfacet
  facet normal 0 0 -1
    outer loop
      vertex -30.6 15.3 15.75
      vertex -28.75 8.192829142140766 15.75
      vertex -31.5 8.192829142140766 15.75
    endloop
  endfacet
  facet normal 0 0 -1
    outer loop
      vertex -31.5 14.400000000000002 15.75
      vertex -30.6 15.3 15.75
      vertex -31.5 8.192829142140766 15.75
    endloop
  endfacet
  facet normal 0 0 -1
    outer loop
      vertex -21.4 -10 15.75
      vertex -28.75 5.807170857859233 15.75
      vertex -28.75 8.192829142140766 15.75
    endloop
  endfacet
  facet normal 0 0 -1
    outer loop
      vertex -30.6 15.3 15.75
      vertex -21.4 -10 15.75
      vertex -28.75 8.192829142140766 15.75
    endloop
  endfacet
  facet normal 0 0 -1
    outer loop
      vertex -30.6 15.3 15.75
      vertex -21.4 11.3 15.75
      vertex -21.4 -10 15.75
    endloop
  endfacet
  facet normal 0 0 1
    outer loop
      vertex -26.2 11.299999999999999 22.25
      vertex -21.4 -10 22.25
      vertex -21.4 11.299999999999999 22.25
    endloop
  endfacet
  facet normal 0 0 -1
    outer loop
      vertex -30.6 15.3 15.75
      vertex -19.45427664129268 14.707818128993104 15.75
      vertex -21.4 11.3 15.75
    endloop
  endfacet
  facet normal 0 0 -1
    outer loop
      vertex -19.4 14.400000000000002 15.75
      vertex -19.4 11.3 15.75
      vertex -21.4 11.3 15.75
    endloop
  endfacet
  facet normal 0 0 -1
    outer loop
      vertex -19.4 14.400000000000002 15.75
      vertex -21.4 11.3 15.75
      vertex -19.45427664129268 14.707818128993104 15.75
    endloop
  endfacet
  facet normal 1 0 0
    outer loop
      vertex -19.4 14.400000000000002 15.75
      vertex -19.4 11.3 18.999999999999996
      vertex -19.4 11.3 15.75
    endloop
  endfacet
  facet normal 1 0 0
    outer loop
      vertex -19.4 14.400000000000002 15.75
      vertex -19.4 14.400000000000002 19
      vertex -19.4 11.3 18.999999999999996
    endloop
  endfacet
  facet normal 0 0 -1
    outer loop
      vertex -31.5 14.400000000000002 15.75
      vertex -31.49657522828257 14.478440168472893 15.75
      vertex -31.486326977710988 14.556283359900238 15.75
    endloop
  endfacet
  facet normal 0 0 -1
    outer loop
      vertex -31.5 14.400000000000002 15.75
      vertex -31.486326977710988 14.556283359900238 15.75
      vertex -31.44572335870732 14.707818128993104 15.75
    endloop
  endfacet
  facet normal 0 0 -1
    outer loop
      vertex -31.486326977710988 14.556283359900238 15.75
      vertex -31.46933324366016 14.632937140592272 15.75
      vertex -31.44572335870732 14.707818128993104 15.75
    endloop
  endfacet
  facet normal 0 0 -1
    outer loop
      vertex -31.5 14.400000000000002 15.75
      vertex -31.44572335870732 14.707818128993104 15.75
      vertex -31.236396103067893 15.036396103067894 15.75
    endloop
  endfacet
  facet normal 0 0 -1
    outer loop
      vertex -31.44572335870732 14.707818128993104 15.75
      vertex -31.415677008332985 14.780356435566631 15.75
      vertex -31.379422863405996 14.850000000000001 15.75
    endloop
  endfacet
  facet normal 0 0 -1
    outer loop
      vertex -31.44572335870732 14.707818128993104 15.75
      vertex -31.379422863405996 14.850000000000001 15.75
      vertex -31.236396103067893 15.036396103067894 15.75
    endloop
  endfacet
  facet normal 0 0 -1
    outer loop
      vertex -31.379422863405996 14.850000000000001 15.75
      vertex -31.337236839860093 14.916218792715945 15.75
      vertex -31.236396103067893 15.036396103067894 15.75
    endloop
  endfacet
  facet normal 0 0 -1
    outer loop
      vertex -31.337236839860093 14.916218792715945 15.75
      vertex -31.28943999880708 14.978508848717887 15.75
      vertex -31.236396103067893 15.036396103067894 15.75
    endloop
  endfacet
  facet normal 0 0 -1
    outer loop
      vertex -31.5 14.400000000000002 15.75
      vertex -31.236396103067893 15.036396103067894 15.75
      vertex -30.6 15.3 15.75
    endloop
  endfacet
  facet normal 0 0 -1
    outer loop
      vertex -31.236396103067893 15.036396103067894 15.75
      vertex -31.178508848717886 15.089439998807084 15.75
      vertex -31.05 15.179422863405996 15.75
    endloop
  endfacet
  facet normal 0 0 -1
    outer loop
      vertex -31.178508848717886 15.089439998807084 15.75
      vertex -31.11621879271594 15.137236839860094 15.75
      vertex -31.05 15.179422863405996 15.75
    endloop
  endfacet
  facet normal 0 0 -1
    outer loop
      vertex -31.236396103067893 15.036396103067894 15.75
      vertex -31.05 15.179422863405996 15.75
      vertex -30.9078181289931 15.24572335870732 15.75
    endloop
  endfacet
  facet normal 0 0 -1
    outer loop
      vertex -31.05 15.179422863405996 15.75
      vertex -30.98035643556663 15.215677008332985 15.75
      vertex -30.9078181289931 15.24572335870732 15.75
    endloop
  endfacet
  facet normal 0 0 -1
    outer loop
      vertex -31.236396103067893 15.036396103067894 15.75
      vertex -30.9078181289931 15.24572335870732 15.75
      vertex -30.6 15.3 15.75
    endloop
  endfacet
  facet normal 0 0 -1
    outer loop
      vertex -30.9078181289931 15.24572335870732 15.75
      vertex -30.832937140592268 15.269333243660164 15.75
      vertex -30.756283359900237 15.286326977710988 15.75
    endloop
  endfacet
  facet normal 0 0 -1
    outer loop
      vertex -30.9078181289931 15.24572335870732 15.75
      vertex -30.756283359900237 15.286326977710988 15.75
      vertex -30.6 15.3 15.75
    endloop
  endfacet
  facet normal 0 0 -1
    outer loop
      vertex -30.756283359900237 15.286326977710988 15.75
      vertex -30.678440168472893 15.296575228282574 15.75
      vertex -30.6 15.3 15.75
    endloop
  endfacet
  facet normal -0.999048221581857 0.04361938736535255 0
    outer loop
      vertex -31.5 14.400000000000002 15.75
      vertex -31.5 14.400000000000002 22.25
      vertex -31.49657522828257 14.478440168472893 15.75
    endloop
  endfacet
  facet normal -0.991444861373813 0.13052619222002984 9.59461842434871e-20
    outer loop
      vertex -31.49657522828257 14.478440168472893 15.75
      vertex -31.486326977710988 14.556283359900238 22.25
      vertex -31.486326977710988 14.556283359900238 15.75
    endloop
  endfacet
  facet normal -0.976296007119928 0.21643961393812722 0
    outer loop
      vertex -31.486326977710988 14.556283359900238 15.75
      vertex -31.486326977710988 14.556283359900238 22.25
      vertex -31.46933324366016 14.632937140592272 15.75
    endloop
  endfacet
  facet normal -0.9537169507482381 0.30070579950423704 1.8816764975011505e-19
    outer loop
      vertex -31.46933324366016 14.632937140592272 15.75
      vertex -31.44572335870732 14.707818128993104 22.25
      vertex -31.44572335870732 14.707818128993104 15.75
    endloop
  endfacet
  facet normal -0.9238795325112775 0.38268343236511193 0
    outer loop
      vertex -31.44572335870732 14.707818128993104 15.75
      vertex -31.44572335870732 14.707818128993104 22.25
      vertex -31.415677008332985 14.780356435566631 15.75
    endloop
  endfacet
  facet normal -0.887010833178227 0.46174861323502353 2.2679770279682487e-19
    outer loop
      vertex -31.415677008332985 14.780356435566631 15.75
      vertex -31.379422863405996 14.850000000000001 22.25
      vertex -31.379422863405996 14.850000000000001 15.75
    endloop
  endfacet
  facet normal -0.8433914458128937 0.5372996083468113 3.178036615184544e-19
    outer loop
      vertex -31.379422863405996 14.850000000000001 15.75
      vertex -31.337236839860093 14.916218792715945 22.25
      vertex -31.337236839860093 14.916218792715945 15.75
    endloop
  endfacet
  facet normal -0.7933533402912157 0.608761429008746 -3.5091144543884905e-19
    outer loop
      vertex -31.337236839860093 14.916218792715945 15.75
      vertex -31.28943999880708 14.978508848717887 22.25
      vertex -31.28943999880708 14.978508848717887 15.75
    endloop
  endfacet
  facet normal -0.7372773368101269 0.6755902076156574 0
    outer loop
      vertex -31.28943999880708 14.978508848717887 15.75
      vertex -31.28943999880708 14.978508848717887 22.25
      vertex -31.236396103067893 15.036396103067894 15.75
    endloop
  endfacet
  facet normal -0.6755902076156819 0.7372773368101042 -4.2330576605541783e-20
    outer loop
      vertex -31.236396103067893 15.036396103067894 15.75
      vertex -31.178508848717886 15.089439998807084 22.25
      vertex -31.178508848717886 15.089439998807084 15.75
    endloop
  endfacet
  facet normal -0.6087614290086957 0.7933533402912545 -1.2012641059565612e-19
    outer loop
      vertex -31.178508848717886 15.089439998807084 15.75
      vertex -31.11621879271594 15.137236839860094 22.25
      vertex -31.11621879271594 15.137236839860094 15.75
    endloop
  endfacet
  facet normal -0.5372996083468318 0.8433914458128806 0
    outer loop
      vertex -31.11621879271594 15.137236839860094 15.75
      vertex -31.11621879271594 15.137236839860094 22.25
      vertex -31.05 15.179422863405996 15.75
    endloop
  endfacet
  facet normal -0.46174861323502353 0.887010833178227 0
    outer loop
      vertex -31.05 15.179422863405996 15.75
      vertex -31.05 15.179422863405996 22.25
      vertex -30.98035643556663 15.215677008332985 15.75
    endloop
  endfacet
  facet normal -0.38268343236509594 0.9238795325112842 -1.4660781360959892e-19
    outer loop
      vertex -30.98035643556663 15.215677008332985 15.75
      vertex -30.9078181289931 15.24572335870732 22.25
      vertex -30.9078181289931 15.24572335870732 15.75
    endloop
  endfacet
  facet normal -0.3007057995042782 0.9537169507482253 1.2448281395335956e-19
    outer loop
      vertex -30.9078181289931 15.24572335870732 15.75
      vertex -30.832937140592268 15.269333243660164 22.25
      vertex -30.832937140592268 15.269333243660164 15.75
    endloop
  endfacet
  facet normal -0.21643961393809363 0.9762960071199355 0
    outer loop
      vertex -30.832937140592268 15.269333243660164 15.75
      vertex -30.832937140592268 15.269333243660164 22.25
      vertex -30.756283359900237 15.286326977710988 15.75
    endloop
  endfacet
  facet normal -0.13052619222007436 0.9914448613738075 4.6169808576832714e-20
    outer loop
      vertex -30.756283359900237 15.286326977710988 15.75
      vertex -30.678440168472893 15.296575228282574 22.25
      vertex -30.678440168472893 15.296575228282574 15.75
    endloop
  endfacet
  facet normal -0.0436193873653074 0.9990482215818591 0
    outer loop
      vertex -30.678440168472893 15.296575228282574 15.75
      vertex -30.678440168472893 15.296575228282574 22.25
      vertex -30.6 15.3 15.75
    endloop
  endfacet
  facet normal 0 1 0
    outer loop
      vertex -30.6 15.3 15.75
      vertex -30.6 15.3 22.25
      vertex -27.4 15.3 19
    endloop
  endfacet
  facet normal -0.999048221581857 0.04361938736535255 0
    outer loop
      vertex -31.49657522828257 14.478440168472893 15.75
      vertex -31.5 14.400000000000002 22.25
      vertex -31.49657522828257 14.478440168472893 22.25
    endloop
  endfacet
  facet normal -0.991444861373813 0.13052619222002984 0
    outer loop
      vertex -31.49657522828257 14.478440168472893 15.75
      vertex -31.49657522828257 14.478440168472893 22.25
      vertex -31.486326977710988 14.556283359900238 22.25
    endloop
  endfacet
  facet normal -0.976296007119928 0.21643961393812722 0
    outer loop
      vertex -31.46933324366016 14.632937140592272 15.75
      vertex -31.486326977710988 14.556283359900238 22.25
      vertex -31.46933324366016 14.632937140592272 22.25
    endloop
  endfacet
  facet normal -0.9537169507482381 0.30070579950423704 0
    outer loop
      vertex -31.46933324366016 14.632937140592272 15.75
      vertex -31.46933324366016 14.632937140592272 22.25
      vertex -31.44572335870732 14.707818128993104 22.25
    endloop
  endfacet
  facet normal -0.9238795325112775 0.38268343236511193 0
    outer loop
      vertex -31.415677008332985 14.780356435566631 15.75
      vertex -31.44572335870732 14.707818128993104 22.25
      vertex -31.415677008332985 14.780356435566631 22.25
    endloop
  endfacet
  facet normal -0.887010833178227 0.46174861323502353 0
    outer loop
      vertex -31.415677008332985 14.780356435566631 15.75
      vertex -31.415677008332985 14.780356435566631 22.25
      vertex -31.379422863405996 14.850000000000001 22.25
    endloop
  endfacet
  facet normal -0.8433914458128937 0.5372996083468113 0
    outer loop
      vertex -31.379422863405996 14.850000000000001 15.75
      vertex -31.379422863405996 14.850000000000001 22.25
      vertex -31.337236839860093 14.916218792715945 22.25
    endloop
  endfacet
  facet normal -0.7933533402912157 0.608761429008746 0
    outer loop
      vertex -31.337236839860093 14.916218792715945 15.75
      vertex -31.337236839860093 14.916218792715945 22.25
      vertex -31.28943999880708 14.978508848717887 22.25
    endloop
  endfacet
  facet normal -0.7372773368101269 0.6755902076156574 0
    outer loop
      vertex -31.236396103067893 15.036396103067894 15.75
      vertex -31.28943999880708 14.978508848717887 22.25
      vertex -31.236396103067893 15.036396103067894 22.25
    endloop
  endfacet
  facet normal -0.6755902076156819 0.7372773368101042 0
    outer loop
      vertex -31.236396103067893 15.036396103067894 15.75
      vertex -31.236396103067893 15.036396103067894 22.25
      vertex -31.178508848717886 15.089439998807084 22.25
    endloop
  endfacet
  facet normal -0.6087614290086957 0.7933533402912545 0
    outer loop
      vertex -31.178508848717886 15.089439998807084 15.75
      vertex -31.178508848717886 15.089439998807084 22.25
      vertex -31.11621879271594 15.137236839860094 22.25
    endloop
  endfacet
  facet normal -0.5372996083468318 0.8433914458128806 0
    outer loop
      vertex -31.05 15.179422863405996 15.75
      vertex -31.11621879271594 15.137236839860094 22.25
      vertex -31.05 15.179422863405996 22.25
    endloop
  endfacet
  facet normal -0.46174861323502353 0.887010833178227 0
    outer loop
      vertex -30.98035643556663 15.215677008332985 15.75
      vertex -31.05 15.179422863405996 22.25
      vertex -30.98035643556663 15.215677008332985 22.25
    endloop
  endfacet
  facet normal -0.38268343236509594 0.9238795325112842 0
    outer loop
      vertex -30.98035643556663 15.215677008332985 15.75
      vertex -30.98035643556663 15.215677008332985 22.25
      vertex -30.9078181289931 15.24572335870732 22.25
    endloop
  endfacet
  facet normal -0.3007057995042782 0.9537169507482253 0
    outer loop
      vertex -30.9078181289931 15.24572335870732 15.75
      vertex -30.9078181289931 15.24572335870732 22.25
      vertex -30.832937140592268 15.269333243660164 22.25
    endloop
  endfacet
  facet normal -0.21643961393809363 0.9762960071199355 0
    outer loop
      vertex -30.756283359900237 15.286326977710988 15.75
      vertex -30.832937140592268 15.269333243660164 22.25
      vertex -30.756283359900237 15.286326977710988 22.25
    endloop
  endfacet
  facet normal -0.13052619222007436 0.9914448613738075 0
    outer loop
      vertex -30.756283359900237 15.286326977710988 15.75
      vertex -30.756283359900237 15.286326977710988 22.25
      vertex -30.678440168472893 15.296575228282574 22.25
    endloop
  endfacet
  facet normal -0.0436193873653074 0.9990482215818591 0
    outer loop
      vertex -30.6 15.3 15.75
      vertex -30.678440168472893 15.296575228282574 22.25
      vertex -30.6 15.3 22.25
    endloop
  endfacet
  facet normal 0 0 1
    outer loop
      vertex -31.5 14.400000000000002 22.25
      vertex -31.486326977710988 14.556283359900238 22.25
      vertex -31.49657522828257 14.478440168472893 22.25
    endloop
  endfacet
  facet normal 0 0 1
    outer loop
      vertex -31.5 14.400000000000002 22.25
      vertex -31.44572335870732 14.707818128993104 22.25
      vertex -31.486326977710988 14.556283359900238 22.25
    endloop
  endfacet
  facet normal 0 0 1
    outer loop
      vertex -31.486326977710988 14.556283359900238 22.25
      vertex -31.44572335870732 14.707818128993104 22.25
      vertex -31.46933324366016 14.632937140592272 22.25
    endloop
  endfacet
  facet normal 0 0 1
    outer loop
      vertex -31.44572335870732 14.707818128993104 22.25
      vertex -31.379422863405996 14.850000000000001 22.25
      vertex -31.415677008332985 14.780356435566631 22.25
    endloop
  endfacet
  facet normal 0 0 1
    outer loop
      vertex -31.44572335870732 14.707818128993104 22.25
      vertex -31.337236839860093 14.916218792715945 22.25
      vertex -31.379422863405996 14.850000000000001 22.25
    endloop
  endfacet
  facet normal 0 0 1
    outer loop
      vertex -31.44572335870732 14.707818128993104 22.25
      vertex -31.11621879271594 15.137236839860094 22.25
      vertex -31.337236839860093 14.916218792715945 22.25
    endloop
  endfacet
  facet normal 0 0 1
    outer loop
      vertex -31.337236839860093 14.916218792715945 22.25
      vertex -31.236396103067893 15.036396103067894 22.25
      vertex -31.28943999880708 14.978508848717887 22.25
    endloop
  endfacet
  facet normal 0 0 1
    outer loop
      vertex -31.337236839860093 14.916218792715945 22.25
      vertex -31.11621879271594 15.137236839860094 22.25
      vertex -31.236396103067893 15.036396103067894 22.25
    endloop
  endfacet
  facet normal 0 0 1
    outer loop
      vertex -31.236396103067893 15.036396103067894 22.25
      vertex -31.11621879271594 15.137236839860094 22.25
      vertex -31.178508848717886 15.089439998807084 22.25
    endloop
  endfacet
  facet normal 0 0 1
    outer loop
      vertex -31.44572335870732 14.707818128993104 22.25
      vertex -30.6 15.3 22.25
      vertex -31.11621879271594 15.137236839860094 22.25
    endloop
  endfacet
  facet normal 0 0 1
    outer loop
      vertex -31.11621879271594 15.137236839860094 22.25
      vertex -30.9078181289931 15.24572335870732 22.25
      vertex -31.05 15.179422863405996 22.25
    endloop
  endfacet
  facet normal 0 0 1
    outer loop
      vertex -31.05 15.179422863405996 22.25
      vertex -30.9078181289931 15.24572335870732 22.25
      vertex -30.98035643556663 15.215677008332985 22.25
    endloop
  endfacet
  facet normal 0 0 1
    outer loop
      vertex -31.11621879271594 15.137236839860094 22.25
      vertex -30.6 15.3 22.25
      vertex -30.9078181289931 15.24572335870732 22.25
    endloop
  endfacet
  facet normal 0 0 1
    outer loop
      vertex -30.9078181289931 15.24572335870732 22.25
      vertex -30.756283359900237 15.286326977710988 22.25
      vertex -30.832937140592268 15.269333243660164 22.25
    endloop
  endfacet
  facet normal 0 0 1
    outer loop
      vertex -30.9078181289931 15.24572335870732 22.25
      vertex -30.6 15.3 22.25
      vertex -30.756283359900237 15.286326977710988 22.25
    endloop
  endfacet
  facet normal 0 0 1
    outer loop
      vertex -30.756283359900237 15.286326977710988 22.25
      vertex -30.6 15.3 22.25
      vertex -30.678440168472893 15.296575228282574 22.25
    endloop
  endfacet
  facet normal 0 0 1
    outer loop
      vertex -31.44572335870732 14.707818128993104 22.25
      vertex -27.4 15.3 22.25
      vertex -30.6 15.3 22.25
    endloop
  endfacet
  facet normal 0 0 1
    outer loop
      vertex -27.4 12.5 22.25
      vertex -27.4 15.3 22.25
      vertex -31.44572335870732 14.707818128993104 22.25
    endloop
  endfacet
  facet normal 0 1 0
    outer loop
      vertex -27.4 15.3 19
      vertex -30.6 15.3 22.25
      vertex -27.4 15.3 22.25
    endloop
  endfacet
  facet normal 0 0 -1
    outer loop
      vertex -30.6 15.3 15.75
      vertex -20.299999999999997 15.3 15.75
      vertex -20.221559831527106 15.296575228282574 15.75
    endloop
  endfacet
  facet normal 0 0 -1
    outer loop
      vertex -30.6 15.3 15.75
      vertex -20.221559831527106 15.296575228282574 15.75
      vertex -19.45427664129268 14.707818128993104 15.75
    endloop
  endfacet
  facet normal 0 1 0
    outer loop
      vertex -30.6 15.3 15.75
      vertex -27.4 15.3 19
      vertex -20.299999999999997 15.3 15.75
    endloop
  endfacet
  facet normal 0 1 0
    outer loop
      vertex -27.4 15.3 19
      vertex -20.299999999999997 15.3 19
      vertex -20.299999999999997 15.3 15.75
    endloop
  endfacet
  facet normal 0 0 -1
    outer loop
      vertex -19.4 14.400000000000002 15.75
      vertex -19.45427664129268 14.707818128993104 15.75
      vertex -19.41367302228901 14.556283359900238 15.75
    endloop
  endfacet
  facet normal 0 0 -1
    outer loop
      vertex -19.41367302228901 14.556283359900238 15.75
      vertex -19.45427664129268 14.707818128993104 15.75
      vertex -19.43066675633984 14.632937140592272 15.75
    endloop
  endfacet
  facet normal 0 0 -1
    outer loop
      vertex -19.45427664129268 14.707818128993104 15.75
      vertex -19.520577136594007 14.850000000000001 15.75
      vertex -19.484322991667014 14.780356435566631 15.75
    endloop
  endfacet
  facet normal 0 0 -1
    outer loop
      vertex -19.45427664129268 14.707818128993104 15.75
      vertex -19.61056000119292 14.978508848717887 15.75
      vertex -19.520577136594007 14.850000000000001 15.75
    endloop
  endfacet
  facet normal 0 0 -1
    outer loop
      vertex -19.4 14.400000000000002 15.75
      vertex -19.41367302228901 14.556283359900238 15.75
      vertex -19.40342477171743 14.478440168472893 15.75
    endloop
  endfacet
  facet normal 0 0 -1
    outer loop
      vertex -20.221559831527106 15.296575228282574 15.75
      vertex -20.14371664009976 15.286326977710988 15.75
      vertex -19.9921818710069 15.24572335870732 15.75
    endloop
  endfacet
  facet normal 0 0 -1
    outer loop
      vertex -20.14371664009976 15.286326977710988 15.75
      vertex -20.06706285940773 15.269333243660164 15.75
      vertex -19.9921818710069 15.24572335870732 15.75
    endloop
  endfacet
  facet normal 0 0 -1
    outer loop
      vertex -20.221559831527106 15.296575228282574 15.75
      vertex -19.9921818710069 15.24572335870732 15.75
      vertex -19.783781207284058 15.137236839860094 15.75
    endloop
  endfacet
  facet normal 0 0 -1
    outer loop
      vertex -19.45427664129268 14.707818128993104 15.75
      vertex -20.221559831527106 15.296575228282574 15.75
      vertex -19.783781207284058 15.137236839860094 15.75
    endloop
  endfacet
  facet normal 0 0 -1
    outer loop
      vertex -19.721491151282116 15.089439998807084 15.75
      vertex -19.61056000119292 14.978508848717887 15.75
      vertex -19.783781207284058 15.137236839860094 15.75
    endloop
  endfacet
  facet normal 0 0 -1
    outer loop
      vertex -19.9921818710069 15.24572335870732 15.75
      vertex -19.919643564433372 15.215677008332985 15.75
      vertex -19.783781207284058 15.137236839860094 15.75
    endloop
  endfacet
  facet normal 0 0 -1
    outer loop
      vertex -19.85 15.179422863405996 15.75
      vertex -19.783781207284058 15.137236839860094 15.75
      vertex -19.919643564433372 15.215677008332985 15.75
    endloop
  endfacet
  facet normal 0 0 -1
    outer loop
      vertex -19.520577136594007 14.850000000000001 15.75
      vertex -19.61056000119292 14.978508848717887 15.75
      vertex -19.56276316013991 14.916218792715945 15.75
    endloop
  endfacet
  facet normal 0 0 -1
    outer loop
      vertex -19.45427664129268 14.707818128993104 15.75
      vertex -19.783781207284058 15.137236839860094 15.75
      vertex -19.61056000119292 14.978508848717887 15.75
    endloop
  endfacet
  facet normal 0 0 -1
    outer loop
      vertex -19.721491151282116 15.089439998807084 15.75
      vertex -19.663603896932106 15.036396103067894 15.75
      vertex -19.61056000119292 14.978508848717887 15.75
    endloop
  endfacet
  facet normal 0.0436193873653074 0.9990482215818591 0
    outer loop
      vertex -20.299999999999997 15.3 15.75
      vertex -20.299999999999997 15.3 19
      vertex -20.221559831527106 15.296575228282574 19
    endloop
  endfacet
  facet normal 0.999048221581857 0.04361938736535255 0
    outer loop
      vertex -19.4 14.400000000000002 15.75
      vertex -19.40342477171743 14.478440168472893 15.75
      vertex -19.4 14.400000000000002 19
    endloop
  endfacet
  facet normal 0.991444861373813 0.13052619222002984 -1.918923684869742e-19
    outer loop
      vertex -19.41367302228901 14.556283359900238 15.75
      vertex -19.40342477171743 14.478440168472893 19
      vertex -19.40342477171743 14.478440168472893 15.75
    endloop
  endfacet
  facet normal 0.976296007119928 0.21643961393812722 0
    outer loop
      vertex -19.41367302228901 14.556283359900238 15.75
      vertex -19.43066675633984 14.632937140592272 15.75
      vertex -19.41367302228901 14.556283359900238 19
    endloop
  endfacet
  facet normal 0.9537169507482381 0.30070579950423704 0
    outer loop
      vertex -19.43066675633984 14.632937140592272 15.75
      vertex -19.45427664129268 14.707818128993104 15.75
      vertex -19.43066675633984 14.632937140592272 19
    endloop
  endfacet
  facet normal 0.9238795325112775 0.38268343236511193 0
    outer loop
      vertex -19.45427664129268 14.707818128993104 15.75
      vertex -19.484322991667014 14.780356435566631 15.75
      vertex -19.45427664129268 14.707818128993104 19
    endloop
  endfacet
  facet normal 0.8870108331782085 0.4617486132350591 0
    outer loop
      vertex -19.484322991667014 14.780356435566631 15.75
      vertex -19.520577136594007 14.850000000000001 15.75
      vertex -19.484322991667014 14.780356435566631 19
    endloop
  endfacet
  facet normal 0.8433914458128937 0.5372996083468113 0
    outer loop
      vertex -19.520577136594007 14.850000000000001 15.75
      vertex -19.56276316013991 14.916218792715945 15.75
      vertex -19.520577136594007 14.850000000000001 19
    endloop
  endfacet
  facet normal 0.0436193873653074 0.9990482215818591 6.54484438018125e-20
    outer loop
      vertex -20.299999999999997 15.3 15.75
      vertex -20.221559831527106 15.296575228282574 19
      vertex -20.221559831527106 15.296575228282574 15.75
    endloop
  endfacet
  facet normal 0.13052619222007436 0.9914448613738075 -9.233961715366543e-20
    outer loop
      vertex -20.221559831527106 15.296575228282574 15.75
      vertex -20.14371664009976 15.286326977710988 19
      vertex -20.14371664009976 15.286326977710988 15.75
    endloop
  endfacet
  facet normal 0.21643961393809363 0.9762960071199355 3.433359096826364e-19
    outer loop
      vertex -20.14371664009976 15.286326977710988 15.75
      vertex -20.06706285940773 15.269333243660164 19
      vertex -20.06706285940773 15.269333243660164 15.75
    endloop
  endfacet
  facet normal 0.3007057995042782 0.9537169507482253 -2.489656279067191e-19
    outer loop
      vertex -20.06706285940773 15.269333243660164 15.75
      vertex -19.9921818710069 15.24572335870732 19
      vertex -19.9921818710069 15.24572335870732 15.75
    endloop
  endfacet
  facet normal 0.46174861323502353 0.887010833178227 0
    outer loop
      vertex -19.85 15.179422863405996 15.75
      vertex -19.919643564433372 15.215677008332985 15.75
      vertex -19.85 15.179422863405996 19
    endloop
  endfacet
  facet normal 0.38268343236511193 0.9238795325112775 5.306471014140536e-19
    outer loop
      vertex -19.9921818710069 15.24572335870732 15.75
      vertex -19.919643564433372 15.215677008332985 19
      vertex -19.919643564433372 15.215677008332985 15.75
    endloop
  endfacet
  facet normal 0.5372996083468113 0.8433914458128937 -6.356073230369088e-19
    outer loop
      vertex -19.85 15.179422863405996 15.75
      vertex -19.783781207284058 15.137236839860094 19
      vertex -19.783781207284058 15.137236839860094 15.75
    endloop
  endfacet
  facet normal 0.6087614290087174 0.7933533402912375 0
    outer loop
      vertex -19.721491151282116 15.089439998807084 15.75
      vertex -19.783781207284058 15.137236839860094 15.75
      vertex -19.721491151282116 15.089439998807084 19
    endloop
  endfacet
  facet normal 0.7933533402912375 0.6087614290087174 0
    outer loop
      vertex -19.56276316013991 14.916218792715945 15.75
      vertex -19.61056000119292 14.978508848717887 15.75
      vertex -19.56276316013991 14.916218792715945 19
    endloop
  endfacet
  facet normal 0.7372773368101269 0.6755902076156574 0
    outer loop
      vertex -19.61056000119292 14.978508848717887 15.75
      vertex -19.663603896932106 15.036396103067894 15.75
      vertex -19.61056000119292 14.978508848717887 19
    endloop
  endfacet
  facet normal 0.6755902076156594 0.7372773368101249 -8.256093191853274e-19
    outer loop
      vertex -19.721491151282116 15.089439998807084 15.75
      vertex -19.663603896932106 15.036396103067894 19
      vertex -19.663603896932106 15.036396103067894 15.75
    endloop
  endfacet
  facet normal 0.991444861373813 0.13052619222002984 0
    outer loop
      vertex -19.41367302228901 14.556283359900238 15.75
      vertex -19.41367302228901 14.556283359900238 19
      vertex -19.40342477171743 14.478440168472893 19
    endloop
  endfacet
  facet normal 0.976296007119928 0.21643961393812722 0
    outer loop
      vertex -19.43066675633984 14.632937140592272 15.75
      vertex -19.43066675633984 14.632937140592272 19
      vertex -19.41367302228901 14.556283359900238 19
    endloop
  endfacet
  facet normal 0.9537169507482381 0.30070579950423704 0
    outer loop
      vertex -19.45427664129268 14.707818128993104 15.75
      vertex -19.45427664129268 14.707818128993104 19
      vertex -19.43066675633984 14.632937140592272 19
    endloop
  endfacet
  facet normal 0.9238795325112775 0.38268343236511193 0
    outer loop
      vertex -19.484322991667014 14.780356435566631 15.75
      vertex -19.484322991667014 14.780356435566631 19
      vertex -19.45427664129268 14.707818128993104 19
    endloop
  endfacet
  facet normal 0.8870108331782085 0.4617486132350591 0
    outer loop
      vertex -19.520577136594007 14.850000000000001 15.75
      vertex -19.520577136594007 14.850000000000001 19
      vertex -19.484322991667014 14.780356435566631 19
    endloop
  endfacet
  facet normal 0.999048221581857 0.04361938736535255 0
    outer loop
      vertex -19.40342477171743 14.478440168472893 15.75
      vertex -19.40342477171743 14.478440168472893 19
      vertex -19.4 14.400000000000002 19
    endloop
  endfacet
  facet normal 0.13052619222007436 0.9914448613738075 0
    outer loop
      vertex -20.221559831527106 15.296575228282574 15.75
      vertex -20.221559831527106 15.296575228282574 19
      vertex -20.14371664009976 15.286326977710988 19
    endloop
  endfacet
  facet normal 0.21643961393809363 0.9762960071199355 0
    outer loop
      vertex -20.14371664009976 15.286326977710988 15.75
      vertex -20.14371664009976 15.286326977710988 19
      vertex -20.06706285940773 15.269333243660164 19
    endloop
  endfacet
  facet normal 0.3007057995042782 0.9537169507482253 0
    outer loop
      vertex -20.06706285940773 15.269333243660164 15.75
      vertex -20.06706285940773 15.269333243660164 19
      vertex -19.9921818710069 15.24572335870732 19
    endloop
  endfacet
  facet normal 0.6755902076156594 0.7372773368101249 0
    outer loop
      vertex -19.721491151282116 15.089439998807084 15.75
      vertex -19.721491151282116 15.089439998807084 19
      vertex -19.663603896932106 15.036396103067894 19
    endloop
  endfacet
  facet normal 0.38268343236511193 0.9238795325112775 0
    outer loop
      vertex -19.9921818710069 15.24572335870732 15.75
      vertex -19.9921818710069 15.24572335870732 19
      vertex -19.919643564433372 15.215677008332985 19
    endloop
  endfacet
  facet normal 0.46174861323502353 0.887010833178227 0
    outer loop
      vertex -19.919643564433372 15.215677008332985 15.75
      vertex -19.919643564433372 15.215677008332985 19
      vertex -19.85 15.179422863405996 19
    endloop
  endfacet
  facet normal 0.6087614290087174 0.7933533402912375 0
    outer loop
      vertex -19.783781207284058 15.137236839860094 15.75
      vertex -19.783781207284058 15.137236839860094 19
      vertex -19.721491151282116 15.089439998807084 19
    endloop
  endfacet
  facet normal 0.5372996083468113 0.8433914458128937 0
    outer loop
      vertex -19.85 15.179422863405996 15.75
      vertex -19.85 15.179422863405996 19
      vertex -19.783781207284058 15.137236839860094 19
    endloop
  endfacet
  facet normal 0.8433914458128937 0.5372996083468113 0
    outer loop
      vertex -19.56276316013991 14.916218792715945 15.75
      vertex -19.56276316013991 14.916218792715945 19
      vertex -19.520577136594007 14.850000000000001 19
    endloop
  endfacet
  facet normal 0.7933533402912375 0.6087614290087174 0
    outer loop
      vertex -19.61056000119292 14.978508848717887 15.75
      vertex -19.61056000119292 14.978508848717887 19
      vertex -19.56276316013991 14.916218792715945 19
    endloop
  endfacet
  facet normal 0.7372773368101269 0.6755902076156574 0
    outer loop
      vertex -19.663603896932106 15.036396103067894 15.75
      vertex -19.663603896932106 15.036396103067894 19
      vertex -19.61056000119292 14.978508848717887 19
    endloop
  endfacet
  facet normal 0 0 -1
    outer loop
      vertex -31.236396103067893 -15.036396103067894 25.75
      vertex -31.337236839860093 -14.916218792715942 25.75
      vertex -31.11621879271594 -15.137236839860094 25.75
    endloop
  endfacet
  facet normal 0 0 -1
    outer loop
      vertex -31.337236839860093 -14.916218792715942 25.75
      vertex -31.44572335870732 -14.707818128993102 25.75
      vertex -31.11621879271594 -15.137236839860094 25.75
    endloop
  endfacet
  facet normal 0 0 -1
    outer loop
      vertex -31.236396103067893 -15.036396103067894 25.75
      vertex -31.28943999880708 -14.978508848717887 25.75
      vertex -31.337236839860093 -14.916218792715942 25.75
    endloop
  endfacet
  facet normal 0 0 -1
    outer loop
      vertex -30.98035643556663 -15.215677008332985 25.75
      vertex -31.05 -15.179422863405996 25.75
      vertex -30.9078181289931 -15.245723358707318 25.75
    endloop
  endfacet
  facet normal 0 0 -1
    outer loop
      vertex -31.11621879271594 -15.137236839860094 25.75
      vertex -30.9078181289931 -15.245723358707318 25.75
      vertex -31.05 -15.179422863405996 25.75
    endloop
  endfacet
  facet normal 0 0 -1
    outer loop
      vertex -31.236396103067893 -15.036396103067894 25.75
      vertex -31.11621879271594 -15.137236839860094 25.75
      vertex -31.178508848717886 -15.08943999880708 25.75
    endloop
  endfacet
  facet normal 0 0 -1
    outer loop
      vertex -31.11621879271594 -15.137236839860094 25.75
      vertex -31.44572335870732 -14.707818128993102 25.75
      vertex -30.6 -15.3 25.75
    endloop
  endfacet
  facet normal 0 0 -1
    outer loop
      vertex -31.11621879271594 -15.137236839860094 25.75
      vertex -30.6 -15.3 25.75
      vertex -30.9078181289931 -15.245723358707318 25.75
    endloop
  endfacet
  facet normal 0 0 -1
    outer loop
      vertex -30.9078181289931 -15.245723358707318 25.75
      vertex -30.756283359900237 -15.286326977710988 25.75
      vertex -30.832937140592268 -15.269333243660162 25.75
    endloop
  endfacet
  facet normal 0 0 -1
    outer loop
      vertex -30.9078181289931 -15.245723358707318 25.75
      vertex -30.6 -15.3 25.75
      vertex -30.756283359900237 -15.286326977710988 25.75
    endloop
  endfacet
  facet normal 0 0 -1
    outer loop
      vertex -30.756283359900237 -15.286326977710988 25.75
      vertex -30.6 -15.3 25.75
      vertex -30.678440168472893 -15.296575228282572 25.75
    endloop
  endfacet
  facet normal 0 0 -1
    outer loop
      vertex -31.337236839860093 -14.916218792715942 25.75
      vertex -31.379422863405996 -14.850000000000001 25.75
      vertex -31.44572335870732 -14.707818128993102 25.75
    endloop
  endfacet
  facet normal 0 0 -1
    outer loop
      vertex -31.379422863405996 -14.850000000000001 25.75
      vertex -31.415677008332985 -14.780356435566631 25.75
      vertex -31.44572335870732 -14.707818128993102 25.75
    endloop
  endfacet
  facet normal 0 0 -1
    outer loop
      vertex -31.44572335870732 -14.707818128993102 25.75
      vertex -31.46933324366016 -14.632937140592269 25.75
      vertex -31.486326977710988 -14.556283359900238 25.75
    endloop
  endfacet
  facet normal 0 0 -1
    outer loop
      vertex -31.44572335870732 -14.707818128993102 25.75
      vertex -31.486326977710988 -14.556283359900238 25.75
      vertex -31.5 -14.4 25.75
    endloop
  endfacet
  facet normal 0 0 -1
    outer loop
      vertex -31.486326977710988 -14.556283359900238 25.75
      vertex -31.49657522828257 -14.478440168472893 25.75
      vertex -31.5 -14.4 25.75
    endloop
  endfacet
  facet normal 0 0 -1
    outer loop
      vertex -30.6 -15.3 25.75
      vertex -31.44572335870732 -14.707818128993102 25.75
      vertex -24.9 -15.3 25.75
    endloop
  endfacet
  facet normal 0 0 -1
    outer loop
      vertex -31.44572335870732 -14.707818128993102 25.75
      vertex -24.9 -10 25.75
      vertex -24.9 -15.3 25.75
    endloop
  endfacet
  facet normal 0 0 -1
    outer loop
      vertex -31.44572335870732 -14.707818128993102 25.75
      vertex -31.5 -14.4 25.75
      vertex -31.5 14.400000000000002 25.75
    endloop
  endfacet
  facet normal 0 0 -1
    outer loop
      vertex -31.44572335870732 -14.707818128993102 25.75
      vertex -30.6 15.3 25.75
      vertex -24.9 -10 25.75
    endloop
  endfacet
  facet normal 0 0 -1
    outer loop
      vertex -30.6 15.3 25.75
      vertex -21.4 -10 25.75
      vertex -24.9 -10 25.75
    endloop
  endfacet
  facet normal -0.7372773368101269 -0.6755902076156574 2.2281264960886124e-19
    outer loop
      vertex -31.236396103067893 -15.036396103067894 25.75
      vertex -31.28943999880708 -14.978508848717887 32.25
      vertex -31.28943999880708 -14.978508848717887 25.75
    endloop
  endfacet
  facet normal -0.7933533402912325 -0.6087614290087241 0
    outer loop
      vertex -31.28943999880708 -14.978508848717887 25.75
      vertex -31.28943999880708 -14.978508848717887 32.25
      vertex -31.337236839860093 -14.916218792715942 25.75
    endloop
  endfacet
  facet normal -0.6087614290087241 -0.7933533402912325 -1.1792899929025597e-19
    outer loop
      vertex -31.11621879271594 -15.137236839860094 25.75
      vertex -31.178508848717886 -15.08943999880708 32.25
      vertex -31.178508848717886 -15.08943999880708 25.75
    endloop
  endfacet
  facet normal -0.3826834323650767 -0.9238795325112922 0
    outer loop
      vertex -30.98035643556663 -15.215677008332985 25.75
      vertex -30.9078181289931 -15.245723358707318 25.75
      vertex -30.98035643556663 -15.215677008332985 32.25
    endloop
  endfacet
  facet normal -0.46174861323502353 -0.887010833178227 0
    outer loop
      vertex -30.98035643556663 -15.215677008332985 25.75
      vertex -30.98035643556663 -15.215677008332985 32.25
      vertex -31.05 -15.179422863405996 25.75
    endloop
  endfacet
  facet normal -0.5372996083468318 -0.8433914458128806 1.8178423959720593e-19
    outer loop
      vertex -31.11621879271594 -15.137236839860094 25.75
      vertex -31.05 -15.179422863405996 25.75
      vertex -31.05 -15.179422863405996 32.25
    endloop
  endfacet
  facet normal -0.6755902076156574 -0.7372773368101269 2.2281264960886124e-19
    outer loop
      vertex -31.236396103067893 -15.036396103067894 25.75
      vertex -31.178508848717886 -15.08943999880708 25.75
      vertex -31.178508848717886 -15.08943999880708 32.25
    endloop
  endfacet
  facet normal -0.3007057995042782 -0.9537169507482253 -1.2448281395335956e-19
    outer loop
      vertex -30.9078181289931 -15.245723358707318 25.75
      vertex -30.832937140592268 -15.269333243660162 25.75
      vertex -30.832937140592268 -15.269333243660162 32.25
    endloop
  endfacet
  facet normal -0.21643961393811517 -0.9762960071199306 0
    outer loop
      vertex -30.832937140592268 -15.269333243660162 25.75
      vertex -30.756283359900237 -15.286326977710988 25.75
      vertex -30.832937140592268 -15.269333243660162 32.25
    endloop
  endfacet
  facet normal -0.1305261922200521 -0.9914448613738103 3.5164096501248527e-20
    outer loop
      vertex -30.756283359900237 -15.286326977710988 25.75
      vertex -30.678440168472893 -15.296575228282572 25.75
      vertex -30.678440168472893 -15.296575228282572 32.25
    endloop
  endfacet
  facet normal -0.04361938736532997 -0.9990482215818581 0
    outer loop
      vertex -30.678440168472893 -15.296575228282572 25.75
      vertex -30.6 -15.3 25.75
      vertex -30.678440168472893 -15.296575228282572 32.25
    endloop
  endfacet
  facet normal -0.8433914458128806 -0.5372996083468318 1.8178423959720593e-19
    outer loop
      vertex -31.337236839860093 -14.916218792715942 25.75
      vertex -31.379422863405996 -14.850000000000001 32.25
      vertex -31.379422863405996 -14.850000000000001 25.75
    endloop
  endfacet
  facet normal -0.887010833178227 -0.46174861323502353 -2.2679770279682487e-19
    outer loop
      vertex -31.379422863405996 -14.850000000000001 25.75
      vertex -31.415677008332985 -14.780356435566631 32.25
      vertex -31.415677008332985 -14.780356435566631 25.75
    endloop
  endfacet
  facet normal -0.9537169507482405 -0.30070579950423065 0
    outer loop
      vertex -31.44572335870732 -14.707818128993102 25.75
      vertex -31.44572335870732 -14.707818128993102 32.25
      vertex -31.46933324366016 -14.632937140592269 25.75
    endloop
  endfacet
  facet normal -0.9238795325112809 -0.38268343236510394 0
    outer loop
      vertex -31.415677008332985 -14.780356435566631 25.75
      vertex -31.415677008332985 -14.780356435566631 32.25
      vertex -31.44572335870732 -14.707818128993102 25.75
    endloop
  endfacet
  facet normal -0.9762960071199259 -0.21643961393813677 -2.0883779192949912e-19
    outer loop
      vertex -31.46933324366016 -14.632937140592269 25.75
      vertex -31.486326977710988 -14.556283359900238 32.25
      vertex -31.486326977710988 -14.556283359900238 25.75
    endloop
  endfacet
  facet normal -0.991444861373813 -0.13052619222002984 0
    outer loop
      vertex -31.486326977710988 -14.556283359900238 25.75
      vertex -31.486326977710988 -14.556283359900238 32.25
      vertex -31.49657522828257 -14.478440168472893 25.75
    endloop
  endfacet
  facet normal -0.999048221581857 -0.043619387365351564 4.570448983189249e-20
    outer loop
      vertex -31.49657522828257 -14.478440168472893 25.75
      vertex -31.5 -14.4 32.25
      vertex -31.5 -14.4 25.75
    endloop
  endfacet
  facet normal -0.7372773368101269 -0.6755902076156574 0
    outer loop
      vertex -31.236396103067893 -15.036396103067894 25.75
      vertex -31.236396103067893 -15.036396103067894 32.25
      vertex -31.28943999880708 -14.978508848717887 32.25
    endloop
  endfacet
  facet normal -0.7933533402912325 -0.6087614290087241 0
    outer loop
      vertex -31.337236839860093 -14.916218792715942 25.75
      vertex -31.28943999880708 -14.978508848717887 32.25
      vertex -31.337236839860093 -14.916218792715942 32.25
    endloop
  endfacet
  facet normal -0.8433914458128806 -0.5372996083468318 0
    outer loop
      vertex -31.337236839860093 -14.916218792715942 25.75
      vertex -31.337236839860093 -14.916218792715942 32.25
      vertex -31.379422863405996 -14.850000000000001 32.25
    endloop
  endfacet
  facet normal -0.5372996083468318 -0.8433914458128806 0
    outer loop
      vertex -31.11621879271594 -15.137236839860094 25.75
      vertex -31.05 -15.179422863405996 32.25
      vertex -31.11621879271594 -15.137236839860094 32.25
    endloop
  endfacet
  facet normal -0.6087614290087241 -0.7933533402912325 0
    outer loop
      vertex -31.11621879271594 -15.137236839860094 25.75
      vertex -31.11621879271594 -15.137236839860094 32.25
      vertex -31.178508848717886 -15.08943999880708 32.25
    endloop
  endfacet
  facet normal -0.46174861323502353 -0.887010833178227 0
    outer loop
      vertex -31.05 -15.179422863405996 25.75
      vertex -30.98035643556663 -15.215677008332985 32.25
      vertex -31.05 -15.179422863405996 32.25
    endloop
  endfacet
  facet normal -0.6755902076156574 -0.7372773368101269 0
    outer loop
      vertex -31.236396103067893 -15.036396103067894 25.75
      vertex -31.178508848717886 -15.08943999880708 32.25
      vertex -31.236396103067893 -15.036396103067894 32.25
    endloop
  endfacet
  facet normal -0.3826834323650767 -0.9238795325112922 0
    outer loop
      vertex -30.9078181289931 -15.245723358707318 25.75
      vertex -30.9078181289931 -15.245723358707318 32.25
      vertex -30.98035643556663 -15.215677008332985 32.25
    endloop
  endfacet
  facet normal -0.3007057995042782 -0.9537169507482253 0
    outer loop
      vertex -30.9078181289931 -15.245723358707318 25.75
      vertex -30.832937140592268 -15.269333243660162 32.25
      vertex -30.9078181289931 -15.245723358707318 32.25
    endloop
  endfacet
  facet normal -0.21643961393811517 -0.9762960071199306 0
    outer loop
      vertex -30.756283359900237 -15.286326977710988 25.75
      vertex -30.756283359900237 -15.286326977710988 32.25
      vertex -30.832937140592268 -15.269333243660162 32.25
    endloop
  endfacet
  facet normal -0.1305261922200521 -0.9914448613738103 0
    outer loop
      vertex -30.756283359900237 -15.286326977710988 25.75
      vertex -30.678440168472893 -15.296575228282572 32.25
      vertex -30.756283359900237 -15.286326977710988 32.25
    endloop
  endfacet
  facet normal -0.04361938736532997 -0.9990482215818581 0
    outer loop
      vertex -30.6 -15.3 25.75
      vertex -30.6 -15.3 32.25
      vertex -30.678440168472893 -15.296575228282572 32.25
    endloop
  endfacet
  facet normal -0.887010833178227 -0.46174861323502353 0
    outer loop
      vertex -31.379422863405996 -14.850000000000001 25.75
      vertex -31.379422863405996 -14.850000000000001 32.25
      vertex -31.415677008332985 -14.780356435566631 32.25
    endloop
  endfacet
  facet normal -0.9238795325112809 -0.38268343236510394 0
    outer loop
      vertex -31.44572335870732 -14.707818128993102 25.75
      vertex -31.415677008332985 -14.780356435566631 32.25
      vertex -31.44572335870732 -14.707818128993102 32.25
    endloop
  endfacet
  facet normal -0.9537169507482405 -0.30070579950423065 0
    outer loop
      vertex -31.46933324366016 -14.632937140592269 25.75
      vertex -31.44572335870732 -14.707818128993102 32.25
      vertex -31.46933324366016 -14.632937140592269 32.25
    endloop
  endfacet
  facet normal -0.9762960071199259 -0.21643961393813677 0
    outer loop
      vertex -31.46933324366016 -14.632937140592269 25.75
      vertex -31.46933324366016 -14.632937140592269 32.25
      vertex -31.486326977710988 -14.556283359900238 32.25
    endloop
  endfacet
  facet normal -0.991444861373813 -0.13052619222002984 0
    outer loop
      vertex -31.49657522828257 -14.478440168472893 25.75
      vertex -31.486326977710988 -14.556283359900238 32.25
      vertex -31.49657522828257 -14.478440168472893 32.25
    endloop
  endfacet
  facet normal -0.999048221581857 -0.043619387365351564 0
    outer loop
      vertex -31.49657522828257 -14.478440168472893 25.75
      vertex -31.49657522828257 -14.478440168472893 32.25
      vertex -31.5 -14.4 32.25
    endloop
  endfacet
  facet normal 0 0 1
    outer loop
      vertex -31.236396103067893 -15.036396103067894 32.25
      vertex -31.11621879271594 -15.137236839860094 32.25
      vertex -31.337236839860093 -14.916218792715942 32.25
    endloop
  endfacet
  facet normal 0 0 1
    outer loop
      vertex -31.337236839860093 -14.916218792715942 32.25
      vertex -31.11621879271594 -15.137236839860094 32.25
      vertex -31.44572335870732 -14.707818128993102 32.25
    endloop
  endfacet
  facet normal 0 0 1
    outer loop
      vertex -31.236396103067893 -15.036396103067894 32.25
      vertex -31.337236839860093 -14.916218792715942 32.25
      vertex -31.28943999880708 -14.978508848717887 32.25
    endloop
  endfacet
  facet normal 0 0 1
    outer loop
      vertex -30.98035643556663 -15.215677008332985 32.25
      vertex -30.9078181289931 -15.245723358707318 32.25
      vertex -31.05 -15.179422863405996 32.25
    endloop
  endfacet
  facet normal 0 0 1
    outer loop
      vertex -31.11621879271594 -15.137236839860094 32.25
      vertex -31.05 -15.179422863405996 32.25
      vertex -30.9078181289931 -15.245723358707318 32.25
    endloop
  endfacet
  facet normal 0 0 1
    outer loop
      vertex -31.236396103067893 -15.036396103067894 32.25
      vertex -31.178508848717886 -15.08943999880708 32.25
      vertex -31.11621879271594 -15.137236839860094 32.25
    endloop
  endfacet
  facet normal 0 0 1
    outer loop
      vertex -31.11621879271594 -15.137236839860094 32.25
      vertex -30.6 -15.3 32.25
      vertex -31.44572335870732 -14.707818128993102 32.25
    endloop
  endfacet
  facet normal 0 0 1
    outer loop
      vertex -31.11621879271594 -15.137236839860094 32.25
      vertex -30.9078181289931 -15.245723358707318 32.25
      vertex -30.6 -15.3 32.25
    endloop
  endfacet
  facet normal 0 0 1
    outer loop
      vertex -30.9078181289931 -15.245723358707318 32.25
      vertex -30.832937140592268 -15.269333243660162 32.25
      vertex -30.756283359900237 -15.286326977710988 32.25
    endloop
  endfacet
  facet normal 0 0 1
    outer loop
      vertex -30.9078181289931 -15.245723358707318 32.25
      vertex -30.756283359900237 -15.286326977710988 32.25
      vertex -30.6 -15.3 32.25
    endloop
  endfacet
  facet normal 0 0 1
    outer loop
      vertex -30.756283359900237 -15.286326977710988 32.25
      vertex -30.678440168472893 -15.296575228282572 32.25
      vertex -30.6 -15.3 32.25
    endloop
  endfacet
  facet normal 0 0 1
    outer loop
      vertex -31.337236839860093 -14.916218792715942 32.25
      vertex -31.44572335870732 -14.707818128993102 32.25
      vertex -31.379422863405996 -14.850000000000001 32.25
    endloop
  endfacet
  facet normal 0 0 1
    outer loop
      vertex -31.379422863405996 -14.850000000000001 32.25
      vertex -31.44572335870732 -14.707818128993102 32.25
      vertex -31.415677008332985 -14.780356435566631 32.25
    endloop
  endfacet
  facet normal 0 0 1
    outer loop
      vertex -31.44572335870732 -14.707818128993102 32.25
      vertex -31.486326977710988 -14.556283359900238 32.25
      vertex -31.46933324366016 -14.632937140592269 32.25
    endloop
  endfacet
  facet normal 0 0 1
    outer loop
      vertex -31.44572335870732 -14.707818128993102 32.25
      vertex -31.5 -14.4 32.25
      vertex -31.486326977710988 -14.556283359900238 32.25
    endloop
  endfacet
  facet normal 0 0 1
    outer loop
      vertex -31.486326977710988 -14.556283359900238 32.25
      vertex -31.5 -14.4 32.25
      vertex -31.49657522828257 -14.478440168472893 32.25
    endloop
  endfacet
  facet normal 0 -1 0
    outer loop
      vertex -30.6 -15.3 25.75
      vertex -24.9 -15.3 32.25
      vertex -30.6 -15.3 32.25
    endloop
  endfacet
  facet normal 0 -1 0
    outer loop
      vertex -30.6 -15.3 25.75
      vertex -24.9 -15.3 25.75
      vertex -24.9 -15.3 32.25
    endloop
  endfacet
  facet normal 0 0 1
    outer loop
      vertex -30.6 -15.3 32.25
      vertex -24.9 -10 32.25
      vertex -31.44572335870732 -14.707818128993102 32.25
    endloop
  endfacet
  facet normal 0 0 1
    outer loop
      vertex -31.44572335870732 -14.707818128993102 32.25
      vertex -31.5 14.400000000000002 32.25
      vertex -31.5 -14.4 32.25
    endloop
  endfacet
  facet normal 0 0 1
    outer loop
      vertex -30.6 -15.3 32.25
      vertex -24.9 -15.3 32.25
      vertex -24.9 -10 32.25
    endloop
  endfacet
  facet normal 0 0 1
    outer loop
      vertex -31.44572335870732 -14.707818128993102 32.25
      vertex -24.9 -10 32.25
      vertex -21.4 11.3 32.25
    endloop
  endfacet
  facet normal 0 0 1
    outer loop
      vertex -24.9 -10 32.25
      vertex -21.4 -10 32.25
      vertex -21.4 11.3 32.25
    endloop
  endfacet
  facet normal 0 0 -1
    outer loop
      vertex -31.44572335870732 -14.707818128993102 25.75
      vertex -31.5 14.400000000000002 25.75
      vertex -30.6 15.3 25.75
    endloop
  endfacet
  facet normal 0 0 -1
    outer loop
      vertex -27.35911099154688 12.189417145876973 25.75
      vertex -30.6 15.3 25.75
      vertex -27.381769303614647 12.291622186799682 25.75
    endloop
  endfacet
  facet normal 0 0 -1
    outer loop
      vertex -27.381769303614647 12.291622186799682 25.75
      vertex -30.6 15.3 25.75
      vertex -27.39543363771009 12.395413108702808 25.75
    endloop
  endfacet
  facet normal 0 0 -1
    outer loop
      vertex -27.39543363771009 12.395413108702808 25.75
      vertex -30.6 15.3 25.75
      vertex -27.4 12.5 25.75
    endloop
  endfacet
  facet normal 0 0 -1
    outer loop
      vertex -26.971345131623846 11.580746668257225 25.75
      vertex -26.888291723621254 11.517017546853209 25.75
      vertex -21.4 -10 25.75
    endloop
  endfacet
  facet normal 0 0 -1
    outer loop
      vertex -26.6104241719908 11.372368855056909 25.75
      vertex -21.4 -10 25.75
      vertex -26.707141914088837 11.412430655556019 25.75
    endloop
  endfacet
  facet normal 0 0 -1
    outer loop
      vertex -26.799999999999997 11.460769515458672 25.75
      vertex -26.707141914088837 11.412430655556019 25.75
      vertex -21.4 -10 25.75
    endloop
  endfacet
  facet normal 0 0 -1
    outer loop
      vertex -26.888291723621254 11.517017546853209 25.75
      vertex -26.799999999999997 11.460769515458672 25.75
      vertex -21.4 -10 25.75
    endloop
  endfacet
  facet normal 0 0 -1
    outer loop
      vertex -26.6104241719908 11.372368855056909 25.75
      vertex -26.510582854123022 11.340889008453118 25.75
      vertex -21.4 -10 25.75
    endloop
  endfacet
  facet normal 0 0 -1
    outer loop
      vertex -26.510582854123022 11.340889008453118 25.75
      vertex -26.408377813200314 11.31823069638535 25.75
      vertex -21.4 -10 25.75
    endloop
  endfacet
  facet normal 0 0 -1
    outer loop
      vertex -27.287569344443977 11.992858085911159 25.75
      vertex -21.4 -10 25.75
      vertex -27.327631144943087 12.089575828009195 25.75
    endloop
  endfacet
  facet normal 0 0 -1
    outer loop
      vertex -27.327631144943087 12.089575828009195 25.75
      vertex -21.4 -10 25.75
      vertex -27.35911099154688 12.189417145876973 25.75
    endloop
  endfacet
  facet normal 0 0 -1
    outer loop
      vertex -27.048528137423855 11.651471862576141 25.75
      vertex -21.4 -10 25.75
      vertex -27.119253331742772 11.728654868376152 25.75
    endloop
  endfacet
  facet normal 0 0 -1
    outer loop
      vertex -27.18298245314679 11.811708276378743 25.75
      vertex -21.4 -10 25.75
      vertex -27.239230484541324 11.899999999999999 25.75
    endloop
  endfacet
  facet normal 0 0 -1
    outer loop
      vertex -27.18298245314679 11.811708276378743 25.75
      vertex -27.119253331742772 11.728654868376152 25.75
      vertex -21.4 -10 25.75
    endloop
  endfacet
  facet normal 0 0 -1
    outer loop
      vertex -27.048528137423855 11.651471862576141 25.75
      vertex -26.971345131623846 11.580746668257225 25.75
      vertex -21.4 -10 25.75
    endloop
  endfacet
  facet normal 0 0 -1
    outer loop
      vertex -27.287569344443977 11.992858085911159 25.75
      vertex -27.239230484541324 11.899999999999999 25.75
      vertex -21.4 -10 25.75
    endloop
  endfacet
  facet normal 0 0 -1
    outer loop
      vertex -27.35911099154688 12.189417145876973 25.75
      vertex -21.4 -10 25.75
      vertex -30.6 15.3 25.75
    endloop
  endfacet
  facet normal 0 0 -1
    outer loop
      vertex -26.408377813200314 11.31823069638535 25.75
      vertex -26.304586891297188 11.304566362289904 25.75
      vertex -21.4 -10 25.75
    endloop
  endfacet
  facet normal 0 0 -1
    outer loop
      vertex -26.304586891297188 11.304566362289904 25.75
      vertex -26.2 11.299999999999999 25.75
      vertex -21.4 -10 25.75
    endloop
  endfacet
  facet normal 0 0 -1
    outer loop
      vertex -26.2 11.299999999999999 25.75
      vertex -21.4 11.299999999999999 25.75
      vertex -21.4 -10 25.75
    endloop
  endfacet
  facet normal 0 0 -1
    outer loop
      vertex -31.5 14.400000000000002 25.75
      vertex -31.49657522828257 14.478440168472893 25.75
      vertex -31.486326977710988 14.556283359900238 25.75
    endloop
  endfacet
  facet normal 0 0 -1
    outer loop
      vertex -31.5 14.400000000000002 25.75
      vertex -31.486326977710988 14.556283359900238 25.75
      vertex -31.44572335870732 14.707818128993104 25.75
    endloop
  endfacet
  facet normal 0 0 -1
    outer loop
      vertex -31.486326977710988 14.556283359900238 25.75
      vertex -31.46933324366016 14.632937140592272 25.75
      vertex -31.44572335870732 14.707818128993104 25.75
    endloop
  endfacet
  facet normal 0 0 -1
    outer loop
      vertex -31.5 14.400000000000002 25.75
      vertex -31.44572335870732 14.707818128993104 25.75
      vertex -31.236396103067893 15.036396103067894 25.75
    endloop
  endfacet
  facet normal 0 0 -1
    outer loop
      vertex -31.44572335870732 14.707818128993104 25.75
      vertex -31.415677008332985 14.780356435566631 25.75
      vertex -31.379422863405996 14.850000000000001 25.75
    endloop
  endfacet
  facet normal 0 0 -1
    outer loop
      vertex -31.44572335870732 14.707818128993104 25.75
      vertex -31.379422863405996 14.850000000000001 25.75
      vertex -31.236396103067893 15.036396103067894 25.75
    endloop
  endfacet
  facet normal 0 0 -1
    outer loop
      vertex -31.379422863405996 14.850000000000001 25.75
      vertex -31.337236839860093 14.916218792715945 25.75
      vertex -31.236396103067893 15.036396103067894 25.75
    endloop
  endfacet
  facet normal 0 0 -1
    outer loop
      vertex -31.337236839860093 14.916218792715945 25.75
      vertex -31.28943999880708 14.978508848717887 25.75
      vertex -31.236396103067893 15.036396103067894 25.75
    endloop
  endfacet
  facet normal 0 0 -1
    outer loop
      vertex -31.5 14.400000000000002 25.75
      vertex -31.236396103067893 15.036396103067894 25.75
      vertex -30.6 15.3 25.75
    endloop
  endfacet
  facet normal 0 0 -1
    outer loop
      vertex -31.236396103067893 15.036396103067894 25.75
      vertex -31.178508848717886 15.089439998807084 25.75
      vertex -31.05 15.179422863405996 25.75
    endloop
  endfacet
  facet normal 0 0 -1
    outer loop
      vertex -31.178508848717886 15.089439998807084 25.75
      vertex -31.11621879271594 15.137236839860094 25.75
      vertex -31.05 15.179422863405996 25.75
    endloop
  endfacet
  facet normal 0 0 -1
    outer loop
      vertex -31.236396103067893 15.036396103067894 25.75
      vertex -31.05 15.179422863405996 25.75
      vertex -30.9078181289931 15.24572335870732 25.75
    endloop
  endfacet
  facet normal 0 0 -1
    outer loop
      vertex -31.05 15.179422863405996 25.75
      vertex -30.98035643556663 15.215677008332985 25.75
      vertex -30.9078181289931 15.24572335870732 25.75
    endloop
  endfacet
  facet normal 0 0 -1
    outer loop
      vertex -31.236396103067893 15.036396103067894 25.75
      vertex -30.9078181289931 15.24572335870732 25.75
      vertex -30.6 15.3 25.75
    endloop
  endfacet
  facet normal 0 0 -1
    outer loop
      vertex -30.9078181289931 15.24572335870732 25.75
      vertex -30.832937140592268 15.269333243660164 25.75
      vertex -30.756283359900237 15.286326977710988 25.75
    endloop
  endfacet
  facet normal 0 0 -1
    outer loop
      vertex -30.9078181289931 15.24572335870732 25.75
      vertex -30.756283359900237 15.286326977710988 25.75
      vertex -30.6 15.3 25.75
    endloop
  endfacet
  facet normal 0 0 -1
    outer loop
      vertex -30.756283359900237 15.286326977710988 25.75
      vertex -30.678440168472893 15.296575228282574 25.75
      vertex -30.6 15.3 25.75
    endloop
  endfacet
  facet normal 0 0 -1
    outer loop
      vertex -27.4 12.5 25.75
      vertex -30.6 15.3 25.75
      vertex -27.4 15.3 25.75
    endloop
  endfacet
  facet normal 0 0 1
    outer loop
      vertex -31.44572335870732 -14.707818128993102 32.25
      vertex -31.44572335870732 14.707818128993104 32.25
      vertex -31.5 14.400000000000002 32.25
    endloop
  endfacet
  facet normal 0 0 1
    outer loop
      vertex -31.44572335870732 -14.707818128993102 32.25
      vertex -21.4 11.3 32.25
      vertex -31.44572335870732 14.707818128993104 32.25
    endloop
  endfacet
  facet normal 0 0 1
    outer loop
      vertex -31.44572335870732 14.707818128993104 32.25
      vertex -21.4 11.3 32.25
      vertex -19.4 11.3 32.25
    endloop
  endfacet
  facet normal 0 0 1
    outer loop
      vertex -31.44572335870732 14.707818128993104 32.25
      vertex -19.4 11.3 32.25
      vertex -19.45427664129268 14.707818128993104 32.25
    endloop
  endfacet
  facet normal 1 0 0
    outer loop
      vertex -19.4 14.400000000000002 29
      vertex -19.4 14.400000000000002 32.25
      vertex -19.4 11.3 29
    endloop
  endfacet
  facet normal 1 0 0
    outer loop
      vertex -19.4 14.400000000000002 32.25
      vertex -19.4 11.3 32.25
      vertex -19.4 11.3 29
    endloop
  endfacet
  facet normal 0 0 1
    outer loop
      vertex -19.4 14.400000000000002 32.25
      vertex -19.45427664129268 14.707818128993104 32.25
      vertex -19.4 11.3 32.25
    endloop
  endfacet
  facet normal -0.999048221581857 0.04361938736535255 0
    outer loop
      vertex -31.5 14.400000000000002 25.75
      vertex -31.5 14.400000000000002 32.25
      vertex -31.49657522828257 14.478440168472893 25.75
    endloop
  endfacet
  facet normal -0.991444861373813 0.13052619222002984 9.59461842434871e-20
    outer loop
      vertex -31.49657522828257 14.478440168472893 25.75
      vertex -31.486326977710988 14.556283359900238 32.25
      vertex -31.486326977710988 14.556283359900238 25.75
    endloop
  endfacet
  facet normal -0.976296007119928 0.21643961393812722 0
    outer loop
      vertex -31.486326977710988 14.556283359900238 25.75
      vertex -31.486326977710988 14.556283359900238 32.25
      vertex -31.46933324366016 14.632937140592272 25.75
    endloop
  endfacet
  facet normal -0.9537169507482381 0.30070579950423704 1.8816764975011505e-19
    outer loop
      vertex -31.46933324366016 14.632937140592272 25.75
      vertex -31.44572335870732 14.707818128993104 32.25
      vertex -31.44572335870732 14.707818128993104 25.75
    endloop
  endfacet
  facet normal -0.9238795325112775 0.38268343236511193 0
    outer loop
      vertex -31.44572335870732 14.707818128993104 25.75
      vertex -31.44572335870732 14.707818128993104 32.25
      vertex -31.415677008332985 14.780356435566631 25.75
    endloop
  endfacet
  facet normal -0.887010833178227 0.46174861323502353 2.2679770279682487e-19
    outer loop
      vertex -31.415677008332985 14.780356435566631 25.75
      vertex -31.379422863405996 14.850000000000001 32.25
      vertex -31.379422863405996 14.850000000000001 25.75
    endloop
  endfacet
  facet normal -0.8433914458128937 0.5372996083468113 3.178036615184544e-19
    outer loop
      vertex -31.379422863405996 14.850000000000001 25.75
      vertex -31.337236839860093 14.916218792715945 32.25
      vertex -31.337236839860093 14.916218792715945 25.75
    endloop
  endfacet
  facet normal -0.7933533402912157 0.608761429008746 -3.5091144543884905e-19
    outer loop
      vertex -31.337236839860093 14.916218792715945 25.75
      vertex -31.28943999880708 14.978508848717887 32.25
      vertex -31.28943999880708 14.978508848717887 25.75
    endloop
  endfacet
  facet normal -0.7372773368101269 0.6755902076156574 0
    outer loop
      vertex -31.28943999880708 14.978508848717887 25.75
      vertex -31.28943999880708 14.978508848717887 32.25
      vertex -31.236396103067893 15.036396103067894 25.75
    endloop
  endfacet
  facet normal -0.6755902076156819 0.7372773368101042 -4.2330576605541783e-20
    outer loop
      vertex -31.236396103067893 15.036396103067894 25.75
      vertex -31.178508848717886 15.089439998807084 32.25
      vertex -31.178508848717886 15.089439998807084 25.75
    endloop
  endfacet
  facet normal -0.6087614290086957 0.7933533402912545 -1.2012641059565612e-19
    outer loop
      vertex -31.178508848717886 15.089439998807084 25.75
      vertex -31.11621879271594 15.137236839860094 32.25
      vertex -31.11621879271594 15.137236839860094 25.75
    endloop
  endfacet
  facet normal -0.5372996083468318 0.8433914458128806 0
    outer loop
      vertex -31.11621879271594 15.137236839860094 25.75
      vertex -31.11621879271594 15.137236839860094 32.25
      vertex -31.05 15.179422863405996 25.75
    endloop
  endfacet
  facet normal -0.46174861323502353 0.887010833178227 0
    outer loop
      vertex -31.05 15.179422863405996 25.75
      vertex -31.05 15.179422863405996 32.25
      vertex -30.98035643556663 15.215677008332985 25.75
    endloop
  endfacet
  facet normal -0.38268343236509594 0.9238795325112842 -1.4660781360959892e-19
    outer loop
      vertex -30.98035643556663 15.215677008332985 25.75
      vertex -30.9078181289931 15.24572335870732 32.25
      vertex -30.9078181289931 15.24572335870732 25.75
    endloop
  endfacet
  facet normal -0.3007057995042782 0.9537169507482253 1.2448281395335956e-19
    outer loop
      vertex -30.9078181289931 15.24572335870732 25.75
      vertex -30.832937140592268 15.269333243660164 32.25
      vertex -30.832937140592268 15.269333243660164 25.75
    endloop
  endfacet
  facet normal -0.21643961393809363 0.9762960071199355 0
    outer loop
      vertex -30.832937140592268 15.269333243660164 25.75
      vertex -30.832937140592268 15.269333243660164 32.25
      vertex -30.756283359900237 15.286326977710988 25.75
    endloop
  endfacet
  facet normal -0.13052619222007436 0.9914448613738075 4.6169808576832714e-20
    outer loop
      vertex -30.756283359900237 15.286326977710988 25.75
      vertex -30.678440168472893 15.296575228282574 32.25
      vertex -30.678440168472893 15.296575228282574 25.75
    endloop
  endfacet
  facet normal -0.0436193873653074 0.9990482215818591 0
    outer loop
      vertex -30.678440168472893 15.296575228282574 25.75
      vertex -30.678440168472893 15.296575228282574 32.25
      vertex -30.6 15.3 25.75
    endloop
  endfacet
  facet normal 0 1 0
    outer loop
      vertex -30.6 15.3 25.75
      vertex -30.6 15.3 32.25
      vertex -27.4 15.3 29
    endloop
  endfacet
  facet normal 0 1 0
    outer loop
      vertex -30.6 15.3 25.75
      vertex -27.4 15.3 29
      vertex -27.4 15.3 25.75
    endloop
  endfacet
  facet normal -0.999048221581857 0.04361938736535255 0
    outer loop
      vertex -31.49657522828257 14.478440168472893 25.75
      vertex -31.5 14.400000000000002 32.25
      vertex -31.49657522828257 14.478440168472893 32.25
    endloop
  endfacet
  facet normal -0.991444861373813 0.13052619222002984 0
    outer loop
      vertex -31.49657522828257 14.478440168472893 25.75
      vertex -31.49657522828257 14.478440168472893 32.25
      vertex -31.486326977710988 14.556283359900238 32.25
    endloop
  endfacet
  facet normal -0.976296007119928 0.21643961393812722 0
    outer loop
      vertex -31.46933324366016 14.632937140592272 25.75
      vertex -31.486326977710988 14.556283359900238 32.25
      vertex -31.46933324366016 14.632937140592272 32.25
    endloop
  endfacet
  facet normal -0.9537169507482381 0.30070579950423704 0
    outer loop
      vertex -31.46933324366016 14.632937140592272 25.75
      vertex -31.46933324366016 14.632937140592272 32.25
      vertex -31.44572335870732 14.707818128993104 32.25
    endloop
  endfacet
  facet normal -0.9238795325112775 0.38268343236511193 0
    outer loop
      vertex -31.415677008332985 14.780356435566631 25.75
      vertex -31.44572335870732 14.707818128993104 32.25
      vertex -31.415677008332985 14.780356435566631 32.25
    endloop
  endfacet
  facet normal -0.887010833178227 0.46174861323502353 0
    outer loop
      vertex -31.415677008332985 14.780356435566631 25.75
      vertex -31.415677008332985 14.780356435566631 32.25
      vertex -31.379422863405996 14.850000000000001 32.25
    endloop
  endfacet
  facet normal -0.8433914458128937 0.5372996083468113 0
    outer loop
      vertex -31.379422863405996 14.850000000000001 25.75
      vertex -31.379422863405996 14.850000000000001 32.25
      vertex -31.337236839860093 14.916218792715945 32.25
    endloop
  endfacet
  facet normal -0.7933533402912157 0.608761429008746 0
    outer loop
      vertex -31.337236839860093 14.916218792715945 25.75
      vertex -31.337236839860093 14.916218792715945 32.25
      vertex -31.28943999880708 14.978508848717887 32.25
    endloop
  endfacet
  facet normal -0.7372773368101269 0.6755902076156574 0
    outer loop
      vertex -31.236396103067893 15.036396103067894 25.75
      vertex -31.28943999880708 14.978508848717887 32.25
      vertex -31.236396103067893 15.036396103067894 32.25
    endloop
  endfacet
  facet normal -0.6755902076156819 0.7372773368101042 0
    outer loop
      vertex -31.236396103067893 15.036396103067894 25.75
      vertex -31.236396103067893 15.036396103067894 32.25
      vertex -31.178508848717886 15.089439998807084 32.25
    endloop
  endfacet
  facet normal -0.6087614290086957 0.7933533402912545 0
    outer loop
      vertex -31.178508848717886 15.089439998807084 25.75
      vertex -31.178508848717886 15.089439998807084 32.25
      vertex -31.11621879271594 15.137236839860094 32.25
    endloop
  endfacet
  facet normal -0.5372996083468318 0.8433914458128806 0
    outer loop
      vertex -31.05 15.179422863405996 25.75
      vertex -31.11621879271594 15.137236839860094 32.25
      vertex -31.05 15.179422863405996 32.25
    endloop
  endfacet
  facet normal -0.46174861323502353 0.887010833178227 0
    outer loop
      vertex -30.98035643556663 15.215677008332985 25.75
      vertex -31.05 15.179422863405996 32.25
      vertex -30.98035643556663 15.215677008332985 32.25
    endloop
  endfacet
  facet normal -0.38268343236509594 0.9238795325112842 0
    outer loop
      vertex -30.98035643556663 15.215677008332985 25.75
      vertex -30.98035643556663 15.215677008332985 32.25
      vertex -30.9078181289931 15.24572335870732 32.25
    endloop
  endfacet
  facet normal -0.3007057995042782 0.9537169507482253 0
    outer loop
      vertex -30.9078181289931 15.24572335870732 25.75
      vertex -30.9078181289931 15.24572335870732 32.25
      vertex -30.832937140592268 15.269333243660164 32.25
    endloop
  endfacet
  facet normal -0.21643961393809363 0.9762960071199355 0
    outer loop
      vertex -30.756283359900237 15.286326977710988 25.75
      vertex -30.832937140592268 15.269333243660164 32.25
      vertex -30.756283359900237 15.286326977710988 32.25
    endloop
  endfacet
  facet normal -0.13052619222007436 0.9914448613738075 0
    outer loop
      vertex -30.756283359900237 15.286326977710988 25.75
      vertex -30.756283359900237 15.286326977710988 32.25
      vertex -30.678440168472893 15.296575228282574 32.25
    endloop
  endfacet
  facet normal -0.0436193873653074 0.9990482215818591 0
    outer loop
      vertex -30.6 15.3 25.75
      vertex -30.678440168472893 15.296575228282574 32.25
      vertex -30.6 15.3 32.25
    endloop
  endfacet
  facet normal 0 0 1
    outer loop
      vertex -31.5 14.400000000000002 32.25
      vertex -31.486326977710988 14.556283359900238 32.25
      vertex -31.49657522828257 14.478440168472893 32.25
    endloop
  endfacet
  facet normal 0 0 1
    outer loop
      vertex -31.5 14.400000000000002 32.25
      vertex -31.44572335870732 14.707818128993104 32.25
      vertex -31.486326977710988 14.556283359900238 32.25
    endloop
  endfacet
  facet normal 0 0 1
    outer loop
      vertex -31.486326977710988 14.556283359900238 32.25
      vertex -31.44572335870732 14.707818128993104 32.25
      vertex -31.46933324366016 14.632937140592272 32.25
    endloop
  endfacet
  facet normal 0 0 1
    outer loop
      vertex -31.44572335870732 14.707818128993104 32.25
      vertex -31.379422863405996 14.850000000000001 32.25
      vertex -31.415677008332985 14.780356435566631 32.25
    endloop
  endfacet
  facet normal 0 0 1
    outer loop
      vertex -31.44572335870732 14.707818128993104 32.25
      vertex -31.337236839860093 14.916218792715945 32.25
      vertex -31.379422863405996 14.850000000000001 32.25
    endloop
  endfacet
  facet normal 0 0 1
    outer loop
      vertex -31.44572335870732 14.707818128993104 32.25
      vertex -31.11621879271594 15.137236839860094 32.25
      vertex -31.337236839860093 14.916218792715945 32.25
    endloop
  endfacet
  facet normal 0 0 1
    outer loop
      vertex -31.337236839860093 14.916218792715945 32.25
      vertex -31.236396103067893 15.036396103067894 32.25
      vertex -31.28943999880708 14.978508848717887 32.25
    endloop
  endfacet
  facet normal 0 0 1
    outer loop
      vertex -31.337236839860093 14.916218792715945 32.25
      vertex -31.11621879271594 15.137236839860094 32.25
      vertex -31.236396103067893 15.036396103067894 32.25
    endloop
  endfacet
  facet normal 0 0 1
    outer loop
      vertex -31.236396103067893 15.036396103067894 32.25
      vertex -31.11621879271594 15.137236839860094 32.25
      vertex -31.178508848717886 15.089439998807084 32.25
    endloop
  endfacet
  facet normal 0 0 1
    outer loop
      vertex -31.44572335870732 14.707818128993104 32.25
      vertex -30.6 15.3 32.25
      vertex -31.11621879271594 15.137236839860094 32.25
    endloop
  endfacet
  facet normal 0 0 1
    outer loop
      vertex -31.11621879271594 15.137236839860094 32.25
      vertex -30.9078181289931 15.24572335870732 32.25
      vertex -31.05 15.179422863405996 32.25
    endloop
  endfacet
  facet normal 0 0 1
    outer loop
      vertex -31.05 15.179422863405996 32.25
      vertex -30.9078181289931 15.24572335870732 32.25
      vertex -30.98035643556663 15.215677008332985 32.25
    endloop
  endfacet
  facet normal 0 0 1
    outer loop
      vertex -31.11621879271594 15.137236839860094 32.25
      vertex -30.6 15.3 32.25
      vertex -30.9078181289931 15.24572335870732 32.25
    endloop
  endfacet
  facet normal 0 0 1
    outer loop
      vertex -30.9078181289931 15.24572335870732 32.25
      vertex -30.756283359900237 15.286326977710988 32.25
      vertex -30.832937140592268 15.269333243660164 32.25
    endloop
  endfacet
  facet normal 0 0 1
    outer loop
      vertex -30.9078181289931 15.24572335870732 32.25
      vertex -30.6 15.3 32.25
      vertex -30.756283359900237 15.286326977710988 32.25
    endloop
  endfacet
  facet normal 0 0 1
    outer loop
      vertex -30.756283359900237 15.286326977710988 32.25
      vertex -30.6 15.3 32.25
      vertex -30.678440168472893 15.296575228282574 32.25
    endloop
  endfacet
  facet normal 0 0 1
    outer loop
      vertex -31.44572335870732 14.707818128993104 32.25
      vertex -19.45427664129268 14.707818128993104 32.25
      vertex -30.6 15.3 32.25
    endloop
  endfacet
  facet normal 0 1 0
    outer loop
      vertex -27.4 15.3 29
      vertex -30.6 15.3 32.25
      vertex -20.299999999999997 15.3 32.25
    endloop
  endfacet
  facet normal 0 1 0
    outer loop
      vertex -27.4 15.3 29
      vertex -20.299999999999997 15.3 32.25
      vertex -20.299999999999997 15.3 29
    endloop
  endfacet
  facet normal 0 0 1
    outer loop
      vertex -30.6 15.3 32.25
      vertex -20.221559831527106 15.296575228282574 32.25
      vertex -20.299999999999997 15.3 32.25
    endloop
  endfacet
  facet normal 0 0 1
    outer loop
      vertex -30.6 15.3 32.25
      vertex -19.45427664129268 14.707818128993104 32.25
      vertex -20.221559831527106 15.296575228282574 32.25
    endloop
  endfacet
  facet normal 0.0436193873653074 0.9990482215818591 0
    outer loop
      vertex -20.299999999999997 15.3 29
      vertex -20.299999999999997 15.3 32.25
      vertex -20.221559831527106 15.296575228282574 32.25
    endloop
  endfacet
  facet normal 0.999048221581857 0.04361938736535255 0
    outer loop
      vertex -19.4 14.400000000000002 29
      vertex -19.40342477171743 14.478440168472893 29
      vertex -19.4 14.400000000000002 32.25
    endloop
  endfacet
  facet normal 0.991444861373813 0.13052619222002984 -1.918923684869742e-19
    outer loop
      vertex -19.41367302228901 14.556283359900238 29
      vertex -19.40342477171743 14.478440168472893 32.25
      vertex -19.40342477171743 14.478440168472893 29
    endloop
  endfacet
  facet normal 0.976296007119928 0.21643961393812722 0
    outer loop
      vertex -19.41367302228901 14.556283359900238 29
      vertex -19.43066675633984 14.632937140592272 29
      vertex -19.41367302228901 14.556283359900238 32.25
    endloop
  endfacet
  facet normal 0.9537169507482381 0.30070579950423704 0
    outer loop
      vertex -19.43066675633984 14.632937140592272 29
      vertex -19.45427664129268 14.707818128993104 29
      vertex -19.43066675633984 14.632937140592272 32.25
    endloop
  endfacet
  facet normal 0.9238795325112775 0.38268343236511193 0
    outer loop
      vertex -19.45427664129268 14.707818128993104 29
      vertex -19.484322991667014 14.780356435566631 29
      vertex -19.45427664129268 14.707818128993104 32.25
    endloop
  endfacet
  facet normal 0.8870108331782085 0.4617486132350591 0
    outer loop
      vertex -19.484322991667014 14.780356435566631 29
      vertex -19.520577136594007 14.850000000000001 29
      vertex -19.484322991667014 14.780356435566631 32.25
    endloop
  endfacet
  facet normal 0.8433914458128937 0.5372996083468113 0
    outer loop
      vertex -19.520577136594007 14.850000000000001 29
      vertex -19.56276316013991 14.916218792715945 29
      vertex -19.520577136594007 14.850000000000001 32.25
    endloop
  endfacet
  facet normal 0.0436193873653074 0.9990482215818591 6.54484438018125e-20
    outer loop
      vertex -20.299999999999997 15.3 29
      vertex -20.221559831527106 15.296575228282574 32.25
      vertex -20.221559831527106 15.296575228282574 29
    endloop
  endfacet
  facet normal 0.13052619222007436 0.9914448613738075 -9.233961715366543e-20
    outer loop
      vertex -20.221559831527106 15.296575228282574 29
      vertex -20.14371664009976 15.286326977710988 32.25
      vertex -20.14371664009976 15.286326977710988 29
    endloop
  endfacet
  facet normal 0.21643961393809363 0.9762960071199355 3.433359096826364e-19
    outer loop
      vertex -20.14371664009976 15.286326977710988 29
      vertex -20.06706285940773 15.269333243660164 32.25
      vertex -20.06706285940773 15.269333243660164 29
    endloop
  endfacet
  facet normal 0.3007057995042782 0.9537169507482253 -2.489656279067191e-19
    outer loop
      vertex -20.06706285940773 15.269333243660164 29
      vertex -19.9921818710069 15.24572335870732 32.25
      vertex -19.9921818710069 15.24572335870732 29
    endloop
  endfacet
  facet normal 0.46174861323502353 0.887010833178227 0
    outer loop
      vertex -19.85 15.179422863405996 29
      vertex -19.919643564433372 15.215677008332985 29
      vertex -19.85 15.179422863405996 32.25
    endloop
  endfacet
  facet normal 0.38268343236511193 0.9238795325112775 5.306471014140536e-19
    outer loop
      vertex -19.9921818710069 15.24572335870732 29
      vertex -19.919643564433372 15.215677008332985 32.25
      vertex -19.919643564433372 15.215677008332985 29
    endloop
  endfacet
  facet normal 0.5372996083468113 0.8433914458128937 -6.356073230369088e-19
    outer loop
      vertex -19.85 15.179422863405996 29
      vertex -19.783781207284058 15.137236839860094 32.25
      vertex -19.783781207284058 15.137236839860094 29
    endloop
  endfacet
  facet normal 0.6087614290087174 0.7933533402912375 0
    outer loop
      vertex -19.721491151282116 15.089439998807084 29
      vertex -19.783781207284058 15.137236839860094 29
      vertex -19.721491151282116 15.089439998807084 32.25
    endloop
  endfacet
  facet normal 0.7933533402912375 0.6087614290087174 0
    outer loop
      vertex -19.56276316013991 14.916218792715945 29
      vertex -19.61056000119292 14.978508848717887 29
      vertex -19.56276316013991 14.916218792715945 32.25
    endloop
  endfacet
  facet normal 0.7372773368101269 0.6755902076156574 0
    outer loop
      vertex -19.61056000119292 14.978508848717887 29
      vertex -19.663603896932106 15.036396103067894 29
      vertex -19.61056000119292 14.978508848717887 32.25
    endloop
  endfacet
  facet normal 0.6755902076156594 0.7372773368101249 -8.256093191853274e-19
    outer loop
      vertex -19.721491151282116 15.089439998807084 29
      vertex -19.663603896932106 15.036396103067894 32.25
      vertex -19.663603896932106 15.036396103067894 29
    endloop
  endfacet
  facet normal 0.991444861373813 0.13052619222002984 0
    outer loop
      vertex -19.41367302228901 14.556283359900238 29
      vertex -19.41367302228901 14.556283359900238 32.25
      vertex -19.40342477171743 14.478440168472893 32.25
    endloop
  endfacet
  facet normal 0.976296007119928 0.21643961393812722 0
    outer loop
      vertex -19.43066675633984 14.632937140592272 29
      vertex -19.43066675633984 14.632937140592272 32.25
      vertex -19.41367302228901 14.556283359900238 32.25
    endloop
  endfacet
  facet normal 0.9537169507482381 0.30070579950423704 0
    outer loop
      vertex -19.45427664129268 14.707818128993104 29
      vertex -19.45427664129268 14.707818128993104 32.25
      vertex -19.43066675633984 14.632937140592272 32.25
    endloop
  endfacet
  facet normal 0.9238795325112775 0.38268343236511193 0
    outer loop
      vertex -19.484322991667014 14.780356435566631 29
      vertex -19.484322991667014 14.780356435566631 32.25
      vertex -19.45427664129268 14.707818128993104 32.25
    endloop
  endfacet
  facet normal 0.8870108331782085 0.4617486132350591 0
    outer loop
      vertex -19.520577136594007 14.850000000000001 29
      vertex -19.520577136594007 14.850000000000001 32.25
      vertex -19.484322991667014 14.780356435566631 32.25
    endloop
  endfacet
  facet normal 0.999048221581857 0.04361938736535255 0
    outer loop
      vertex -19.40342477171743 14.478440168472893 29
      vertex -19.40342477171743 14.478440168472893 32.25
      vertex -19.4 14.400000000000002 32.25
    endloop
  endfacet
  facet normal 0 0 1
    outer loop
      vertex -19.4 14.400000000000002 32.25
      vertex -19.40342477171743 14.478440168472893 32.25
      vertex -19.45427664129268 14.707818128993104 32.25
    endloop
  endfacet
  facet normal 0 0 1
    outer loop
      vertex -19.41367302228901 14.556283359900238 32.25
      vertex -19.45427664129268 14.707818128993104 32.25
      vertex -19.40342477171743 14.478440168472893 32.25
    endloop
  endfacet
  facet normal 0 0 1
    outer loop
      vertex -19.41367302228901 14.556283359900238 32.25
      vertex -19.43066675633984 14.632937140592272 32.25
      vertex -19.45427664129268 14.707818128993104 32.25
    endloop
  endfacet
  facet normal 0 0 1
    outer loop
      vertex -19.45427664129268 14.707818128993104 32.25
      vertex -19.484322991667014 14.780356435566631 32.25
      vertex -19.520577136594007 14.850000000000001 32.25
    endloop
  endfacet
  facet normal 0 0 1
    outer loop
      vertex -19.45427664129268 14.707818128993104 32.25
      vertex -19.520577136594007 14.850000000000001 32.25
      vertex -19.61056000119292 14.978508848717887 32.25
    endloop
  endfacet
  facet normal 0.13052619222007436 0.9914448613738075 0
    outer loop
      vertex -20.221559831527106 15.296575228282574 29
      vertex -20.221559831527106 15.296575228282574 32.25
      vertex -20.14371664009976 15.286326977710988 32.25
    endloop
  endfacet
  facet normal 0.21643961393809363 0.9762960071199355 0
    outer loop
      vertex -20.14371664009976 15.286326977710988 29
      vertex -20.14371664009976 15.286326977710988 32.25
      vertex -20.06706285940773 15.269333243660164 32.25
    endloop
  endfacet
  facet normal 0.3007057995042782 0.9537169507482253 0
    outer loop
      vertex -20.06706285940773 15.269333243660164 29
      vertex -20.06706285940773 15.269333243660164 32.25
      vertex -19.9921818710069 15.24572335870732 32.25
    endloop
  endfacet
  facet normal 0.6755902076156594 0.7372773368101249 0
    outer loop
      vertex -19.721491151282116 15.089439998807084 29
      vertex -19.721491151282116 15.089439998807084 32.25
      vertex -19.663603896932106 15.036396103067894 32.25
    endloop
  endfacet
  facet normal 0.38268343236511193 0.9238795325112775 0
    outer loop
      vertex -19.9921818710069 15.24572335870732 29
      vertex -19.9921818710069 15.24572335870732 32.25
      vertex -19.919643564433372 15.215677008332985 32.25
    endloop
  endfacet
  facet normal 0.46174861323502353 0.887010833178227 0
    outer loop
      vertex -19.919643564433372 15.215677008332985 29
      vertex -19.919643564433372 15.215677008332985 32.25
      vertex -19.85 15.179422863405996 32.25
    endloop
  endfacet
  facet normal 0.6087614290087174 0.7933533402912375 0
    outer loop
      vertex -19.783781207284058 15.137236839860094 29
      vertex -19.783781207284058 15.137236839860094 32.25
      vertex -19.721491151282116 15.089439998807084 32.25
    endloop
  endfacet
  facet normal 0.5372996083468113 0.8433914458128937 0
    outer loop
      vertex -19.85 15.179422863405996 29
      vertex -19.85 15.179422863405996 32.25
      vertex -19.783781207284058 15.137236839860094 32.25
    endloop
  endfacet
  facet normal 0.8433914458128937 0.5372996083468113 0
    outer loop
      vertex -19.56276316013991 14.916218792715945 29
      vertex -19.56276316013991 14.916218792715945 32.25
      vertex -19.520577136594007 14.850000000000001 32.25
    endloop
  endfacet
  facet normal 0.7933533402912375 0.6087614290087174 0
    outer loop
      vertex -19.61056000119292 14.978508848717887 29
      vertex -19.61056000119292 14.978508848717887 32.25
      vertex -19.56276316013991 14.916218792715945 32.25
    endloop
  endfacet
  facet normal 0.7372773368101269 0.6755902076156574 0
    outer loop
      vertex -19.663603896932106 15.036396103067894 29
      vertex -19.663603896932106 15.036396103067894 32.25
      vertex -19.61056000119292 14.978508848717887 32.25
    endloop
  endfacet
  facet normal 0 0 1
    outer loop
      vertex -20.221559831527106 15.296575228282574 32.25
      vertex -19.9921818710069 15.24572335870732 32.25
      vertex -20.14371664009976 15.286326977710988 32.25
    endloop
  endfacet
  facet normal 0 0 1
    outer loop
      vertex -20.14371664009976 15.286326977710988 32.25
      vertex -19.9921818710069 15.24572335870732 32.25
      vertex -20.06706285940773 15.269333243660164 32.25
    endloop
  endfacet
  facet normal 0 0 1
    outer loop
      vertex -20.221559831527106 15.296575228282574 32.25
      vertex -19.783781207284058 15.137236839860094 32.25
      vertex -19.9921818710069 15.24572335870732 32.25
    endloop
  endfacet
  facet normal 0 0 1
    outer loop
      vertex -19.45427664129268 14.707818128993104 32.25
      vertex -19.783781207284058 15.137236839860094 32.25
      vertex -20.221559831527106 15.296575228282574 32.25
    endloop
  endfacet
  facet normal 0 0 1
    outer loop
      vertex -19.721491151282116 15.089439998807084 32.25
      vertex -19.783781207284058 15.137236839860094 32.25
      vertex -19.61056000119292 14.978508848717887 32.25
    endloop
  endfacet
  facet normal 0 0 1
    outer loop
      vertex -19.9921818710069 15.24572335870732 32.25
      vertex -19.783781207284058 15.137236839860094 32.25
      vertex -19.919643564433372 15.215677008332985 32.25
    endloop
  endfacet
  facet normal 0 0 1
    outer loop
      vertex -19.85 15.179422863405996 32.25
      vertex -19.919643564433372 15.215677008332985 32.25
      vertex -19.783781207284058 15.137236839860094 32.25
    endloop
  endfacet
  facet normal 0 0 1
    outer loop
      vertex -19.520577136594007 14.850000000000001 32.25
      vertex -19.56276316013991 14.916218792715945 32.25
      vertex -19.61056000119292 14.978508848717887 32.25
    endloop
  endfacet
  facet normal 0 0 1
    outer loop
      vertex -19.45427664129268 14.707818128993104 32.25
      vertex -19.61056000119292 14.978508848717887 32.25
      vertex -19.783781207284058 15.137236839860094 32.25
    endloop
  endfacet
  facet normal 0 0 1
    outer loop
      vertex -19.721491151282116 15.089439998807084 32.25
      vertex -19.61056000119292 14.978508848717887 32.25
      vertex -19.663603896932106 15.036396103067894 32.25
    endloop
  endfacet
  facet normal 0 -1 0
    outer loop
      vertex 30.6 -15.3 22.25
      vertex 24.9 -15.3 22.25
      vertex 24.9 -15.3 15.75
    endloop
  endfacet
  facet normal 0 0 -1
    outer loop
      vertex 30.6 -15.3 15.75
      vertex 30.756283359900237 -15.286326977710988 15.75
      vertex 30.678440168472893 -15.296575228282572 15.75
    endloop
  endfacet
  facet normal 0 0 -1
    outer loop
      vertex 30.6 -15.3 15.75
      vertex 30.9078181289931 -15.245723358707318 15.75
      vertex 30.756283359900237 -15.286326977710988 15.75
    endloop
  endfacet
  facet normal 0 0 -1
    outer loop
      vertex 30.756283359900237 -15.286326977710988 15.75
      vertex 30.9078181289931 -15.245723358707318 15.75
      vertex 30.832937140592268 -15.269333243660162 15.75
    endloop
  endfacet
  facet normal 0 0 -1
    outer loop
      vertex 30.6 -15.3 15.75
      vertex 31.236396103067893 -15.036396103067894 15.75
      vertex 30.9078181289931 -15.245723358707318 15.75
    endloop
  endfacet
  facet normal 0 0 -1
    outer loop
      vertex 30.9078181289931 -15.245723358707318 15.75
      vertex 31.11621879271594 -15.137236839860094 15.75
      vertex 30.980356435566627 -15.215677008332985 15.75
    endloop
  endfacet
  facet normal 0 0 -1
    outer loop
      vertex 30.980356435566627 -15.215677008332985 15.75
      vertex 31.11621879271594 -15.137236839860094 15.75
      vertex 31.049999999999997 -15.179422863405996 15.75
    endloop
  endfacet
  facet normal 0 0 -1
    outer loop
      vertex 30.9078181289931 -15.245723358707318 15.75
      vertex 31.236396103067893 -15.036396103067894 15.75
      vertex 31.11621879271594 -15.137236839860094 15.75
    endloop
  endfacet
  facet normal 0 0 -1
    outer loop
      vertex 31.11621879271594 -15.137236839860094 15.75
      vertex 31.236396103067893 -15.036396103067894 15.75
      vertex 31.178508848717883 -15.08943999880708 15.75
    endloop
  endfacet
  facet normal 0 0 -1
    outer loop
      vertex 30.6 -15.3 15.75
      vertex 31.5 -14.4 15.75
      vertex 31.236396103067893 -15.036396103067894 15.75
    endloop
  endfacet
  facet normal 0 0 -1
    outer loop
      vertex 31.236396103067893 -15.036396103067894 15.75
      vertex 31.33723683986009 -14.916218792715942 15.75
      vertex 31.28943999880708 -14.978508848717887 15.75
    endloop
  endfacet
  facet normal 0 0 -1
    outer loop
      vertex 31.236396103067893 -15.036396103067894 15.75
      vertex 31.415677008332985 -14.780356435566631 15.75
      vertex 31.33723683986009 -14.916218792715942 15.75
    endloop
  endfacet
  facet normal 0 0 -1
    outer loop
      vertex 31.33723683986009 -14.916218792715942 15.75
      vertex 31.415677008332985 -14.780356435566631 15.75
      vertex 31.379422863405992 -14.850000000000001 15.75
    endloop
  endfacet
  facet normal 0 0 -1
    outer loop
      vertex 31.236396103067893 -15.036396103067894 15.75
      vertex 31.5 -14.4 15.75
      vertex 31.415677008332985 -14.780356435566631 15.75
    endloop
  endfacet
  facet normal 0 0 -1
    outer loop
      vertex 31.415677008332985 -14.780356435566631 15.75
      vertex 31.46933324366016 -14.632937140592269 15.75
      vertex 31.44572335870732 -14.707818128993102 15.75
    endloop
  endfacet
  facet normal 0 0 -1
    outer loop
      vertex 31.415677008332985 -14.780356435566631 15.75
      vertex 31.5 -14.4 15.75
      vertex 31.46933324366016 -14.632937140592269 15.75
    endloop
  endfacet
  facet normal 0 0 -1
    outer loop
      vertex 31.46933324366016 -14.632937140592269 15.75
      vertex 31.5 -14.4 15.75
      vertex 31.486326977710988 -14.556283359900238 15.75
    endloop
  endfacet
  facet normal 0 0 -1
    outer loop
      vertex 31.486326977710988 -14.556283359900238 15.75
      vertex 31.5 -14.4 15.75
      vertex 31.49657522828257 -14.478440168472893 15.75
    endloop
  endfacet
  facet normal 0 -1 0
    outer loop
      vertex 30.6 -15.3 15.75
      vertex 30.6 -15.3 22.25
      vertex 24.9 -15.3 15.75
    endloop
  endfacet
  facet normal 0.04361938736532997 -0.9990482215818581 2.057195405707969e-21
    outer loop
      vertex 30.6 -15.3 15.75
      vertex 30.678440168472893 -15.296575228282572 15.75
      vertex 30.678440168472893 -15.296575228282572 22.25
    endloop
  endfacet
  facet normal 0.1305261922200521 -0.9914448613738103 0
    outer loop
      vertex 30.678440168472893 -15.296575228282572 15.75
      vertex 30.756283359900237 -15.286326977710988 15.75
      vertex 30.678440168472893 -15.296575228282572 22.25
    endloop
  endfacet
  facet normal 0.21643961393811517 -0.9762960071199306 0
    outer loop
      vertex 30.756283359900237 -15.286326977710988 15.75
      vertex 30.832937140592268 -15.269333243660162 15.75
      vertex 30.756283359900237 -15.286326977710988 22.25
    endloop
  endfacet
  facet normal 0.3007057995042782 -0.9537169507482253 1.2448281395335956e-19
    outer loop
      vertex 30.832937140592268 -15.269333243660162 15.75
      vertex 30.9078181289931 -15.245723358707318 15.75
      vertex 30.9078181289931 -15.245723358707318 22.25
    endloop
  endfacet
  facet normal 0.38268343236509267 -0.9238795325112855 -3.6466561755848774e-19
    outer loop
      vertex 30.9078181289931 -15.245723358707318 15.75
      vertex 30.980356435566627 -15.215677008332985 15.75
      vertex 30.980356435566627 -15.215677008332985 22.25
    endloop
  endfacet
  facet normal 0.46174861323502353 -0.887010833178227 2.2679770279682487e-19
    outer loop
      vertex 30.980356435566627 -15.215677008332985 15.75
      vertex 31.049999999999997 -15.179422863405996 15.75
      vertex 31.049999999999997 -15.179422863405996 22.25
    endloop
  endfacet
  facet normal 0.5372996083468113 -0.8433914458128937 0
    outer loop
      vertex 31.049999999999997 -15.179422863405996 15.75
      vertex 31.11621879271594 -15.137236839860094 15.75
      vertex 31.049999999999997 -15.179422863405996 22.25
    endloop
  endfacet
  facet normal 0.608761429008746 -0.7933533402912157 0
    outer loop
      vertex 31.11621879271594 -15.137236839860094 15.75
      vertex 31.178508848717883 -15.08943999880708 15.75
      vertex 31.11621879271594 -15.137236839860094 22.25
    endloop
  endfacet
  facet normal 0.6755902076156347 -0.7372773368101474 2.3232258656463243e-19
    outer loop
      vertex 31.178508848717883 -15.08943999880708 15.75
      vertex 31.236396103067893 -15.036396103067894 15.75
      vertex 31.236396103067893 -15.036396103067894 22.25
    endloop
  endfacet
  facet normal 0.7372773368101269 -0.6755902076156574 -2.2281264960886124e-19
    outer loop
      vertex 31.236396103067893 -15.036396103067894 15.75
      vertex 31.28943999880708 -14.978508848717887 15.75
      vertex 31.28943999880708 -14.978508848717887 22.25
    endloop
  endfacet
  facet normal 0.7933533402912545 -0.6087614290086957 0
    outer loop
      vertex 31.28943999880708 -14.978508848717887 15.75
      vertex 31.33723683986009 -14.916218792715942 15.75
      vertex 31.28943999880708 -14.978508848717887 22.25
    endloop
  endfacet
  facet normal 0.8433914458128806 -0.5372996083468318 -1.8178423959720593e-19
    outer loop
      vertex 31.33723683986009 -14.916218792715942 15.75
      vertex 31.379422863405992 -14.850000000000001 15.75
      vertex 31.379422863405992 -14.850000000000001 22.25
    endloop
  endfacet
  facet normal 0.8870108331782085 -0.4617486132350591 0
    outer loop
      vertex 31.379422863405992 -14.850000000000001 15.75
      vertex 31.415677008332985 -14.780356435566631 15.75
      vertex 31.379422863405992 -14.850000000000001 22.25
    endloop
  endfacet
  facet normal 0.9238795325112809 -0.38268343236510394 -2.059656821583116e-19
    outer loop
      vertex 31.415677008332985 -14.780356435566631 15.75
      vertex 31.44572335870732 -14.707818128993102 15.75
      vertex 31.44572335870732 -14.707818128993102 22.25
    endloop
  endfacet
  facet normal 0.9537169507482405 -0.30070579950423065 0
    outer loop
      vertex 31.44572335870732 -14.707818128993102 15.75
      vertex 31.46933324366016 -14.632937140592269 15.75
      vertex 31.44572335870732 -14.707818128993102 22.25
    endloop
  endfacet
  facet normal 0.9762960071199259 -0.21643961393813677 2.0883779192949912e-19
    outer loop
      vertex 31.46933324366016 -14.632937140592269 15.75
      vertex 31.486326977710988 -14.556283359900238 15.75
      vertex 31.486326977710988 -14.556283359900238 22.25
    endloop
  endfacet
  facet normal 0.991444861373813 -0.13052619222002984 9.59461842434871e-20
    outer loop
      vertex 31.486326977710988 -14.556283359900238 15.75
      vertex 31.49657522828257 -14.478440168472893 15.75
      vertex 31.49657522828257 -14.478440168472893 22.25
    endloop
  endfacet
  facet normal 0.999048221581857 -0.043619387365351564 0
    outer loop
      vertex 31.49657522828257 -14.478440168472893 15.75
      vertex 31.5 -14.4 15.75
      vertex 31.49657522828257 -14.478440168472893 22.25
    endloop
  endfacet
  facet normal 0 0 1
    outer loop
      vertex 30.6 -15.3 22.25
      vertex 30.678440168472893 -15.296575228282572 22.25
      vertex 24.9 -15.3 22.25
    endloop
  endfacet
  facet normal 0 0 1
    outer loop
      vertex 30.678440168472893 -15.296575228282572 22.25
      vertex 31.44572335870732 -14.707818128993102 22.25
      vertex 24.9 -15.3 22.25
    endloop
  endfacet
  facet normal 0.04361938736532997 -0.9990482215818581 0
    outer loop
      vertex 30.6 -15.3 15.75
      vertex 30.678440168472893 -15.296575228282572 22.25
      vertex 30.6 -15.3 22.25
    endloop
  endfacet
  facet normal 0.1305261922200521 -0.9914448613738103 0
    outer loop
      vertex 30.756283359900237 -15.286326977710988 15.75
      vertex 30.756283359900237 -15.286326977710988 22.25
      vertex 30.678440168472893 -15.296575228282572 22.25
    endloop
  endfacet
  facet normal 0.21643961393811517 -0.9762960071199306 0
    outer loop
      vertex 30.832937140592268 -15.269333243660162 15.75
      vertex 30.832937140592268 -15.269333243660162 22.25
      vertex 30.756283359900237 -15.286326977710988 22.25
    endloop
  endfacet
  facet normal 0.3007057995042782 -0.9537169507482253 0
    outer loop
      vertex 30.832937140592268 -15.269333243660162 15.75
      vertex 30.9078181289931 -15.245723358707318 22.25
      vertex 30.832937140592268 -15.269333243660162 22.25
    endloop
  endfacet
  facet normal 0.38268343236509267 -0.9238795325112855 0
    outer loop
      vertex 30.9078181289931 -15.245723358707318 15.75
      vertex 30.980356435566627 -15.215677008332985 22.25
      vertex 30.9078181289931 -15.245723358707318 22.25
    endloop
  endfacet
  facet normal 0.46174861323502353 -0.887010833178227 0
    outer loop
      vertex 30.980356435566627 -15.215677008332985 15.75
      vertex 31.049999999999997 -15.179422863405996 22.25
      vertex 30.980356435566627 -15.215677008332985 22.25
    endloop
  endfacet
  facet normal 0.5372996083468113 -0.8433914458128937 0
    outer loop
      vertex 31.11621879271594 -15.137236839860094 15.75
      vertex 31.11621879271594 -15.137236839860094 22.25
      vertex 31.049999999999997 -15.179422863405996 22.25
    endloop
  endfacet
  facet normal 0.608761429008746 -0.7933533402912157 0
    outer loop
      vertex 31.178508848717883 -15.08943999880708 15.75
      vertex 31.178508848717883 -15.08943999880708 22.25
      vertex 31.11621879271594 -15.137236839860094 22.25
    endloop
  endfacet
  facet normal 0.6755902076156347 -0.7372773368101474 0
    outer loop
      vertex 31.178508848717883 -15.08943999880708 15.75
      vertex 31.236396103067893 -15.036396103067894 22.25
      vertex 31.178508848717883 -15.08943999880708 22.25
    endloop
  endfacet
  facet normal 0.7372773368101269 -0.6755902076156574 0
    outer loop
      vertex 31.236396103067893 -15.036396103067894 15.75
      vertex 31.28943999880708 -14.978508848717887 22.25
      vertex 31.236396103067893 -15.036396103067894 22.25
    endloop
  endfacet
  facet normal 0.7933533402912545 -0.6087614290086957 0
    outer loop
      vertex 31.33723683986009 -14.916218792715942 15.75
      vertex 31.33723683986009 -14.916218792715942 22.25
      vertex 31.28943999880708 -14.978508848717887 22.25
    endloop
  endfacet
  facet normal 0.8433914458128806 -0.5372996083468318 0
    outer loop
      vertex 31.33723683986009 -14.916218792715942 15.75
      vertex 31.379422863405992 -14.850000000000001 22.25
      vertex 31.33723683986009 -14.916218792715942 22.25
    endloop
  endfacet
  facet normal 0.8870108331782085 -0.4617486132350591 0
    outer loop
      vertex 31.415677008332985 -14.780356435566631 15.75
      vertex 31.415677008332985 -14.780356435566631 22.25
      vertex 31.379422863405992 -14.850000000000001 22.25
    endloop
  endfacet
  facet normal 0.9238795325112809 -0.38268343236510394 0
    outer loop
      vertex 31.415677008332985 -14.780356435566631 15.75
      vertex 31.44572335870732 -14.707818128993102 22.25
      vertex 31.415677008332985 -14.780356435566631 22.25
    endloop
  endfacet
  facet normal 0.9537169507482405 -0.30070579950423065 0
    outer loop
      vertex 31.46933324366016 -14.632937140592269 15.75
      vertex 31.46933324366016 -14.632937140592269 22.25
      vertex 31.44572335870732 -14.707818128993102 22.25
    endloop
  endfacet
  facet normal 0.9762960071199259 -0.21643961393813677 0
    outer loop
      vertex 31.46933324366016 -14.632937140592269 15.75
      vertex 31.486326977710988 -14.556283359900238 22.25
      vertex 31.46933324366016 -14.632937140592269 22.25
    endloop
  endfacet
  facet normal 0.991444861373813 -0.13052619222002984 0
    outer loop
      vertex 31.486326977710988 -14.556283359900238 15.75
      vertex 31.49657522828257 -14.478440168472893 22.25
      vertex 31.486326977710988 -14.556283359900238 22.25
    endloop
  endfacet
  facet normal 0.999048221581857 -0.043619387365351564 0
    outer loop
      vertex 31.5 -14.4 15.75
      vertex 31.5 -14.4 22.25
      vertex 31.49657522828257 -14.478440168472893 22.25
    endloop
  endfacet
  facet normal 0 0 1
    outer loop
      vertex 30.678440168472893 -15.296575228282572 22.25
      vertex 30.756283359900237 -15.286326977710988 22.25
      vertex 30.9078181289931 -15.245723358707318 22.25
    endloop
  endfacet
  facet normal 0 0 1
    outer loop
      vertex 30.756283359900237 -15.286326977710988 22.25
      vertex 30.832937140592268 -15.269333243660162 22.25
      vertex 30.9078181289931 -15.245723358707318 22.25
    endloop
  endfacet
  facet normal 0 0 1
    outer loop
      vertex 30.678440168472893 -15.296575228282572 22.25
      vertex 30.9078181289931 -15.245723358707318 22.25
      vertex 31.11621879271594 -15.137236839860094 22.25
    endloop
  endfacet
  facet normal 0 0 1
    outer loop
      vertex 30.9078181289931 -15.245723358707318 22.25
      vertex 30.980356435566627 -15.215677008332985 22.25
      vertex 31.11621879271594 -15.137236839860094 22.25
    endloop
  endfacet
  facet normal 0 0 1
    outer loop
      vertex 30.980356435566627 -15.215677008332985 22.25
      vertex 31.049999999999997 -15.179422863405996 22.25
      vertex 31.11621879271594 -15.137236839860094 22.25
    endloop
  endfacet
  facet normal 0 0 1
    outer loop
      vertex 30.678440168472893 -15.296575228282572 22.25
      vertex 31.11621879271594 -15.137236839860094 22.25
      vertex 31.44572335870732 -14.707818128993102 22.25
    endloop
  endfacet
  facet normal 0 0 1
    outer loop
      vertex 31.11621879271594 -15.137236839860094 22.25
      vertex 31.178508848717883 -15.08943999880708 22.25
      vertex 31.236396103067893 -15.036396103067894 22.25
    endloop
  endfacet
  facet normal 0 0 1
    outer loop
      vertex 31.11621879271594 -15.137236839860094 22.25
      vertex 31.236396103067893 -15.036396103067894 22.25
      vertex 31.379422863405992 -14.850000000000001 22.25
    endloop
  endfacet
  facet normal 0 0 1
    outer loop
      vertex 31.236396103067893 -15.036396103067894 22.25
      vertex 31.28943999880708 -14.978508848717887 22.25
      vertex 31.379422863405992 -14.850000000000001 22.25
    endloop
  endfacet
  facet normal 0 0 1
    outer loop
      vertex 31.11621879271594 -15.137236839860094 22.25
      vertex 31.379422863405992 -14.850000000000001 22.25
      vertex 31.44572335870732 -14.707818128993102 22.25
    endloop
  endfacet
  facet normal 0 0 1
    outer loop
      vertex 31.28943999880708 -14.978508848717887 22.25
      vertex 31.33723683986009 -14.916218792715942 22.25
      vertex 31.379422863405992 -14.850000000000001 22.25
    endloop
  endfacet
  facet normal 0 0 1
    outer loop
      vertex 31.379422863405992 -14.850000000000001 22.25
      vertex 31.415677008332985 -14.780356435566631 22.25
      vertex 31.44572335870732 -14.707818128993102 22.25
    endloop
  endfacet
  facet normal 0 0 1
    outer loop
      vertex 31.44572335870732 -14.707818128993102 22.25
      vertex 31.46933324366016 -14.632937140592269 22.25
      vertex 31.486326977710988 -14.556283359900238 22.25
    endloop
  endfacet
  facet normal 0 0 1
    outer loop
      vertex 31.44572335870732 -14.707818128993102 22.25
      vertex 31.486326977710988 -14.556283359900238 22.25
      vertex 31.5 -14.4 22.25
    endloop
  endfacet
  facet normal 0 0 1
    outer loop
      vertex 31.486326977710988 -14.556283359900238 22.25
      vertex 31.49657522828257 -14.478440168472893 22.25
      vertex 31.5 -14.4 22.25
    endloop
  endfacet
  facet normal 0 0 -1
    outer loop
      vertex 30.6 -15.3 15.75
      vertex 24.9 -15.3 15.75
      vertex 24.9 -10 15.75
    endloop
  endfacet
  facet normal 0 0 -1
    outer loop
      vertex 31.5 -14.4 15.75
      vertex 24.9 -10 15.75
      vertex 21.4 11.3 15.75
    endloop
  endfacet
  facet normal 0 0 -1
    outer loop
      vertex 24.9 -10 15.75
      vertex 21.4 -10 15.75
      vertex 21.4 11.3 15.75
    endloop
  endfacet
  facet normal 0 0 1
    outer loop
      vertex 31.44572335870732 14.707818128993104 22.25
      vertex 21.4 -10 22.25
      vertex 24.9 -10 22.25
    endloop
  endfacet
  facet normal 0 0 -1
    outer loop
      vertex 30.6 -15.3 15.75
      vertex 24.9 -10 15.75
      vertex 31.5 -14.4 15.75
    endloop
  endfacet
  facet normal 0 0 1
    outer loop
      vertex 31.44572335870732 -14.707818128993102 22.25
      vertex 24.9 -10 22.25
      vertex 24.9 -15.3 22.25
    endloop
  endfacet
  facet normal 0 0 1
    outer loop
      vertex 31.44572335870732 -14.707818128993102 22.25
      vertex 31.5 -14.4 22.25
      vertex 31.44572335870732 14.707818128993104 22.25
    endloop
  endfacet
  facet normal 0 0 1
    outer loop
      vertex 31.44572335870732 -14.707818128993102 22.25
      vertex 31.44572335870732 14.707818128993104 22.25
      vertex 24.9 -10 22.25
    endloop
  endfacet
  facet normal 0 0 -1
    outer loop
      vertex 31.5 -14.4 15.75
      vertex 21.4 11.3 15.75
      vertex 20.299999999999997 15.3 15.75
    endloop
  endfacet
  facet normal 0 0 1
    outer loop
      vertex 26.199999999999996 11.299999999999999 22.25
      vertex 21.4 11.299999999999999 22.25
      vertex 21.4 -10 22.25
    endloop
  endfacet
  facet normal 0 0 1
    outer loop
      vertex 26.199999999999996 11.299999999999999 22.25
      vertex 21.4 -10 22.25
      vertex 26.304586891297184 11.304566362289904 22.25
    endloop
  endfacet
  facet normal 0 0 1
    outer loop
      vertex 26.304586891297184 11.304566362289904 22.25
      vertex 21.4 -10 22.25
      vertex 26.40837781320031 11.31823069638535 22.25
    endloop
  endfacet
  facet normal 0 0 1
    outer loop
      vertex 26.40837781320031 11.31823069638535 22.25
      vertex 21.4 -10 22.25
      vertex 26.510582854123022 11.340889008453118 22.25
    endloop
  endfacet
  facet normal 0 0 1
    outer loop
      vertex 26.510582854123022 11.340889008453118 22.25
      vertex 21.4 -10 22.25
      vertex 26.6104241719908 11.372368855056909 22.25
    endloop
  endfacet
  facet normal 0 0 1
    outer loop
      vertex 26.6104241719908 11.372368855056909 22.25
      vertex 21.4 -10 22.25
      vertex 26.707141914088837 11.412430655556019 22.25
    endloop
  endfacet
  facet normal 0 0 1
    outer loop
      vertex 26.707141914088837 11.412430655556019 22.25
      vertex 21.4 -10 22.25
      vertex 26.799999999999997 11.460769515458672 22.25
    endloop
  endfacet
  facet normal 0 0 1
    outer loop
      vertex 26.799999999999997 11.460769515458672 22.25
      vertex 21.4 -10 22.25
      vertex 26.88829172362125 11.517017546853209 22.25
    endloop
  endfacet
  facet normal 0 0 1
    outer loop
      vertex 26.88829172362125 11.517017546853209 22.25
      vertex 21.4 -10 22.25
      vertex 26.971345131623842 11.580746668257225 22.25
    endloop
  endfacet
  facet normal 0 0 1
    outer loop
      vertex 26.971345131623842 11.580746668257225 22.25
      vertex 21.4 -10 22.25
      vertex 27.04852813742385 11.651471862576141 22.25
    endloop
  endfacet
  facet normal 0 0 1
    outer loop
      vertex 27.04852813742385 11.651471862576141 22.25
      vertex 21.4 -10 22.25
      vertex 27.11925333174277 11.728654868376152 22.25
    endloop
  endfacet
  facet normal 0 0 1
    outer loop
      vertex 27.11925333174277 11.728654868376152 22.25
      vertex 21.4 -10 22.25
      vertex 27.182982453146785 11.811708276378743 22.25
    endloop
  endfacet
  facet normal 0 0 1
    outer loop
      vertex 27.182982453146785 11.811708276378743 22.25
      vertex 21.4 -10 22.25
      vertex 27.239230484541324 11.899999999999999 22.25
    endloop
  endfacet
  facet normal 0 0 1
    outer loop
      vertex 27.239230484541324 11.899999999999999 22.25
      vertex 21.4 -10 22.25
      vertex 27.287569344443973 11.992858085911159 22.25
    endloop
  endfacet
  facet normal 0 0 1
    outer loop
      vertex 27.287569344443973 11.992858085911159 22.25
      vertex 21.4 -10 22.25
      vertex 27.327631144943084 12.089575828009195 22.25
    endloop
  endfacet
  facet normal 0 0 1
    outer loop
      vertex 27.327631144943084 12.089575828009195 22.25
      vertex 21.4 -10 22.25
      vertex 27.359110991546878 12.189417145876973 22.25
    endloop
  endfacet
  facet normal 0 0 1
    outer loop
      vertex 27.359110991546878 12.189417145876973 22.25
      vertex 21.4 -10 22.25
      vertex 31.44572335870732 14.707818128993104 22.25
    endloop
  endfacet
  facet normal 0 0 -1
    outer loop
      vertex 19.4 14.400000000000002 15.75
      vertex 20.299999999999997 15.3 15.75
      vertex 19.4 11.3 15.75
    endloop
  endfacet
  facet normal 0 0 -1
    outer loop
      vertex 20.299999999999997 15.3 15.75
      vertex 21.4 11.3 15.75
      vertex 19.4 11.3 15.75
    endloop
  endfacet
  facet normal -1 0 0
    outer loop
      vertex 19.4 14.400000000000002 15.75
      vertex 19.4 11.3 15.75
      vertex 19.4 11.3 19
    endloop
  endfacet
  facet normal -1 0 0
    outer loop
      vertex 19.4 14.400000000000002 15.75
      vertex 19.4 11.3 19
      vertex 19.4 14.400000000000002 19
    endloop
  endfacet
  facet normal 0 0 -1
    outer loop
      vertex 31.5 -14.4 15.75
      vertex 20.299999999999997 15.3 15.75
      vertex 31.44572335870732 14.707818128993104 15.75
    endloop
  endfacet
  facet normal 0 0 -1
    outer loop
      vertex 31.5 -14.4 15.75
      vertex 31.44572335870732 14.707818128993104 15.75
      vertex 31.5 14.400000000000002 15.75
    endloop
  endfacet
  facet normal 0 0 1
    outer loop
      vertex 31.5 -14.4 22.25
      vertex 31.5 14.400000000000002 22.25
      vertex 31.44572335870732 14.707818128993104 22.25
    endloop
  endfacet
  facet normal 0 0 1
    outer loop
      vertex 27.359110991546878 12.189417145876973 22.25
      vertex 31.44572335870732 14.707818128993104 22.25
      vertex 27.381769303614647 12.291622186799682 22.25
    endloop
  endfacet
  facet normal 0 0 1
    outer loop
      vertex 27.381769303614647 12.291622186799682 22.25
      vertex 31.44572335870732 14.707818128993104 22.25
      vertex 27.39543363771009 12.395413108702808 22.25
    endloop
  endfacet
  facet normal 0 0 1
    outer loop
      vertex 27.39543363771009 12.395413108702808 22.25
      vertex 31.44572335870732 14.707818128993104 22.25
      vertex 27.4 12.5 22.25
    endloop
  endfacet
  facet normal 0 0 -1
    outer loop
      vertex 19.4 14.400000000000002 15.75
      vertex 19.40342477171743 14.478440168472893 15.75
      vertex 19.41367302228901 14.556283359900238 15.75
    endloop
  endfacet
  facet normal 0 0 -1
    outer loop
      vertex 19.4 14.400000000000002 15.75
      vertex 19.41367302228901 14.556283359900238 15.75
      vertex 19.45427664129268 14.707818128993104 15.75
    endloop
  endfacet
  facet normal 0 0 -1
    outer loop
      vertex 19.41367302228901 14.556283359900238 15.75
      vertex 19.43066675633984 14.632937140592272 15.75
      vertex 19.45427664129268 14.707818128993104 15.75
    endloop
  endfacet
  facet normal 0 0 -1
    outer loop
      vertex 19.4 14.400000000000002 15.75
      vertex 19.45427664129268 14.707818128993104 15.75
      vertex 19.663603896932106 15.036396103067894 15.75
    endloop
  endfacet
  facet normal 0 0 -1
    outer loop
      vertex 19.45427664129268 14.707818128993104 15.75
      vertex 19.484322991667014 14.780356435566631 15.75
      vertex 19.520577136594003 14.850000000000001 15.75
    endloop
  endfacet
  facet normal 0 0 -1
    outer loop
      vertex 19.45427664129268 14.707818128993104 15.75
      vertex 19.520577136594003 14.850000000000001 15.75
      vertex 19.663603896932106 15.036396103067894 15.75
    endloop
  endfacet
  facet normal 0 0 -1
    outer loop
      vertex 19.520577136594003 14.850000000000001 15.75
      vertex 19.562763160139905 14.916218792715945 15.75
      vertex 19.663603896932106 15.036396103067894 15.75
    endloop
  endfacet
  facet normal 0 0 -1
    outer loop
      vertex 19.562763160139905 14.916218792715945 15.75
      vertex 19.61056000119292 14.978508848717887 15.75
      vertex 19.663603896932106 15.036396103067894 15.75
    endloop
  endfacet
  facet normal 0 0 -1
    outer loop
      vertex 19.4 14.400000000000002 15.75
      vertex 19.663603896932106 15.036396103067894 15.75
      vertex 20.299999999999997 15.3 15.75
    endloop
  endfacet
  facet normal 0 0 -1
    outer loop
      vertex 19.663603896932106 15.036396103067894 15.75
      vertex 19.721491151282112 15.089439998807084 15.75
      vertex 19.849999999999998 15.179422863405996 15.75
    endloop
  endfacet
  facet normal 0 0 -1
    outer loop
      vertex 19.721491151282112 15.089439998807084 15.75
      vertex 19.783781207284058 15.137236839860094 15.75
      vertex 19.849999999999998 15.179422863405996 15.75
    endloop
  endfacet
  facet normal 0 0 -1
    outer loop
      vertex 19.663603896932106 15.036396103067894 15.75
      vertex 19.849999999999998 15.179422863405996 15.75
      vertex 19.9921818710069 15.24572335870732 15.75
    endloop
  endfacet
  facet normal 0 0 -1
    outer loop
      vertex 19.849999999999998 15.179422863405996 15.75
      vertex 19.91964356443337 15.215677008332985 15.75
      vertex 19.9921818710069 15.24572335870732 15.75
    endloop
  endfacet
  facet normal 0 0 -1
    outer loop
      vertex 19.663603896932106 15.036396103067894 15.75
      vertex 19.9921818710069 15.24572335870732 15.75
      vertex 20.299999999999997 15.3 15.75
    endloop
  endfacet
  facet normal 0 0 -1
    outer loop
      vertex 19.9921818710069 15.24572335870732 15.75
      vertex 20.06706285940773 15.269333243660164 15.75
      vertex 20.14371664009976 15.286326977710988 15.75
    endloop
  endfacet
  facet normal 0 0 -1
    outer loop
      vertex 19.9921818710069 15.24572335870732 15.75
      vertex 20.14371664009976 15.286326977710988 15.75
      vertex 20.299999999999997 15.3 15.75
    endloop
  endfacet
  facet normal 0 0 -1
    outer loop
      vertex 20.14371664009976 15.286326977710988 15.75
      vertex 20.221559831527106 15.296575228282574 15.75
      vertex 20.299999999999997 15.3 15.75
    endloop
  endfacet
  facet normal -0.999048221581857 0.04361938736535255 7.367722542464422e-20
    outer loop
      vertex 19.4 14.400000000000002 15.75
      vertex 19.40342477171743 14.478440168472893 19
      vertex 19.40342477171743 14.478440168472893 15.75
    endloop
  endfacet
  facet normal -0.991444861373813 0.13052619222002984 1.918923684869742e-19
    outer loop
      vertex 19.40342477171743 14.478440168472893 15.75
      vertex 19.41367302228901 14.556283359900238 19
      vertex 19.41367302228901 14.556283359900238 15.75
    endloop
  endfacet
  facet normal -0.976296007119928 0.21643961393812722 -7.065823369167266e-20
    outer loop
      vertex 19.41367302228901 14.556283359900238 15.75
      vertex 19.43066675633984 14.632937140592272 19
      vertex 19.43066675633984 14.632937140592272 15.75
    endloop
  endfacet
  facet normal -0.9537169507482381 0.30070579950423704 3.763352995002301e-19
    outer loop
      vertex 19.43066675633984 14.632937140592272 15.75
      vertex 19.45427664129268 14.707818128993104 19
      vertex 19.45427664129268 14.707818128993104 15.75
    endloop
  endfacet
  facet normal -0.9238795325112775 0.38268343236511193 -5.306471014140536e-19
    outer loop
      vertex 19.45427664129268 14.707818128993104 15.75
      vertex 19.484322991667014 14.780356435566631 19
      vertex 19.484322991667014 14.780356435566631 15.75
    endloop
  endfacet
  facet normal -0.887010833178227 0.46174861323502353 4.535954055936497e-19
    outer loop
      vertex 19.484322991667014 14.780356435566631 15.75
      vertex 19.520577136594003 14.850000000000001 19
      vertex 19.520577136594003 14.850000000000001 15.75
    endloop
  endfacet
  facet normal -0.8433914458128937 0.5372996083468113 6.356073230369088e-19
    outer loop
      vertex 19.520577136594003 14.850000000000001 15.75
      vertex 19.562763160139905 14.916218792715945 19
      vertex 19.562763160139905 14.916218792715945 15.75
    endloop
  endfacet
  facet normal -0.7933533402912157 0.608761429008746 -7.018228908776981e-19
    outer loop
      vertex 19.562763160139905 14.916218792715945 15.75
      vertex 19.61056000119292 14.978508848717887 19
      vertex 19.61056000119292 14.978508848717887 15.75
    endloop
  endfacet
  facet normal -0.7372773368101269 0.6755902076156574 -4.456252992177225e-19
    outer loop
      vertex 19.61056000119292 14.978508848717887 15.75
      vertex 19.663603896932106 15.036396103067894 19
      vertex 19.663603896932106 15.036396103067894 15.75
    endloop
  endfacet
  facet normal -0.6755902076156819 0.7372773368101042 -8.466115321108357e-20
    outer loop
      vertex 19.663603896932106 15.036396103067894 15.75
      vertex 19.721491151282112 15.089439998807084 19
      vertex 19.721491151282112 15.089439998807084 15.75
    endloop
  endfacet
  facet normal -0.6087614290086957 0.7933533402912545 -2.4025282119131225e-19
    outer loop
      vertex 19.721491151282112 15.089439998807084 15.75
      vertex 19.783781207284058 15.137236839860094 19
      vertex 19.783781207284058 15.137236839860094 15.75
    endloop
  endfacet
  facet normal -0.5372996083468318 0.8433914458128806 -3.6356847919441185e-19
    outer loop
      vertex 19.783781207284058 15.137236839860094 15.75
      vertex 19.849999999999998 15.179422863405996 19
      vertex 19.849999999999998 15.179422863405996 15.75
    endloop
  endfacet
  facet normal -0.46174861323502353 0.887010833178227 4.535954055936497e-19
    outer loop
      vertex 19.849999999999998 15.179422863405996 15.75
      vertex 19.91964356443337 15.215677008332985 19
      vertex 19.91964356443337 15.215677008332985 15.75
    endloop
  endfacet
  facet normal -0.38268343236509594 0.9238795325112842 -2.9321562721919783e-19
    outer loop
      vertex 19.91964356443337 15.215677008332985 15.75
      vertex 19.9921818710069 15.24572335870732 19
      vertex 19.9921818710069 15.24572335870732 15.75
    endloop
  endfacet
  facet normal -0.3007057995042782 0.9537169507482253 2.489656279067191e-19
    outer loop
      vertex 19.9921818710069 15.24572335870732 15.75
      vertex 20.06706285940773 15.269333243660164 19
      vertex 20.06706285940773 15.269333243660164 15.75
    endloop
  endfacet
  facet normal -0.21643961393809363 0.9762960071199355 -3.433359096826364e-19
    outer loop
      vertex 20.06706285940773 15.269333243660164 15.75
      vertex 20.14371664009976 15.286326977710988 19
      vertex 20.14371664009976 15.286326977710988 15.75
    endloop
  endfacet
  facet normal -0.13052619222007436 0.9914448613738075 9.233961715366543e-20
    outer loop
      vertex 20.14371664009976 15.286326977710988 15.75
      vertex 20.221559831527106 15.296575228282574 19
      vertex 20.221559831527106 15.296575228282574 15.75
    endloop
  endfacet
  facet normal -0.999048221581857 0.04361938736535255 0
    outer loop
      vertex 19.4 14.400000000000002 15.75
      vertex 19.4 14.400000000000002 19
      vertex 19.40342477171743 14.478440168472893 19
    endloop
  endfacet
  facet normal -0.991444861373813 0.13052619222002984 0
    outer loop
      vertex 19.40342477171743 14.478440168472893 15.75
      vertex 19.40342477171743 14.478440168472893 19
      vertex 19.41367302228901 14.556283359900238 19
    endloop
  endfacet
  facet normal -0.976296007119928 0.21643961393812722 0
    outer loop
      vertex 19.41367302228901 14.556283359900238 15.75
      vertex 19.41367302228901 14.556283359900238 19
      vertex 19.43066675633984 14.632937140592272 19
    endloop
  endfacet
  facet normal -0.9537169507482381 0.30070579950423704 0
    outer loop
      vertex 19.43066675633984 14.632937140592272 15.75
      vertex 19.43066675633984 14.632937140592272 19
      vertex 19.45427664129268 14.707818128993104 19
    endloop
  endfacet
  facet normal -0.9238795325112775 0.38268343236511193 0
    outer loop
      vertex 19.45427664129268 14.707818128993104 15.75
      vertex 19.45427664129268 14.707818128993104 19
      vertex 19.484322991667014 14.780356435566631 19
    endloop
  endfacet
  facet normal -0.887010833178227 0.46174861323502353 0
    outer loop
      vertex 19.484322991667014 14.780356435566631 15.75
      vertex 19.484322991667014 14.780356435566631 19
      vertex 19.520577136594003 14.850000000000001 19
    endloop
  endfacet
  facet normal -0.8433914458128937 0.5372996083468113 0
    outer loop
      vertex 19.520577136594003 14.850000000000001 15.75
      vertex 19.520577136594003 14.850000000000001 19
      vertex 19.562763160139905 14.916218792715945 19
    endloop
  endfacet
  facet normal -0.7933533402912157 0.608761429008746 0
    outer loop
      vertex 19.562763160139905 14.916218792715945 15.75
      vertex 19.562763160139905 14.916218792715945 19
      vertex 19.61056000119292 14.978508848717887 19
    endloop
  endfacet
  facet normal -0.7372773368101269 0.6755902076156574 0
    outer loop
      vertex 19.61056000119292 14.978508848717887 15.75
      vertex 19.61056000119292 14.978508848717887 19
      vertex 19.663603896932106 15.036396103067894 19
    endloop
  endfacet
  facet normal -0.6755902076156819 0.7372773368101042 0
    outer loop
      vertex 19.663603896932106 15.036396103067894 15.75
      vertex 19.663603896932106 15.036396103067894 19
      vertex 19.721491151282112 15.089439998807084 19
    endloop
  endfacet
  facet normal -0.6087614290086957 0.7933533402912545 0
    outer loop
      vertex 19.721491151282112 15.089439998807084 15.75
      vertex 19.721491151282112 15.089439998807084 19
      vertex 19.783781207284058 15.137236839860094 19
    endloop
  endfacet
  facet normal -0.5372996083468318 0.8433914458128806 0
    outer loop
      vertex 19.783781207284058 15.137236839860094 15.75
      vertex 19.783781207284058 15.137236839860094 19
      vertex 19.849999999999998 15.179422863405996 19
    endloop
  endfacet
  facet normal -0.46174861323502353 0.887010833178227 0
    outer loop
      vertex 19.849999999999998 15.179422863405996 15.75
      vertex 19.849999999999998 15.179422863405996 19
      vertex 19.91964356443337 15.215677008332985 19
    endloop
  endfacet
  facet normal -0.38268343236509594 0.9238795325112842 0
    outer loop
      vertex 19.91964356443337 15.215677008332985 15.75
      vertex 19.91964356443337 15.215677008332985 19
      vertex 19.9921818710069 15.24572335870732 19
    endloop
  endfacet
  facet normal -0.3007057995042782 0.9537169507482253 0
    outer loop
      vertex 19.9921818710069 15.24572335870732 15.75
      vertex 19.9921818710069 15.24572335870732 19
      vertex 20.06706285940773 15.269333243660164 19
    endloop
  endfacet
  facet normal -0.21643961393809363 0.9762960071199355 0
    outer loop
      vertex 20.06706285940773 15.269333243660164 15.75
      vertex 20.06706285940773 15.269333243660164 19
      vertex 20.14371664009976 15.286326977710988 19
    endloop
  endfacet
  facet normal -0.13052619222007436 0.9914448613738075 0
    outer loop
      vertex 20.14371664009976 15.286326977710988 15.75
      vertex 20.14371664009976 15.286326977710988 19
      vertex 20.221559831527106 15.296575228282574 19
    endloop
  endfacet
  facet normal -0.0436193873653074 0.9990482215818591 0
    outer loop
      vertex 20.221559831527106 15.296575228282574 15.75
      vertex 20.221559831527106 15.296575228282574 19
      vertex 20.299999999999997 15.3 19
    endloop
  endfacet
  facet normal -0.0436193873653074 0.9990482215818591 -6.54484438018125e-20
    outer loop
      vertex 20.221559831527106 15.296575228282574 15.75
      vertex 20.299999999999997 15.3 19
      vertex 20.299999999999997 15.3 15.75
    endloop
  endfacet
  facet normal 0 1 0
    outer loop
      vertex 20.299999999999997 15.3 15.75
      vertex 20.299999999999997 15.3 19
      vertex 27.4 15.3 19
    endloop
  endfacet
  facet normal 0 1 0
    outer loop
      vertex 20.299999999999997 15.3 15.75
      vertex 27.4 15.3 19
      vertex 30.6 15.3 15.75
    endloop
  endfacet
  facet normal 0 0 -1
    outer loop
      vertex 20.299999999999997 15.3 15.75
      vertex 30.6 15.3 15.75
      vertex 30.678440168472893 15.296575228282574 15.75
    endloop
  endfacet
  facet normal 0 0 -1
    outer loop
      vertex 20.299999999999997 15.3 15.75
      vertex 30.678440168472893 15.296575228282574 15.75
      vertex 31.44572335870732 14.707818128993104 15.75
    endloop
  endfacet
  facet normal 0 0 -1
    outer loop
      vertex 31.49657522828257 14.478440168472893 15.75
      vertex 31.5 14.400000000000002 15.75
      vertex 31.486326977710988 14.556283359900238 15.75
    endloop
  endfacet
  facet normal 0 0 -1
    outer loop
      vertex 31.486326977710988 14.556283359900238 15.75
      vertex 31.5 14.400000000000002 15.75
      vertex 31.44572335870732 14.707818128993104 15.75
    endloop
  endfacet
  facet normal 0 0 -1
    outer loop
      vertex 31.486326977710988 14.556283359900238 15.75
      vertex 31.44572335870732 14.707818128993104 15.75
      vertex 31.46933324366016 14.632937140592272 15.75
    endloop
  endfacet
  facet normal 0 0 -1
    outer loop
      vertex 31.44572335870732 14.707818128993104 15.75
      vertex 31.379422863405992 14.850000000000001 15.75
      vertex 31.415677008332985 14.780356435566631 15.75
    endloop
  endfacet
  facet normal 0 0 -1
    outer loop
      vertex 31.44572335870732 14.707818128993104 15.75
      vertex 31.28943999880708 14.978508848717887 15.75
      vertex 31.379422863405992 14.850000000000001 15.75
    endloop
  endfacet
  facet normal 0 0 -1
    outer loop
      vertex 30.678440168472893 15.296575228282574 15.75
      vertex 30.756283359900237 15.286326977710988 15.75
      vertex 30.9078181289931 15.24572335870732 15.75
    endloop
  endfacet
  facet normal 0 0 -1
    outer loop
      vertex 30.756283359900237 15.286326977710988 15.75
      vertex 30.832937140592268 15.269333243660164 15.75
      vertex 30.9078181289931 15.24572335870732 15.75
    endloop
  endfacet
  facet normal 0 0 -1
    outer loop
      vertex 30.678440168472893 15.296575228282574 15.75
      vertex 30.9078181289931 15.24572335870732 15.75
      vertex 31.11621879271594 15.137236839860094 15.75
    endloop
  endfacet
  facet normal 0 0 -1
    outer loop
      vertex 31.44572335870732 14.707818128993104 15.75
      vertex 30.678440168472893 15.296575228282574 15.75
      vertex 31.11621879271594 15.137236839860094 15.75
    endloop
  endfacet
  facet normal 0 0 -1
    outer loop
      vertex 31.178508848717883 15.089439998807084 15.75
      vertex 31.28943999880708 14.978508848717887 15.75
      vertex 31.11621879271594 15.137236839860094 15.75
    endloop
  endfacet
  facet normal 0 0 -1
    outer loop
      vertex 30.9078181289931 15.24572335870732 15.75
      vertex 30.980356435566627 15.215677008332985 15.75
      vertex 31.11621879271594 15.137236839860094 15.75
    endloop
  endfacet
  facet normal 0 0 -1
    outer loop
      vertex 31.049999999999997 15.179422863405996 15.75
      vertex 31.11621879271594 15.137236839860094 15.75
      vertex 30.980356435566627 15.215677008332985 15.75
    endloop
  endfacet
  facet normal 0 0 -1
    outer loop
      vertex 31.44572335870732 14.707818128993104 15.75
      vertex 31.11621879271594 15.137236839860094 15.75
      vertex 31.28943999880708 14.978508848717887 15.75
    endloop
  endfacet
  facet normal 0 0 -1
    outer loop
      vertex 31.379422863405992 14.850000000000001 15.75
      vertex 31.28943999880708 14.978508848717887 15.75
      vertex 31.33723683986009 14.916218792715945 15.75
    endloop
  endfacet
  facet normal 0 0 -1
    outer loop
      vertex 31.178508848717883 15.089439998807084 15.75
      vertex 31.236396103067893 15.036396103067894 15.75
      vertex 31.28943999880708 14.978508848717887 15.75
    endloop
  endfacet
  facet normal 0 1 0
    outer loop
      vertex 30.6 15.3 15.75
      vertex 27.4 15.3 19
      vertex 30.6 15.3 22.25
    endloop
  endfacet
  facet normal 0.999048221581857 0.04361938736535255 0
    outer loop
      vertex 31.49657522828257 14.478440168472893 15.75
      vertex 31.49657522828257 14.478440168472893 22.25
      vertex 31.5 14.400000000000002 15.75
    endloop
  endfacet
  facet normal 0.991444861373813 0.13052619222002984 0
    outer loop
      vertex 31.49657522828257 14.478440168472893 15.75
      vertex 31.486326977710988 14.556283359900238 15.75
      vertex 31.49657522828257 14.478440168472893 22.25
    endloop
  endfacet
  facet normal 0.976296007119928 0.21643961393812722 3.532911684583633e-20
    outer loop
      vertex 31.486326977710988 14.556283359900238 15.75
      vertex 31.46933324366016 14.632937140592272 15.75
      vertex 31.46933324366016 14.632937140592272 22.25
    endloop
  endfacet
  facet normal 0.9537169507482381 0.30070579950423704 -1.8816764975011505e-19
    outer loop
      vertex 31.46933324366016 14.632937140592272 15.75
      vertex 31.44572335870732 14.707818128993104 15.75
      vertex 31.44572335870732 14.707818128993104 22.25
    endloop
  endfacet
  facet normal 0.9238795325112775 0.38268343236511193 0
    outer loop
      vertex 31.44572335870732 14.707818128993104 15.75
      vertex 31.415677008332985 14.780356435566631 15.75
      vertex 31.44572335870732 14.707818128993104 22.25
    endloop
  endfacet
  facet normal 0.8870108331782085 0.4617486132350591 1.8102728936271504e-19
    outer loop
      vertex 31.415677008332985 14.780356435566631 15.75
      vertex 31.379422863405992 14.850000000000001 15.75
      vertex 31.379422863405992 14.850000000000001 22.25
    endloop
  endfacet
  facet normal 0.8433914458128937 0.5372996083468113 0
    outer loop
      vertex 31.379422863405992 14.850000000000001 15.75
      vertex 31.33723683986009 14.916218792715945 15.75
      vertex 31.379422863405992 14.850000000000001 22.25
    endloop
  endfacet
  facet normal 0.0436193873653074 0.9990482215818591 3.272422190090625e-20
    outer loop
      vertex 30.6 15.3 15.75
      vertex 30.678440168472893 15.296575228282574 22.25
      vertex 30.678440168472893 15.296575228282574 15.75
    endloop
  endfacet
  facet normal 0.13052619222007436 0.9914448613738075 0
    outer loop
      vertex 30.678440168472893 15.296575228282574 15.75
      vertex 30.678440168472893 15.296575228282574 22.25
      vertex 30.756283359900237 15.286326977710988 15.75
    endloop
  endfacet
  facet normal 0.21643961393809363 0.9762960071199355 0
    outer loop
      vertex 30.756283359900237 15.286326977710988 15.75
      vertex 30.756283359900237 15.286326977710988 22.25
      vertex 30.832937140592268 15.269333243660164 15.75
    endloop
  endfacet
  facet normal 0.3007057995042782 0.9537169507482253 -1.2448281395335956e-19
    outer loop
      vertex 30.832937140592268 15.269333243660164 15.75
      vertex 30.9078181289931 15.24572335870732 22.25
      vertex 30.9078181289931 15.24572335870732 15.75
    endloop
  endfacet
  facet normal 0.38268343236511193 0.9238795325112775 0
    outer loop
      vertex 30.9078181289931 15.24572335870732 15.75
      vertex 30.9078181289931 15.24572335870732 22.25
      vertex 30.980356435566627 15.215677008332985 15.75
    endloop
  endfacet
  facet normal 0.6755902076156594 0.7372773368101249 0
    outer loop
      vertex 31.178508848717883 15.089439998807084 15.75
      vertex 31.178508848717883 15.089439998807084 22.25
      vertex 31.236396103067893 15.036396103067894 15.75
    endloop
  endfacet
  facet normal 0.46174861323502353 0.887010833178227 -2.2679770279682487e-19
    outer loop
      vertex 31.049999999999997 15.179422863405996 15.75
      vertex 30.980356435566627 15.215677008332985 15.75
      vertex 30.980356435566627 15.215677008332985 22.25
    endloop
  endfacet
  facet normal 0.6087614290087174 0.7933533402912375 -2.6080988799124646e-19
    outer loop
      vertex 31.178508848717883 15.089439998807084 15.75
      vertex 31.11621879271594 15.137236839860094 15.75
      vertex 31.11621879271594 15.137236839860094 22.25
    endloop
  endfacet
  facet normal 0.5372996083468113 0.8433914458128937 -3.178036615184544e-19
    outer loop
      vertex 31.049999999999997 15.179422863405996 15.75
      vertex 31.11621879271594 15.137236839860094 22.25
      vertex 31.11621879271594 15.137236839860094 15.75
    endloop
  endfacet
  facet normal 0.7933533402912375 0.6087614290087174 -2.6080988799124646e-19
    outer loop
      vertex 31.33723683986009 14.916218792715945 15.75
      vertex 31.28943999880708 14.978508848717887 15.75
      vertex 31.28943999880708 14.978508848717887 22.25
    endloop
  endfacet
  facet normal 0.7372773368101269 0.6755902076156574 0
    outer loop
      vertex 31.28943999880708 14.978508848717887 15.75
      vertex 31.236396103067893 15.036396103067894 15.75
      vertex 31.28943999880708 14.978508848717887 22.25
    endloop
  endfacet
  facet normal 0 0 1
    outer loop
      vertex 27.4 12.5 22.25
      vertex 30.6 15.3 22.25
      vertex 27.4 15.3 22.25
    endloop
  endfacet
  facet normal 0 1 0
    outer loop
      vertex 27.4 15.3 19
      vertex 27.4 15.3 22.25
      vertex 30.6 15.3 22.25
    endloop
  endfacet
  facet normal 0.999048221581857 0.04361938736535255 0
    outer loop
      vertex 31.5 14.400000000000002 15.75
      vertex 31.49657522828257 14.478440168472893 22.25
      vertex 31.5 14.400000000000002 22.25
    endloop
  endfacet
  facet normal 0.991444861373813 0.13052619222002984 0
    outer loop
      vertex 31.486326977710988 14.556283359900238 15.75
      vertex 31.486326977710988 14.556283359900238 22.25
      vertex 31.49657522828257 14.478440168472893 22.25
    endloop
  endfacet
  facet normal 0.976296007119928 0.21643961393812722 0
    outer loop
      vertex 31.486326977710988 14.556283359900238 15.75
      vertex 31.46933324366016 14.632937140592272 22.25
      vertex 31.486326977710988 14.556283359900238 22.25
    endloop
  endfacet
  facet normal 0.9238795325112775 0.38268343236511193 0
    outer loop
      vertex 31.415677008332985 14.780356435566631 15.75
      vertex 31.415677008332985 14.780356435566631 22.25
      vertex 31.44572335870732 14.707818128993104 22.25
    endloop
  endfacet
  facet normal 0.9537169507482381 0.30070579950423704 0
    outer loop
      vertex 31.46933324366016 14.632937140592272 15.75
      vertex 31.44572335870732 14.707818128993104 22.25
      vertex 31.46933324366016 14.632937140592272 22.25
    endloop
  endfacet
  facet normal 0.8870108331782085 0.4617486132350591 0
    outer loop
      vertex 31.415677008332985 14.780356435566631 15.75
      vertex 31.379422863405992 14.850000000000001 22.25
      vertex 31.415677008332985 14.780356435566631 22.25
    endloop
  endfacet
  facet normal 0.0436193873653074 0.9990482215818591 0
    outer loop
      vertex 30.6 15.3 15.75
      vertex 30.6 15.3 22.25
      vertex 30.678440168472893 15.296575228282574 22.25
    endloop
  endfacet
  facet normal 0.13052619222007436 0.9914448613738075 0
    outer loop
      vertex 30.756283359900237 15.286326977710988 15.75
      vertex 30.678440168472893 15.296575228282574 22.25
      vertex 30.756283359900237 15.286326977710988 22.25
    endloop
  endfacet
  facet normal 0.3007057995042782 0.9537169507482253 0
    outer loop
      vertex 30.832937140592268 15.269333243660164 15.75
      vertex 30.832937140592268 15.269333243660164 22.25
      vertex 30.9078181289931 15.24572335870732 22.25
    endloop
  endfacet
  facet normal 0.21643961393809363 0.9762960071199355 0
    outer loop
      vertex 30.832937140592268 15.269333243660164 15.75
      vertex 30.756283359900237 15.286326977710988 22.25
      vertex 30.832937140592268 15.269333243660164 22.25
    endloop
  endfacet
  facet normal 0.6755902076156594 0.7372773368101249 0
    outer loop
      vertex 31.236396103067893 15.036396103067894 15.75
      vertex 31.178508848717883 15.089439998807084 22.25
      vertex 31.236396103067893 15.036396103067894 22.25
    endloop
  endfacet
  facet normal 0.5372996083468113 0.8433914458128937 0
    outer loop
      vertex 31.049999999999997 15.179422863405996 15.75
      vertex 31.049999999999997 15.179422863405996 22.25
      vertex 31.11621879271594 15.137236839860094 22.25
    endloop
  endfacet
  facet normal 0.46174861323502353 0.887010833178227 0
    outer loop
      vertex 31.049999999999997 15.179422863405996 15.75
      vertex 30.980356435566627 15.215677008332985 22.25
      vertex 31.049999999999997 15.179422863405996 22.25
    endloop
  endfacet
  facet normal 0.38268343236511193 0.9238795325112775 0
    outer loop
      vertex 30.980356435566627 15.215677008332985 15.75
      vertex 30.9078181289931 15.24572335870732 22.25
      vertex 30.980356435566627 15.215677008332985 22.25
    endloop
  endfacet
  facet normal 0.6087614290087174 0.7933533402912375 0
    outer loop
      vertex 31.178508848717883 15.089439998807084 15.75
      vertex 31.11621879271594 15.137236839860094 22.25
      vertex 31.178508848717883 15.089439998807084 22.25
    endloop
  endfacet
  facet normal 0.8433914458128937 0.5372996083468113 0
    outer loop
      vertex 31.33723683986009 14.916218792715945 15.75
      vertex 31.33723683986009 14.916218792715945 22.25
      vertex 31.379422863405992 14.850000000000001 22.25
    endloop
  endfacet
  facet normal 0.7933533402912375 0.6087614290087174 0
    outer loop
      vertex 31.33723683986009 14.916218792715945 15.75
      vertex 31.28943999880708 14.978508848717887 22.25
      vertex 31.33723683986009 14.916218792715945 22.25
    endloop
  endfacet
  facet normal 0.7372773368101269 0.6755902076156574 0
    outer loop
      vertex 31.236396103067893 15.036396103067894 15.75
      vertex 31.236396103067893 15.036396103067894 22.25
      vertex 31.28943999880708 14.978508848717887 22.25
    endloop
  endfacet
  facet normal 0 0 1
    outer loop
      vertex 27.4 12.5 22.25
      vertex 30.678440168472893 15.296575228282574 22.25
      vertex 30.6 15.3 22.25
    endloop
  endfacet
  facet normal 0 0 1
    outer loop
      vertex 27.4 12.5 22.25
      vertex 31.44572335870732 14.707818128993104 22.25
      vertex 30.678440168472893 15.296575228282574 22.25
    endloop
  endfacet
  facet normal 0 0 1
    outer loop
      vertex 31.49657522828257 14.478440168472893 22.25
      vertex 31.44572335870732 14.707818128993104 22.25
      vertex 31.5 14.400000000000002 22.25
    endloop
  endfacet
  facet normal 0 0 1
    outer loop
      vertex 31.49657522828257 14.478440168472893 22.25
      vertex 31.486326977710988 14.556283359900238 22.25
      vertex 31.44572335870732 14.707818128993104 22.25
    endloop
  endfacet
  facet normal 0 0 1
    outer loop
      vertex 31.486326977710988 14.556283359900238 22.25
      vertex 31.46933324366016 14.632937140592272 22.25
      vertex 31.44572335870732 14.707818128993104 22.25
    endloop
  endfacet
  facet normal 0 0 1
    outer loop
      vertex 31.44572335870732 14.707818128993104 22.25
      vertex 31.415677008332985 14.780356435566631 22.25
      vertex 31.379422863405992 14.850000000000001 22.25
    endloop
  endfacet
  facet normal 0 0 1
    outer loop
      vertex 31.44572335870732 14.707818128993104 22.25
      vertex 31.379422863405992 14.850000000000001 22.25
      vertex 31.28943999880708 14.978508848717887 22.25
    endloop
  endfacet
  facet normal 0 0 1
    outer loop
      vertex 30.678440168472893 15.296575228282574 22.25
      vertex 30.9078181289931 15.24572335870732 22.25
      vertex 30.756283359900237 15.286326977710988 22.25
    endloop
  endfacet
  facet normal 0 0 1
    outer loop
      vertex 30.756283359900237 15.286326977710988 22.25
      vertex 30.9078181289931 15.24572335870732 22.25
      vertex 30.832937140592268 15.269333243660164 22.25
    endloop
  endfacet
  facet normal 0 0 1
    outer loop
      vertex 30.678440168472893 15.296575228282574 22.25
      vertex 31.11621879271594 15.137236839860094 22.25
      vertex 30.9078181289931 15.24572335870732 22.25
    endloop
  endfacet
  facet normal 0 0 1
    outer loop
      vertex 31.44572335870732 14.707818128993104 22.25
      vertex 31.11621879271594 15.137236839860094 22.25
      vertex 30.678440168472893 15.296575228282574 22.25
    endloop
  endfacet
  facet normal 0 0 1
    outer loop
      vertex 31.178508848717883 15.089439998807084 22.25
      vertex 31.11621879271594 15.137236839860094 22.25
      vertex 31.28943999880708 14.978508848717887 22.25
    endloop
  endfacet
  facet normal 0 0 1
    outer loop
      vertex 30.9078181289931 15.24572335870732 22.25
      vertex 31.11621879271594 15.137236839860094 22.25
      vertex 30.980356435566627 15.215677008332985 22.25
    endloop
  endfacet
  facet normal 0 0 1
    outer loop
      vertex 31.049999999999997 15.179422863405996 22.25
      vertex 30.980356435566627 15.215677008332985 22.25
      vertex 31.11621879271594 15.137236839860094 22.25
    endloop
  endfacet
  facet normal 0 0 1
    outer loop
      vertex 31.44572335870732 14.707818128993104 22.25
      vertex 31.28943999880708 14.978508848717887 22.25
      vertex 31.11621879271594 15.137236839860094 22.25
    endloop
  endfacet
  facet normal 0 0 1
    outer loop
      vertex 31.379422863405992 14.850000000000001 22.25
      vertex 31.33723683986009 14.916218792715945 22.25
      vertex 31.28943999880708 14.978508848717887 22.25
    endloop
  endfacet
  facet normal 0 0 1
    outer loop
      vertex 31.178508848717883 15.089439998807084 22.25
      vertex 31.28943999880708 14.978508848717887 22.25
      vertex 31.236396103067893 15.036396103067894 22.25
    endloop
  endfacet
  facet normal 0 0 -1
    outer loop
      vertex 30.6 -15.3 25.75
      vertex 30.756283359900237 -15.286326977710988 25.75
      vertex 30.678440168472893 -15.296575228282572 25.75
    endloop
  endfacet
  facet normal 0 0 -1
    outer loop
      vertex 30.6 -15.3 25.75
      vertex 30.9078181289931 -15.245723358707318 25.75
      vertex 30.756283359900237 -15.286326977710988 25.75
    endloop
  endfacet
  facet normal 0 0 -1
    outer loop
      vertex 30.756283359900237 -15.286326977710988 25.75
      vertex 30.9078181289931 -15.245723358707318 25.75
      vertex 30.832937140592268 -15.269333243660162 25.75
    endloop
  endfacet
  facet normal 0 0 -1
    outer loop
      vertex 30.6 -15.3 25.75
      vertex 31.236396103067893 -15.036396103067894 25.75
      vertex 30.9078181289931 -15.245723358707318 25.75
    endloop
  endfacet
  facet normal 0 0 -1
    outer loop
      vertex 30.9078181289931 -15.245723358707318 25.75
      vertex 31.11621879271594 -15.137236839860094 25.75
      vertex 30.980356435566627 -15.215677008332985 25.75
    endloop
  endfacet
  facet normal 0 0 -1
    outer loop
      vertex 30.980356435566627 -15.215677008332985 25.75
      vertex 31.11621879271594 -15.137236839860094 25.75
      vertex 31.049999999999997 -15.179422863405996 25.75
    endloop
  endfacet
  facet normal 0 0 -1
    outer loop
      vertex 30.9078181289931 -15.245723358707318 25.75
      vertex 31.236396103067893 -15.036396103067894 25.75
      vertex 31.11621879271594 -15.137236839860094 25.75
    endloop
  endfacet
  facet normal 0 0 -1
    outer loop
      vertex 31.11621879271594 -15.137236839860094 25.75
      vertex 31.236396103067893 -15.036396103067894 25.75
      vertex 31.178508848717883 -15.08943999880708 25.75
    endloop
  endfacet
  facet normal 0 0 -1
    outer loop
      vertex 30.6 -15.3 25.75
      vertex 31.5 -14.4 25.75
      vertex 31.236396103067893 -15.036396103067894 25.75
    endloop
  endfacet
  facet normal 0 0 -1
    outer loop
      vertex 31.236396103067893 -15.036396103067894 25.75
      vertex 31.33723683986009 -14.916218792715942 25.75
      vertex 31.28943999880708 -14.978508848717887 25.75
    endloop
  endfacet
  facet normal 0 0 -1
    outer loop
      vertex 31.236396103067893 -15.036396103067894 25.75
      vertex 31.415677008332985 -14.780356435566631 25.75
      vertex 31.33723683986009 -14.916218792715942 25.75
    endloop
  endfacet
  facet normal 0 0 -1
    outer loop
      vertex 31.33723683986009 -14.916218792715942 25.75
      vertex 31.415677008332985 -14.780356435566631 25.75
      vertex 31.379422863405992 -14.850000000000001 25.75
    endloop
  endfacet
  facet normal 0 0 -1
    outer loop
      vertex 31.236396103067893 -15.036396103067894 25.75
      vertex 31.5 -14.4 25.75
      vertex 31.415677008332985 -14.780356435566631 25.75
    endloop
  endfacet
  facet normal 0 0 -1
    outer loop
      vertex 31.415677008332985 -14.780356435566631 25.75
      vertex 31.46933324366016 -14.632937140592269 25.75
      vertex 31.44572335870732 -14.707818128993102 25.75
    endloop
  endfacet
  facet normal 0 0 -1
    outer loop
      vertex 31.415677008332985 -14.780356435566631 25.75
      vertex 31.5 -14.4 25.75
      vertex 31.46933324366016 -14.632937140592269 25.75
    endloop
  endfacet
  facet normal 0 0 -1
    outer loop
      vertex 31.46933324366016 -14.632937140592269 25.75
      vertex 31.5 -14.4 25.75
      vertex 31.486326977710988 -14.556283359900238 25.75
    endloop
  endfacet
  facet normal 0 0 -1
    outer loop
      vertex 31.486326977710988 -14.556283359900238 25.75
      vertex 31.5 -14.4 25.75
      vertex 31.49657522828257 -14.478440168472893 25.75
    endloop
  endfacet
  facet normal 0 0 -1
    outer loop
      vertex 30.6 -15.3 25.75
      vertex 24.9 -15.3 25.75
      vertex 24.9 -10 25.75
    endloop
  endfacet
  facet normal 0 0 -1
    outer loop
      vertex 26.199999999999996 11.299999999999999 25.75
      vertex 24.9 -10 25.75
      vertex 21.4 -10 25.75
    endloop
  endfacet
  facet normal 0 0 -1
    outer loop
      vertex 30.6 -15.3 25.75
      vertex 24.9 -10 25.75
      vertex 31.5 -14.4 25.75
    endloop
  endfacet
  facet normal 0 0 -1
    outer loop
      vertex 31.5 -14.4 25.75
      vertex 24.9 -10 25.75
      vertex 26.199999999999996 11.299999999999999 25.75
    endloop
  endfacet
  facet normal 0 -1 0
    outer loop
      vertex 30.6 -15.3 32.25
      vertex 24.9 -15.3 32.25
      vertex 24.9 -15.3 25.75
    endloop
  endfacet
  facet normal 0 -1 0
    outer loop
      vertex 30.6 -15.3 25.75
      vertex 30.6 -15.3 32.25
      vertex 24.9 -15.3 25.75
    endloop
  endfacet
  facet normal 0.04361938736532997 -0.9990482215818581 2.057195405707969e-21
    outer loop
      vertex 30.6 -15.3 25.75
      vertex 30.678440168472893 -15.296575228282572 25.75
      vertex 30.678440168472893 -15.296575228282572 32.25
    endloop
  endfacet
  facet normal 0.1305261922200521 -0.9914448613738103 0
    outer loop
      vertex 30.678440168472893 -15.296575228282572 25.75
      vertex 30.756283359900237 -15.286326977710988 25.75
      vertex 30.678440168472893 -15.296575228282572 32.25
    endloop
  endfacet
  facet normal 0.21643961393811517 -0.9762960071199306 0
    outer loop
      vertex 30.756283359900237 -15.286326977710988 25.75
      vertex 30.832937140592268 -15.269333243660162 25.75
      vertex 30.756283359900237 -15.286326977710988 32.25
    endloop
  endfacet
  facet normal 0.3007057995042782 -0.9537169507482253 1.2448281395335956e-19
    outer loop
      vertex 30.832937140592268 -15.269333243660162 25.75
      vertex 30.9078181289931 -15.245723358707318 25.75
      vertex 30.9078181289931 -15.245723358707318 32.25
    endloop
  endfacet
  facet normal 0.38268343236509267 -0.9238795325112855 -3.6466561755848774e-19
    outer loop
      vertex 30.9078181289931 -15.245723358707318 25.75
      vertex 30.980356435566627 -15.215677008332985 25.75
      vertex 30.980356435566627 -15.215677008332985 32.25
    endloop
  endfacet
  facet normal 0.46174861323502353 -0.887010833178227 2.2679770279682487e-19
    outer loop
      vertex 30.980356435566627 -15.215677008332985 25.75
      vertex 31.049999999999997 -15.179422863405996 25.75
      vertex 31.049999999999997 -15.179422863405996 32.25
    endloop
  endfacet
  facet normal 0.5372996083468113 -0.8433914458128937 0
    outer loop
      vertex 31.049999999999997 -15.179422863405996 25.75
      vertex 31.11621879271594 -15.137236839860094 25.75
      vertex 31.049999999999997 -15.179422863405996 32.25
    endloop
  endfacet
  facet normal 0.608761429008746 -0.7933533402912157 0
    outer loop
      vertex 31.11621879271594 -15.137236839860094 25.75
      vertex 31.178508848717883 -15.08943999880708 25.75
      vertex 31.11621879271594 -15.137236839860094 32.25
    endloop
  endfacet
  facet normal 0.6755902076156347 -0.7372773368101474 2.3232258656463243e-19
    outer loop
      vertex 31.178508848717883 -15.08943999880708 25.75
      vertex 31.236396103067893 -15.036396103067894 25.75
      vertex 31.236396103067893 -15.036396103067894 32.25
    endloop
  endfacet
  facet normal 0.7372773368101269 -0.6755902076156574 -2.2281264960886124e-19
    outer loop
      vertex 31.236396103067893 -15.036396103067894 25.75
      vertex 31.28943999880708 -14.978508848717887 25.75
      vertex 31.28943999880708 -14.978508848717887 32.25
    endloop
  endfacet
  facet normal 0.7933533402912545 -0.6087614290086957 0
    outer loop
      vertex 31.28943999880708 -14.978508848717887 25.75
      vertex 31.33723683986009 -14.916218792715942 25.75
      vertex 31.28943999880708 -14.978508848717887 32.25
    endloop
  endfacet
  facet normal 0.8433914458128806 -0.5372996083468318 -1.8178423959720593e-19
    outer loop
      vertex 31.33723683986009 -14.916218792715942 25.75
      vertex 31.379422863405992 -14.850000000000001 25.75
      vertex 31.379422863405992 -14.850000000000001 32.25
    endloop
  endfacet
  facet normal 0.8870108331782085 -0.4617486132350591 0
    outer loop
      vertex 31.379422863405992 -14.850000000000001 25.75
      vertex 31.415677008332985 -14.780356435566631 25.75
      vertex 31.379422863405992 -14.850000000000001 32.25
    endloop
  endfacet
  facet normal 0.9238795325112809 -0.38268343236510394 -2.059656821583116e-19
    outer loop
      vertex 31.415677008332985 -14.780356435566631 25.75
      vertex 31.44572335870732 -14.707818128993102 25.75
      vertex 31.44572335870732 -14.707818128993102 32.25
    endloop
  endfacet
  facet normal 0.9537169507482405 -0.30070579950423065 0
    outer loop
      vertex 31.44572335870732 -14.707818128993102 25.75
      vertex 31.46933324366016 -14.632937140592269 25.75
      vertex 31.44572335870732 -14.707818128993102 32.25
    endloop
  endfacet
  facet normal 0.9762960071199259 -0.21643961393813677 2.0883779192949912e-19
    outer loop
      vertex 31.46933324366016 -14.632937140592269 25.75
      vertex 31.486326977710988 -14.556283359900238 25.75
      vertex 31.486326977710988 -14.556283359900238 32.25
    endloop
  endfacet
  facet normal 0.991444861373813 -0.13052619222002984 9.59461842434871e-20
    outer loop
      vertex 31.486326977710988 -14.556283359900238 25.75
      vertex 31.49657522828257 -14.478440168472893 25.75
      vertex 31.49657522828257 -14.478440168472893 32.25
    endloop
  endfacet
  facet normal 0.999048221581857 -0.043619387365351564 0
    outer loop
      vertex 31.49657522828257 -14.478440168472893 25.75
      vertex 31.5 -14.4 25.75
      vertex 31.49657522828257 -14.478440168472893 32.25
    endloop
  endfacet
  facet normal 0 0 1
    outer loop
      vertex 30.6 -15.3 32.25
      vertex 30.678440168472893 -15.296575228282572 32.25
      vertex 24.9 -15.3 32.25
    endloop
  endfacet
  facet normal 0 0 1
    outer loop
      vertex 30.678440168472893 -15.296575228282572 32.25
      vertex 31.44572335870732 -14.707818128993102 32.25
      vertex 24.9 -15.3 32.25
    endloop
  endfacet
  facet normal 0.04361938736532997 -0.9990482215818581 0
    outer loop
      vertex 30.6 -15.3 25.75
      vertex 30.678440168472893 -15.296575228282572 32.25
      vertex 30.6 -15.3 32.25
    endloop
  endfacet
  facet normal 0.1305261922200521 -0.9914448613738103 0
    outer loop
      vertex 30.756283359900237 -15.286326977710988 25.75
      vertex 30.756283359900237 -15.286326977710988 32.25
      vertex 30.678440168472893 -15.296575228282572 32.25
    endloop
  endfacet
  facet normal 0.21643961393811517 -0.9762960071199306 0
    outer loop
      vertex 30.832937140592268 -15.269333243660162 25.75
      vertex 30.832937140592268 -15.269333243660162 32.25
      vertex 30.756283359900237 -15.286326977710988 32.25
    endloop
  endfacet
  facet normal 0.3007057995042782 -0.9537169507482253 0
    outer loop
      vertex 30.832937140592268 -15.269333243660162 25.75
      vertex 30.9078181289931 -15.245723358707318 32.25
      vertex 30.832937140592268 -15.269333243660162 32.25
    endloop
  endfacet
  facet normal 0.38268343236509267 -0.9238795325112855 0
    outer loop
      vertex 30.9078181289931 -15.245723358707318 25.75
      vertex 30.980356435566627 -15.215677008332985 32.25
      vertex 30.9078181289931 -15.245723358707318 32.25
    endloop
  endfacet
  facet normal 0.46174861323502353 -0.887010833178227 0
    outer loop
      vertex 30.980356435566627 -15.215677008332985 25.75
      vertex 31.049999999999997 -15.179422863405996 32.25
      vertex 30.980356435566627 -15.215677008332985 32.25
    endloop
  endfacet
  facet normal 0.5372996083468113 -0.8433914458128937 0
    outer loop
      vertex 31.11621879271594 -15.137236839860094 25.75
      vertex 31.11621879271594 -15.137236839860094 32.25
      vertex 31.049999999999997 -15.179422863405996 32.25
    endloop
  endfacet
  facet normal 0.608761429008746 -0.7933533402912157 0
    outer loop
      vertex 31.178508848717883 -15.08943999880708 25.75
      vertex 31.178508848717883 -15.08943999880708 32.25
      vertex 31.11621879271594 -15.137236839860094 32.25
    endloop
  endfacet
  facet normal 0.6755902076156347 -0.7372773368101474 0
    outer loop
      vertex 31.178508848717883 -15.08943999880708 25.75
      vertex 31.236396103067893 -15.036396103067894 32.25
      vertex 31.178508848717883 -15.08943999880708 32.25
    endloop
  endfacet
  facet normal 0.7372773368101269 -0.6755902076156574 0
    outer loop
      vertex 31.236396103067893 -15.036396103067894 25.75
      vertex 31.28943999880708 -14.978508848717887 32.25
      vertex 31.236396103067893 -15.036396103067894 32.25
    endloop
  endfacet
  facet normal 0.7933533402912545 -0.6087614290086957 0
    outer loop
      vertex 31.33723683986009 -14.916218792715942 25.75
      vertex 31.33723683986009 -14.916218792715942 32.25
      vertex 31.28943999880708 -14.978508848717887 32.25
    endloop
  endfacet
  facet normal 0.8433914458128806 -0.5372996083468318 0
    outer loop
      vertex 31.33723683986009 -14.916218792715942 25.75
      vertex 31.379422863405992 -14.850000000000001 32.25
      vertex 31.33723683986009 -14.916218792715942 32.25
    endloop
  endfacet
  facet normal 0.8870108331782085 -0.4617486132350591 0
    outer loop
      vertex 31.415677008332985 -14.780356435566631 25.75
      vertex 31.415677008332985 -14.780356435566631 32.25
      vertex 31.379422863405992 -14.850000000000001 32.25
    endloop
  endfacet
  facet normal 0.9238795325112809 -0.38268343236510394 0
    outer loop
      vertex 31.415677008332985 -14.780356435566631 25.75
      vertex 31.44572335870732 -14.707818128993102 32.25
      vertex 31.415677008332985 -14.780356435566631 32.25
    endloop
  endfacet
  facet normal 0.9537169507482405 -0.30070579950423065 0
    outer loop
      vertex 31.46933324366016 -14.632937140592269 25.75
      vertex 31.46933324366016 -14.632937140592269 32.25
      vertex 31.44572335870732 -14.707818128993102 32.25
    endloop
  endfacet
  facet normal 0.9762960071199259 -0.21643961393813677 0
    outer loop
      vertex 31.46933324366016 -14.632937140592269 25.75
      vertex 31.486326977710988 -14.556283359900238 32.25
      vertex 31.46933324366016 -14.632937140592269 32.25
    endloop
  endfacet
  facet normal 0.991444861373813 -0.13052619222002984 0
    outer loop
      vertex 31.486326977710988 -14.556283359900238 25.75
      vertex 31.49657522828257 -14.478440168472893 32.25
      vertex 31.486326977710988 -14.556283359900238 32.25
    endloop
  endfacet
  facet normal 0.999048221581857 -0.043619387365351564 0
    outer loop
      vertex 31.5 -14.4 25.75
      vertex 31.5 -14.4 32.25
      vertex 31.49657522828257 -14.478440168472893 32.25
    endloop
  endfacet
  facet normal 0 0 1
    outer loop
      vertex 30.678440168472893 -15.296575228282572 32.25
      vertex 30.756283359900237 -15.286326977710988 32.25
      vertex 30.9078181289931 -15.245723358707318 32.25
    endloop
  endfacet
  facet normal 0 0 1
    outer loop
      vertex 30.756283359900237 -15.286326977710988 32.25
      vertex 30.832937140592268 -15.269333243660162 32.25
      vertex 30.9078181289931 -15.245723358707318 32.25
    endloop
  endfacet
  facet normal 0 0 1
    outer loop
      vertex 30.678440168472893 -15.296575228282572 32.25
      vertex 30.9078181289931 -15.245723358707318 32.25
      vertex 31.11621879271594 -15.137236839860094 32.25
    endloop
  endfacet
  facet normal 0 0 1
    outer loop
      vertex 30.9078181289931 -15.245723358707318 32.25
      vertex 30.980356435566627 -15.215677008332985 32.25
      vertex 31.11621879271594 -15.137236839860094 32.25
    endloop
  endfacet
  facet normal 0 0 1
    outer loop
      vertex 30.980356435566627 -15.215677008332985 32.25
      vertex 31.049999999999997 -15.179422863405996 32.25
      vertex 31.11621879271594 -15.137236839860094 32.25
    endloop
  endfacet
  facet normal 0 0 1
    outer loop
      vertex 30.678440168472893 -15.296575228282572 32.25
      vertex 31.11621879271594 -15.137236839860094 32.25
      vertex 31.44572335870732 -14.707818128993102 32.25
    endloop
  endfacet
  facet normal 0 0 1
    outer loop
      vertex 31.11621879271594 -15.137236839860094 32.25
      vertex 31.178508848717883 -15.08943999880708 32.25
      vertex 31.236396103067893 -15.036396103067894 32.25
    endloop
  endfacet
  facet normal 0 0 1
    outer loop
      vertex 31.11621879271594 -15.137236839860094 32.25
      vertex 31.236396103067893 -15.036396103067894 32.25
      vertex 31.379422863405992 -14.850000000000001 32.25
    endloop
  endfacet
  facet normal 0 0 1
    outer loop
      vertex 31.236396103067893 -15.036396103067894 32.25
      vertex 31.28943999880708 -14.978508848717887 32.25
      vertex 31.379422863405992 -14.850000000000001 32.25
    endloop
  endfacet
  facet normal 0 0 1
    outer loop
      vertex 31.11621879271594 -15.137236839860094 32.25
      vertex 31.379422863405992 -14.850000000000001 32.25
      vertex 31.44572335870732 -14.707818128993102 32.25
    endloop
  endfacet
  facet normal 0 0 1
    outer loop
      vertex 31.28943999880708 -14.978508848717887 32.25
      vertex 31.33723683986009 -14.916218792715942 32.25
      vertex 31.379422863405992 -14.850000000000001 32.25
    endloop
  endfacet
  facet normal 0 0 1
    outer loop
      vertex 31.379422863405992 -14.850000000000001 32.25
      vertex 31.415677008332985 -14.780356435566631 32.25
      vertex 31.44572335870732 -14.707818128993102 32.25
    endloop
  endfacet
  facet normal 0 0 1
    outer loop
      vertex 31.44572335870732 -14.707818128993102 32.25
      vertex 31.46933324366016 -14.632937140592269 32.25
      vertex 31.486326977710988 -14.556283359900238 32.25
    endloop
  endfacet
  facet normal 0 0 1
    outer loop
      vertex 31.44572335870732 -14.707818128993102 32.25
      vertex 31.486326977710988 -14.556283359900238 32.25
      vertex 31.5 -14.4 32.25
    endloop
  endfacet
  facet normal 0 0 1
    outer loop
      vertex 31.486326977710988 -14.556283359900238 32.25
      vertex 31.49657522828257 -14.478440168472893 32.25
      vertex 31.5 -14.4 32.25
    endloop
  endfacet
  facet normal 0 0 1
    outer loop
      vertex 31.44572335870732 14.707818128993104 32.25
      vertex 21.4 -10 32.25
      vertex 24.9 -10 32.25
    endloop
  endfacet
  facet normal 0 0 1
    outer loop
      vertex 31.44572335870732 -14.707818128993102 32.25
      vertex 24.9 -10 32.25
      vertex 24.9 -15.3 32.25
    endloop
  endfacet
  facet normal 0 0 1
    outer loop
      vertex 31.44572335870732 -14.707818128993102 32.25
      vertex 31.5 -14.4 32.25
      vertex 31.44572335870732 14.707818128993104 32.25
    endloop
  endfacet
  facet normal 0 0 1
    outer loop
      vertex 31.44572335870732 -14.707818128993102 32.25
      vertex 31.44572335870732 14.707818128993104 32.25
      vertex 24.9 -10 32.25
    endloop
  endfacet
  facet normal 0 0 -1
    outer loop
      vertex 26.199999999999996 11.299999999999999 25.75
      vertex 21.4 -10 25.75
      vertex 21.4 11.299999999999999 25.75
    endloop
  endfacet
  facet normal 0 0 -1
    outer loop
      vertex 31.5 -14.4 25.75
      vertex 26.199999999999996 11.299999999999999 25.75
      vertex 26.304586891297184 11.304566362289904 25.75
    endloop
  endfacet
  facet normal 0 0 -1
    outer loop
      vertex 31.5 -14.4 25.75
      vertex 26.304586891297184 11.304566362289904 25.75
      vertex 26.40837781320031 11.31823069638535 25.75
    endloop
  endfacet
  facet normal 0 0 -1
    outer loop
      vertex 31.5 -14.4 25.75
      vertex 26.40837781320031 11.31823069638535 25.75
      vertex 26.510582854123022 11.340889008453118 25.75
    endloop
  endfacet
  facet normal 0 0 -1
    outer loop
      vertex 31.5 -14.4 25.75
      vertex 26.510582854123022 11.340889008453118 25.75
      vertex 26.6104241719908 11.372368855056909 25.75
    endloop
  endfacet
  facet normal 0 0 -1
    outer loop
      vertex 31.5 -14.4 25.75
      vertex 26.707141914088837 11.412430655556019 25.75
      vertex 26.799999999999997 11.460769515458672 25.75
    endloop
  endfacet
  facet normal 0 0 -1
    outer loop
      vertex 31.5 -14.4 25.75
      vertex 26.6104241719908 11.372368855056909 25.75
      vertex 26.707141914088837 11.412430655556019 25.75
    endloop
  endfacet
  facet normal 0 0 -1
    outer loop
      vertex 31.5 -14.4 25.75
      vertex 26.799999999999997 11.460769515458672 25.75
      vertex 26.88829172362125 11.517017546853209 25.75
    endloop
  endfacet
  facet normal 0 0 -1
    outer loop
      vertex 31.5 -14.4 25.75
      vertex 26.88829172362125 11.517017546853209 25.75
      vertex 26.971345131623842 11.580746668257225 25.75
    endloop
  endfacet
  facet normal 0 0 -1
    outer loop
      vertex 31.5 -14.4 25.75
      vertex 26.971345131623842 11.580746668257225 25.75
      vertex 27.04852813742385 11.651471862576141 25.75
    endloop
  endfacet
  facet normal 0 0 -1
    outer loop
      vertex 31.5 -14.4 25.75
      vertex 27.04852813742385 11.651471862576141 25.75
      vertex 27.11925333174277 11.728654868376152 25.75
    endloop
  endfacet
  facet normal 0 0 -1
    outer loop
      vertex 31.5 -14.4 25.75
      vertex 27.11925333174277 11.728654868376152 25.75
      vertex 27.182982453146785 11.811708276378743 25.75
    endloop
  endfacet
  facet normal 0 0 -1
    outer loop
      vertex 31.5 -14.4 25.75
      vertex 27.182982453146785 11.811708276378743 25.75
      vertex 27.239230484541324 11.899999999999999 25.75
    endloop
  endfacet
  facet normal 0 0 -1
    outer loop
      vertex 31.5 -14.4 25.75
      vertex 27.239230484541324 11.899999999999999 25.75
      vertex 27.287569344443973 11.992858085911159 25.75
    endloop
  endfacet
  facet normal 0 0 -1
    outer loop
      vertex 31.5 -14.4 25.75
      vertex 27.287569344443973 11.992858085911159 25.75
      vertex 27.327631144943084 12.089575828009195 25.75
    endloop
  endfacet
  facet normal 0 0 -1
    outer loop
      vertex 31.5 -14.4 25.75
      vertex 27.327631144943084 12.089575828009195 25.75
      vertex 27.359110991546878 12.189417145876973 25.75
    endloop
  endfacet
  facet normal 0 0 -1
    outer loop
      vertex 31.5 -14.4 25.75
      vertex 27.359110991546878 12.189417145876973 25.75
      vertex 27.381769303614647 12.291622186799682 25.75
    endloop
  endfacet
  facet normal 0 0 -1
    outer loop
      vertex 31.5 -14.4 25.75
      vertex 27.381769303614647 12.291622186799682 25.75
      vertex 27.39543363771009 12.395413108702808 25.75
    endloop
  endfacet
  facet normal 0 0 -1
    outer loop
      vertex 31.5 -14.4 25.75
      vertex 27.39543363771009 12.395413108702808 25.75
      vertex 27.4 12.5 25.75
    endloop
  endfacet
  facet normal 0 0 -1
    outer loop
      vertex 31.5 -14.4 25.75
      vertex 27.4 12.5 25.75
      vertex 31.44572335870732 14.707818128993104 25.75
    endloop
  endfacet
  facet normal 0 0 -1
    outer loop
      vertex 31.5 -14.4 25.75
      vertex 31.44572335870732 14.707818128993104 25.75
      vertex 31.5 14.400000000000002 25.75
    endloop
  endfacet
  facet normal 0 0 -1
    outer loop
      vertex 27.4 12.5 25.75
      vertex 27.4 15.3 25.75
      vertex 31.44572335870732 14.707818128993104 25.75
    endloop
  endfacet
  facet normal 0 0 -1
    outer loop
      vertex 27.4 15.3 25.75
      vertex 30.6 15.3 25.75
      vertex 30.678440168472893 15.296575228282574 25.75
    endloop
  endfacet
  facet normal 0 0 -1
    outer loop
      vertex 27.4 15.3 25.75
      vertex 30.678440168472893 15.296575228282574 25.75
      vertex 31.44572335870732 14.707818128993104 25.75
    endloop
  endfacet
  facet normal 0 0 -1
    outer loop
      vertex 31.49657522828257 14.478440168472893 25.75
      vertex 31.5 14.400000000000002 25.75
      vertex 31.486326977710988 14.556283359900238 25.75
    endloop
  endfacet
  facet normal 0 0 -1
    outer loop
      vertex 31.486326977710988 14.556283359900238 25.75
      vertex 31.5 14.400000000000002 25.75
      vertex 31.44572335870732 14.707818128993104 25.75
    endloop
  endfacet
  facet normal 0 0 -1
    outer loop
      vertex 31.486326977710988 14.556283359900238 25.75
      vertex 31.44572335870732 14.707818128993104 25.75
      vertex 31.46933324366016 14.632937140592272 25.75
    endloop
  endfacet
  facet normal 0 0 -1
    outer loop
      vertex 31.44572335870732 14.707818128993104 25.75
      vertex 31.379422863405992 14.850000000000001 25.75
      vertex 31.415677008332985 14.780356435566631 25.75
    endloop
  endfacet
  facet normal 0 0 -1
    outer loop
      vertex 31.44572335870732 14.707818128993104 25.75
      vertex 31.28943999880708 14.978508848717887 25.75
      vertex 31.379422863405992 14.850000000000001 25.75
    endloop
  endfacet
  facet normal 0 0 -1
    outer loop
      vertex 30.678440168472893 15.296575228282574 25.75
      vertex 30.756283359900237 15.286326977710988 25.75
      vertex 30.9078181289931 15.24572335870732 25.75
    endloop
  endfacet
  facet normal 0 0 -1
    outer loop
      vertex 30.756283359900237 15.286326977710988 25.75
      vertex 30.832937140592268 15.269333243660164 25.75
      vertex 30.9078181289931 15.24572335870732 25.75
    endloop
  endfacet
  facet normal 0 0 -1
    outer loop
      vertex 30.678440168472893 15.296575228282574 25.75
      vertex 30.9078181289931 15.24572335870732 25.75
      vertex 31.11621879271594 15.137236839860094 25.75
    endloop
  endfacet
  facet normal 0 0 -1
    outer loop
      vertex 31.44572335870732 14.707818128993104 25.75
      vertex 30.678440168472893 15.296575228282574 25.75
      vertex 31.11621879271594 15.137236839860094 25.75
    endloop
  endfacet
  facet normal 0 0 -1
    outer loop
      vertex 31.178508848717883 15.089439998807084 25.75
      vertex 31.28943999880708 14.978508848717887 25.75
      vertex 31.11621879271594 15.137236839860094 25.75
    endloop
  endfacet
  facet normal 0 0 -1
    outer loop
      vertex 30.9078181289931 15.24572335870732 25.75
      vertex 30.980356435566627 15.215677008332985 25.75
      vertex 31.11621879271594 15.137236839860094 25.75
    endloop
  endfacet
  facet normal 0 0 -1
    outer loop
      vertex 31.049999999999997 15.179422863405996 25.75
      vertex 31.11621879271594 15.137236839860094 25.75
      vertex 30.980356435566627 15.215677008332985 25.75
    endloop
  endfacet
  facet normal 0 0 -1
    outer loop
      vertex 31.44572335870732 14.707818128993104 25.75
      vertex 31.11621879271594 15.137236839860094 25.75
      vertex 31.28943999880708 14.978508848717887 25.75
    endloop
  endfacet
  facet normal 0 0 -1
    outer loop
      vertex 31.379422863405992 14.850000000000001 25.75
      vertex 31.28943999880708 14.978508848717887 25.75
      vertex 31.33723683986009 14.916218792715945 25.75
    endloop
  endfacet
  facet normal 0 0 -1
    outer loop
      vertex 31.178508848717883 15.089439998807084 25.75
      vertex 31.236396103067893 15.036396103067894 25.75
      vertex 31.28943999880708 14.978508848717887 25.75
    endloop
  endfacet
  facet normal 0 0 1
    outer loop
      vertex 31.44572335870732 14.707818128993104 32.25
      vertex 21.4 11.3 32.25
      vertex 21.4 -10 32.25
    endloop
  endfacet
  facet normal -1 0 0
    outer loop
      vertex 19.4 14.400000000000002 29
      vertex 19.4 11.3 29.000000000000004
      vertex 19.4 14.400000000000002 32.25
    endloop
  endfacet
  facet normal -1 0 0
    outer loop
      vertex 19.4 14.400000000000002 32.25
      vertex 19.4 11.3 29.000000000000004
      vertex 19.4 11.3 32.25
    endloop
  endfacet
  facet normal 0 0 1
    outer loop
      vertex 19.4 14.400000000000002 32.25
      vertex 19.4 11.3 32.25
      vertex 21.4 11.3 32.25
    endloop
  endfacet
  facet normal 0 0 1
    outer loop
      vertex 19.4 14.400000000000002 32.25
      vertex 21.4 11.3 32.25
      vertex 19.45427664129268 14.707818128993104 32.25
    endloop
  endfacet
  facet normal 0 0 1
    outer loop
      vertex 19.45427664129268 14.707818128993104 32.25
      vertex 21.4 11.3 32.25
      vertex 31.44572335870732 14.707818128993104 32.25
    endloop
  endfacet
  facet normal 0 0 1
    outer loop
      vertex 31.5 -14.4 32.25
      vertex 31.5 14.400000000000002 32.25
      vertex 31.44572335870732 14.707818128993104 32.25
    endloop
  endfacet
  facet normal -0.999048221581857 0.04361938736535255 7.367722542464422e-20
    outer loop
      vertex 19.4 14.400000000000002 29
      vertex 19.40342477171743 14.478440168472893 32.25
      vertex 19.40342477171743 14.478440168472893 29
    endloop
  endfacet
  facet normal -0.991444861373813 0.13052619222002984 1.918923684869742e-19
    outer loop
      vertex 19.40342477171743 14.478440168472893 29
      vertex 19.41367302228901 14.556283359900238 32.25
      vertex 19.41367302228901 14.556283359900238 29
    endloop
  endfacet
  facet normal -0.976296007119928 0.21643961393812722 -7.065823369167266e-20
    outer loop
      vertex 19.41367302228901 14.556283359900238 29
      vertex 19.43066675633984 14.632937140592272 32.25
      vertex 19.43066675633984 14.632937140592272 29
    endloop
  endfacet
  facet normal -0.9537169507482381 0.30070579950423704 3.763352995002301e-19
    outer loop
      vertex 19.43066675633984 14.632937140592272 29
      vertex 19.45427664129268 14.707818128993104 32.25
      vertex 19.45427664129268 14.707818128993104 29
    endloop
  endfacet
  facet normal -0.9238795325112775 0.38268343236511193 -5.306471014140536e-19
    outer loop
      vertex 19.45427664129268 14.707818128993104 29
      vertex 19.484322991667014 14.780356435566631 32.25
      vertex 19.484322991667014 14.780356435566631 29
    endloop
  endfacet
  facet normal -0.887010833178227 0.46174861323502353 4.535954055936497e-19
    outer loop
      vertex 19.484322991667014 14.780356435566631 29
      vertex 19.520577136594003 14.850000000000001 32.25
      vertex 19.520577136594003 14.850000000000001 29
    endloop
  endfacet
  facet normal -0.8433914458128937 0.5372996083468113 6.356073230369088e-19
    outer loop
      vertex 19.520577136594003 14.850000000000001 29
      vertex 19.562763160139905 14.916218792715945 32.25
      vertex 19.562763160139905 14.916218792715945 29
    endloop
  endfacet
  facet normal -0.7933533402912157 0.608761429008746 -7.018228908776981e-19
    outer loop
      vertex 19.562763160139905 14.916218792715945 29
      vertex 19.61056000119292 14.978508848717887 32.25
      vertex 19.61056000119292 14.978508848717887 29
    endloop
  endfacet
  facet normal -0.7372773368101269 0.6755902076156574 -4.456252992177225e-19
    outer loop
      vertex 19.61056000119292 14.978508848717887 29
      vertex 19.663603896932106 15.036396103067894 32.25
      vertex 19.663603896932106 15.036396103067894 29
    endloop
  endfacet
  facet normal -0.6755902076156819 0.7372773368101042 -8.466115321108357e-20
    outer loop
      vertex 19.663603896932106 15.036396103067894 29
      vertex 19.721491151282112 15.089439998807084 32.25
      vertex 19.721491151282112 15.089439998807084 29
    endloop
  endfacet
  facet normal -0.6087614290086957 0.7933533402912545 -2.4025282119131225e-19
    outer loop
      vertex 19.721491151282112 15.089439998807084 29
      vertex 19.783781207284058 15.137236839860094 32.25
      vertex 19.783781207284058 15.137236839860094 29
    endloop
  endfacet
  facet normal -0.5372996083468318 0.8433914458128806 -3.6356847919441185e-19
    outer loop
      vertex 19.783781207284058 15.137236839860094 29
      vertex 19.849999999999998 15.179422863405996 32.25
      vertex 19.849999999999998 15.179422863405996 29
    endloop
  endfacet
  facet normal -0.46174861323502353 0.887010833178227 4.535954055936497e-19
    outer loop
      vertex 19.849999999999998 15.179422863405996 29
      vertex 19.91964356443337 15.215677008332985 32.25
      vertex 19.91964356443337 15.215677008332985 29
    endloop
  endfacet
  facet normal -0.38268343236509594 0.9238795325112842 -2.9321562721919783e-19
    outer loop
      vertex 19.91964356443337 15.215677008332985 29
      vertex 19.9921818710069 15.24572335870732 32.25
      vertex 19.9921818710069 15.24572335870732 29
    endloop
  endfacet
  facet normal -0.3007057995042782 0.9537169507482253 2.489656279067191e-19
    outer loop
      vertex 19.9921818710069 15.24572335870732 29
      vertex 20.06706285940773 15.269333243660164 32.25
      vertex 20.06706285940773 15.269333243660164 29
    endloop
  endfacet
  facet normal -0.21643961393809363 0.9762960071199355 -3.433359096826364e-19
    outer loop
      vertex 20.06706285940773 15.269333243660164 29
      vertex 20.14371664009976 15.286326977710988 32.25
      vertex 20.14371664009976 15.286326977710988 29
    endloop
  endfacet
  facet normal -0.13052619222007436 0.9914448613738075 9.233961715366543e-20
    outer loop
      vertex 20.14371664009976 15.286326977710988 29
      vertex 20.221559831527106 15.296575228282574 32.25
      vertex 20.221559831527106 15.296575228282574 29
    endloop
  endfacet
  facet normal -0.999048221581857 0.04361938736535255 0
    outer loop
      vertex 19.4 14.400000000000002 29
      vertex 19.4 14.400000000000002 32.25
      vertex 19.40342477171743 14.478440168472893 32.25
    endloop
  endfacet
  facet normal -0.991444861373813 0.13052619222002984 0
    outer loop
      vertex 19.40342477171743 14.478440168472893 29
      vertex 19.40342477171743 14.478440168472893 32.25
      vertex 19.41367302228901 14.556283359900238 32.25
    endloop
  endfacet
  facet normal -0.976296007119928 0.21643961393812722 0
    outer loop
      vertex 19.41367302228901 14.556283359900238 29
      vertex 19.41367302228901 14.556283359900238 32.25
      vertex 19.43066675633984 14.632937140592272 32.25
    endloop
  endfacet
  facet normal -0.9537169507482381 0.30070579950423704 0
    outer loop
      vertex 19.43066675633984 14.632937140592272 29
      vertex 19.43066675633984 14.632937140592272 32.25
      vertex 19.45427664129268 14.707818128993104 32.25
    endloop
  endfacet
  facet normal -0.9238795325112775 0.38268343236511193 0
    outer loop
      vertex 19.45427664129268 14.707818128993104 29
      vertex 19.45427664129268 14.707818128993104 32.25
      vertex 19.484322991667014 14.780356435566631 32.25
    endloop
  endfacet
  facet normal -0.887010833178227 0.46174861323502353 0
    outer loop
      vertex 19.484322991667014 14.780356435566631 29
      vertex 19.484322991667014 14.780356435566631 32.25
      vertex 19.520577136594003 14.850000000000001 32.25
    endloop
  endfacet
  facet normal -0.8433914458128937 0.5372996083468113 0
    outer loop
      vertex 19.520577136594003 14.850000000000001 29
      vertex 19.520577136594003 14.850000000000001 32.25
      vertex 19.562763160139905 14.916218792715945 32.25
    endloop
  endfacet
  facet normal 0 0 1
    outer loop
      vertex 19.4 14.400000000000002 32.25
      vertex 19.41367302228901 14.556283359900238 32.25
      vertex 19.40342477171743 14.478440168472893 32.25
    endloop
  endfacet
  facet normal 0 0 1
    outer loop
      vertex 19.4 14.400000000000002 32.25
      vertex 19.45427664129268 14.707818128993104 32.25
      vertex 19.41367302228901 14.556283359900238 32.25
    endloop
  endfacet
  facet normal 0 0 1
    outer loop
      vertex 19.41367302228901 14.556283359900238 32.25
      vertex 19.45427664129268 14.707818128993104 32.25
      vertex 19.43066675633984 14.632937140592272 32.25
    endloop
  endfacet
  facet normal 0 0 1
    outer loop
      vertex 19.45427664129268 14.707818128993104 32.25
      vertex 19.520577136594003 14.850000000000001 32.25
      vertex 19.484322991667014 14.780356435566631 32.25
    endloop
  endfacet
  facet normal 0 0 1
    outer loop
      vertex 19.45427664129268 14.707818128993104 32.25
      vertex 19.562763160139905 14.916218792715945 32.25
      vertex 19.520577136594003 14.850000000000001 32.25
    endloop
  endfacet
  facet normal -0.7933533402912157 0.608761429008746 0
    outer loop
      vertex 19.562763160139905 14.916218792715945 29
      vertex 19.562763160139905 14.916218792715945 32.25
      vertex 19.61056000119292 14.978508848717887 32.25
    endloop
  endfacet
  facet normal -0.7372773368101269 0.6755902076156574 0
    outer loop
      vertex 19.61056000119292 14.978508848717887 29
      vertex 19.61056000119292 14.978508848717887 32.25
      vertex 19.663603896932106 15.036396103067894 32.25
    endloop
  endfacet
  facet normal -0.6755902076156819 0.7372773368101042 0
    outer loop
      vertex 19.663603896932106 15.036396103067894 29
      vertex 19.663603896932106 15.036396103067894 32.25
      vertex 19.721491151282112 15.089439998807084 32.25
    endloop
  endfacet
  facet normal -0.6087614290086957 0.7933533402912545 0
    outer loop
      vertex 19.721491151282112 15.089439998807084 29
      vertex 19.721491151282112 15.089439998807084 32.25
      vertex 19.783781207284058 15.137236839860094 32.25
    endloop
  endfacet
  facet normal -0.5372996083468318 0.8433914458128806 0
    outer loop
      vertex 19.783781207284058 15.137236839860094 29
      vertex 19.783781207284058 15.137236839860094 32.25
      vertex 19.849999999999998 15.179422863405996 32.25
    endloop
  endfacet
  facet normal -0.46174861323502353 0.887010833178227 0
    outer loop
      vertex 19.849999999999998 15.179422863405996 29
      vertex 19.849999999999998 15.179422863405996 32.25
      vertex 19.91964356443337 15.215677008332985 32.25
    endloop
  endfacet
  facet normal -0.38268343236509594 0.9238795325112842 0
    outer loop
      vertex 19.91964356443337 15.215677008332985 29
      vertex 19.91964356443337 15.215677008332985 32.25
      vertex 19.9921818710069 15.24572335870732 32.25
    endloop
  endfacet
  facet normal -0.3007057995042782 0.9537169507482253 0
    outer loop
      vertex 19.9921818710069 15.24572335870732 29
      vertex 19.9921818710069 15.24572335870732 32.25
      vertex 20.06706285940773 15.269333243660164 32.25
    endloop
  endfacet
  facet normal -0.21643961393809363 0.9762960071199355 0
    outer loop
      vertex 20.06706285940773 15.269333243660164 29
      vertex 20.06706285940773 15.269333243660164 32.25
      vertex 20.14371664009976 15.286326977710988 32.25
    endloop
  endfacet
  facet normal -0.13052619222007436 0.9914448613738075 0
    outer loop
      vertex 20.14371664009976 15.286326977710988 29
      vertex 20.14371664009976 15.286326977710988 32.25
      vertex 20.221559831527106 15.296575228282574 32.25
    endloop
  endfacet
  facet normal -0.0436193873653074 0.9990482215818591 0
    outer loop
      vertex 20.221559831527106 15.296575228282574 29
      vertex 20.221559831527106 15.296575228282574 32.25
      vertex 20.299999999999997 15.3 32.25
    endloop
  endfacet
  facet normal 0 0 1
    outer loop
      vertex 19.45427664129268 14.707818128993104 32.25
      vertex 19.783781207284058 15.137236839860094 32.25
      vertex 19.562763160139905 14.916218792715945 32.25
    endloop
  endfacet
  facet normal 0 0 1
    outer loop
      vertex 19.562763160139905 14.916218792715945 32.25
      vertex 19.663603896932106 15.036396103067894 32.25
      vertex 19.61056000119292 14.978508848717887 32.25
    endloop
  endfacet
  facet normal 0 0 1
    outer loop
      vertex 19.562763160139905 14.916218792715945 32.25
      vertex 19.783781207284058 15.137236839860094 32.25
      vertex 19.663603896932106 15.036396103067894 32.25
    endloop
  endfacet
  facet normal 0 0 1
    outer loop
      vertex 19.663603896932106 15.036396103067894 32.25
      vertex 19.783781207284058 15.137236839860094 32.25
      vertex 19.721491151282112 15.089439998807084 32.25
    endloop
  endfacet
  facet normal 0 0 1
    outer loop
      vertex 19.45427664129268 14.707818128993104 32.25
      vertex 20.299999999999997 15.3 32.25
      vertex 19.783781207284058 15.137236839860094 32.25
    endloop
  endfacet
  facet normal 0 0 1
    outer loop
      vertex 19.783781207284058 15.137236839860094 32.25
      vertex 19.9921818710069 15.24572335870732 32.25
      vertex 19.849999999999998 15.179422863405996 32.25
    endloop
  endfacet
  facet normal 0 0 1
    outer loop
      vertex 19.849999999999998 15.179422863405996 32.25
      vertex 19.9921818710069 15.24572335870732 32.25
      vertex 19.91964356443337 15.215677008332985 32.25
    endloop
  endfacet
  facet normal 0 0 1
    outer loop
      vertex 19.783781207284058 15.137236839860094 32.25
      vertex 20.299999999999997 15.3 32.25
      vertex 19.9921818710069 15.24572335870732 32.25
    endloop
  endfacet
  facet normal 0 0 1
    outer loop
      vertex 19.9921818710069 15.24572335870732 32.25
      vertex 20.14371664009976 15.286326977710988 32.25
      vertex 20.06706285940773 15.269333243660164 32.25
    endloop
  endfacet
  facet normal 0 0 1
    outer loop
      vertex 19.9921818710069 15.24572335870732 32.25
      vertex 20.299999999999997 15.3 32.25
      vertex 20.14371664009976 15.286326977710988 32.25
    endloop
  endfacet
  facet normal 0 0 1
    outer loop
      vertex 20.14371664009976 15.286326977710988 32.25
      vertex 20.299999999999997 15.3 32.25
      vertex 20.221559831527106 15.296575228282574 32.25
    endloop
  endfacet
  facet normal -0.0436193873653074 0.9990482215818591 -6.54484438018125e-20
    outer loop
      vertex 20.221559831527106 15.296575228282574 29
      vertex 20.299999999999997 15.3 32.25
      vertex 20.299999999999997 15.3 29
    endloop
  endfacet
  facet normal 0 1 0
    outer loop
      vertex 20.299999999999997 15.3 29
      vertex 20.299999999999997 15.3 32.25
      vertex 27.4 15.3 29
    endloop
  endfacet
  facet normal 0 0 1
    outer loop
      vertex 19.45427664129268 14.707818128993104 32.25
      vertex 31.44572335870732 14.707818128993104 32.25
      vertex 20.299999999999997 15.3 32.25
    endloop
  endfacet
  facet normal 0 1 0
    outer loop
      vertex 20.299999999999997 15.3 32.25
      vertex 30.6 15.3 32.25
      vertex 27.4 15.3 29
    endloop
  endfacet
  facet normal 0 1 0
    outer loop
      vertex 27.4 15.3 25.75
      vertex 27.4 15.3 29
      vertex 30.6 15.3 25.75
    endloop
  endfacet
  facet normal 0 1 0
    outer loop
      vertex 30.6 15.3 25.75
      vertex 27.4 15.3 29
      vertex 30.6 15.3 32.25
    endloop
  endfacet
  facet normal 0.999048221581857 0.04361938736535255 0
    outer loop
      vertex 31.49657522828257 14.478440168472893 25.75
      vertex 31.49657522828257 14.478440168472893 32.25
      vertex 31.5 14.400000000000002 25.75
    endloop
  endfacet
  facet normal 0.991444861373813 0.13052619222002984 0
    outer loop
      vertex 31.49657522828257 14.478440168472893 25.75
      vertex 31.486326977710988 14.556283359900238 25.75
      vertex 31.49657522828257 14.478440168472893 32.25
    endloop
  endfacet
  facet normal 0.976296007119928 0.21643961393812722 3.532911684583633e-20
    outer loop
      vertex 31.486326977710988 14.556283359900238 25.75
      vertex 31.46933324366016 14.632937140592272 25.75
      vertex 31.46933324366016 14.632937140592272 32.25
    endloop
  endfacet
  facet normal 0.9537169507482381 0.30070579950423704 -1.8816764975011505e-19
    outer loop
      vertex 31.46933324366016 14.632937140592272 25.75
      vertex 31.44572335870732 14.707818128993104 25.75
      vertex 31.44572335870732 14.707818128993104 32.25
    endloop
  endfacet
  facet normal 0.9238795325112775 0.38268343236511193 0
    outer loop
      vertex 31.44572335870732 14.707818128993104 25.75
      vertex 31.415677008332985 14.780356435566631 25.75
      vertex 31.44572335870732 14.707818128993104 32.25
    endloop
  endfacet
  facet normal 0.8870108331782085 0.4617486132350591 1.8102728936271504e-19
    outer loop
      vertex 31.415677008332985 14.780356435566631 25.75
      vertex 31.379422863405992 14.850000000000001 25.75
      vertex 31.379422863405992 14.850000000000001 32.25
    endloop
  endfacet
  facet normal 0.8433914458128937 0.5372996083468113 0
    outer loop
      vertex 31.379422863405992 14.850000000000001 25.75
      vertex 31.33723683986009 14.916218792715945 25.75
      vertex 31.379422863405992 14.850000000000001 32.25
    endloop
  endfacet
  facet normal 0.0436193873653074 0.9990482215818591 3.272422190090625e-20
    outer loop
      vertex 30.6 15.3 25.75
      vertex 30.678440168472893 15.296575228282574 32.25
      vertex 30.678440168472893 15.296575228282574 25.75
    endloop
  endfacet
  facet normal 0.13052619222007436 0.9914448613738075 0
    outer loop
      vertex 30.678440168472893 15.296575228282574 25.75
      vertex 30.678440168472893 15.296575228282574 32.25
      vertex 30.756283359900237 15.286326977710988 25.75
    endloop
  endfacet
  facet normal 0.21643961393809363 0.9762960071199355 0
    outer loop
      vertex 30.756283359900237 15.286326977710988 25.75
      vertex 30.756283359900237 15.286326977710988 32.25
      vertex 30.832937140592268 15.269333243660164 25.75
    endloop
  endfacet
  facet normal 0.3007057995042782 0.9537169507482253 -1.2448281395335956e-19
    outer loop
      vertex 30.832937140592268 15.269333243660164 25.75
      vertex 30.9078181289931 15.24572335870732 32.25
      vertex 30.9078181289931 15.24572335870732 25.75
    endloop
  endfacet
  facet normal 0.38268343236511193 0.9238795325112775 0
    outer loop
      vertex 30.9078181289931 15.24572335870732 25.75
      vertex 30.9078181289931 15.24572335870732 32.25
      vertex 30.980356435566627 15.215677008332985 25.75
    endloop
  endfacet
  facet normal 0.6755902076156594 0.7372773368101249 0
    outer loop
      vertex 31.178508848717883 15.089439998807084 25.75
      vertex 31.178508848717883 15.089439998807084 32.25
      vertex 31.236396103067893 15.036396103067894 25.75
    endloop
  endfacet
  facet normal 0.46174861323502353 0.887010833178227 -2.2679770279682487e-19
    outer loop
      vertex 31.049999999999997 15.179422863405996 25.75
      vertex 30.980356435566627 15.215677008332985 25.75
      vertex 30.980356435566627 15.215677008332985 32.25
    endloop
  endfacet
  facet normal 0.6087614290087174 0.7933533402912375 -2.6080988799124646e-19
    outer loop
      vertex 31.178508848717883 15.089439998807084 25.75
      vertex 31.11621879271594 15.137236839860094 25.75
      vertex 31.11621879271594 15.137236839860094 32.25
    endloop
  endfacet
  facet normal 0.5372996083468113 0.8433914458128937 -3.178036615184544e-19
    outer loop
      vertex 31.049999999999997 15.179422863405996 25.75
      vertex 31.11621879271594 15.137236839860094 32.25
      vertex 31.11621879271594 15.137236839860094 25.75
    endloop
  endfacet
  facet normal 0.7933533402912375 0.6087614290087174 -2.6080988799124646e-19
    outer loop
      vertex 31.33723683986009 14.916218792715945 25.75
      vertex 31.28943999880708 14.978508848717887 25.75
      vertex 31.28943999880708 14.978508848717887 32.25
    endloop
  endfacet
  facet normal 0.7372773368101269 0.6755902076156574 0
    outer loop
      vertex 31.28943999880708 14.978508848717887 25.75
      vertex 31.236396103067893 15.036396103067894 25.75
      vertex 31.28943999880708 14.978508848717887 32.25
    endloop
  endfacet
  facet normal 0 0 1
    outer loop
      vertex 20.299999999999997 15.3 32.25
      vertex 30.678440168472893 15.296575228282574 32.25
      vertex 30.6 15.3 32.25
    endloop
  endfacet
  facet normal 0 0 1
    outer loop
      vertex 20.299999999999997 15.3 32.25
      vertex 31.44572335870732 14.707818128993104 32.25
      vertex 30.678440168472893 15.296575228282574 32.25
    endloop
  endfacet
  facet normal 0.999048221581857 0.04361938736535255 0
    outer loop
      vertex 31.5 14.400000000000002 25.75
      vertex 31.49657522828257 14.478440168472893 32.25
      vertex 31.5 14.400000000000002 32.25
    endloop
  endfacet
  facet normal 0.991444861373813 0.13052619222002984 0
    outer loop
      vertex 31.486326977710988 14.556283359900238 25.75
      vertex 31.486326977710988 14.556283359900238 32.25
      vertex 31.49657522828257 14.478440168472893 32.25
    endloop
  endfacet
  facet normal 0.976296007119928 0.21643961393812722 0
    outer loop
      vertex 31.486326977710988 14.556283359900238 25.75
      vertex 31.46933324366016 14.632937140592272 32.25
      vertex 31.486326977710988 14.556283359900238 32.25
    endloop
  endfacet
  facet normal 0.9238795325112775 0.38268343236511193 0
    outer loop
      vertex 31.415677008332985 14.780356435566631 25.75
      vertex 31.415677008332985 14.780356435566631 32.25
      vertex 31.44572335870732 14.707818128993104 32.25
    endloop
  endfacet
  facet normal 0.9537169507482381 0.30070579950423704 0
    outer loop
      vertex 31.46933324366016 14.632937140592272 25.75
      vertex 31.44572335870732 14.707818128993104 32.25
      vertex 31.46933324366016 14.632937140592272 32.25
    endloop
  endfacet
  facet normal 0.8870108331782085 0.4617486132350591 0
    outer loop
      vertex 31.415677008332985 14.780356435566631 25.75
      vertex 31.379422863405992 14.850000000000001 32.25
      vertex 31.415677008332985 14.780356435566631 32.25
    endloop
  endfacet
  facet normal 0.0436193873653074 0.9990482215818591 0
    outer loop
      vertex 30.6 15.3 25.75
      vertex 30.6 15.3 32.25
      vertex 30.678440168472893 15.296575228282574 32.25
    endloop
  endfacet
  facet normal 0.13052619222007436 0.9914448613738075 0
    outer loop
      vertex 30.756283359900237 15.286326977710988 25.75
      vertex 30.678440168472893 15.296575228282574 32.25
      vertex 30.756283359900237 15.286326977710988 32.25
    endloop
  endfacet
  facet normal 0.3007057995042782 0.9537169507482253 0
    outer loop
      vertex 30.832937140592268 15.269333243660164 25.75
      vertex 30.832937140592268 15.269333243660164 32.25
      vertex 30.9078181289931 15.24572335870732 32.25
    endloop
  endfacet
  facet normal 0.21643961393809363 0.9762960071199355 0
    outer loop
      vertex 30.832937140592268 15.269333243660164 25.75
      vertex 30.756283359900237 15.286326977710988 32.25
      vertex 30.832937140592268 15.269333243660164 32.25
    endloop
  endfacet
  facet normal 0.6755902076156594 0.7372773368101249 0
    outer loop
      vertex 31.236396103067893 15.036396103067894 25.75
      vertex 31.178508848717883 15.089439998807084 32.25
      vertex 31.236396103067893 15.036396103067894 32.25
    endloop
  endfacet
  facet normal 0.5372996083468113 0.8433914458128937 0
    outer loop
      vertex 31.049999999999997 15.179422863405996 25.75
      vertex 31.049999999999997 15.179422863405996 32.25
      vertex 31.11621879271594 15.137236839860094 32.25
    endloop
  endfacet
  facet normal 0.46174861323502353 0.887010833178227 0
    outer loop
      vertex 31.049999999999997 15.179422863405996 25.75
      vertex 30.980356435566627 15.215677008332985 32.25
      vertex 31.049999999999997 15.179422863405996 32.25
    endloop
  endfacet
  facet normal 0.38268343236511193 0.9238795325112775 0
    outer loop
      vertex 30.980356435566627 15.215677008332985 25.75
      vertex 30.9078181289931 15.24572335870732 32.25
      vertex 30.980356435566627 15.215677008332985 32.25
    endloop
  endfacet
  facet normal 0.6087614290087174 0.7933533402912375 0
    outer loop
      vertex 31.178508848717883 15.089439998807084 25.75
      vertex 31.11621879271594 15.137236839860094 32.25
      vertex 31.178508848717883 15.089439998807084 32.25
    endloop
  endfacet
  facet normal 0.8433914458128937 0.5372996083468113 0
    outer loop
      vertex 31.33723683986009 14.916218792715945 25.75
      vertex 31.33723683986009 14.916218792715945 32.25
      vertex 31.379422863405992 14.850000000000001 32.25
    endloop
  endfacet
  facet normal 0.7933533402912375 0.6087614290087174 0
    outer loop
      vertex 31.33723683986009 14.916218792715945 25.75
      vertex 31.28943999880708 14.978508848717887 32.25
      vertex 31.33723683986009 14.916218792715945 32.25
    endloop
  endfacet
  facet normal 0.7372773368101269 0.6755902076156574 0
    outer loop
      vertex 31.236396103067893 15.036396103067894 25.75
      vertex 31.236396103067893 15.036396103067894 32.25
      vertex 31.28943999880708 14.978508848717887 32.25
    endloop
  endfacet
  facet normal 0 0 1
    outer loop
      vertex 31.49657522828257 14.478440168472893 32.25
      vertex 31.44572335870732 14.707818128993104 32.25
      vertex 31.5 14.400000000000002 32.25
    endloop
  endfacet
  facet normal 0 0 1
    outer loop
      vertex 31.49657522828257 14.478440168472893 32.25
      vertex 31.486326977710988 14.556283359900238 32.25
      vertex 31.44572335870732 14.707818128993104 32.25
    endloop
  endfacet
  facet normal 0 0 1
    outer loop
      vertex 31.486326977710988 14.556283359900238 32.25
      vertex 31.46933324366016 14.632937140592272 32.25
      vertex 31.44572335870732 14.707818128993104 32.25
    endloop
  endfacet
  facet normal 0 0 1
    outer loop
      vertex 31.44572335870732 14.707818128993104 32.25
      vertex 31.415677008332985 14.780356435566631 32.25
      vertex 31.379422863405992 14.850000000000001 32.25
    endloop
  endfacet
  facet normal 0 0 1
    outer loop
      vertex 31.44572335870732 14.707818128993104 32.25
      vertex 31.379422863405992 14.850000000000001 32.25
      vertex 31.28943999880708 14.978508848717887 32.25
    endloop
  endfacet
  facet normal 0 0 1
    outer loop
      vertex 30.678440168472893 15.296575228282574 32.25
      vertex 30.9078181289931 15.24572335870732 32.25
      vertex 30.756283359900237 15.286326977710988 32.25
    endloop
  endfacet
  facet normal 0 0 1
    outer loop
      vertex 30.756283359900237 15.286326977710988 32.25
      vertex 30.9078181289931 15.24572335870732 32.25
      vertex 30.832937140592268 15.269333243660164 32.25
    endloop
  endfacet
  facet normal 0 0 1
    outer loop
      vertex 30.678440168472893 15.296575228282574 32.25
      vertex 31.11621879271594 15.137236839860094 32.25
      vertex 30.9078181289931 15.24572335870732 32.25
    endloop
  endfacet
  facet normal 0 0 1
    outer loop
      vertex 31.44572335870732 14.707818128993104 32.25
      vertex 31.11621879271594 15.137236839860094 32.25
      vertex 30.678440168472893 15.296575228282574 32.25
    endloop
  endfacet
  facet normal 0 0 1
    outer loop
      vertex 31.178508848717883 15.089439998807084 32.25
      vertex 31.11621879271594 15.137236839860094 32.25
      vertex 31.28943999880708 14.978508848717887 32.25
    endloop
  endfacet
  facet normal 0 0 1
    outer loop
      vertex 30.9078181289931 15.24572335870732 32.25
      vertex 31.11621879271594 15.137236839860094 32.25
      vertex 30.980356435566627 15.215677008332985 32.25
    endloop
  endfacet
  facet normal 0 0 1
    outer loop
      vertex 31.049999999999997 15.179422863405996 32.25
      vertex 30.980356435566627 15.215677008332985 32.25
      vertex 31.11621879271594 15.137236839860094 32.25
    endloop
  endfacet
  facet normal 0 0 1
    outer loop
      vertex 31.44572335870732 14.707818128993104 32.25
      vertex 31.28943999880708 14.978508848717887 32.25
      vertex 31.11621879271594 15.137236839860094 32.25
    endloop
  endfacet
  facet normal 0 0 1
    outer loop
      vertex 31.379422863405992 14.850000000000001 32.25
      vertex 31.33723683986009 14.916218792715945 32.25
      vertex 31.28943999880708 14.978508848717887 32.25
    endloop
  endfacet
  facet normal 0 0 1
    outer loop
      vertex 31.178508848717883 15.089439998807084 32.25
      vertex 31.28943999880708 14.978508848717887 32.25
      vertex 31.236396103067893 15.036396103067894 32.25
    endloop
  endfacet
  facet normal -0.7372773368101232 -0.6755902076156611 0
    outer loop
      vertex -27.048528137423855 11.651471862576141 22.25
      vertex -27.048528137423855 11.651471862576141 25.75
      vertex -27.119253331742772 11.728654868376152 22.25
    endloop
  endfacet
  facet normal -0.793353340291235 -0.6087614290087209 5.831897265035999e-19
    outer loop
      vertex -27.18298245314679 11.811708276378743 22.25
      vertex -27.119253331742772 11.728654868376152 22.25
      vertex -27.119253331742772 11.728654868376152 25.75
    endloop
  endfacet
  facet normal -0.9238795325112856 -0.3826834323650927 0
    outer loop
      vertex -27.287569344443977 11.992858085911159 22.25
      vertex -27.287569344443977 11.992858085911159 25.75
      vertex -27.327631144943087 12.089575828009195 22.25
    endloop
  endfacet
  facet normal -0.9537169507482209 -0.3007057995042924 0
    outer loop
      vertex -27.327631144943087 12.089575828009195 22.25
      vertex -27.327631144943087 12.089575828009195 25.75
      vertex -27.35911099154688 12.189417145876973 22.25
    endloop
  endfacet
  facet normal -0.9762960071199385 -0.2164396139380805 0
    outer loop
      vertex -27.35911099154688 12.189417145876973 22.25
      vertex -27.35911099154688 12.189417145876973 25.75
      vertex -27.381769303614647 12.291622186799682 22.25
    endloop
  endfacet
  facet normal -0.8433914458128907 -0.5372996083468161 0
    outer loop
      vertex -27.18298245314679 11.811708276378743 22.25
      vertex -27.18298245314679 11.811708276378743 25.75
      vertex -27.239230484541324 11.899999999999999 22.25
    endloop
  endfacet
  facet normal -0.8870108331782225 -0.46174861323503247 2.169210483536037e-19
    outer loop
      vertex -27.287569344443977 11.992858085911159 22.25
      vertex -27.239230484541324 11.899999999999999 22.25
      vertex -27.239230484541324 11.899999999999999 25.75
    endloop
  endfacet
  facet normal -0.793353340291235 -0.6087614290087209 0
    outer loop
      vertex -27.18298245314679 11.811708276378743 22.25
      vertex -27.119253331742772 11.728654868376152 25.75
      vertex -27.18298245314679 11.811708276378743 25.75
    endloop
  endfacet
  facet normal -0.7372773368101232 -0.6755902076156611 0
    outer loop
      vertex -27.119253331742772 11.728654868376152 22.25
      vertex -27.048528137423855 11.651471862576141 25.75
      vertex -27.119253331742772 11.728654868376152 25.75
    endloop
  endfacet
  facet normal -0.6755902076156604 -0.7372773368101239 0
    outer loop
      vertex -27.048528137423855 11.651471862576141 22.25
      vertex -26.971345131623846 11.580746668257225 25.75
      vertex -27.048528137423855 11.651471862576141 25.75
    endloop
  endfacet
  facet normal -0.9238795325112856 -0.3826834323650927 0
    outer loop
      vertex -27.327631144943087 12.089575828009195 22.25
      vertex -27.287569344443977 11.992858085911159 25.75
      vertex -27.327631144943087 12.089575828009195 25.75
    endloop
  endfacet
  facet normal -0.9537169507482209 -0.3007057995042924 0
    outer loop
      vertex -27.35911099154688 12.189417145876973 22.25
      vertex -27.327631144943087 12.089575828009195 25.75
      vertex -27.35911099154688 12.189417145876973 25.75
    endloop
  endfacet
  facet normal -0.8433914458128907 -0.5372996083468161 0
    outer loop
      vertex -27.239230484541324 11.899999999999999 22.25
      vertex -27.18298245314679 11.811708276378743 25.75
      vertex -27.239230484541324 11.899999999999999 25.75
    endloop
  endfacet
  facet normal -0.8870108331782225 -0.46174861323503247 0
    outer loop
      vertex -27.287569344443977 11.992858085911159 22.25
      vertex -27.239230484541324 11.899999999999999 25.75
      vertex -27.287569344443977 11.992858085911159 25.75
    endloop
  endfacet
  facet normal -0.9914448613738104 -0.1305261922200521 0
    outer loop
      vertex -27.381769303614647 12.291622186799682 22.25
      vertex -27.381769303614647 12.291622186799682 25.75
      vertex -27.39543363771009 12.395413108702808 22.25
    endloop
  endfacet
  facet normal -0.9990482215818572 -0.04361938736535108 0
    outer loop
      vertex -27.39543363771009 12.395413108702808 22.25
      vertex -27.39543363771009 12.395413108702808 25.75
      vertex -27.4 12.5 22.25
    endloop
  endfacet
  facet normal -1 0 0
    outer loop
      vertex -27.4 12.5 22.25
      vertex -27.4 12.5 25.75
      vertex -27.4 15.3 22.25
    endloop
  endfacet
  facet normal -0.9762960071199385 -0.2164396139380805 0
    outer loop
      vertex -27.381769303614647 12.291622186799682 22.25
      vertex -27.35911099154688 12.189417145876973 25.75
      vertex -27.381769303614647 12.291622186799682 25.75
    endloop
  endfacet
  facet normal -0.9914448613738104 -0.1305261922200521 0
    outer loop
      vertex -27.39543363771009 12.395413108702808 22.25
      vertex -27.381769303614647 12.291622186799682 25.75
      vertex -27.39543363771009 12.395413108702808 25.75
    endloop
  endfacet
  facet normal -0.9990482215818572 -0.04361938736535108 0
    outer loop
      vertex -27.4 12.5 22.25
      vertex -27.39543363771009 12.395413108702808 25.75
      vertex -27.4 12.5 25.75
    endloop
  endfacet
  facet normal -0.30070579950426146 -0.9537169507482306 1.3927051337085527e-19
    outer loop
      vertex -26.6104241719908 11.372368855056909 22.25
      vertex -26.510582854123022 11.340889008453118 22.25
      vertex -26.510582854123022 11.340889008453118 25.75
    endloop
  endfacet
  facet normal -0.2164396139381128 -0.9762960071199313 -4.20921124420907e-19
    outer loop
      vertex -26.510582854123022 11.340889008453118 22.25
      vertex -26.408377813200314 11.31823069638535 22.25
      vertex -26.408377813200314 11.31823069638535 25.75
    endloop
  endfacet
  facet normal -0.1305261922200521 -0.9914448613738104 -1.7595313396801484e-19
    outer loop
      vertex -26.408377813200314 11.31823069638535 22.25
      vertex -26.304586891297188 11.304566362289904 22.25
      vertex -26.304586891297188 11.304566362289904 25.75
    endloop
  endfacet
  facet normal -0.04361938736533561 -0.9990482215818578 2.2692039038259276e-20
    outer loop
      vertex -26.304586891297188 11.304566362289904 22.25
      vertex -26.2 11.299999999999999 22.25
      vertex -26.2 11.299999999999999 25.75
    endloop
  endfacet
  facet normal -0.6087614290087209 -0.793353340291235 5.831897265035999e-19
    outer loop
      vertex -26.971345131623846 11.580746668257225 22.25
      vertex -26.888291723621254 11.517017546853209 22.25
      vertex -26.888291723621254 11.517017546853209 25.75
    endloop
  endfacet
  facet normal -0.5372996083468204 -0.8433914458128878 7.153208078479154e-19
    outer loop
      vertex -26.888291723621254 11.517017546853209 22.25
      vertex -26.799999999999997 11.460769515458672 22.25
      vertex -26.799999999999997 11.460769515458672 25.75
    endloop
  endfacet
  facet normal -0.46174861323503247 -0.8870108331782225 2.169210483536037e-19
    outer loop
      vertex -26.799999999999997 11.460769515458672 22.25
      vertex -26.707141914088837 11.412430655556019 22.25
      vertex -26.707141914088837 11.412430655556019 25.75
    endloop
  endfacet
  facet normal -0.6755902076156604 -0.7372773368101239 -8.192676119917701e-19
    outer loop
      vertex -27.048528137423855 11.651471862576141 22.25
      vertex -26.971345131623846 11.580746668257225 22.25
      vertex -26.971345131623846 11.580746668257225 25.75
    endloop
  endfacet
  facet normal -0.3826834323650927 -0.9238795325112856 0
    outer loop
      vertex -26.6104241719908 11.372368855056909 22.25
      vertex -26.6104241719908 11.372368855056909 25.75
      vertex -26.707141914088837 11.412430655556019 22.25
    endloop
  endfacet
  facet normal -0.30070579950426146 -0.9537169507482306 0
    outer loop
      vertex -26.6104241719908 11.372368855056909 22.25
      vertex -26.510582854123022 11.340889008453118 25.75
      vertex -26.6104241719908 11.372368855056909 25.75
    endloop
  endfacet
  facet normal -0.2164396139381128 -0.9762960071199313 0
    outer loop
      vertex -26.510582854123022 11.340889008453118 22.25
      vertex -26.408377813200314 11.31823069638535 25.75
      vertex -26.510582854123022 11.340889008453118 25.75
    endloop
  endfacet
  facet normal -0.1305261922200521 -0.9914448613738104 0
    outer loop
      vertex -26.408377813200314 11.31823069638535 22.25
      vertex -26.304586891297188 11.304566362289904 25.75
      vertex -26.408377813200314 11.31823069638535 25.75
    endloop
  endfacet
  facet normal -0.04361938736533561 -0.9990482215818578 0
    outer loop
      vertex -26.304586891297188 11.304566362289904 22.25
      vertex -26.2 11.299999999999999 25.75
      vertex -26.304586891297188 11.304566362289904 25.75
    endloop
  endfacet
  facet normal -0.6087614290087209 -0.793353340291235 0
    outer loop
      vertex -26.971345131623846 11.580746668257225 22.25
      vertex -26.888291723621254 11.517017546853209 25.75
      vertex -26.971345131623846 11.580746668257225 25.75
    endloop
  endfacet
  facet normal -0.46174861323503247 -0.8870108331782225 0
    outer loop
      vertex -26.799999999999997 11.460769515458672 22.25
      vertex -26.707141914088837 11.412430655556019 25.75
      vertex -26.799999999999997 11.460769515458672 25.75
    endloop
  endfacet
  facet normal -0.5372996083468204 -0.8433914458128878 0
    outer loop
      vertex -26.888291723621254 11.517017546853209 22.25
      vertex -26.799999999999997 11.460769515458672 25.75
      vertex -26.888291723621254 11.517017546853209 25.75
    endloop
  endfacet
  facet normal -0.3826834323650927 -0.9238795325112856 0
    outer loop
      vertex -26.707141914088837 11.412430655556019 22.25
      vertex -26.6104241719908 11.372368855056909 25.75
      vertex -26.707141914088837 11.412430655556019 25.75
    endloop
  endfacet
  facet normal 0 -1 0
    outer loop
      vertex -26.2 11.299999999999999 22.25
      vertex -21.4 11.299999999999999 22.25
      vertex -21.4 11.299999999999999 25.75
    endloop
  endfacet
  facet normal 0 -1 0
    outer loop
      vertex -26.2 11.299999999999999 22.25
      vertex -21.4 11.299999999999999 25.75
      vertex -26.2 11.299999999999999 25.75
    endloop
  endfacet
  facet normal -1 0 0
    outer loop
      vertex -27.4 12.5 25.75
      vertex -27.4 15.3 25.75
      vertex -27.4 15.3 22.25
    endloop
  endfacet
  facet normal -1 0 0
    outer loop
      vertex -27.4 15.3 19
      vertex -27.4 22.299999999999997 29
      vertex -27.4 22.299999999999997 19
    endloop
  endfacet
  facet normal -1 0 0
    outer loop
      vertex -27.4 15.3 19
      vertex -27.4 15.3 22.25
      vertex -27.4 22.299999999999997 29
    endloop
  endfacet
  facet normal -1 0 0
    outer loop
      vertex -27.4 15.3 22.25
      vertex -27.4 15.3 25.75
      vertex -27.4 22.299999999999997 29
    endloop
  endfacet
  facet normal 0 0 -1
    outer loop
      vertex -27.4 22.299999999999997 19
      vertex -27.39543363771009 22.40458689129719 19
      vertex -27.35911099154688 22.610582854123024 19
    endloop
  endfacet
  facet normal 0 0 -1
    outer loop
      vertex -27.39543363771009 22.40458689129719 19
      vertex -27.381769303614647 22.508377813200315 19
      vertex -27.35911099154688 22.610582854123024 19
    endloop
  endfacet
  facet normal 0 0 -1
    outer loop
      vertex -27.4 22.299999999999997 19
      vertex -27.35911099154688 22.610582854123024 19
      vertex -27.18298245314679 22.988291723621252 19
    endloop
  endfacet
  facet normal 0 0 -1
    outer loop
      vertex -27.35911099154688 22.610582854123024 19
      vertex -27.327631144943087 22.7104241719908 19
      vertex -27.287569344443977 22.807141914088838 19
    endloop
  endfacet
  facet normal 0 0 -1
    outer loop
      vertex -27.35911099154688 22.610582854123024 19
      vertex -27.287569344443977 22.807141914088838 19
      vertex -27.18298245314679 22.988291723621252 19
    endloop
  endfacet
  facet normal 0 0 -1
    outer loop
      vertex -27.287569344443977 22.807141914088838 19
      vertex -27.239230484541324 22.9 19
      vertex -27.18298245314679 22.988291723621252 19
    endloop
  endfacet
  facet normal 0 0 -1
    outer loop
      vertex -27.18298245314679 22.988291723621252 19
      vertex -27.119253331742772 23.071345131623843 19
      vertex -27.048528137423855 23.148528137423856 19
    endloop
  endfacet
  facet normal 0 0 -1
    outer loop
      vertex -27.18298245314679 22.988291723621252 19
      vertex -27.048528137423855 23.148528137423856 19
      vertex -26.799999999999997 23.339230484541325 19
    endloop
  endfacet
  facet normal -0.9990482215818571 0.04361938736535107 1.0926214867052019e-20
    outer loop
      vertex -27.4 22.299999999999997 19
      vertex -27.39543363771009 22.40458689129719 29
      vertex -27.39543363771009 22.40458689129719 19
    endloop
  endfacet
  facet normal -0.9914448613738104 0.13052619222005213 6.15835968888052e-20
    outer loop
      vertex -27.39543363771009 22.40458689129719 19
      vertex -27.381769303614647 22.508377813200315 29
      vertex -27.381769303614647 22.508377813200315 19
    endloop
  endfacet
  facet normal -0.9762960071199384 0.21643961393808045 0
    outer loop
      vertex -27.381769303614647 22.508377813200315 19
      vertex -27.381769303614647 22.508377813200315 29
      vertex -27.35911099154688 22.610582854123024 19
    endloop
  endfacet
  facet normal -0.9537169507482208 0.3007057995042923 -9.013982293964927e-20
    outer loop
      vertex -27.35911099154688 22.610582854123024 19
      vertex -27.327631144943087 22.7104241719908 29
      vertex -27.327631144943087 22.7104241719908 19
    endloop
  endfacet
  facet normal -0.9238795325112856 0.38268343236509267 0
    outer loop
      vertex -27.327631144943087 22.7104241719908 19
      vertex -27.327631144943087 22.7104241719908 29
      vertex -27.287569344443977 22.807141914088838 19
    endloop
  endfacet
  facet normal -0.8870108331782226 0.46174861323503247 -7.59223669237613e-20
    outer loop
      vertex -27.287569344443977 22.807141914088838 19
      vertex -27.239230484541324 22.9 29
      vertex -27.239230484541324 22.9 19
    endloop
  endfacet
  facet normal -0.8433914458128858 0.5372996083468238 0
    outer loop
      vertex -27.239230484541324 22.9 19
      vertex -27.239230484541324 22.9 29
      vertex -27.18298245314679 22.988291723621252 19
    endloop
  endfacet
  facet normal -0.793353340291235 0.6087614290087209 0
    outer loop
      vertex -27.18298245314679 22.988291723621252 19
      vertex -27.18298245314679 22.988291723621252 29
      vertex -27.119253331742772 23.071345131623843 19
    endloop
  endfacet
  facet normal -0.737277336810131 0.6755902076156527 0
    outer loop
      vertex -27.119253331742772 23.071345131623843 19
      vertex -27.119253331742772 23.071345131623843 29
      vertex -27.048528137423855 23.148528137423856 19
    endloop
  endfacet
  facet normal -0.6755902076156511 0.7372773368101324 0
    outer loop
      vertex -27.048528137423855 23.148528137423856 19
      vertex -27.048528137423855 23.148528137423856 29
      vertex -26.971345131623846 23.21925333174277 19
    endloop
  endfacet
  facet normal -0.9990482215818571 0.04361938736535107 0
    outer loop
      vertex -27.4 22.299999999999997 19
      vertex -27.4 22.299999999999997 29
      vertex -27.39543363771009 22.40458689129719 29
    endloop
  endfacet
  facet normal -0.9914448613738104 0.13052619222005213 0
    outer loop
      vertex -27.39543363771009 22.40458689129719 19
      vertex -27.39543363771009 22.40458689129719 29
      vertex -27.381769303614647 22.508377813200315 29
    endloop
  endfacet
  facet normal -0.9762960071199384 0.21643961393808045 0
    outer loop
      vertex -27.35911099154688 22.610582854123024 19
      vertex -27.381769303614647 22.508377813200315 29
      vertex -27.35911099154688 22.610582854123024 29
    endloop
  endfacet
  facet normal -0.9537169507482208 0.3007057995042923 0
    outer loop
      vertex -27.35911099154688 22.610582854123024 19
      vertex -27.35911099154688 22.610582854123024 29
      vertex -27.327631144943087 22.7104241719908 29
    endloop
  endfacet
  facet normal -0.9238795325112856 0.38268343236509267 0
    outer loop
      vertex -27.287569344443977 22.807141914088838 19
      vertex -27.327631144943087 22.7104241719908 29
      vertex -27.287569344443977 22.807141914088838 29
    endloop
  endfacet
  facet normal -0.8870108331782226 0.46174861323503247 0
    outer loop
      vertex -27.287569344443977 22.807141914088838 19
      vertex -27.287569344443977 22.807141914088838 29
      vertex -27.239230484541324 22.9 29
    endloop
  endfacet
  facet normal -0.8433914458128858 0.5372996083468238 0
    outer loop
      vertex -27.18298245314679 22.988291723621252 19
      vertex -27.239230484541324 22.9 29
      vertex -27.18298245314679 22.988291723621252 29
    endloop
  endfacet
  facet normal -0.793353340291235 0.6087614290087209 0
    outer loop
      vertex -27.119253331742772 23.071345131623843 19
      vertex -27.18298245314679 22.988291723621252 29
      vertex -27.119253331742772 23.071345131623843 29
    endloop
  endfacet
  facet normal -0.737277336810131 0.6755902076156527 0
    outer loop
      vertex -27.048528137423855 23.148528137423856 19
      vertex -27.119253331742772 23.071345131623843 29
      vertex -27.048528137423855 23.148528137423856 29
    endloop
  endfacet
  facet normal 0 0 -1
    outer loop
      vertex -27.4 15.3 19
      vertex -27.4 22.299999999999997 19
      vertex -20.299999999999997 15.3 19
    endloop
  endfacet
  facet normal 0 0 -1
    outer loop
      vertex -27.4 22.299999999999997 19
      vertex -27.18298245314679 22.988291723621252 19
      vertex -20.299999999999997 15.3 19
    endloop
  endfacet
  facet normal 0 0 -1
    outer loop
      vertex -27.18298245314679 22.988291723621252 19
      vertex -26.408377813200314 23.481769303614648 19
      vertex -20.299999999999997 15.3 19
    endloop
  endfacet
  facet normal 0 0 -1
    outer loop
      vertex -27.048528137423855 23.148528137423856 19
      vertex -26.971345131623846 23.21925333174277 19
      vertex -26.799999999999997 23.339230484541325 19
    endloop
  endfacet
  facet normal 0 0 -1
    outer loop
      vertex -26.971345131623846 23.21925333174277 19
      vertex -26.888291723621254 23.282982453146786 19
      vertex -26.799999999999997 23.339230484541325 19
    endloop
  endfacet
  facet normal 0 0 -1
    outer loop
      vertex -27.18298245314679 22.988291723621252 19
      vertex -26.799999999999997 23.339230484541325 19
      vertex -26.408377813200314 23.481769303614648 19
    endloop
  endfacet
  facet normal 0 0 -1
    outer loop
      vertex -26.799999999999997 23.339230484541325 19
      vertex -26.707141914088837 23.38756934444398 19
      vertex -26.6104241719908 23.42763114494309 19
    endloop
  endfacet
  facet normal 0 0 -1
    outer loop
      vertex -26.799999999999997 23.339230484541325 19
      vertex -26.6104241719908 23.42763114494309 19
      vertex -26.408377813200314 23.481769303614648 19
    endloop
  endfacet
  facet normal 0 0 -1
    outer loop
      vertex -26.6104241719908 23.42763114494309 19
      vertex -26.510582854123022 23.45911099154688 19
      vertex -26.408377813200314 23.481769303614648 19
    endloop
  endfacet
  facet normal 0 0 -1
    outer loop
      vertex -26.408377813200314 23.481769303614648 19
      vertex -26.304586891297188 23.495433637710093 19
      vertex -26.2 23.5 19
    endloop
  endfacet
  facet normal -0.6087614290087209 0.793353340291235 0
    outer loop
      vertex -26.971345131623846 23.21925333174277 19
      vertex -26.971345131623846 23.21925333174277 29
      vertex -26.888291723621254 23.282982453146786 19
    endloop
  endfacet
  facet normal -0.5372996083468325 0.8433914458128803 0
    outer loop
      vertex -26.888291723621254 23.282982453146786 19
      vertex -26.888291723621254 23.282982453146786 29
      vertex -26.799999999999997 23.339230484541325 19
    endloop
  endfacet
  facet normal -0.46174861323503247 0.8870108331782226 -7.59223669237613e-20
    outer loop
      vertex -26.799999999999997 23.339230484541325 19
      vertex -26.707141914088837 23.38756934444398 29
      vertex -26.707141914088837 23.38756934444398 19
    endloop
  endfacet
  facet normal -0.38268343236509267 0.9238795325112856 0
    outer loop
      vertex -26.707141914088837 23.38756934444398 19
      vertex -26.707141914088837 23.38756934444398 29
      vertex -26.6104241719908 23.42763114494309 19
    endloop
  endfacet
  facet normal -0.3007057995042615 0.9537169507482307 0
    outer loop
      vertex -26.6104241719908 23.42763114494309 19
      vertex -26.6104241719908 23.42763114494309 29
      vertex -26.510582854123022 23.45911099154688 19
    endloop
  endfacet
  facet normal -0.21643961393811284 0.9762960071199313 0
    outer loop
      vertex -26.510582854123022 23.45911099154688 19
      vertex -26.510582854123022 23.45911099154688 29
      vertex -26.408377813200314 23.481769303614648 19
    endloop
  endfacet
  facet normal -0.13052619222005213 0.9914448613738104 0
    outer loop
      vertex -26.408377813200314 23.481769303614648 19
      vertex -26.408377813200314 23.481769303614648 29
      vertex -26.304586891297188 23.495433637710093 19
    endloop
  endfacet
  facet normal -0.04361938736535255 0.999048221581857 0
    outer loop
      vertex -26.304586891297188 23.495433637710093 19
      vertex -26.304586891297188 23.495433637710093 29
      vertex -26.2 23.5 19
    endloop
  endfacet
  facet normal -0.6755902076156511 0.7372773368101324 0
    outer loop
      vertex -26.971345131623846 23.21925333174277 19
      vertex -27.048528137423855 23.148528137423856 29
      vertex -26.971345131623846 23.21925333174277 29
    endloop
  endfacet
  facet normal -0.6087614290087209 0.793353340291235 0
    outer loop
      vertex -26.888291723621254 23.282982453146786 19
      vertex -26.971345131623846 23.21925333174277 29
      vertex -26.888291723621254 23.282982453146786 29
    endloop
  endfacet
  facet normal -0.5372996083468325 0.8433914458128803 0
    outer loop
      vertex -26.799999999999997 23.339230484541325 19
      vertex -26.888291723621254 23.282982453146786 29
      vertex -26.799999999999997 23.339230484541325 29
    endloop
  endfacet
  facet normal -0.46174861323503247 0.8870108331782226 0
    outer loop
      vertex -26.799999999999997 23.339230484541325 19
      vertex -26.799999999999997 23.339230484541325 29
      vertex -26.707141914088837 23.38756934444398 29
    endloop
  endfacet
  facet normal -0.38268343236509267 0.9238795325112856 0
    outer loop
      vertex -26.6104241719908 23.42763114494309 19
      vertex -26.707141914088837 23.38756934444398 29
      vertex -26.6104241719908 23.42763114494309 29
    endloop
  endfacet
  facet normal -0.3007057995042615 0.9537169507482307 0
    outer loop
      vertex -26.510582854123022 23.45911099154688 19
      vertex -26.6104241719908 23.42763114494309 29
      vertex -26.510582854123022 23.45911099154688 29
    endloop
  endfacet
  facet normal -0.21643961393811284 0.9762960071199313 0
    outer loop
      vertex -26.408377813200314 23.481769303614648 19
      vertex -26.510582854123022 23.45911099154688 29
      vertex -26.408377813200314 23.481769303614648 29
    endloop
  endfacet
  facet normal -0.13052619222005213 0.9914448613738104 0
    outer loop
      vertex -26.304586891297188 23.495433637710093 19
      vertex -26.408377813200314 23.481769303614648 29
      vertex -26.304586891297188 23.495433637710093 29
    endloop
  endfacet
  facet normal -0.04361938736535255 0.999048221581857 0
    outer loop
      vertex -26.2 23.5 19
      vertex -26.304586891297188 23.495433637710093 29
      vertex -26.2 23.5 29
    endloop
  endfacet
  facet normal 0 1.1460366705808063e-15 -1
    outer loop
      vertex -19.4 14.400000000000002 19
      vertex 19.4 14.400000000000002 19
      vertex -19.4 11.3 18.999999999999996
    endloop
  endfacet
  facet normal 0 0 -1
    outer loop
      vertex -20.299999999999997 15.3 19
      vertex -26.408377813200314 23.481769303614648 19
      vertex 19.4 14.400000000000002 19
    endloop
  endfacet
  facet normal 0 0 -1
    outer loop
      vertex -20.299999999999997 15.3 19
      vertex 19.4 14.400000000000002 19
      vertex -20.221559831527106 15.296575228282574 19
    endloop
  endfacet
  facet normal 0 0 -1
    outer loop
      vertex -20.221559831527106 15.296575228282574 19
      vertex 19.4 14.400000000000002 19
      vertex -20.14371664009976 15.286326977710988 19
    endloop
  endfacet
  facet normal 0 0 -1
    outer loop
      vertex -20.14371664009976 15.286326977710988 19
      vertex 19.4 14.400000000000002 19
      vertex -20.06706285940773 15.269333243660164 19
    endloop
  endfacet
  facet normal 0 0 -1
    outer loop
      vertex -20.06706285940773 15.269333243660164 19
      vertex 19.4 14.400000000000002 19
      vertex -19.9921818710069 15.24572335870732 19
    endloop
  endfacet
  facet normal 0 0 -1
    outer loop
      vertex -19.9921818710069 15.24572335870732 19
      vertex 19.4 14.400000000000002 19
      vertex -19.919643564433372 15.215677008332985 19
    endloop
  endfacet
  facet normal 0 0 -1
    outer loop
      vertex -19.85 15.179422863405996 19
      vertex -19.919643564433372 15.215677008332985 19
      vertex 19.4 14.400000000000002 19
    endloop
  endfacet
  facet normal 0 0 -1
    outer loop
      vertex -19.4 14.400000000000002 19
      vertex -19.40342477171743 14.478440168472893 19
      vertex 19.4 14.400000000000002 19
    endloop
  endfacet
  facet normal 0 0 -1
    outer loop
      vertex -19.41367302228901 14.556283359900238 19
      vertex 19.4 14.400000000000002 19
      vertex -19.40342477171743 14.478440168472893 19
    endloop
  endfacet
  facet normal 0 0 -1
    outer loop
      vertex -19.41367302228901 14.556283359900238 19
      vertex -19.43066675633984 14.632937140592272 19
      vertex 19.4 14.400000000000002 19
    endloop
  endfacet
  facet normal 0 0 -1
    outer loop
      vertex -19.43066675633984 14.632937140592272 19
      vertex -19.45427664129268 14.707818128993104 19
      vertex 19.4 14.400000000000002 19
    endloop
  endfacet
  facet normal 0 0 -1
    outer loop
      vertex -19.45427664129268 14.707818128993104 19
      vertex -19.484322991667014 14.780356435566631 19
      vertex 19.4 14.400000000000002 19
    endloop
  endfacet
  facet normal 0 0 -1
    outer loop
      vertex -19.61056000119292 14.978508848717887 19
      vertex -19.663603896932106 15.036396103067894 19
      vertex 19.4 14.400000000000002 19
    endloop
  endfacet
  facet normal 0 0 -1
    outer loop
      vertex -19.721491151282116 15.089439998807084 19
      vertex 19.4 14.400000000000002 19
      vertex -19.663603896932106 15.036396103067894 19
    endloop
  endfacet
  facet normal 0 0 -1
    outer loop
      vertex -19.56276316013991 14.916218792715945 19
      vertex -19.61056000119292 14.978508848717887 19
      vertex 19.4 14.400000000000002 19
    endloop
  endfacet
  facet normal 0 0 -1
    outer loop
      vertex -19.520577136594007 14.850000000000001 19
      vertex -19.56276316013991 14.916218792715945 19
      vertex 19.4 14.400000000000002 19
    endloop
  endfacet
  facet normal 0 0 -1
    outer loop
      vertex -19.484322991667014 14.780356435566631 19
      vertex -19.520577136594007 14.850000000000001 19
      vertex 19.4 14.400000000000002 19
    endloop
  endfacet
  facet normal 0 0 -1
    outer loop
      vertex -19.85 15.179422863405996 19
      vertex 19.4 14.400000000000002 19
      vertex -19.783781207284058 15.137236839860094 19
    endloop
  endfacet
  facet normal 0 0 -1
    outer loop
      vertex -19.721491151282116 15.089439998807084 19
      vertex -19.783781207284058 15.137236839860094 19
      vertex 19.4 14.400000000000002 19
    endloop
  endfacet
  facet normal 0 0 -1
    outer loop
      vertex -26.408377813200314 23.481769303614648 19
      vertex -26.2 23.5 19
      vertex 26.40837781320031 23.481769303614648 19
    endloop
  endfacet
  facet normal -1 0 0
    outer loop
      vertex -27.4 15.3 25.75
      vertex -27.4 15.3 29
      vertex -27.4 22.299999999999997 29
    endloop
  endfacet
  facet normal 0 0 1
    outer loop
      vertex -27.4 15.3 29
      vertex -26.510582854123022 23.45911099154688 29
      vertex -27.4 22.299999999999997 29
    endloop
  endfacet
  facet normal 0 0 1
    outer loop
      vertex -27.4 22.299999999999997 29
      vertex -27.35911099154688 22.610582854123024 29
      vertex -27.39543363771009 22.40458689129719 29
    endloop
  endfacet
  facet normal 0 0 1
    outer loop
      vertex -27.39543363771009 22.40458689129719 29
      vertex -27.35911099154688 22.610582854123024 29
      vertex -27.381769303614647 22.508377813200315 29
    endloop
  endfacet
  facet normal 0 0 1
    outer loop
      vertex -27.4 22.299999999999997 29
      vertex -27.18298245314679 22.988291723621252 29
      vertex -27.35911099154688 22.610582854123024 29
    endloop
  endfacet
  facet normal 0 0 1
    outer loop
      vertex -27.35911099154688 22.610582854123024 29
      vertex -27.287569344443977 22.807141914088838 29
      vertex -27.327631144943087 22.7104241719908 29
    endloop
  endfacet
  facet normal 0 0 1
    outer loop
      vertex -27.35911099154688 22.610582854123024 29
      vertex -27.18298245314679 22.988291723621252 29
      vertex -27.287569344443977 22.807141914088838 29
    endloop
  endfacet
  facet normal 0 0 1
    outer loop
      vertex -27.287569344443977 22.807141914088838 29
      vertex -27.18298245314679 22.988291723621252 29
      vertex -27.239230484541324 22.9 29
    endloop
  endfacet
  facet normal 0 0 1
    outer loop
      vertex -27.4 22.299999999999997 29
      vertex -26.510582854123022 23.45911099154688 29
      vertex -27.18298245314679 22.988291723621252 29
    endloop
  endfacet
  facet normal 0 0 1
    outer loop
      vertex -27.18298245314679 22.988291723621252 29
      vertex -27.048528137423855 23.148528137423856 29
      vertex -27.119253331742772 23.071345131623843 29
    endloop
  endfacet
  facet normal 0 0 1
    outer loop
      vertex -27.18298245314679 22.988291723621252 29
      vertex -26.888291723621254 23.282982453146786 29
      vertex -27.048528137423855 23.148528137423856 29
    endloop
  endfacet
  facet normal 0 0 1
    outer loop
      vertex -27.4 15.3 29
      vertex -20.299999999999997 15.3 29
      vertex -26.510582854123022 23.45911099154688 29
    endloop
  endfacet
  facet normal 0 0 1
    outer loop
      vertex -27.048528137423855 23.148528137423856 29
      vertex -26.888291723621254 23.282982453146786 29
      vertex -26.971345131623846 23.21925333174277 29
    endloop
  endfacet
  facet normal 0 0 1
    outer loop
      vertex -27.18298245314679 22.988291723621252 29
      vertex -26.510582854123022 23.45911099154688 29
      vertex -26.888291723621254 23.282982453146786 29
    endloop
  endfacet
  facet normal 0 0 1
    outer loop
      vertex -26.888291723621254 23.282982453146786 29
      vertex -26.707141914088837 23.38756934444398 29
      vertex -26.799999999999997 23.339230484541325 29
    endloop
  endfacet
  facet normal 0 0 1
    outer loop
      vertex -26.888291723621254 23.282982453146786 29
      vertex -26.510582854123022 23.45911099154688 29
      vertex -26.707141914088837 23.38756934444398 29
    endloop
  endfacet
  facet normal 0 0 1
    outer loop
      vertex -26.707141914088837 23.38756934444398 29
      vertex -26.510582854123022 23.45911099154688 29
      vertex -26.6104241719908 23.42763114494309 29
    endloop
  endfacet
  facet normal 0 0 1
    outer loop
      vertex -26.510582854123022 23.45911099154688 29
      vertex -26.304586891297188 23.495433637710093 29
      vertex -26.408377813200314 23.481769303614648 29
    endloop
  endfacet
  facet normal -9.156478553609539e-17 0 1
    outer loop
      vertex -19.4 14.400000000000002 29
      vertex -19.4 11.3 29
      vertex 19.4 11.3 29.000000000000004
    endloop
  endfacet
  facet normal 0 0 1
    outer loop
      vertex -20.299999999999997 15.3 29
      vertex 26.40837781320031 23.481769303614648 29
      vertex -26.510582854123022 23.45911099154688 29
    endloop
  endfacet
  facet normal 0 0 1
    outer loop
      vertex -20.299999999999997 15.3 29
      vertex -20.221559831527106 15.296575228282574 29
      vertex 26.40837781320031 23.481769303614648 29
    endloop
  endfacet
  facet normal 0 0 1
    outer loop
      vertex -20.221559831527106 15.296575228282574 29
      vertex -20.14371664009976 15.286326977710988 29
      vertex 26.40837781320031 23.481769303614648 29
    endloop
  endfacet
  facet normal 0 0 1
    outer loop
      vertex -20.14371664009976 15.286326977710988 29
      vertex -20.06706285940773 15.269333243660164 29
      vertex 26.40837781320031 23.481769303614648 29
    endloop
  endfacet
  facet normal 0 0 1
    outer loop
      vertex -19.9921818710069 15.24572335870732 29
      vertex -19.919643564433372 15.215677008332985 29
      vertex 26.40837781320031 23.481769303614648 29
    endloop
  endfacet
  facet normal 0 0 1
    outer loop
      vertex -20.06706285940773 15.269333243660164 29
      vertex -19.9921818710069 15.24572335870732 29
      vertex 26.40837781320031 23.481769303614648 29
    endloop
  endfacet
  facet normal 0 0 1
    outer loop
      vertex -19.4 14.400000000000002 29
      vertex 26.40837781320031 23.481769303614648 29
      vertex -19.40342477171743 14.478440168472893 29
    endloop
  endfacet
  facet normal 0 0 1
    outer loop
      vertex -19.85 15.179422863405996 29
      vertex -19.783781207284058 15.137236839860094 29
      vertex 26.40837781320031 23.481769303614648 29
    endloop
  endfacet
  facet normal 0 0 1
    outer loop
      vertex -19.721491151282116 15.089439998807084 29
      vertex 26.40837781320031 23.481769303614648 29
      vertex -19.783781207284058 15.137236839860094 29
    endloop
  endfacet
  facet normal 0 0 1
    outer loop
      vertex -19.520577136594007 14.850000000000001 29
      vertex 26.40837781320031 23.481769303614648 29
      vertex -19.56276316013991 14.916218792715945 29
    endloop
  endfacet
  facet normal 0 0 1
    outer loop
      vertex -19.56276316013991 14.916218792715945 29
      vertex 26.40837781320031 23.481769303614648 29
      vertex -19.61056000119292 14.978508848717887 29
    endloop
  endfacet
  facet normal 0 0 1
    outer loop
      vertex -19.721491151282116 15.089439998807084 29
      vertex -19.663603896932106 15.036396103067894 29
      vertex 26.40837781320031 23.481769303614648 29
    endloop
  endfacet
  facet normal 0 0 1
    outer loop
      vertex -19.61056000119292 14.978508848717887 29
      vertex 26.40837781320031 23.481769303614648 29
      vertex -19.663603896932106 15.036396103067894 29
    endloop
  endfacet
  facet normal 0 0 1
    outer loop
      vertex -19.43066675633984 14.632937140592272 29
      vertex 26.40837781320031 23.481769303614648 29
      vertex -19.45427664129268 14.707818128993104 29
    endloop
  endfacet
  facet normal 0 0 1
    outer loop
      vertex -19.41367302228901 14.556283359900238 29
      vertex -19.40342477171743 14.478440168472893 29
      vertex 26.40837781320031 23.481769303614648 29
    endloop
  endfacet
  facet normal 0 0 1
    outer loop
      vertex -19.41367302228901 14.556283359900238 29
      vertex 26.40837781320031 23.481769303614648 29
      vertex -19.43066675633984 14.632937140592272 29
    endloop
  endfacet
  facet normal 0 0 1
    outer loop
      vertex -19.45427664129268 14.707818128993104 29
      vertex 26.40837781320031 23.481769303614648 29
      vertex -19.484322991667014 14.780356435566631 29
    endloop
  endfacet
  facet normal 0 0 1
    outer loop
      vertex -19.484322991667014 14.780356435566631 29
      vertex 26.40837781320031 23.481769303614648 29
      vertex -19.520577136594007 14.850000000000001 29
    endloop
  endfacet
  facet normal 0 0 1
    outer loop
      vertex -19.85 15.179422863405996 29
      vertex 26.40837781320031 23.481769303614648 29
      vertex -19.919643564433372 15.215677008332985 29
    endloop
  endfacet
  facet normal 0 0 1
    outer loop
      vertex -26.510582854123022 23.45911099154688 29
      vertex 26.40837781320031 23.481769303614648 29
      vertex -26.304586891297188 23.495433637710093 29
    endloop
  endfacet
  facet normal 0 0 1
    outer loop
      vertex -26.304586891297188 23.495433637710093 29
      vertex 26.199999999999996 23.5 29
      vertex -26.2 23.5 29
    endloop
  endfacet
  facet normal 9.156478553609539e-17 0 -1
    outer loop
      vertex 19.4 14.400000000000002 19
      vertex 19.4 11.3 19
      vertex -19.4 11.3 18.999999999999996
    endloop
  endfacet
  facet normal 0 0 -1
    outer loop
      vertex -26.408377813200314 23.481769303614648 19
      vertex 19.40342477171743 14.478440168472893 19
      vertex 19.4 14.400000000000002 19
    endloop
  endfacet
  facet normal 0 0 -1
    outer loop
      vertex -26.408377813200314 23.481769303614648 19
      vertex 19.41367302228901 14.556283359900238 19
      vertex 19.40342477171743 14.478440168472893 19
    endloop
  endfacet
  facet normal 0 0 -1
    outer loop
      vertex -26.408377813200314 23.481769303614648 19
      vertex 19.43066675633984 14.632937140592272 19
      vertex 19.41367302228901 14.556283359900238 19
    endloop
  endfacet
  facet normal 0 0 -1
    outer loop
      vertex -26.408377813200314 23.481769303614648 19
      vertex 19.45427664129268 14.707818128993104 19
      vertex 19.43066675633984 14.632937140592272 19
    endloop
  endfacet
  facet normal 0 0 -1
    outer loop
      vertex -26.408377813200314 23.481769303614648 19
      vertex 19.484322991667014 14.780356435566631 19
      vertex 19.45427664129268 14.707818128993104 19
    endloop
  endfacet
  facet normal 0 0 -1
    outer loop
      vertex -26.408377813200314 23.481769303614648 19
      vertex 19.520577136594003 14.850000000000001 19
      vertex 19.484322991667014 14.780356435566631 19
    endloop
  endfacet
  facet normal 0 0 -1
    outer loop
      vertex -26.408377813200314 23.481769303614648 19
      vertex 19.562763160139905 14.916218792715945 19
      vertex 19.520577136594003 14.850000000000001 19
    endloop
  endfacet
  facet normal 0 0 -1
    outer loop
      vertex -26.408377813200314 23.481769303614648 19
      vertex 19.61056000119292 14.978508848717887 19
      vertex 19.562763160139905 14.916218792715945 19
    endloop
  endfacet
  facet normal 0 0 -1
    outer loop
      vertex -26.408377813200314 23.481769303614648 19
      vertex 19.663603896932106 15.036396103067894 19
      vertex 19.61056000119292 14.978508848717887 19
    endloop
  endfacet
  facet normal 0 0 -1
    outer loop
      vertex -26.408377813200314 23.481769303614648 19
      vertex 19.721491151282112 15.089439998807084 19
      vertex 19.663603896932106 15.036396103067894 19
    endloop
  endfacet
  facet normal 0 0 -1
    outer loop
      vertex -26.408377813200314 23.481769303614648 19
      vertex 19.849999999999998 15.179422863405996 19
      vertex 19.783781207284058 15.137236839860094 19
    endloop
  endfacet
  facet normal 0 0 -1
    outer loop
      vertex -26.408377813200314 23.481769303614648 19
      vertex 19.783781207284058 15.137236839860094 19
      vertex 19.721491151282112 15.089439998807084 19
    endloop
  endfacet
  facet normal 0 0 -1
    outer loop
      vertex -26.408377813200314 23.481769303614648 19
      vertex 19.91964356443337 15.215677008332985 19
      vertex 19.849999999999998 15.179422863405996 19
    endloop
  endfacet
  facet normal 0 0 -1
    outer loop
      vertex -26.408377813200314 23.481769303614648 19
      vertex 19.9921818710069 15.24572335870732 19
      vertex 19.91964356443337 15.215677008332985 19
    endloop
  endfacet
  facet normal 0 0 -1
    outer loop
      vertex -26.408377813200314 23.481769303614648 19
      vertex 20.06706285940773 15.269333243660164 19
      vertex 19.9921818710069 15.24572335870732 19
    endloop
  endfacet
  facet normal 0 0 -1
    outer loop
      vertex -26.408377813200314 23.481769303614648 19
      vertex 20.14371664009976 15.286326977710988 19
      vertex 20.06706285940773 15.269333243660164 19
    endloop
  endfacet
  facet normal 0 0 -1
    outer loop
      vertex -26.408377813200314 23.481769303614648 19
      vertex 20.299999999999997 15.3 19
      vertex 20.221559831527106 15.296575228282574 19
    endloop
  endfacet
  facet normal 0 0 -1
    outer loop
      vertex -26.408377813200314 23.481769303614648 19
      vertex 20.221559831527106 15.296575228282574 19
      vertex 20.14371664009976 15.286326977710988 19
    endloop
  endfacet
  facet normal 0 0 -1
    outer loop
      vertex -26.408377813200314 23.481769303614648 19
      vertex 26.40837781320031 23.481769303614648 19
      vertex 20.299999999999997 15.3 19
    endloop
  endfacet
  facet normal 0 0 -1
    outer loop
      vertex -26.2 23.5 19
      vertex 26.199999999999996 23.5 19
      vertex 26.40837781320031 23.481769303614648 19
    endloop
  endfacet
  facet normal 0 -1 0
    outer loop
      vertex 26.199999999999996 11.299999999999999 22.25
      vertex 26.199999999999996 11.299999999999999 25.75
      vertex 21.4 11.299999999999999 22.25
    endloop
  endfacet
  facet normal 0 -1 0
    outer loop
      vertex 26.199999999999996 11.299999999999999 25.75
      vertex 21.4 11.299999999999999 25.75
      vertex 21.4 11.299999999999999 22.25
    endloop
  endfacet
  facet normal 0.04361938736533561 -0.9990482215818578 -2.2692039038259276e-20
    outer loop
      vertex 26.199999999999996 11.299999999999999 22.25
      vertex 26.304586891297184 11.304566362289904 22.25
      vertex 26.304586891297184 11.304566362289904 25.75
    endloop
  endfacet
  facet normal 0.1305261922200521 -0.9914448613738104 1.7595313396801484e-19
    outer loop
      vertex 26.304586891297184 11.304566362289904 22.25
      vertex 26.40837781320031 11.31823069638535 22.25
      vertex 26.40837781320031 11.31823069638535 25.75
    endloop
  endfacet
  facet normal 0.21643961393810565 -0.9762960071199328 -3.253170618482305e-20
    outer loop
      vertex 26.40837781320031 11.31823069638535 22.25
      vertex 26.510582854123022 11.340889008453118 22.25
      vertex 26.510582854123022 11.340889008453118 25.75
    endloop
  endfacet
  facet normal 0.30070579950426146 -0.9537169507482306 -1.3927051337085527e-19
    outer loop
      vertex 26.510582854123022 11.340889008453118 22.25
      vertex 26.6104241719908 11.372368855056909 22.25
      vertex 26.6104241719908 11.372368855056909 25.75
    endloop
  endfacet
  facet normal 0.3826834323650927 -0.9238795325112856 1.491230101205531e-19
    outer loop
      vertex 26.6104241719908 11.372368855056909 22.25
      vertex 26.707141914088837 11.412430655556019 22.25
      vertex 26.707141914088837 11.412430655556019 25.75
    endloop
  endfacet
  facet normal 0.46174861323503247 -0.8870108331782225 -2.169210483536037e-19
    outer loop
      vertex 26.707141914088837 11.412430655556019 22.25
      vertex 26.799999999999997 11.460769515458672 22.25
      vertex 26.799999999999997 11.460769515458672 25.75
    endloop
  endfacet
  facet normal 0.5372996083468358 -0.8433914458128781 7.241083035286278e-19
    outer loop
      vertex 26.799999999999997 11.460769515458672 22.25
      vertex 26.88829172362125 11.517017546853209 22.25
      vertex 26.88829172362125 11.517017546853209 25.75
    endloop
  endfacet
  facet normal 0.6087614290087209 -0.793353340291235 -5.831897265035999e-19
    outer loop
      vertex 26.88829172362125 11.517017546853209 22.25
      vertex 26.971345131623842 11.580746668257225 22.25
      vertex 26.971345131623842 11.580746668257225 25.75
    endloop
  endfacet
  facet normal 0.04361938736533561 -0.9990482215818578 0
    outer loop
      vertex 26.199999999999996 11.299999999999999 22.25
      vertex 26.304586891297184 11.304566362289904 25.75
      vertex 26.199999999999996 11.299999999999999 25.75
    endloop
  endfacet
  facet normal 0.1305261922200521 -0.9914448613738104 0
    outer loop
      vertex 26.304586891297184 11.304566362289904 22.25
      vertex 26.40837781320031 11.31823069638535 25.75
      vertex 26.304586891297184 11.304566362289904 25.75
    endloop
  endfacet
  facet normal 0.21643961393810565 -0.9762960071199328 0
    outer loop
      vertex 26.40837781320031 11.31823069638535 22.25
      vertex 26.510582854123022 11.340889008453118 25.75
      vertex 26.40837781320031 11.31823069638535 25.75
    endloop
  endfacet
  facet normal 0.30070579950426146 -0.9537169507482306 0
    outer loop
      vertex 26.510582854123022 11.340889008453118 22.25
      vertex 26.6104241719908 11.372368855056909 25.75
      vertex 26.510582854123022 11.340889008453118 25.75
    endloop
  endfacet
  facet normal 0.3826834323650927 -0.9238795325112856 0
    outer loop
      vertex 26.6104241719908 11.372368855056909 22.25
      vertex 26.707141914088837 11.412430655556019 25.75
      vertex 26.6104241719908 11.372368855056909 25.75
    endloop
  endfacet
  facet normal 0.46174861323503247 -0.8870108331782225 0
    outer loop
      vertex 26.707141914088837 11.412430655556019 22.25
      vertex 26.799999999999997 11.460769515458672 25.75
      vertex 26.707141914088837 11.412430655556019 25.75
    endloop
  endfacet
  facet normal 0.5372996083468358 -0.8433914458128781 0
    outer loop
      vertex 26.799999999999997 11.460769515458672 22.25
      vertex 26.88829172362125 11.517017546853209 25.75
      vertex 26.799999999999997 11.460769515458672 25.75
    endloop
  endfacet
  facet normal 0.6087614290087209 -0.793353340291235 0
    outer loop
      vertex 26.88829172362125 11.517017546853209 22.25
      vertex 26.971345131623842 11.580746668257225 25.75
      vertex 26.88829172362125 11.517017546853209 25.75
    endloop
  endfacet
  facet normal 0.6755902076156604 -0.7372773368101239 0
    outer loop
      vertex 26.971345131623842 11.580746668257225 22.25
      vertex 27.04852813742385 11.651471862576141 25.75
      vertex 26.971345131623842 11.580746668257225 25.75
    endloop
  endfacet
  facet normal 0.6755902076156604 -0.7372773368101239 8.192676119917701e-19
    outer loop
      vertex 26.971345131623842 11.580746668257225 22.25
      vertex 27.04852813742385 11.651471862576141 22.25
      vertex 27.04852813742385 11.651471862576141 25.75
    endloop
  endfacet
  facet normal 0.7372773368101232 -0.6755902076156611 6.204052803255295e-19
    outer loop
      vertex 27.04852813742385 11.651471862576141 22.25
      vertex 27.11925333174277 11.728654868376152 22.25
      vertex 27.11925333174277 11.728654868376152 25.75
    endloop
  endfacet
  facet normal 0.793353340291235 -0.6087614290087209 -5.831897265035999e-19
    outer loop
      vertex 27.11925333174277 11.728654868376152 22.25
      vertex 27.182982453146785 11.811708276378743 22.25
      vertex 27.182982453146785 11.811708276378743 25.75
    endloop
  endfacet
  facet normal 0.8433914458128753 -0.5372996083468402 7.653414511745634e-19
    outer loop
      vertex 27.182982453146785 11.811708276378743 22.25
      vertex 27.239230484541324 11.899999999999999 22.25
      vertex 27.239230484541324 11.899999999999999 25.75
    endloop
  endfacet
  facet normal 0.8870108331782364 -0.4617486132350057 -1.0376885861696813e-18
    outer loop
      vertex 27.239230484541324 11.899999999999999 22.25
      vertex 27.287569344443973 11.992858085911159 22.25
      vertex 27.287569344443973 11.992858085911159 25.75
    endloop
  endfacet
  facet normal 0.9238795325112856 -0.3826834323650927 1.491230101205531e-19
    outer loop
      vertex 27.287569344443973 11.992858085911159 22.25
      vertex 27.327631144943084 12.089575828009195 22.25
      vertex 27.327631144943084 12.089575828009195 25.75
    endloop
  endfacet
  facet normal 0.9537169507482209 -0.3007057995042924 -2.575423512561408e-19
    outer loop
      vertex 27.327631144943084 12.089575828009195 22.25
      vertex 27.359110991546878 12.189417145876973 22.25
      vertex 27.359110991546878 12.189417145876973 25.75
    endloop
  endfacet
  facet normal 0.7372773368101232 -0.6755902076156611 0
    outer loop
      vertex 27.04852813742385 11.651471862576141 22.25
      vertex 27.11925333174277 11.728654868376152 25.75
      vertex 27.04852813742385 11.651471862576141 25.75
    endloop
  endfacet
  facet normal 0.793353340291235 -0.6087614290087209 0
    outer loop
      vertex 27.11925333174277 11.728654868376152 22.25
      vertex 27.182982453146785 11.811708276378743 25.75
      vertex 27.11925333174277 11.728654868376152 25.75
    endloop
  endfacet
  facet normal 0.8433914458128753 -0.5372996083468402 0
    outer loop
      vertex 27.182982453146785 11.811708276378743 22.25
      vertex 27.239230484541324 11.899999999999999 25.75
      vertex 27.182982453146785 11.811708276378743 25.75
    endloop
  endfacet
  facet normal 0.8870108331782364 -0.4617486132350057 0
    outer loop
      vertex 27.239230484541324 11.899999999999999 22.25
      vertex 27.287569344443973 11.992858085911159 25.75
      vertex 27.239230484541324 11.899999999999999 25.75
    endloop
  endfacet
  facet normal 0.9238795325112856 -0.3826834323650927 0
    outer loop
      vertex 27.287569344443973 11.992858085911159 22.25
      vertex 27.327631144943084 12.089575828009195 25.75
      vertex 27.287569344443973 11.992858085911159 25.75
    endloop
  endfacet
  facet normal 0.9537169507482209 -0.3007057995042924 0
    outer loop
      vertex 27.327631144943084 12.089575828009195 22.25
      vertex 27.359110991546878 12.189417145876973 25.75
      vertex 27.327631144943084 12.089575828009195 25.75
    endloop
  endfacet
  facet normal 0.9762960071199313 -0.2164396139381128 0
    outer loop
      vertex 27.359110991546878 12.189417145876973 22.25
      vertex 27.381769303614647 12.291622186799682 25.75
      vertex 27.359110991546878 12.189417145876973 25.75
    endloop
  endfacet
  facet normal 0.9762960071199313 -0.2164396139381128 4.20921124420907e-19
    outer loop
      vertex 27.359110991546878 12.189417145876973 22.25
      vertex 27.381769303614647 12.291622186799682 22.25
      vertex 27.381769303614647 12.291622186799682 25.75
    endloop
  endfacet
  facet normal 0.9914448613738104 -0.1305261922200521 1.7595313396801484e-19
    outer loop
      vertex 27.381769303614647 12.291622186799682 22.25
      vertex 27.39543363771009 12.395413108702808 22.25
      vertex 27.39543363771009 12.395413108702808 25.75
    endloop
  endfacet
  facet normal 0.9990482215818572 -0.04361938736535108 3.121775676300577e-20
    outer loop
      vertex 27.39543363771009 12.395413108702808 22.25
      vertex 27.4 12.5 22.25
      vertex 27.4 12.5 25.75
    endloop
  endfacet
  facet normal 0.9914448613738104 -0.1305261922200521 0
    outer loop
      vertex 27.381769303614647 12.291622186799682 22.25
      vertex 27.39543363771009 12.395413108702808 25.75
      vertex 27.381769303614647 12.291622186799682 25.75
    endloop
  endfacet
  facet normal 0.9990482215818572 -0.04361938736535108 0
    outer loop
      vertex 27.39543363771009 12.395413108702808 22.25
      vertex 27.4 12.5 25.75
      vertex 27.39543363771009 12.395413108702808 25.75
    endloop
  endfacet
  facet normal 1 0 0
    outer loop
      vertex 27.4 12.5 22.25
      vertex 27.4 15.3 25.75
      vertex 27.4 12.5 25.75
    endloop
  endfacet
  facet normal 0 0 -1
    outer loop
      vertex 20.299999999999997 15.3 19
      vertex 26.40837781320031 23.481769303614648 19
      vertex 27.4 15.3 19
    endloop
  endfacet
  facet normal 0 0 -1
    outer loop
      vertex 26.199999999999996 23.5 19
      vertex 26.304586891297184 23.495433637710093 19
      vertex 26.40837781320031 23.481769303614648 19
    endloop
  endfacet
  facet normal 0 0 -1
    outer loop
      vertex 26.40837781320031 23.481769303614648 19
      vertex 27.11925333174277 23.071345131623843 19
      vertex 27.39543363771009 22.40458689129719 19
    endloop
  endfacet
  facet normal 0 0 -1
    outer loop
      vertex 26.707141914088837 23.38756934444398 19
      vertex 26.799999999999997 23.339230484541325 19
      vertex 26.6104241719908 23.42763114494309 19
    endloop
  endfacet
  facet normal 0 0 -1
    outer loop
      vertex 26.40837781320031 23.481769303614648 19
      vertex 26.510582854123022 23.45911099154688 19
      vertex 26.6104241719908 23.42763114494309 19
    endloop
  endfacet
  facet normal 0 0 -1
    outer loop
      vertex 26.40837781320031 23.481769303614648 19
      vertex 26.6104241719908 23.42763114494309 19
      vertex 26.799999999999997 23.339230484541325 19
    endloop
  endfacet
  facet normal 0 0 -1
    outer loop
      vertex 26.40837781320031 23.481769303614648 19
      vertex 26.799999999999997 23.339230484541325 19
      vertex 27.11925333174277 23.071345131623843 19
    endloop
  endfacet
  facet normal 0 0 -1
    outer loop
      vertex 26.799999999999997 23.339230484541325 19
      vertex 26.88829172362125 23.282982453146786 19
      vertex 26.971345131623842 23.21925333174277 19
    endloop
  endfacet
  facet normal 0 0 -1
    outer loop
      vertex 26.799999999999997 23.339230484541325 19
      vertex 26.971345131623842 23.21925333174277 19
      vertex 27.11925333174277 23.071345131623843 19
    endloop
  endfacet
  facet normal 0.04361938736535255 0.999048221581857 0
    outer loop
      vertex 26.199999999999996 23.5 19
      vertex 26.199999999999996 23.5 29
      vertex 26.304586891297184 23.495433637710093 19
    endloop
  endfacet
  facet normal 0.13052619222005213 0.9914448613738104 -6.15835968888052e-20
    outer loop
      vertex 26.304586891297184 23.495433637710093 19
      vertex 26.40837781320031 23.481769303614648 29
      vertex 26.40837781320031 23.481769303614648 19
    endloop
  endfacet
  facet normal 0.21643961393810562 0.9762960071199327 0
    outer loop
      vertex 26.40837781320031 23.481769303614648 19
      vertex 26.40837781320031 23.481769303614648 29
      vertex 26.510582854123022 23.45911099154688 19
    endloop
  endfacet
  facet normal 0.3007057995042615 0.9537169507482307 4.8744679679799346e-20
    outer loop
      vertex 26.510582854123022 23.45911099154688 19
      vertex 26.6104241719908 23.42763114494309 29
      vertex 26.6104241719908 23.42763114494309 19
    endloop
  endfacet
  facet normal 0.38268343236509267 0.9238795325112856 -5.2193053542193574e-20
    outer loop
      vertex 26.707141914088837 23.38756934444398 19
      vertex 26.6104241719908 23.42763114494309 19
      vertex 26.6104241719908 23.42763114494309 29
    endloop
  endfacet
  facet normal 0.46174861323503247 0.8870108331782226 7.59223669237613e-20
    outer loop
      vertex 26.707141914088837 23.38756934444398 19
      vertex 26.799999999999997 23.339230484541325 29
      vertex 26.799999999999997 23.339230484541325 19
    endloop
  endfacet
  facet normal 0.537299608346848 0.8433914458128705 0
    outer loop
      vertex 26.799999999999997 23.339230484541325 19
      vertex 26.799999999999997 23.339230484541325 29
      vertex 26.88829172362125 23.282982453146786 19
    endloop
  endfacet
  facet normal 0.6087614290087209 0.793353340291235 2.0411640427625995e-19
    outer loop
      vertex 26.88829172362125 23.282982453146786 19
      vertex 26.971345131623842 23.21925333174277 29
      vertex 26.971345131623842 23.21925333174277 19
    endloop
  endfacet
  facet normal 0.6755902076156511 0.7372773368101324 0
    outer loop
      vertex 26.971345131623842 23.21925333174277 19
      vertex 26.971345131623842 23.21925333174277 29
      vertex 27.04852813742385 23.148528137423856 19
    endloop
  endfacet
  facet normal 0.04361938736535255 0.999048221581857 0
    outer loop
      vertex 26.304586891297184 23.495433637710093 19
      vertex 26.199999999999996 23.5 29
      vertex 26.304586891297184 23.495433637710093 29
    endloop
  endfacet
  facet normal 0.13052619222005213 0.9914448613738104 0
    outer loop
      vertex 26.304586891297184 23.495433637710093 19
      vertex 26.304586891297184 23.495433637710093 29
      vertex 26.40837781320031 23.481769303614648 29
    endloop
  endfacet
  facet normal 0.38268343236509267 0.9238795325112856 0
    outer loop
      vertex 26.707141914088837 23.38756934444398 19
      vertex 26.6104241719908 23.42763114494309 29
      vertex 26.707141914088837 23.38756934444398 29
    endloop
  endfacet
  facet normal 0.21643961393810562 0.9762960071199327 0
    outer loop
      vertex 26.510582854123022 23.45911099154688 19
      vertex 26.40837781320031 23.481769303614648 29
      vertex 26.510582854123022 23.45911099154688 29
    endloop
  endfacet
  facet normal 0.3007057995042615 0.9537169507482307 0
    outer loop
      vertex 26.510582854123022 23.45911099154688 19
      vertex 26.510582854123022 23.45911099154688 29
      vertex 26.6104241719908 23.42763114494309 29
    endloop
  endfacet
  facet normal 0.46174861323503247 0.8870108331782226 0
    outer loop
      vertex 26.707141914088837 23.38756934444398 19
      vertex 26.707141914088837 23.38756934444398 29
      vertex 26.799999999999997 23.339230484541325 29
    endloop
  endfacet
  facet normal 0.537299608346848 0.8433914458128705 0
    outer loop
      vertex 26.88829172362125 23.282982453146786 19
      vertex 26.799999999999997 23.339230484541325 29
      vertex 26.88829172362125 23.282982453146786 29
    endloop
  endfacet
  facet normal 0.6087614290087209 0.793353340291235 0
    outer loop
      vertex 26.88829172362125 23.282982453146786 19
      vertex 26.88829172362125 23.282982453146786 29
      vertex 26.971345131623842 23.21925333174277 29
    endloop
  endfacet
  facet normal 0 0 -1
    outer loop
      vertex 27.4 15.3 19
      vertex 27.39543363771009 22.40458689129719 19
      vertex 27.4 22.299999999999997 19
    endloop
  endfacet
  facet normal 0 0 -1
    outer loop
      vertex 26.40837781320031 23.481769303614648 19
      vertex 27.39543363771009 22.40458689129719 19
      vertex 27.4 15.3 19
    endloop
  endfacet
  facet normal 1 0 0
    outer loop
      vertex 27.4 12.5 22.25
      vertex 27.4 15.3 22.25
      vertex 27.4 15.3 25.75
    endloop
  endfacet
  facet normal 1 0 0
    outer loop
      vertex 27.4 15.3 19
      vertex 27.4 22.299999999999997 19
      vertex 27.4 15.3 22.25
    endloop
  endfacet
  facet normal 1 0 0
    outer loop
      vertex 27.4 15.3 22.25
      vertex 27.4 22.299999999999997 29
      vertex 27.4 15.3 25.75
    endloop
  endfacet
  facet normal 1 0 0
    outer loop
      vertex 27.4 15.3 22.25
      vertex 27.4 22.299999999999997 19
      vertex 27.4 22.299999999999997 29
    endloop
  endfacet
  facet normal 0 0 -1
    outer loop
      vertex 27.39543363771009 22.40458689129719 19
      vertex 27.359110991546878 22.610582854123024 19
      vertex 27.381769303614647 22.508377813200315 19
    endloop
  endfacet
  facet normal 0 0 -1
    outer loop
      vertex 27.39543363771009 22.40458689129719 19
      vertex 27.327631144943084 22.7104241719908 19
      vertex 27.359110991546878 22.610582854123024 19
    endloop
  endfacet
  facet normal 0 0 -1
    outer loop
      vertex 27.39543363771009 22.40458689129719 19
      vertex 27.182982453146785 22.988291723621252 19
      vertex 27.327631144943084 22.7104241719908 19
    endloop
  endfacet
  facet normal 0 0 -1
    outer loop
      vertex 27.39543363771009 22.40458689129719 19
      vertex 27.11925333174277 23.071345131623843 19
      vertex 27.182982453146785 22.988291723621252 19
    endloop
  endfacet
  facet normal 0 0 -1
    outer loop
      vertex 27.327631144943084 22.7104241719908 19
      vertex 27.182982453146785 22.988291723621252 19
      vertex 27.239230484541324 22.9 19
    endloop
  endfacet
  facet normal 0 0 -1
    outer loop
      vertex 26.971345131623842 23.21925333174277 19
      vertex 27.04852813742385 23.148528137423856 19
      vertex 27.11925333174277 23.071345131623843 19
    endloop
  endfacet
  facet normal 0 0 -1
    outer loop
      vertex 27.327631144943084 22.7104241719908 19
      vertex 27.239230484541324 22.9 19
      vertex 27.287569344443973 22.807141914088838 19
    endloop
  endfacet
  facet normal 0.9990482215818571 0.04361938736535107 0
    outer loop
      vertex 27.4 22.299999999999997 19
      vertex 27.39543363771009 22.40458689129719 19
      vertex 27.4 22.299999999999997 29
    endloop
  endfacet
  facet normal 0.9914448613738104 0.13052619222005213 -6.15835968888052e-20
    outer loop
      vertex 27.39543363771009 22.40458689129719 19
      vertex 27.381769303614647 22.508377813200315 19
      vertex 27.381769303614647 22.508377813200315 29
    endloop
  endfacet
  facet normal 0.9762960071199313 0.21643961393811284 0
    outer loop
      vertex 27.381769303614647 22.508377813200315 19
      vertex 27.359110991546878 22.610582854123024 19
      vertex 27.381769303614647 22.508377813200315 29
    endloop
  endfacet
  facet normal 0.9537169507482208 0.3007057995042923 9.013982293964927e-20
    outer loop
      vertex 27.359110991546878 22.610582854123024 19
      vertex 27.327631144943084 22.7104241719908 19
      vertex 27.327631144943084 22.7104241719908 29
    endloop
  endfacet
  facet normal 0.8870108331782365 0.46174861323500577 3.631910051593885e-19
    outer loop
      vertex 27.239230484541324 22.9 19
      vertex 27.287569344443973 22.807141914088838 29
      vertex 27.287569344443973 22.807141914088838 19
    endloop
  endfacet
  facet normal 0.8433914458128705 0.537299608346848 -1.0550344004449056e-19
    outer loop
      vertex 27.239230484541324 22.9 19
      vertex 27.182982453146785 22.988291723621252 19
      vertex 27.182982453146785 22.988291723621252 29
    endloop
  endfacet
  facet normal 0.793353340291235 0.6087614290087209 0
    outer loop
      vertex 27.11925333174277 23.071345131623843 19
      vertex 27.11925333174277 23.071345131623843 29
      vertex 27.182982453146785 22.988291723621252 19
    endloop
  endfacet
  facet normal 0.737277336810131 0.6755902076156527 0
    outer loop
      vertex 27.11925333174277 23.071345131623843 19
      vertex 27.04852813742385 23.148528137423856 19
      vertex 27.11925333174277 23.071345131623843 29
    endloop
  endfacet
  facet normal 0.9238795325112856 0.38268343236509267 -5.2193053542193574e-20
    outer loop
      vertex 27.327631144943084 22.7104241719908 19
      vertex 27.287569344443973 22.807141914088838 19
      vertex 27.287569344443973 22.807141914088838 29
    endloop
  endfacet
  facet normal 0.9990482215818571 0.04361938736535107 0
    outer loop
      vertex 27.39543363771009 22.40458689129719 19
      vertex 27.39543363771009 22.40458689129719 29
      vertex 27.4 22.299999999999997 29
    endloop
  endfacet
  facet normal 0.9914448613738104 0.13052619222005213 0
    outer loop
      vertex 27.39543363771009 22.40458689129719 19
      vertex 27.381769303614647 22.508377813200315 29
      vertex 27.39543363771009 22.40458689129719 29
    endloop
  endfacet
  facet normal 0.9762960071199313 0.21643961393811284 0
    outer loop
      vertex 27.359110991546878 22.610582854123024 19
      vertex 27.359110991546878 22.610582854123024 29
      vertex 27.381769303614647 22.508377813200315 29
    endloop
  endfacet
  facet normal 0.9537169507482208 0.3007057995042923 0
    outer loop
      vertex 27.359110991546878 22.610582854123024 19
      vertex 27.327631144943084 22.7104241719908 29
      vertex 27.359110991546878 22.610582854123024 29
    endloop
  endfacet
  facet normal 0.9238795325112856 0.38268343236509267 0
    outer loop
      vertex 27.327631144943084 22.7104241719908 19
      vertex 27.287569344443973 22.807141914088838 29
      vertex 27.327631144943084 22.7104241719908 29
    endloop
  endfacet
  facet normal 0.8870108331782365 0.46174861323500577 0
    outer loop
      vertex 27.239230484541324 22.9 19
      vertex 27.239230484541324 22.9 29
      vertex 27.287569344443973 22.807141914088838 29
    endloop
  endfacet
  facet normal 0.8433914458128705 0.537299608346848 0
    outer loop
      vertex 27.239230484541324 22.9 19
      vertex 27.182982453146785 22.988291723621252 29
      vertex 27.239230484541324 22.9 29
    endloop
  endfacet
  facet normal 0.6755902076156511 0.7372773368101324 0
    outer loop
      vertex 27.04852813742385 23.148528137423856 19
      vertex 26.971345131623842 23.21925333174277 29
      vertex 27.04852813742385 23.148528137423856 29
    endloop
  endfacet
  facet normal 0.737277336810131 0.6755902076156527 0
    outer loop
      vertex 27.04852813742385 23.148528137423856 19
      vertex 27.04852813742385 23.148528137423856 29
      vertex 27.11925333174277 23.071345131623843 29
    endloop
  endfacet
  facet normal 0.793353340291235 0.6087614290087209 0
    outer loop
      vertex 27.182982453146785 22.988291723621252 19
      vertex 27.11925333174277 23.071345131623843 29
      vertex 27.182982453146785 22.988291723621252 29
    endloop
  endfacet
  facet normal 0 1.1460366705808063e-15 1
    outer loop
      vertex -19.4 14.400000000000002 29
      vertex 19.4 11.3 29.000000000000004
      vertex 19.4 14.400000000000002 29
    endloop
  endfacet
  facet normal 0 0 1
    outer loop
      vertex -19.4 14.400000000000002 29
      vertex 19.4 14.400000000000002 29
      vertex 19.40342477171743 14.478440168472893 29
    endloop
  endfacet
  facet normal 0 0 1
    outer loop
      vertex -19.4 14.400000000000002 29
      vertex 19.40342477171743 14.478440168472893 29
      vertex 19.41367302228901 14.556283359900238 29
    endloop
  endfacet
  facet normal 0 0 1
    outer loop
      vertex -19.4 14.400000000000002 29
      vertex 19.41367302228901 14.556283359900238 29
      vertex 19.43066675633984 14.632937140592272 29
    endloop
  endfacet
  facet normal 0 0 1
    outer loop
      vertex -19.4 14.400000000000002 29
      vertex 19.43066675633984 14.632937140592272 29
      vertex 19.45427664129268 14.707818128993104 29
    endloop
  endfacet
  facet normal 0 0 1
    outer loop
      vertex -19.4 14.400000000000002 29
      vertex 19.45427664129268 14.707818128993104 29
      vertex 19.484322991667014 14.780356435566631 29
    endloop
  endfacet
  facet normal 0 0 1
    outer loop
      vertex -19.4 14.400000000000002 29
      vertex 19.484322991667014 14.780356435566631 29
      vertex 19.520577136594003 14.850000000000001 29
    endloop
  endfacet
  facet normal 0 0 1
    outer loop
      vertex -19.4 14.400000000000002 29
      vertex 19.520577136594003 14.850000000000001 29
      vertex 19.562763160139905 14.916218792715945 29
    endloop
  endfacet
  facet normal 0 0 1
    outer loop
      vertex -19.4 14.400000000000002 29
      vertex 19.562763160139905 14.916218792715945 29
      vertex 19.61056000119292 14.978508848717887 29
    endloop
  endfacet
  facet normal 0 0 1
    outer loop
      vertex -19.4 14.400000000000002 29
      vertex 19.61056000119292 14.978508848717887 29
      vertex 19.663603896932106 15.036396103067894 29
    endloop
  endfacet
  facet normal 0 0 1
    outer loop
      vertex -19.4 14.400000000000002 29
      vertex 19.663603896932106 15.036396103067894 29
      vertex 19.721491151282112 15.089439998807084 29
    endloop
  endfacet
  facet normal 0 0 1
    outer loop
      vertex -19.4 14.400000000000002 29
      vertex 19.783781207284058 15.137236839860094 29
      vertex 19.849999999999998 15.179422863405996 29
    endloop
  endfacet
  facet normal 0 0 1
    outer loop
      vertex -19.4 14.400000000000002 29
      vertex 19.721491151282112 15.089439998807084 29
      vertex 19.783781207284058 15.137236839860094 29
    endloop
  endfacet
  facet normal 0 0 1
    outer loop
      vertex -19.4 14.400000000000002 29
      vertex 19.849999999999998 15.179422863405996 29
      vertex 19.91964356443337 15.215677008332985 29
    endloop
  endfacet
  facet normal 0 0 1
    outer loop
      vertex -19.4 14.400000000000002 29
      vertex 19.9921818710069 15.24572335870732 29
      vertex 20.06706285940773 15.269333243660164 29
    endloop
  endfacet
  facet normal 0 0 1
    outer loop
      vertex -19.4 14.400000000000002 29
      vertex 19.91964356443337 15.215677008332985 29
      vertex 19.9921818710069 15.24572335870732 29
    endloop
  endfacet
  facet normal 0 0 1
    outer loop
      vertex -19.4 14.400000000000002 29
      vertex 20.06706285940773 15.269333243660164 29
      vertex 20.14371664009976 15.286326977710988 29
    endloop
  endfacet
  facet normal 0 0 1
    outer loop
      vertex -19.4 14.400000000000002 29
      vertex 20.14371664009976 15.286326977710988 29
      vertex 20.221559831527106 15.296575228282574 29
    endloop
  endfacet
  facet normal 0 0 1
    outer loop
      vertex -26.304586891297188 23.495433637710093 29
      vertex 26.40837781320031 23.481769303614648 29
      vertex 26.199999999999996 23.5 29
    endloop
  endfacet
  facet normal 0 0 1
    outer loop
      vertex -19.4 14.400000000000002 29
      vertex 20.221559831527106 15.296575228282574 29
      vertex 26.40837781320031 23.481769303614648 29
    endloop
  endfacet
  facet normal 0 0 1
    outer loop
      vertex 20.221559831527106 15.296575228282574 29
      vertex 20.299999999999997 15.3 29
      vertex 26.40837781320031 23.481769303614648 29
    endloop
  endfacet
  facet normal 0 0 1
    outer loop
      vertex 20.299999999999997 15.3 29
      vertex 27.4 22.299999999999997 29
      vertex 26.40837781320031 23.481769303614648 29
    endloop
  endfacet
  facet normal 0 0 1
    outer loop
      vertex 20.299999999999997 15.3 29
      vertex 27.4 15.3 29
      vertex 27.4 22.299999999999997 29
    endloop
  endfacet
  facet normal 0 0 1
    outer loop
      vertex 26.199999999999996 23.5 29
      vertex 26.40837781320031 23.481769303614648 29
      vertex 26.304586891297184 23.495433637710093 29
    endloop
  endfacet
  facet normal 0 0 1
    outer loop
      vertex 26.40837781320031 23.481769303614648 29
      vertex 27.4 22.299999999999997 29
      vertex 27.11925333174277 23.071345131623843 29
    endloop
  endfacet
  facet normal 0 0 1
    outer loop
      vertex 26.707141914088837 23.38756934444398 29
      vertex 26.6104241719908 23.42763114494309 29
      vertex 26.799999999999997 23.339230484541325 29
    endloop
  endfacet
  facet normal 0 0 1
    outer loop
      vertex 26.40837781320031 23.481769303614648 29
      vertex 26.6104241719908 23.42763114494309 29
      vertex 26.510582854123022 23.45911099154688 29
    endloop
  endfacet
  facet normal 0 0 1
    outer loop
      vertex 26.40837781320031 23.481769303614648 29
      vertex 26.799999999999997 23.339230484541325 29
      vertex 26.6104241719908 23.42763114494309 29
    endloop
  endfacet
  facet normal 0 0 1
    outer loop
      vertex 26.40837781320031 23.481769303614648 29
      vertex 27.11925333174277 23.071345131623843 29
      vertex 26.799999999999997 23.339230484541325 29
    endloop
  endfacet
  facet normal 0 0 1
    outer loop
      vertex 26.799999999999997 23.339230484541325 29
      vertex 26.971345131623842 23.21925333174277 29
      vertex 26.88829172362125 23.282982453146786 29
    endloop
  endfacet
  facet normal 0 0 1
    outer loop
      vertex 26.799999999999997 23.339230484541325 29
      vertex 27.11925333174277 23.071345131623843 29
      vertex 26.971345131623842 23.21925333174277 29
    endloop
  endfacet
  facet normal 1 0 0
    outer loop
      vertex 27.4 15.3 25.75
      vertex 27.4 22.299999999999997 29
      vertex 27.4 15.3 29
    endloop
  endfacet
  facet normal 0 0 1
    outer loop
      vertex 27.4 22.299999999999997 29
      vertex 27.39543363771009 22.40458689129719 29
      vertex 27.381769303614647 22.508377813200315 29
    endloop
  endfacet
  facet normal 0 0 1
    outer loop
      vertex 27.4 22.299999999999997 29
      vertex 27.381769303614647 22.508377813200315 29
      vertex 27.327631144943084 22.7104241719908 29
    endloop
  endfacet
  facet normal 0 0 1
    outer loop
      vertex 27.381769303614647 22.508377813200315 29
      vertex 27.359110991546878 22.610582854123024 29
      vertex 27.327631144943084 22.7104241719908 29
    endloop
  endfacet
  facet normal 0 0 1
    outer loop
      vertex 27.4 22.299999999999997 29
      vertex 27.327631144943084 22.7104241719908 29
      vertex 27.11925333174277 23.071345131623843 29
    endloop
  endfacet
  facet normal 0 0 1
    outer loop
      vertex 27.327631144943084 22.7104241719908 29
      vertex 27.239230484541324 22.9 29
      vertex 27.11925333174277 23.071345131623843 29
    endloop
  endfacet
  facet normal 0 0 1
    outer loop
      vertex 26.971345131623842 23.21925333174277 29
      vertex 27.11925333174277 23.071345131623843 29
      vertex 27.04852813742385 23.148528137423856 29
    endloop
  endfacet
  facet normal 0 0 1
    outer loop
      vertex 27.239230484541324 22.9 29
      vertex 27.182982453146785 22.988291723621252 29
      vertex 27.11925333174277 23.071345131623843 29
    endloop
  endfacet
  facet normal 0 0 1
    outer loop
      vertex 27.327631144943084 22.7104241719908 29
      vertex 27.287569344443973 22.807141914088838 29
      vertex 27.239230484541324 22.9 29
    endloop
  endfacet
  facet normal 0 0.6755902076156607 0.7372773368101236
    outer loop
      vertex -31.5 -9.121320343559642 4.878679656440357
      vertex -36 -8.928362829059617 4.701866670643065
      vertex -36 -9.121320343559642 4.878679656440357
    endloop
  endfacet
  facet normal 0 0.6087614290087174 0.7933533402912375
    outer loop
      vertex -31.5 -8.928362829059617 4.701866670643065
      vertex -36 -8.720729309053137 4.542543867133025
      vertex -36 -8.928362829059617 4.701866670643065
    endloop
  endfacet
  facet normal 0 0.8870108331782226 0.46174861323503247
    outer loop
      vertex -31.5 -9.71892336110995 5.732145214777901
      vertex -36 -9.598076211353316 5.5
      vertex -36 -9.71892336110995 5.732145214777901
    endloop
  endfacet
  facet normal 0 0.9238795325112866 0.3826834323650903
    outer loop
      vertex -31.5 -9.819077862357725 5.973939570022994
      vertex -36 -9.71892336110995 5.732145214777901
      vertex -36 -9.819077862357725 5.973939570022994
    endloop
  endfacet
  facet normal 0 0.9537169507482263 0.3007057995042748
    outer loop
      vertex -31.5 -9.897777478867205 6.223542864692438
      vertex -36 -9.819077862357725 5.973939570022994
      vertex -36 -9.897777478867205 6.223542864692438
    endloop
  endfacet
  facet normal 0 0.9762960071199339 0.21643961393809985
    outer loop
      vertex -31.5 -9.954423259036624 6.479055466999209
      vertex -36 -9.897777478867205 6.223542864692438
      vertex -36 -9.954423259036624 6.479055466999209
    endloop
  endfacet
  facet normal 0 0.7372773368101235 0.6755902076156609
    outer loop
      vertex -31.5 -9.298133329356935 5.071637170940383
      vertex -36 -9.121320343559642 4.878679656440357
      vertex -36 -9.298133329356935 5.071637170940383
    endloop
  endfacet
  facet normal 0 0.7933533402912362 0.6087614290087191
    outer loop
      vertex -31.5 -9.457456132866975 5.279270690946862
      vertex -36 -9.298133329356935 5.071637170940383
      vertex -36 -9.457456132866975 5.279270690946862
    endloop
  endfacet
  facet normal 0 0.8433914458128846 0.5372996083468258
    outer loop
      vertex -31.5 -9.598076211353316 5.5
      vertex -36 -9.457456132866975 5.279270690946862
      vertex -36 -9.598076211353316 5.5
    endloop
  endfacet
  facet normal 0 0.46174861323503247 0.8870108331782226
    outer loop
      vertex -31.5 -8.5 4.401923788646684
      vertex -36 -8.267854785222099 4.281076638890051
      vertex -36 -8.5 4.401923788646684
    endloop
  endfacet
  facet normal 0 0.5372996083468272 0.8433914458128836
    outer loop
      vertex -31.5 -8.720729309053137 4.542543867133025
      vertex -36 -8.5 4.401923788646684
      vertex -36 -8.720729309053137 4.542543867133025
    endloop
  endfacet
  facet normal 0 0.3826834323650903 0.9238795325112866
    outer loop
      vertex -31.5 -8.267854785222099 4.281076638890051
      vertex -36 -8.026060429977006 4.180922137642275
      vertex -36 -8.267854785222099 4.281076638890051
    endloop
  endfacet
  facet normal 0 0.3007057995042748 0.9537169507482263
    outer loop
      vertex -31.5 -8.026060429977006 4.180922137642275
      vertex -36 -7.776457135307562 4.102222521132795
      vertex -36 -8.026060429977006 4.180922137642275
    endloop
  endfacet
  facet normal 0 0.13052619222005502 0.99144486137381
    outer loop
      vertex -31.5 -7.520944533000791 4.0455767409633765
      vertex -36 -7.261467228242974 4.011415905724763
      vertex -36 -7.520944533000791 4.0455767409633765
    endloop
  endfacet
  facet normal 0 0.04361938736533502 0.9990482215818578
    outer loop
      vertex -31.5 -7.261467228242974 4.011415905724763
      vertex -36 -7 4
      vertex -36 -7.261467228242974 4.011415905724763
    endloop
  endfacet
  facet normal 0 0.21643961393809985 0.9762960071199339
    outer loop
      vertex -31.5 -7.776457135307562 4.102222521132795
      vertex -36 -7.520944533000791 4.0455767409633765
      vertex -36 -7.776457135307562 4.102222521132795
    endloop
  endfacet
  facet normal 0 0.6755902076156607 0.7372773368101236
    outer loop
      vertex -31.5 -8.928362829059617 4.701866670643065
      vertex -36 -8.928362829059617 4.701866670643065
      vertex -31.5 -9.121320343559642 4.878679656440357
    endloop
  endfacet
  facet normal 0 0.6087614290087174 0.7933533402912375
    outer loop
      vertex -31.5 -8.720729309053137 4.542543867133025
      vertex -36 -8.720729309053137 4.542543867133025
      vertex -31.5 -8.928362829059617 4.701866670643065
    endloop
  endfacet
  facet normal -1.0511554276839666e-18 0.8870108331782226 0.46174861323503247
    outer loop
      vertex -31.5 -9.71892336110995 5.732145214777901
      vertex -31.5 -9.598076211353316 5.5
      vertex -36 -9.598076211353316 5.5
    endloop
  endfacet
  facet normal 1.0723166229226826e-18 0.9537169507482263 0.3007057995042748
    outer loop
      vertex -31.5 -9.897777478867205 6.223542864692438
      vertex -31.5 -9.819077862357725 5.973939570022994
      vertex -36 -9.819077862357725 5.973939570022994
    endloop
  endfacet
  facet normal -3.757005520180586e-19 0.9238795325112866 0.3826834323650903
    outer loop
      vertex -31.5 -9.819077862357725 5.973939570022994
      vertex -31.5 -9.71892336110995 5.732145214777901
      vertex -36 -9.71892336110995 5.732145214777901
    endloop
  endfacet
  facet normal 5.290076123940297e-19 0.9762960071199339 0.21643961393809985
    outer loop
      vertex -31.5 -9.954423259036624 6.479055466999209
      vertex -31.5 -9.897777478867205 6.223542864692438
      vertex -36 -9.897777478867205 6.223542864692438
    endloop
  endfacet
  facet normal 2.498995649662963e-18 0.7933533402912362 0.6087614290087191
    outer loop
      vertex -31.5 -9.457456132866975 5.279270690946862
      vertex -31.5 -9.298133329356935 5.071637170940383
      vertex -36 -9.298133329356935 5.071637170940383
    endloop
  endfacet
  facet normal -2.649741748655731e-19 0.8433914458128846 0.5372996083468258
    outer loop
      vertex -31.5 -9.598076211353316 5.5
      vertex -31.5 -9.457456132866975 5.279270690946862
      vertex -36 -9.457456132866975 5.279270690946862
    endloop
  endfacet
  facet normal 1.9531149957998854e-18 0.7372773368101235 0.6755902076156609
    outer loop
      vertex -31.5 -9.298133329356935 5.071637170940383
      vertex -31.5 -9.121320343559642 4.878679656440357
      vertex -36 -9.121320343559642 4.878679656440357
    endloop
  endfacet
  facet normal 0 0.46174861323503247 0.8870108331782226
    outer loop
      vertex -31.5 -8.267854785222099 4.281076638890051
      vertex -36 -8.267854785222099 4.281076638890051
      vertex -31.5 -8.5 4.401923788646684
    endloop
  endfacet
  facet normal 0 0.5372996083468272 0.8433914458128836
    outer loop
      vertex -31.5 -8.5 4.401923788646684
      vertex -36 -8.5 4.401923788646684
      vertex -31.5 -8.720729309053137 4.542543867133025
    endloop
  endfacet
  facet normal 0 0.3826834323650903 0.9238795325112866
    outer loop
      vertex -31.5 -8.026060429977006 4.180922137642275
      vertex -36 -8.026060429977006 4.180922137642275
      vertex -31.5 -8.267854785222099 4.281076638890051
    endloop
  endfacet
  facet normal 0 0.13052619222005502 0.99144486137381
    outer loop
      vertex -31.5 -7.261467228242974 4.011415905724763
      vertex -36 -7.261467228242974 4.011415905724763
      vertex -31.5 -7.520944533000791 4.0455767409633765
    endloop
  endfacet
  facet normal 0 0.04361938736533502 0.9990482215818578
    outer loop
      vertex -31.5 -7 4
      vertex -36 -7 4
      vertex -31.5 -7.261467228242974 4.011415905724763
    endloop
  endfacet
  facet normal 0 0.3007057995042748 0.9537169507482263
    outer loop
      vertex -31.5 -7.776457135307562 4.102222521132795
      vertex -36 -7.776457135307562 4.102222521132795
      vertex -31.5 -8.026060429977006 4.180922137642275
    endloop
  endfacet
  facet normal 0 0.21643961393809985 0.9762960071199339
    outer loop
      vertex -31.5 -7.520944533000791 4.0455767409633765
      vertex -36 -7.520944533000791 4.0455767409633765
      vertex -31.5 -7.776457135307562 4.102222521132795
    endloop
  endfacet
  facet normal 0 0.9914448613738105 0.13052619222005168
    outer loop
      vertex -31.5 -9.988584094275236 6.738532771757026
      vertex -36 -9.954423259036624 6.479055466999209
      vertex -36 -9.988584094275236 6.738532771757026
    endloop
  endfacet
  facet normal 0 0.9990482215818576 0.04361938736533841
    outer loop
      vertex -31.5 -10 7
      vertex -36 -9.988584094275236 6.738532771757026
      vertex -36 -10 7
    endloop
  endfacet
  facet normal -1.4379539416308105e-19 0.9914448613738105 0.13052619222005168
    outer loop
      vertex -31.5 -9.988584094275236 6.738532771757026
      vertex -31.5 -9.954423259036624 6.479055466999209
      vertex -36 -9.954423259036624 6.479055466999209
    endloop
  endfacet
  facet normal 1.0019363876422913e-19 0.9990482215818576 0.04361938736533841
    outer loop
      vertex -31.5 -10 7
      vertex -31.5 -9.988584094275236 6.738532771757026
      vertex -36 -9.988584094275236 6.738532771757026
    endloop
  endfacet
  facet normal 0 0.9990482215818576 -0.04361938736533841
    outer loop
      vertex -31.5 -9.988584094275236 13.261467228242974
      vertex -36 -10 13
      vertex -36 -9.988584094275236 13.261467228242974
    endloop
  endfacet
  facet normal 0 0.9914448613738104 -0.13052619222005213
    outer loop
      vertex -31.5 -9.954423259036624 13.52094453300079
      vertex -36 -9.988584094275236 13.261467228242974
      vertex -36 -9.954423259036624 13.52094453300079
    endloop
  endfacet
  facet normal 0 0.9762960071199343 -0.21643961393809844
    outer loop
      vertex -31.5 -9.897777478867205 13.776457135307563
      vertex -36 -9.954423259036624 13.52094453300079
      vertex -36 -9.897777478867205 13.776457135307563
    endloop
  endfacet
  facet normal 0 0.9537169507482262 -0.3007057995042758
    outer loop
      vertex -31.5 -9.819077862357725 14.026060429977006
      vertex -36 -9.897777478867205 13.776457135307563
      vertex -36 -9.819077862357725 14.026060429977006
    endloop
  endfacet
  facet normal 0 0.9238795325112866 -0.3826834323650903
    outer loop
      vertex -31.5 -9.71892336110995 14.267854785222099
      vertex -36 -9.819077862357725 14.026060429977006
      vertex -36 -9.71892336110995 14.267854785222099
    endloop
  endfacet
  facet normal 0 0.8870108331782226 -0.46174861323503247
    outer loop
      vertex -31.5 -9.598076211353316 14.5
      vertex -36 -9.71892336110995 14.267854785222099
      vertex -36 -9.598076211353316 14.5
    endloop
  endfacet
  facet normal 0 0.8433914458128836 -0.5372996083468272
    outer loop
      vertex -31.5 -9.457456132866975 14.720729309053137
      vertex -36 -9.598076211353316 14.5
      vertex -36 -9.457456132866975 14.720729309053137
    endloop
  endfacet
  facet normal 0 0.7933533402912375 -0.6087614290087174
    outer loop
      vertex -31.5 -9.298133329356935 14.928362829059617
      vertex -36 -9.457456132866975 14.720729309053137
      vertex -36 -9.298133329356935 14.928362829059617
    endloop
  endfacet
  facet normal 0 0.737277336810122 -0.6755902076156626
    outer loop
      vertex -31.5 -9.121320343559642 15.121320343559642
      vertex -36 -9.298133329356935 14.928362829059617
      vertex -36 -9.121320343559642 15.121320343559642
    endloop
  endfacet
  facet normal 0 0.6755902076156626 -0.737277336810122
    outer loop
      vertex -31.5 -8.928362829059617 15.298133329356935
      vertex -36 -9.121320343559642 15.121320343559642
      vertex -36 -8.928362829059617 15.298133329356935
    endloop
  endfacet
  facet normal 0 0.6087614290087174 -0.7933533402912375
    outer loop
      vertex -31.5 -8.720729309053137 15.457456132866975
      vertex -36 -8.928362829059617 15.298133329356935
      vertex -36 -8.720729309053137 15.457456132866975
    endloop
  endfacet
  facet normal 0 0.5372996083468272 -0.8433914458128836
    outer loop
      vertex -31.5 -8.5 15.598076211353316
      vertex -36 -8.720729309053137 15.457456132866975
      vertex -36 -8.5 15.598076211353316
    endloop
  endfacet
  facet normal 0 0.46174861323503247 -0.8870108331782226
    outer loop
      vertex -31.5 -8.267854785222099 15.71892336110995
      vertex -36 -8.5 15.598076211353316
      vertex -36 -8.267854785222099 15.71892336110995
    endloop
  endfacet
  facet normal 8.797285645917905e-17 0.3826834323650903 -0.9238795325112866
    outer loop
      vertex -31.5 -8.192829142140768 15.75
      vertex -36 -8.267854785222099 15.71892336110995
      vertex -36 -8.026060429977006 15.819077862357725
    endloop
  endfacet
  facet normal -1.0019363876422913e-19 0.9990482215818576 -0.04361938736533841
    outer loop
      vertex -31.5 -9.988584094275236 13.261467228242974
      vertex -31.5 -10 13
      vertex -36 -10 13
    endloop
  endfacet
  facet normal -5.78460378072177e-19 0.9914448613738104 -0.13052619222005213
    outer loop
      vertex -31.5 -9.954423259036624 13.52094453300079
      vertex -31.5 -9.988584094275236 13.261467228242974
      vertex -36 -9.988584094275236 13.261467228242974
    endloop
  endfacet
  facet normal -5.212320854773953e-19 0.9762960071199343 -0.21643961393809844
    outer loop
      vertex -31.5 -9.897777478867205 13.776457135307563
      vertex -31.5 -9.954423259036624 13.52094453300079
      vertex -36 -9.954423259036624 13.52094453300079
    endloop
  endfacet
  facet normal 1.4402298890436802e-18 0.9537169507482262 -0.3007057995042758
    outer loop
      vertex -31.5 -9.819077862357725 14.026060429977006
      vertex -31.5 -9.897777478867205 13.776457135307563
      vertex -36 -9.897777478867205 13.776457135307563
    endloop
  endfacet
  facet normal 3.757005520180586e-19 0.9238795325112866 -0.3826834323650903
    outer loop
      vertex -31.5 -9.71892336110995 14.267854785222099
      vertex -31.5 -9.819077862357725 14.026060429977006
      vertex -36 -9.819077862357725 14.026060429977006
    endloop
  endfacet
  facet normal 1.0511554276839666e-18 0.8870108331782226 -0.46174861323503247
    outer loop
      vertex -31.5 -9.598076211353316 14.5
      vertex -31.5 -9.71892336110995 14.267854785222099
      vertex -36 -9.71892336110995 14.267854785222099
    endloop
  endfacet
  facet normal 2.686857271753556e-19 0.8433914458128836 -0.5372996083468272
    outer loop
      vertex -31.5 -9.457456132866975 14.720729309053137
      vertex -31.5 -9.598076211353316 14.5
      vertex -36 -9.598076211353316 14.5
    endloop
  endfacet
  facet normal -1.816453879734346e-19 0.7933533402912375 -0.6087614290087174
    outer loop
      vertex -31.5 -9.298133329356935 14.928362829059617
      vertex -31.5 -9.457456132866975 14.720729309053137
      vertex -36 -9.457456132866975 14.720729309053137
    endloop
  endfacet
  facet normal 2.146956755003529e-19 0.737277336810122 -0.6755902076156626
    outer loop
      vertex -31.5 -9.121320343559642 15.121320343559642
      vertex -31.5 -9.298133329356935 14.928362829059617
      vertex -36 -9.298133329356935 14.928362829059617
    endloop
  endfacet
  facet normal 0 0.6755902076156626 -0.737277336810122
    outer loop
      vertex -31.5 -9.121320343559642 15.121320343559642
      vertex -36 -9.121320343559642 15.121320343559642
      vertex -31.5 -8.928362829059617 15.298133329356935
    endloop
  endfacet
  facet normal 0 0.6087614290087174 -0.7933533402912375
    outer loop
      vertex -31.5 -8.928362829059617 15.298133329356935
      vertex -36 -8.928362829059617 15.298133329356935
      vertex -31.5 -8.720729309053137 15.457456132866975
    endloop
  endfacet
  facet normal 0 0.5372996083468272 -0.8433914458128836
    outer loop
      vertex -31.5 -8.720729309053137 15.457456132866975
      vertex -36 -8.720729309053137 15.457456132866975
      vertex -31.5 -8.5 15.598076211353316
    endloop
  endfacet
  facet normal 0 0.46174861323503247 -0.8870108331782226
    outer loop
      vertex -31.5 -8.5 15.598076211353316
      vertex -36 -8.5 15.598076211353316
      vertex -31.5 -8.267854785222099 15.71892336110995
    endloop
  endfacet
  facet normal 0 0.3826834323650947 -0.9238795325112846
    outer loop
      vertex -31.5 -8.267854785222099 15.71892336110995
      vertex -36 -8.267854785222099 15.71892336110995
      vertex -31.5 -8.192829142140768 15.75
    endloop
  endfacet
  facet normal 0 0.3007057995042748 -0.9537169507482264
    outer loop
      vertex -28.75 -7.776457135307562 15.897777478867205
      vertex -36 -8.026060429977006 15.819077862357725
      vertex -36 -7.776457135307562 15.897777478867205
    endloop
  endfacet
  facet normal 0 0.21643961393809988 -0.976296007119934
    outer loop
      vertex -28.75 -7.520944533000791 15.954423259036624
      vertex -36 -7.776457135307562 15.897777478867205
      vertex -36 -7.520944533000791 15.954423259036624
    endloop
  endfacet
  facet normal 0 0.13052619222005166 -0.9914448613738104
    outer loop
      vertex -28.75 -7.261467228242974 15.988584094275236
      vertex -36 -7.520944533000791 15.954423259036624
      vertex -36 -7.261467228242974 15.988584094275236
    endloop
  endfacet
  facet normal 0 0.04361938736533841 -0.9990482215818576
    outer loop
      vertex -28.75 -7 16
      vertex -36 -7.261467228242974 15.988584094275236
      vertex -36 -7 16
    endloop
  endfacet
  facet normal -2.4719357542068273e-16 0.38268343236508257 -0.9238795325112897
    outer loop
      vertex -31.5 -8.192829142140768 15.75
      vertex -36 -8.026060429977006 15.819077862357725
      vertex -28.75 -8.192829142140766 15.75
    endloop
  endfacet
  facet normal 0 0.3826834323650917 -0.923879532511286
    outer loop
      vertex -28.75 -8.026060429977006 15.819077862357725
      vertex -28.75 -8.192829142140766 15.75
      vertex -36 -8.026060429977006 15.819077862357725
    endloop
  endfacet
  facet normal 0 0.3007057995042748 -0.9537169507482264
    outer loop
      vertex -28.75 -8.026060429977006 15.819077862357725
      vertex -36 -8.026060429977006 15.819077862357725
      vertex -28.75 -7.776457135307562 15.897777478867205
    endloop
  endfacet
  facet normal 0 0.21643961393809988 -0.976296007119934
    outer loop
      vertex -28.75 -7.776457135307562 15.897777478867205
      vertex -36 -7.776457135307562 15.897777478867205
      vertex -28.75 -7.520944533000791 15.954423259036624
    endloop
  endfacet
  facet normal 0 0.13052619222005166 -0.9914448613738104
    outer loop
      vertex -28.75 -7.520944533000791 15.954423259036624
      vertex -36 -7.520944533000791 15.954423259036624
      vertex -28.75 -7.261467228242974 15.988584094275236
    endloop
  endfacet
  facet normal 0 0.04361938736533841 -0.9990482215818576
    outer loop
      vertex -28.75 -7.261467228242974 15.988584094275236
      vertex -36 -7.261467228242974 15.988584094275236
      vertex -28.75 -7 16
    endloop
  endfacet
  facet normal -1 0 0
    outer loop
      vertex -28.75 -8.026060429977006 15.819077862357725
      vertex -28.75 -5.807170857859233 15.75
      vertex -28.75 -8.192829142140766 15.75
    endloop
  endfacet
  facet normal -1 0 0
    outer loop
      vertex -28.75 -8.026060429977006 15.819077862357725
      vertex -28.75 -7.776457135307562 15.897777478867205
      vertex -28.75 -5.807170857859233 15.75
    endloop
  endfacet
  facet normal -1 0 0
    outer loop
      vertex -28.75 -7.776457135307562 15.897777478867205
      vertex -28.75 -7.520944533000791 15.954423259036624
      vertex -28.75 -5.807170857859233 15.75
    endloop
  endfacet
  facet normal -1 0 0
    outer loop
      vertex -28.75 -7.520944533000791 15.954423259036624
      vertex -28.75 -7.261467228242974 15.988584094275236
      vertex -28.75 -5.807170857859233 15.75
    endloop
  endfacet
  facet normal -1 0 0
    outer loop
      vertex -28.75 -7.261467228242974 15.988584094275236
      vertex -28.75 -7 16
      vertex -28.75 -5.807170857859233 15.75
    endloop
  endfacet
  facet normal -1 0 0
    outer loop
      vertex -28.75 -7 16
      vertex -28.75 -6.738532771757026 15.988584094275236
      vertex -28.75 -5.807170857859233 15.75
    endloop
  endfacet
  facet normal -1 0 0
    outer loop
      vertex -28.75 -6.738532771757026 15.988584094275236
      vertex -28.75 -6.479055466999209 15.954423259036624
      vertex -28.75 -5.807170857859233 15.75
    endloop
  endfacet
  facet normal -1 0 0
    outer loop
      vertex -28.75 -6.223542864692438 15.897777478867205
      vertex -28.75 -5.807170857859233 15.75
      vertex -28.75 -6.479055466999209 15.954423259036624
    endloop
  endfacet
  facet normal -1 0 0
    outer loop
      vertex -28.75 -6.223542864692438 15.897777478867205
      vertex -28.75 -5.973939570022994 15.819077862357725
      vertex -28.75 -5.807170857859233 15.75
    endloop
  endfacet
  facet normal 0 -0.04361938736533502 0.9990482215818578
    outer loop
      vertex -31.5 7 4
      vertex -36 7.261467228242974 4.011415905724763
      vertex -36 7 4
    endloop
  endfacet
  facet normal 0 -0.13052619222005502 0.99144486137381
    outer loop
      vertex -31.5 7.261467228242974 4.011415905724763
      vertex -36 7.520944533000791 4.0455767409633765
      vertex -36 7.261467228242974 4.011415905724763
    endloop
  endfacet
  facet normal 0 -0.21643961393809985 0.9762960071199339
    outer loop
      vertex -31.5 7.520944533000791 4.0455767409633765
      vertex -36 7.776457135307562 4.102222521132795
      vertex -36 7.520944533000791 4.0455767409633765
    endloop
  endfacet
  facet normal 0 -0.3007057995042748 0.9537169507482263
    outer loop
      vertex -31.5 7.776457135307562 4.102222521132795
      vertex -36 8.026060429977006 4.180922137642275
      vertex -36 7.776457135307562 4.102222521132795
    endloop
  endfacet
  facet normal 0 -0.3826834323650903 0.9238795325112866
    outer loop
      vertex -31.5 8.026060429977006 4.180922137642275
      vertex -36 8.267854785222099 4.281076638890051
      vertex -36 8.026060429977006 4.180922137642275
    endloop
  endfacet
  facet normal 0 -0.46174861323503247 0.8870108331782226
    outer loop
      vertex -31.5 8.267854785222099 4.281076638890051
      vertex -36 8.5 4.401923788646684
      vertex -36 8.267854785222099 4.281076638890051
    endloop
  endfacet
  facet normal 0 -0.5372996083468272 0.8433914458128836
    outer loop
      vertex -31.5 8.5 4.401923788646684
      vertex -36 8.720729309053137 4.542543867133025
      vertex -36 8.5 4.401923788646684
    endloop
  endfacet
  facet normal 0 -0.6087614290087174 0.7933533402912375
    outer loop
      vertex -31.5 8.720729309053137 4.542543867133025
      vertex -36 8.928362829059617 4.701866670643065
      vertex -36 8.720729309053137 4.542543867133025
    endloop
  endfacet
  facet normal 0 -0.6755902076156607 0.7372773368101236
    outer loop
      vertex -31.5 8.928362829059617 4.701866670643065
      vertex -36 9.121320343559642 4.878679656440357
      vertex -36 8.928362829059617 4.701866670643065
    endloop
  endfacet
  facet normal 0 -0.7372773368101235 0.6755902076156609
    outer loop
      vertex -36 9.121320343559642 4.878679656440357
      vertex -31.5 9.121320343559642 4.878679656440357
      vertex -36 9.298133329356935 5.071637170940383
    endloop
  endfacet
  facet normal 0 -0.7933533402912362 0.6087614290087191
    outer loop
      vertex -31.5 9.298133329356935 5.071637170940383
      vertex -36 9.457456132866975 5.279270690946862
      vertex -36 9.298133329356935 5.071637170940383
    endloop
  endfacet
  facet normal 0 -0.8433914458128846 0.5372996083468258
    outer loop
      vertex -31.5 9.457456132866975 5.279270690946862
      vertex -36 9.598076211353316 5.5
      vertex -36 9.457456132866975 5.279270690946862
    endloop
  endfacet
  facet normal 0 -0.8870108331782226 0.46174861323503247
    outer loop
      vertex -31.5 9.598076211353316 5.5
      vertex -36 9.71892336110995 5.732145214777901
      vertex -36 9.598076211353316 5.5
    endloop
  endfacet
  facet normal 0 -0.9238795325112866 0.3826834323650903
    outer loop
      vertex -31.5 9.71892336110995 5.732145214777901
      vertex -36 9.819077862357725 5.973939570022994
      vertex -36 9.71892336110995 5.732145214777901
    endloop
  endfacet
  facet normal 0 -0.9537169507482263 0.3007057995042748
    outer loop
      vertex -31.5 9.819077862357725 5.973939570022994
      vertex -36 9.897777478867205 6.223542864692438
      vertex -36 9.819077862357725 5.973939570022994
    endloop
  endfacet
  facet normal 0 -0.9762960071199339 0.21643961393809985
    outer loop
      vertex -31.5 9.897777478867205 6.223542864692438
      vertex -36 9.954423259036624 6.479055466999209
      vertex -36 9.897777478867205 6.223542864692438
    endloop
  endfacet
  facet normal 0 -0.04361938736533502 0.9990482215818578
    outer loop
      vertex -31.5 7.261467228242974 4.011415905724763
      vertex -36 7.261467228242974 4.011415905724763
      vertex -31.5 7 4
    endloop
  endfacet
  facet normal 0 -0.13052619222005502 0.99144486137381
    outer loop
      vertex -31.5 7.520944533000791 4.0455767409633765
      vertex -36 7.520944533000791 4.0455767409633765
      vertex -31.5 7.261467228242974 4.011415905724763
    endloop
  endfacet
  facet normal 0 -0.21643961393809985 0.9762960071199339
    outer loop
      vertex -31.5 7.776457135307562 4.102222521132795
      vertex -36 7.776457135307562 4.102222521132795
      vertex -31.5 7.520944533000791 4.0455767409633765
    endloop
  endfacet
  facet normal 0 -0.3007057995042748 0.9537169507482263
    outer loop
      vertex -31.5 8.026060429977006 4.180922137642275
      vertex -36 8.026060429977006 4.180922137642275
      vertex -31.5 7.776457135307562 4.102222521132795
    endloop
  endfacet
  facet normal 0 -0.3826834323650903 0.9238795325112866
    outer loop
      vertex -31.5 8.267854785222099 4.281076638890051
      vertex -36 8.267854785222099 4.281076638890051
      vertex -31.5 8.026060429977006 4.180922137642275
    endloop
  endfacet
  facet normal 0 -0.46174861323503247 0.8870108331782226
    outer loop
      vertex -31.5 8.5 4.401923788646684
      vertex -36 8.5 4.401923788646684
      vertex -31.5 8.267854785222099 4.281076638890051
    endloop
  endfacet
  facet normal 0 -0.5372996083468272 0.8433914458128836
    outer loop
      vertex -31.5 8.720729309053137 4.542543867133025
      vertex -36 8.720729309053137 4.542543867133025
      vertex -31.5 8.5 4.401923788646684
    endloop
  endfacet
  facet normal 0 -0.6087614290087174 0.7933533402912375
    outer loop
      vertex -31.5 8.928362829059617 4.701866670643065
      vertex -36 8.928362829059617 4.701866670643065
      vertex -31.5 8.720729309053137 4.542543867133025
    endloop
  endfacet
  facet normal 0 -0.6755902076156607 0.7372773368101236
    outer loop
      vertex -31.5 9.121320343559642 4.878679656440357
      vertex -36 9.121320343559642 4.878679656440357
      vertex -31.5 8.928362829059617 4.701866670643065
    endloop
  endfacet
  facet normal -1.9531149957998854e-18 -0.7372773368101235 0.6755902076156609
    outer loop
      vertex -31.5 9.121320343559642 4.878679656440357
      vertex -31.5 9.298133329356935 5.071637170940383
      vertex -36 9.298133329356935 5.071637170940383
    endloop
  endfacet
  facet normal -2.498995649662963e-18 -0.7933533402912362 0.6087614290087191
    outer loop
      vertex -31.5 9.298133329356935 5.071637170940383
      vertex -31.5 9.457456132866975 5.279270690946862
      vertex -36 9.457456132866975 5.279270690946862
    endloop
  endfacet
  facet normal 2.649741748655731e-19 -0.8433914458128846 0.5372996083468258
    outer loop
      vertex -31.5 9.457456132866975 5.279270690946862
      vertex -31.5 9.598076211353316 5.5
      vertex -36 9.598076211353316 5.5
    endloop
  endfacet
  facet normal 1.0511554276839666e-18 -0.8870108331782226 0.46174861323503247
    outer loop
      vertex -31.5 9.598076211353316 5.5
      vertex -31.5 9.71892336110995 5.732145214777901
      vertex -36 9.71892336110995 5.732145214777901
    endloop
  endfacet
  facet normal 3.757005520180586e-19 -0.9238795325112866 0.3826834323650903
    outer loop
      vertex -31.5 9.71892336110995 5.732145214777901
      vertex -31.5 9.819077862357725 5.973939570022994
      vertex -36 9.819077862357725 5.973939570022994
    endloop
  endfacet
  facet normal -1.0723166229226826e-18 -0.9537169507482263 0.3007057995042748
    outer loop
      vertex -31.5 9.819077862357725 5.973939570022994
      vertex -31.5 9.897777478867205 6.223542864692438
      vertex -36 9.897777478867205 6.223542864692438
    endloop
  endfacet
  facet normal -5.290076123940297e-19 -0.9762960071199339 0.21643961393809985
    outer loop
      vertex -31.5 9.897777478867205 6.223542864692438
      vertex -31.5 9.954423259036624 6.479055466999209
      vertex -36 9.954423259036624 6.479055466999209
    endloop
  endfacet
  facet normal 0 -0.9914448613738105 0.13052619222005168
    outer loop
      vertex -31.5 9.954423259036624 6.479055466999209
      vertex -36 9.988584094275236 6.738532771757026
      vertex -36 9.954423259036624 6.479055466999209
    endloop
  endfacet
  facet normal 0 -0.9990482215818576 0.04361938736533841
    outer loop
      vertex -31.5 9.988584094275236 6.738532771757026
      vertex -36 10 7
      vertex -36 9.988584094275236 6.738532771757026
    endloop
  endfacet
  facet normal 1.4379539416308105e-19 -0.9914448613738105 0.13052619222005168
    outer loop
      vertex -31.5 9.954423259036624 6.479055466999209
      vertex -31.5 9.988584094275236 6.738532771757026
      vertex -36 9.988584094275236 6.738532771757026
    endloop
  endfacet
  facet normal -1.0019363876422913e-19 -0.9990482215818576 0.04361938736533841
    outer loop
      vertex -31.5 9.988584094275236 6.738532771757026
      vertex -31.5 10 7
      vertex -36 10 7
    endloop
  endfacet
  facet normal -1 0 0
    outer loop
      vertex -28.75 5.973939570022994 15.819077862357725
      vertex -28.75 8.192829142140766 15.75
      vertex -28.75 5.807170857859233 15.75
    endloop
  endfacet
  facet normal -1 0 0
    outer loop
      vertex -28.75 5.973939570022994 15.819077862357725
      vertex -28.75 6.223542864692438 15.897777478867205
      vertex -28.75 8.192829142140766 15.75
    endloop
  endfacet
  facet normal -1 0 0
    outer loop
      vertex -28.75 6.223542864692438 15.897777478867205
      vertex -28.75 6.479055466999209 15.954423259036624
      vertex -28.75 8.192829142140766 15.75
    endloop
  endfacet
  facet normal -6.323771600371772e-17 -0.3826834323650903 -0.9238795325112866
    outer loop
      vertex -31.5 8.192829142140766 15.75
      vertex -36 8.026060429977006 15.819077862357725
      vertex -36 8.267854785222099 15.71892336110995
    endloop
  endfacet
  facet normal 0 -0.46174861323503247 -0.8870108331782226
    outer loop
      vertex -31.5 8.5 15.598076211353316
      vertex -36 8.267854785222099 15.71892336110995
      vertex -36 8.5 15.598076211353316
    endloop
  endfacet
  facet normal 0 -0.5372996083468272 -0.8433914458128836
    outer loop
      vertex -31.5 8.720729309053137 15.457456132866975
      vertex -36 8.5 15.598076211353316
      vertex -36 8.720729309053137 15.457456132866975
    endloop
  endfacet
  facet normal 0 -0.9990482215818576 -0.04361938736533841
    outer loop
      vertex -36 10 13
      vertex -31.5 10 13
      vertex -36 9.988584094275236 13.261467228242974
    endloop
  endfacet
  facet normal 0 -0.9914448613738104 -0.13052619222005213
    outer loop
      vertex -31.5 9.988584094275236 13.261467228242974
      vertex -36 9.954423259036624 13.52094453300079
      vertex -36 9.988584094275236 13.261467228242974
    endloop
  endfacet
  facet normal 0 -0.9762960071199343 -0.21643961393809844
    outer loop
      vertex -31.5 9.954423259036624 13.52094453300079
      vertex -36 9.897777478867205 13.776457135307563
      vertex -36 9.954423259036624 13.52094453300079
    endloop
  endfacet
  facet normal 0 -0.9238795325112866 -0.3826834323650903
    outer loop
      vertex -31.5 9.819077862357725 14.026060429977006
      vertex -36 9.71892336110995 14.267854785222099
      vertex -36 9.819077862357725 14.026060429977006
    endloop
  endfacet
  facet normal 0 -0.9537169507482262 -0.3007057995042758
    outer loop
      vertex -31.5 9.897777478867205 13.776457135307563
      vertex -36 9.819077862357725 14.026060429977006
      vertex -36 9.897777478867205 13.776457135307563
    endloop
  endfacet
  facet normal 0 -0.8870108331782226 -0.46174861323503247
    outer loop
      vertex -31.5 9.71892336110995 14.267854785222099
      vertex -36 9.598076211353316 14.5
      vertex -36 9.71892336110995 14.267854785222099
    endloop
  endfacet
  facet normal 0 -0.6755902076156626 -0.737277336810122
    outer loop
      vertex -31.5 9.121320343559642 15.121320343559642
      vertex -36 8.928362829059617 15.298133329356935
      vertex -36 9.121320343559642 15.121320343559642
    endloop
  endfacet
  facet normal 0 -0.7933533402912375 -0.6087614290087174
    outer loop
      vertex -31.5 9.457456132866975 14.720729309053137
      vertex -36 9.298133329356935 14.928362829059617
      vertex -36 9.457456132866975 14.720729309053137
    endloop
  endfacet
  facet normal 0 -0.8433914458128836 -0.5372996083468272
    outer loop
      vertex -31.5 9.598076211353316 14.5
      vertex -36 9.457456132866975 14.720729309053137
      vertex -36 9.598076211353316 14.5
    endloop
  endfacet
  facet normal 0 -0.737277336810122 -0.6755902076156626
    outer loop
      vertex -31.5 9.298133329356935 14.928362829059617
      vertex -36 9.121320343559642 15.121320343559642
      vertex -36 9.298133329356935 14.928362829059617
    endloop
  endfacet
  facet normal 0 -0.6087614290087174 -0.7933533402912375
    outer loop
      vertex -31.5 8.928362829059617 15.298133329356935
      vertex -36 8.720729309053137 15.457456132866975
      vertex -36 8.928362829059617 15.298133329356935
    endloop
  endfacet
  facet normal 0 -0.04361938736533841 -0.9990482215818576
    outer loop
      vertex -28.75 7.261467228242974 15.988584094275236
      vertex -36 7 16
      vertex -36 7.261467228242974 15.988584094275236
    endloop
  endfacet
  facet normal 0 -0.13052619222005166 -0.9914448613738104
    outer loop
      vertex -28.75 7.520944533000791 15.954423259036624
      vertex -36 7.261467228242974 15.988584094275236
      vertex -36 7.520944533000791 15.954423259036624
    endloop
  endfacet
  facet normal 0 -0.21643961393809988 -0.976296007119934
    outer loop
      vertex -28.75 7.776457135307562 15.897777478867205
      vertex -36 7.520944533000791 15.954423259036624
      vertex -36 7.776457135307562 15.897777478867205
    endloop
  endfacet
  facet normal 0 -0.3007057995042748 -0.9537169507482264
    outer loop
      vertex -28.75 8.026060429977006 15.819077862357725
      vertex -36 7.776457135307562 15.897777478867205
      vertex -36 8.026060429977006 15.819077862357725
    endloop
  endfacet
  facet normal 1.5038836797395183e-19 -0.382683432365087 -0.9238795325112878
    outer loop
      vertex -31.5 8.192829142140766 15.75
      vertex -36 8.267854785222099 15.71892336110995
      vertex -31.5 8.267854785222099 15.71892336110995
    endloop
  endfacet
  facet normal 0 -0.46174861323503247 -0.8870108331782226
    outer loop
      vertex -31.5 8.267854785222099 15.71892336110995
      vertex -36 8.267854785222099 15.71892336110995
      vertex -31.5 8.5 15.598076211353316
    endloop
  endfacet
  facet normal 0 -0.5372996083468272 -0.8433914458128836
    outer loop
      vertex -31.5 8.5 15.598076211353316
      vertex -36 8.5 15.598076211353316
      vertex -31.5 8.720729309053137 15.457456132866975
    endloop
  endfacet
  facet normal 0 -0.3826834323650917 -0.923879532511286
    outer loop
      vertex -28.75 8.026060429977006 15.819077862357725
      vertex -36 8.026060429977006 15.819077862357725
      vertex -31.5 8.192829142140766 15.75
    endloop
  endfacet
  facet normal 1.0019363876422913e-19 -0.9990482215818576 -0.04361938736533841
    outer loop
      vertex -31.5 10 13
      vertex -31.5 9.988584094275236 13.261467228242974
      vertex -36 9.988584094275236 13.261467228242974
    endloop
  endfacet
  facet normal 5.78460378072177e-19 -0.9914448613738104 -0.13052619222005213
    outer loop
      vertex -31.5 9.988584094275236 13.261467228242974
      vertex -31.5 9.954423259036624 13.52094453300079
      vertex -36 9.954423259036624 13.52094453300079
    endloop
  endfacet
  facet normal 5.212320854773953e-19 -0.9762960071199343 -0.21643961393809844
    outer loop
      vertex -31.5 9.954423259036624 13.52094453300079
      vertex -31.5 9.897777478867205 13.776457135307563
      vertex -36 9.897777478867205 13.776457135307563
    endloop
  endfacet
  facet normal -1.4402298890436802e-18 -0.9537169507482262 -0.3007057995042758
    outer loop
      vertex -31.5 9.897777478867205 13.776457135307563
      vertex -31.5 9.819077862357725 14.026060429977006
      vertex -36 9.819077862357725 14.026060429977006
    endloop
  endfacet
  facet normal -3.757005520180586e-19 -0.9238795325112866 -0.3826834323650903
    outer loop
      vertex -31.5 9.819077862357725 14.026060429977006
      vertex -31.5 9.71892336110995 14.267854785222099
      vertex -36 9.71892336110995 14.267854785222099
    endloop
  endfacet
  facet normal -1.0511554276839666e-18 -0.8870108331782226 -0.46174861323503247
    outer loop
      vertex -31.5 9.71892336110995 14.267854785222099
      vertex -31.5 9.598076211353316 14.5
      vertex -36 9.598076211353316 14.5
    endloop
  endfacet
  facet normal -2.146956755003529e-19 -0.737277336810122 -0.6755902076156626
    outer loop
      vertex -31.5 9.298133329356935 14.928362829059617
      vertex -31.5 9.121320343559642 15.121320343559642
      vertex -36 9.121320343559642 15.121320343559642
    endloop
  endfacet
  facet normal 0 -0.6755902076156626 -0.737277336810122
    outer loop
      vertex -31.5 8.928362829059617 15.298133329356935
      vertex -36 8.928362829059617 15.298133329356935
      vertex -31.5 9.121320343559642 15.121320343559642
    endloop
  endfacet
  facet normal 1.816453879734346e-19 -0.7933533402912375 -0.6087614290087174
    outer loop
      vertex -31.5 9.457456132866975 14.720729309053137
      vertex -31.5 9.298133329356935 14.928362829059617
      vertex -36 9.298133329356935 14.928362829059617
    endloop
  endfacet
  facet normal -2.686857271753556e-19 -0.8433914458128836 -0.5372996083468272
    outer loop
      vertex -31.5 9.598076211353316 14.5
      vertex -31.5 9.457456132866975 14.720729309053137
      vertex -36 9.457456132866975 14.720729309053137
    endloop
  endfacet
  facet normal 0 -0.6087614290087174 -0.7933533402912375
    outer loop
      vertex -31.5 8.720729309053137 15.457456132866975
      vertex -36 8.720729309053137 15.457456132866975
      vertex -31.5 8.928362829059617 15.298133329356935
    endloop
  endfacet
  facet normal 0 -0.04361938736533841 -0.9990482215818576
    outer loop
      vertex -28.75 7 16
      vertex -36 7 16
      vertex -28.75 7.261467228242974 15.988584094275236
    endloop
  endfacet
  facet normal 0 -0.13052619222005166 -0.9914448613738104
    outer loop
      vertex -28.75 7.261467228242974 15.988584094275236
      vertex -36 7.261467228242974 15.988584094275236
      vertex -28.75 7.520944533000791 15.954423259036624
    endloop
  endfacet
  facet normal 3.2834955252043225e-19 -0.21643961393809988 -0.976296007119934
    outer loop
      vertex -28.75 7.776457135307562 15.897777478867205
      vertex -28.75 7.520944533000791 15.954423259036624
      vertex -36 7.520944533000791 15.954423259036624
    endloop
  endfacet
  facet normal 0 -0.3007057995042748 -0.9537169507482264
    outer loop
      vertex -28.75 7.776457135307562 15.897777478867205
      vertex -36 7.776457135307562 15.897777478867205
      vertex -28.75 8.026060429977006 15.819077862357725
    endloop
  endfacet
  facet normal 1.0148660584915951e-18 -0.3826834323650917 -0.923879532511286
    outer loop
      vertex -28.75 8.026060429977006 15.819077862357725
      vertex -31.5 8.192829142140766 15.75
      vertex -28.75 8.192829142140766 15.75
    endloop
  endfacet
  facet normal -1 0 0
    outer loop
      vertex -28.75 6.479055466999209 15.954423259036624
      vertex -28.75 6.738532771757026 15.988584094275236
      vertex -28.75 8.192829142140766 15.75
    endloop
  endfacet
  facet normal -1 0 0
    outer loop
      vertex -28.75 6.738532771757026 15.988584094275236
      vertex -28.75 7 16
      vertex -28.75 8.192829142140766 15.75
    endloop
  endfacet
  facet normal -1 0 0
    outer loop
      vertex -28.75 7 16
      vertex -28.75 7.261467228242974 15.988584094275236
      vertex -28.75 8.192829142140766 15.75
    endloop
  endfacet
  facet normal -1 0 0
    outer loop
      vertex -28.75 7.261467228242974 15.988584094275236
      vertex -28.75 7.520944533000791 15.954423259036624
      vertex -28.75 8.192829142140766 15.75
    endloop
  endfacet
  facet normal -1 0 0
    outer loop
      vertex -28.75 7.776457135307562 15.897777478867205
      vertex -28.75 8.192829142140766 15.75
      vertex -28.75 7.520944533000791 15.954423259036624
    endloop
  endfacet
  facet normal -1 0 0
    outer loop
      vertex -28.75 7.776457135307562 15.897777478867205
      vertex -28.75 8.026060429977006 15.819077862357725
      vertex -28.75 8.192829142140766 15.75
    endloop
  endfacet
  facet normal 0 0 1
    outer loop
      vertex -31.5 -7 4
      vertex -36 7 4
      vertex -36 -7 4
    endloop
  endfacet
  facet normal 0 0 -1
    outer loop
      vertex -28.75 -7 16
      vertex -36 -7 16
      vertex -28.75 7 16
    endloop
  endfacet
  facet normal -1 0 0
    outer loop
      vertex -28.75 -7 16
      vertex -28.75 6.738532771757026 15.988584094275236
      vertex -28.75 -6.738532771757026 15.988584094275236
    endloop
  endfacet
  facet normal -1 0 0
    outer loop
      vertex -28.75 -6.738532771757026 15.988584094275236
      vertex -28.75 6.479055466999209 15.954423259036624
      vertex -28.75 -6.479055466999209 15.954423259036624
    endloop
  endfacet
  facet normal -1 0 0
    outer loop
      vertex -28.75 -6.223542864692438 15.897777478867205
      vertex -28.75 -6.479055466999209 15.954423259036624
      vertex -28.75 6.223542864692438 15.897777478867205
    endloop
  endfacet
  facet normal -1 0 0
    outer loop
      vertex -28.75 -6.223542864692438 15.897777478867205
      vertex -28.75 5.973939570022994 15.819077862357725
      vertex -28.75 -5.973939570022994 15.819077862357725
    endloop
  endfacet
  facet normal -1 0 0
    outer loop
      vertex -28.75 -5.973939570022994 15.819077862357725
      vertex -28.75 5.807170857859233 15.75
      vertex -28.75 -5.807170857859233 15.75
    endloop
  endfacet
  facet normal 0 0 1
    outer loop
      vertex -31.5 7 4
      vertex -36 7 4
      vertex -31.5 -7 4
    endloop
  endfacet
  facet normal 0 0 -1
    outer loop
      vertex -28.75 7 16
      vertex -36 -7 16
      vertex -36 7 16
    endloop
  endfacet
  facet normal -1 0 0
    outer loop
      vertex -28.75 -5.973939570022994 15.819077862357725
      vertex -28.75 5.973939570022994 15.819077862357725
      vertex -28.75 5.807170857859233 15.75
    endloop
  endfacet
  facet normal -1 0 0
    outer loop
      vertex -28.75 -6.223542864692438 15.897777478867205
      vertex -28.75 6.223542864692438 15.897777478867205
      vertex -28.75 5.973939570022994 15.819077862357725
    endloop
  endfacet
  facet normal -1 0 0
    outer loop
      vertex -28.75 -6.479055466999209 15.954423259036624
      vertex -28.75 6.479055466999209 15.954423259036624
      vertex -28.75 6.223542864692438 15.897777478867205
    endloop
  endfacet
  facet normal -1 0 0
    outer loop
      vertex -28.75 -6.738532771757026 15.988584094275236
      vertex -28.75 6.738532771757026 15.988584094275236
      vertex -28.75 6.479055466999209 15.954423259036624
    endloop
  endfacet
  facet normal -1 0 0
    outer loop
      vertex -28.75 -7 16
      vertex -28.75 7 16
      vertex -28.75 6.738532771757026 15.988584094275236
    endloop
  endfacet
  facet normal 0 1 0
    outer loop
      vertex -31.5 -10 13
      vertex -31.5 -10 7
      vertex -36 -10 7
    endloop
  endfacet
  facet normal 0 1 0
    outer loop
      vertex -31.5 -10 13
      vertex -36 -10 7
      vertex -36 -10 13
    endloop
  endfacet
  facet normal 0 -1 0
    outer loop
      vertex -36 10 7
      vertex -31.5 10 7
      vertex -36 10 13
    endloop
  endfacet
  facet normal 0 -1 0
    outer loop
      vertex -31.5 10 7
      vertex -31.5 10 13
      vertex -36 10 13
    endloop
  endfacet
  facet normal 0 0 -1
    outer loop
      vertex -35.47593955258651 -27.199844245697847 0
      vertex -35.59490057920734 -27.044811217426343 0
      vertex -35.343919189857864 -27.343919189857868 0
    endloop
  endfacet
  facet normal 0 0 -1
    outer loop
      vertex -35.04481121742634 -27.59490057920734 0
      vertex -34.70666490629917 -27.790129442962098 0
      vertex -34.88 -27.699896904477143 0
    endloop
  endfacet
  facet normal 0 0 -1
    outer loop
      vertex -35.04481121742634 -27.59490057920734 0
      vertex -35.19984424569785 -27.47593955258651 0
      vertex -34.70666490629917 -27.790129442962098 0
    endloop
  endfacet
  facet normal 0 0 -1
    outer loop
      vertex -35.343919189857864 -27.343919189857868 0
      vertex -35.59490057920734 -27.044811217426343 0
      vertex -35.19984424569785 -27.47593955258651 0
    endloop
  endfacet
  facet normal 0 0 -1
    outer loop
      vertex -35.19984424569785 -27.47593955258651 0
      vertex -35.59490057920734 -27.044811217426343 0
      vertex -35.7901294429621 -26.706664906299167 0
    endloop
  endfacet
  facet normal 0 0 -1
    outer loop
      vertex -35.7901294429621 -26.706664906299167 0
      vertex -35.59490057920734 -27.044811217426343 0
      vertex -35.69989690447714 -26.88 0
    endloop
  endfacet
  facet normal 0 0 -1
    outer loop
      vertex -35.7901294429621 -26.706664906299167 0
      vertex -35.864911470560436 -26.526125121049496 0
      vertex -35.92367385088751 -26.339754661029644 0
    endloop
  endfacet
  facet normal 0 0 -1
    outer loop
      vertex -35.7901294429621 -26.706664906299167 0
      vertex -35.92367385088751 -26.339754661029644 0
      vertex -35.965969366747345 -26.148971917973924 0
    endloop
  endfacet
  facet normal 0 0 -1
    outer loop
      vertex -35.19984424569785 -27.47593955258651 0
      vertex -35.7901294429621 -26.706664906299167 0
      vertex -36 -25.759999999999998 0
    endloop
  endfacet
  facet normal 0 0 -1
    outer loop
      vertex -35.19984424569785 -27.47593955258651 0
      vertex -36 -25.759999999999998 0
      vertex -33.544771136245245 -27.99147612372551 0
    endloop
  endfacet
  facet normal 0 0 -1
    outer loop
      vertex -35.19984424569785 -27.47593955258651 0
      vertex -34.339754661029644 -27.923673850887514 0
      vertex -34.70666490629917 -27.790129442962098 0
    endloop
  endfacet
  facet normal 0 0 -1
    outer loop
      vertex -34.70666490629917 -27.790129442962098 0
      vertex -34.339754661029644 -27.923673850887514 0
      vertex -34.526125121049496 -27.864911470560436 0
    endloop
  endfacet
  facet normal 0 0 -1
    outer loop
      vertex -35.19984424569785 -27.47593955258651 0
      vertex -33.544771136245245 -27.99147612372551 0
      vertex -34.339754661029644 -27.923673850887514 0
    endloop
  endfacet
  facet normal 0 0 -1
    outer loop
      vertex -34.339754661029644 -27.923673850887514 0
      vertex -33.955228863754755 -27.99147612372551 0
      vertex -34.148971917973924 -27.965969366747345 0
    endloop
  endfacet
  facet normal 0 0 -1
    outer loop
      vertex -34.339754661029644 -27.923673850887514 0
      vertex -33.544771136245245 -27.99147612372551 0
      vertex -33.955228863754755 -27.99147612372551 0
    endloop
  endfacet
  facet normal 0 0 -1
    outer loop
      vertex -33.955228863754755 -27.99147612372551 0
      vertex -33.544771136245245 -27.99147612372551 0
      vertex -33.76 -28 0
    endloop
  endfacet
  facet normal 0 0 -1
    outer loop
      vertex -35.7901294429621 -26.706664906299167 0
      vertex -35.965969366747345 -26.148971917973924 0
      vertex -36 -25.759999999999998 0
    endloop
  endfacet
  facet normal 0 0 -1
    outer loop
      vertex -35.965969366747345 -26.148971917973924 0
      vertex -35.99147612372551 -25.955228863754755 0
      vertex -36 -25.759999999999998 0
    endloop
  endfacet
  facet normal 0 0 -1
    outer loop
      vertex -33.76 -28 0
      vertex -33.544771136245245 -27.99147612372551 0
      vertex -33.74 -28 0
    endloop
  endfacet
  facet normal 0 0 -1
    outer loop
      vertex -33.544771136245245 -27.99147612372551 0
      vertex -33.160245338970356 -27.923673850887514 0
      vertex -33.351028082026076 -27.965969366747345 0
    endloop
  endfacet
  facet normal 0 0 -1
    outer loop
      vertex -33.544771136245245 -27.99147612372551 0
      vertex -32.79333509370083 -27.790129442962098 0
      vertex -33.160245338970356 -27.923673850887514 0
    endloop
  endfacet
  facet normal 0 0 -1
    outer loop
      vertex -33.160245338970356 -27.923673850887514 0
      vertex -32.79333509370083 -27.790129442962098 0
      vertex -32.973874878950504 -27.864911470560436 0
    endloop
  endfacet
  facet normal 0 0 -1
    outer loop
      vertex -33.544771136245245 -27.99147612372551 0
      vertex -32.156080810142136 -27.343919189857868 0
      vertex -32.79333509370083 -27.790129442962098 0
    endloop
  endfacet
  facet normal 0 0 -1
    outer loop
      vertex -32.79333509370083 -27.790129442962098 0
      vertex -32.45518878257366 -27.59490057920734 0
      vertex -32.62 -27.699896904477143 0
    endloop
  endfacet
  facet normal 0 0 -1
    outer loop
      vertex -32.79333509370083 -27.790129442962098 0
      vertex -32.156080810142136 -27.343919189857868 0
      vertex -32.45518878257366 -27.59490057920734 0
    endloop
  endfacet
  facet normal 0 0 -1
    outer loop
      vertex -32.45518878257366 -27.59490057920734 0
      vertex -32.156080810142136 -27.343919189857868 0
      vertex -32.30015575430215 -27.47593955258651 0
    endloop
  endfacet
  facet normal 0 0 -1
    outer loop
      vertex -32.156080810142136 -27.343919189857868 0
      vertex -31.90509942079266 -27.044811217426343 0
      vertex -32.02406044741349 -27.199844245697847 0
    endloop
  endfacet
  facet normal 0 0 -1
    outer loop
      vertex -33.544771136245245 -27.99147612372551 0
      vertex -31.5 -25.759999999999998 0
      vertex -32.156080810142136 -27.343919189857868 0
    endloop
  endfacet
  facet normal 0 0 -1
    outer loop
      vertex -32.156080810142136 -27.343919189857868 0
      vertex -31.709870557037902 -26.706664906299167 0
      vertex -31.90509942079266 -27.044811217426343 0
    endloop
  endfacet
  facet normal 0 0 -1
    outer loop
      vertex -31.90509942079266 -27.044811217426343 0
      vertex -31.709870557037902 -26.706664906299167 0
      vertex -31.800103095522857 -26.88 0
    endloop
  endfacet
  facet normal 0 0 -1
    outer loop
      vertex -32.156080810142136 -27.343919189857868 0
      vertex -31.5 -25.759999999999998 0
      vertex -31.709870557037902 -26.706664906299167 0
    endloop
  endfacet
  facet normal 0 0 -1
    outer loop
      vertex -31.709870557037902 -26.706664906299167 0
      vertex -31.57632614911249 -26.339754661029644 0
      vertex -31.635088529439564 -26.526125121049496 0
    endloop
  endfacet
  facet normal 0 0 -1
    outer loop
      vertex -31.709870557037902 -26.706664906299167 0
      vertex -31.534030633252655 -26.148971917973924 0
      vertex -31.57632614911249 -26.339754661029644 0
    endloop
  endfacet
  facet normal 0 0 -1
    outer loop
      vertex -31.709870557037902 -26.706664906299167 0
      vertex -31.5 -25.759999999999998 0
      vertex -31.534030633252655 -26.148971917973924 0
    endloop
  endfacet
  facet normal 0 0 -1
    outer loop
      vertex -31.534030633252655 -26.148971917973924 0
      vertex -31.5 -25.759999999999998 0
      vertex -31.508523876274488 -25.955228863754755 0
    endloop
  endfacet
  facet normal -1 0 0
    outer loop
      vertex -36 -25.759999999999998 0
      vertex -36 -9.121320343559642 4.878679656440357
      vertex -36 -8.928362829059617 4.701866670643065
    endloop
  endfacet
  facet normal -1 0 0
    outer loop
      vertex -36 -25.759999999999998 0
      vertex -36 -8.928362829059617 4.701866670643065
      vertex -36 -8.720729309053137 4.542543867133025
    endloop
  endfacet
  facet normal -1 0 0
    outer loop
      vertex -36 -25.759999999999998 0
      vertex -36 -8.267854785222099 4.281076638890051
      vertex -36 -8.026060429977006 4.180922137642275
    endloop
  endfacet
  facet normal -1 0 0
    outer loop
      vertex -36 -25.759999999999998 0
      vertex -36 -8.720729309053137 4.542543867133025
      vertex -36 -8.5 4.401923788646684
    endloop
  endfacet
  facet normal -1 0 0
    outer loop
      vertex -36 -25.759999999999998 0
      vertex -36 -8.5 4.401923788646684
      vertex -36 -8.267854785222099 4.281076638890051
    endloop
  endfacet
  facet normal -1 0 0
    outer loop
      vertex -36 -25.759999999999998 0
      vertex -36 -9.598076211353316 5.5
      vertex -36 -9.457456132866975 5.279270690946862
    endloop
  endfacet
  facet normal -1 0 0
    outer loop
      vertex -36 -25.759999999999998 0
      vertex -36 -9.819077862357725 5.973939570022994
      vertex -36 -9.71892336110995 5.732145214777901
    endloop
  endfacet
  facet normal -1 0 0
    outer loop
      vertex -36 -25.759999999999998 0
      vertex -36 -9.71892336110995 5.732145214777901
      vertex -36 -9.598076211353316 5.5
    endloop
  endfacet
  facet normal -1 0 0
    outer loop
      vertex -36 -25.759999999999998 0
      vertex -36 -9.954423259036624 6.479055466999209
      vertex -36 -9.897777478867205 6.223542864692438
    endloop
  endfacet
  facet normal -1 0 0
    outer loop
      vertex -36 -25.759999999999998 0
      vertex -36 -9.897777478867205 6.223542864692438
      vertex -36 -9.819077862357725 5.973939570022994
    endloop
  endfacet
  facet normal -1 0 0
    outer loop
      vertex -36 -25.759999999999998 0
      vertex -36 -9.988584094275236 6.738532771757026
      vertex -36 -9.954423259036624 6.479055466999209
    endloop
  endfacet
  facet normal -1 0 0
    outer loop
      vertex -36 -25.759999999999998 0
      vertex -36 -10 7
      vertex -36 -9.988584094275236 6.738532771757026
    endloop
  endfacet
  facet normal -1 0 0
    outer loop
      vertex -36 -25.759999999999998 0
      vertex -36 -9.298133329356935 5.071637170940383
      vertex -36 -9.121320343559642 4.878679656440357
    endloop
  endfacet
  facet normal -1 0 0
    outer loop
      vertex -36 -25.759999999999998 0
      vertex -36 -9.457456132866975 5.279270690946862
      vertex -36 -9.298133329356935 5.071637170940383
    endloop
  endfacet
  facet normal 1 0 0
    outer loop
      vertex -31.5 -25.759999999999998 0
      vertex -31.5 -8.928362829059617 4.701866670643065
      vertex -31.5 -9.121320343559642 4.878679656440357
    endloop
  endfacet
  facet normal 1 0 0
    outer loop
      vertex -31.5 -25.759999999999998 0
      vertex -31.5 -8.720729309053137 4.542543867133025
      vertex -31.5 -8.928362829059617 4.701866670643065
    endloop
  endfacet
  facet normal 1 0 0
    outer loop
      vertex -31.5 -25.759999999999998 0
      vertex -31.5 -8.026060429977006 4.180922137642275
      vertex -31.5 -8.267854785222099 4.281076638890051
    endloop
  endfacet
  facet normal 1 0 0
    outer loop
      vertex -31.5 -25.759999999999998 0
      vertex -31.5 -8.5 4.401923788646684
      vertex -31.5 -8.720729309053137 4.542543867133025
    endloop
  endfacet
  facet normal 1 0 0
    outer loop
      vertex -31.5 -25.759999999999998 0
      vertex -31.5 -8.267854785222099 4.281076638890051
      vertex -31.5 -8.5 4.401923788646684
    endloop
  endfacet
  facet normal 1 0 0
    outer loop
      vertex -31.5 -25.759999999999998 0
      vertex -31.5 -9.457456132866975 5.279270690946862
      vertex -31.5 -9.598076211353316 5.5
    endloop
  endfacet
  facet normal 1 0 0
    outer loop
      vertex -31.5 -25.759999999999998 0
      vertex -31.5 -9.71892336110995 5.732145214777901
      vertex -31.5 -9.819077862357725 5.973939570022994
    endloop
  endfacet
  facet normal 1 0 0
    outer loop
      vertex -31.5 -25.759999999999998 0
      vertex -31.5 -9.598076211353316 5.5
      vertex -31.5 -9.71892336110995 5.732145214777901
    endloop
  endfacet
  facet normal 1 0 0
    outer loop
      vertex -31.5 -25.759999999999998 0
      vertex -31.5 -9.897777478867205 6.223542864692438
      vertex -31.5 -9.954423259036624 6.479055466999209
    endloop
  endfacet
  facet normal 1 0 0
    outer loop
      vertex -31.5 -25.759999999999998 0
      vertex -31.5 -9.819077862357725 5.973939570022994
      vertex -31.5 -9.897777478867205 6.223542864692438
    endloop
  endfacet
  facet normal 1 0 0
    outer loop
      vertex -31.5 -25.759999999999998 0
      vertex -31.5 -9.954423259036624 6.479055466999209
      vertex -31.5 -9.988584094275236 6.738532771757026
    endloop
  endfacet
  facet normal 1 0 0
    outer loop
      vertex -31.5 -25.759999999999998 0
      vertex -31.5 -9.988584094275236 6.738532771757026
      vertex -31.5 -10 7
    endloop
  endfacet
  facet normal 1 0 0
    outer loop
      vertex -31.5 -25.759999999999998 0
      vertex -31.5 -9.121320343559642 4.878679656440357
      vertex -31.5 -9.298133329356935 5.071637170940383
    endloop
  endfacet
  facet normal 1 0 0
    outer loop
      vertex -31.5 -25.759999999999998 0
      vertex -31.5 -9.298133329356935 5.071637170940383
      vertex -31.5 -9.457456132866975 5.279270690946862
    endloop
  endfacet
  facet normal 1 0 0
    outer loop
      vertex -31.5 -25.759999999999998 0
      vertex -31.5 -14.4 15.75
      vertex -31.5 -14.4 22.25
    endloop
  endfacet
  facet normal 1 0 0
    outer loop
      vertex -31.5 -25.759999999999998 0
      vertex -31.5 -10 13
      vertex -31.5 -14.4 15.75
    endloop
  endfacet
  facet normal 1 0 0
    outer loop
      vertex -31.5 -25.759999999999998 0
      vertex -31.5 -10 7
      vertex -31.5 -10 13
    endloop
  endfacet
  facet normal -0.7933533402912338 -0.6087614290087223 0
    outer loop
      vertex -35.47593955258651 -27.199844245697847 0
      vertex -35.47593955258651 -27.199844245697847 51.7
      vertex -35.59490057920734 -27.044811217426343 0
    endloop
  endfacet
  facet normal -0.5372996083468348 -0.8433914458128788 1.6263697214276869e-19
    outer loop
      vertex -35.04481121742634 -27.59490057920734 0
      vertex -34.88 -27.699896904477143 0
      vertex -34.88 -27.699896904477143 51.7
    endloop
  endfacet
  facet normal -0.6755902076156572 -0.737277336810127 0
    outer loop
      vertex -35.343919189857864 -27.343919189857868 0
      vertex -35.19984424569785 -27.47593955258651 0
      vertex -35.343919189857864 -27.343919189857868 51.7
    endloop
  endfacet
  facet normal -0.7372773368101261 -0.675590207615658 0
    outer loop
      vertex -35.47593955258651 -27.199844245697847 0
      vertex -35.343919189857864 -27.343919189857868 0
      vertex -35.47593955258651 -27.199844245697847 51.7
    endloop
  endfacet
  facet normal -0.6087614290087223 -0.7933533402912338 0
    outer loop
      vertex -35.04481121742634 -27.59490057920734 0
      vertex -35.04481121742634 -27.59490057920734 51.7
      vertex -35.19984424569785 -27.47593955258651 0
    endloop
  endfacet
  facet normal -0.8870108331782173 -0.46174861323504257 1.089799024995621e-19
    outer loop
      vertex -35.7901294429621 -26.706664906299167 0
      vertex -35.69989690447714 -26.88 0
      vertex -35.69989690447714 -26.88 51.7
    endloop
  endfacet
  facet normal -0.843391445812884 -0.5372996083468266 -1.4643673716178862e-20
    outer loop
      vertex -35.59490057920734 -27.044811217426343 0
      vertex -35.69989690447714 -26.88 51.7
      vertex -35.69989690447714 -26.88 0
    endloop
  endfacet
  facet normal -0.9238795325112888 -0.3826834323650846 -1.799762898496744e-20
    outer loop
      vertex -35.7901294429621 -26.706664906299167 0
      vertex -35.864911470560436 -26.526125121049496 51.7
      vertex -35.864911470560436 -26.526125121049496 0
    endloop
  endfacet
  facet normal -0.9537169507482325 -0.3007057995042556 0
    outer loop
      vertex -35.864911470560436 -26.526125121049496 0
      vertex -35.864911470560436 -26.526125121049496 51.7
      vertex -35.92367385088751 -26.339754661029644 0
    endloop
  endfacet
  facet normal -0.3826834323650846 -0.9238795325112888 0
    outer loop
      vertex -34.70666490629917 -27.790129442962098 0
      vertex -34.526125121049496 -27.864911470560436 0
      vertex -34.70666490629917 -27.790129442962098 51.7
    endloop
  endfacet
  facet normal -0.4617486132350351 -0.887010833178221 0
    outer loop
      vertex -34.88 -27.699896904477143 0
      vertex -34.70666490629917 -27.790129442962098 0
      vertex -34.88 -27.699896904477143 51.7
    endloop
  endfacet
  facet normal -0.30070579950427206 -0.9537169507482272 -1.0898878013896616e-20
    outer loop
      vertex -34.526125121049496 -27.864911470560436 0
      vertex -34.339754661029644 -27.923673850887514 0
      vertex -34.339754661029644 -27.923673850887514 51.7
    endloop
  endfacet
  facet normal -0.21643961393809288 -0.9762960071199355 0
    outer loop
      vertex -34.339754661029644 -27.923673850887514 0
      vertex -34.148971917973924 -27.965969366747345 0
      vertex -34.339754661029644 -27.923673850887514 51.7
    endloop
  endfacet
  facet normal -0.13052619222005094 -0.9914448613738106 -1.5148291860249763e-20
    outer loop
      vertex -34.148971917973924 -27.965969366747345 0
      vertex -33.955228863754755 -27.99147612372551 0
      vertex -33.955228863754755 -27.99147612372551 51.7
    endloop
  endfacet
  facet normal -0.04361938736534291 -0.9990482215818574 -1.0518809795008723e-20
    outer loop
      vertex -33.955228863754755 -27.99147612372551 0
      vertex -33.76 -28 0
      vertex -33.76 -28 51.7
    endloop
  endfacet
  facet normal -0.9762960071199317 -0.2164396139381102 -2.1158424153323623e-21
    outer loop
      vertex -35.92367385088751 -26.339754661029644 0
      vertex -35.965969366747345 -26.148971917973924 51.7
      vertex -35.965969366747345 -26.148971917973924 0
    endloop
  endfacet
  facet normal -0.9914448613738082 -0.13052619222006878 2.1635136588546062e-20
    outer loop
      vertex -35.965969366747345 -26.148971917973924 0
      vertex -35.99147612372551 -25.955228863754755 51.7
      vertex -35.99147612372551 -25.955228863754755 0
    endloop
  endfacet
  facet normal -0.9990482215818582 -0.04361938736532477 0
    outer loop
      vertex -35.99147612372551 -25.955228863754755 0
      vertex -35.99147612372551 -25.955228863754755 51.7
      vertex -36 -25.759999999999998 0
    endloop
  endfacet
  facet normal 0.3007057995042721 -0.9537169507482273 1.1617979243679488e-20
    outer loop
      vertex -33.160245338970356 -27.923673850887514 0
      vertex -32.973874878950504 -27.864911470560436 0
      vertex -32.973874878950504 -27.864911470560436 48.5
    endloop
  endfacet
  facet normal 0.38268343236508456 -0.9238795325112888 1.9185101412841578e-20
    outer loop
      vertex -32.973874878950504 -27.864911470560436 0
      vertex -32.79333509370083 -27.790129442962098 0
      vertex -32.79333509370083 -27.790129442962098 48.5
    endloop
  endfacet
  facet normal 0.46174861323503513 -0.8870108331782212 2.9568168343108346e-20
    outer loop
      vertex -32.79333509370083 -27.790129442962098 0
      vertex -32.62 -27.699896904477143 0
      vertex -32.62 -27.699896904477143 48.5
    endloop
  endfacet
  facet normal 0 -1 0
    outer loop
      vertex -33.76 -28 0
      vertex -33.74 -28 0
      vertex -33.74 -28 51.7
    endloop
  endfacet
  facet normal 0.04361938736534291 -0.9990482215818574 0
    outer loop
      vertex -33.74 -28 0
      vertex -33.544771136245245 -27.99147612372551 0
      vertex -33.74 -28 51.7
    endloop
  endfacet
  facet normal 0.13052619222005094 -0.9914448613738106 1.5148291860249763e-20
    outer loop
      vertex -33.544771136245245 -27.99147612372551 0
      vertex -33.351028082026076 -27.965969366747345 0
      vertex -33.351028082026076 -27.965969366747345 51.7
    endloop
  endfacet
  facet normal 0.21643961393809288 -0.9762960071199355 0
    outer loop
      vertex -33.351028082026076 -27.965969366747345 0
      vertex -33.160245338970356 -27.923673850887514 0
      vertex -33.351028082026076 -27.965969366747345 51.7
    endloop
  endfacet
  facet normal 0.5372996083468347 -0.8433914458128787 -1.733676589645596e-19
    outer loop
      vertex -32.62 -27.699896904477143 0
      vertex -32.45518878257366 -27.59490057920734 0
      vertex -32.45518878257366 -27.59490057920734 48.5
    endloop
  endfacet
  facet normal 0.6087614290087223 -0.7933533402912338 8.025539487296262e-20
    outer loop
      vertex -32.45518878257366 -27.59490057920734 0
      vertex -32.30015575430215 -27.47593955258651 0
      vertex -32.30015575430215 -27.47593955258651 48.5
    endloop
  endfacet
  facet normal 0.6755902076156571 -0.7372773368101267 -1.0652554293952747e-19
    outer loop
      vertex -32.30015575430215 -27.47593955258651 0
      vertex -32.156080810142136 -27.343919189857868 0
      vertex -32.156080810142136 -27.343919189857868 48.5
    endloop
  endfacet
  facet normal 0.737277336810126 -0.6755902076156579 1.5762651807205564e-19
    outer loop
      vertex -32.156080810142136 -27.343919189857868 0
      vertex -32.02406044741349 -27.199844245697847 0
      vertex -32.02406044741349 -27.199844245697847 48.5
    endloop
  endfacet
  facet normal 0.7933533402912338 -0.6087614290087223 8.025539487296262e-20
    outer loop
      vertex -32.02406044741349 -27.199844245697847 0
      vertex -31.90509942079266 -27.044811217426343 0
      vertex -31.90509942079266 -27.044811217426343 48.5
    endloop
  endfacet
  facet normal 0.8433914458128839 -0.5372996083468264 1.5609854250029838e-20
    outer loop
      vertex -31.90509942079266 -27.044811217426343 0
      vertex -31.800103095522857 -26.88 0
      vertex -31.800103095522857 -26.88 48.5
    endloop
  endfacet
  facet normal 0.8870108331782172 -0.4617486132350425 -1.1617032905623424e-19
    outer loop
      vertex -31.800103095522857 -26.88 0
      vertex -31.709870557037902 -26.706664906299167 0
      vertex -31.709870557037902 -26.706664906299167 48.5
    endloop
  endfacet
  facet normal 0.9238795325112888 -0.38268343236508456 1.9185101412841578e-20
    outer loop
      vertex -31.709870557037902 -26.706664906299167 0
      vertex -31.635088529439564 -26.526125121049496 0
      vertex -31.635088529439564 -26.526125121049496 48.5
    endloop
  endfacet
  facet normal 0.9537169507482325 -0.3007057995042556 6.896203380164595e-20
    outer loop
      vertex -31.635088529439564 -26.526125121049496 0
      vertex -31.57632614911249 -26.339754661029644 0
      vertex -31.57632614911249 -26.339754661029644 48.5
    endloop
  endfacet
  facet normal 0.9762960071199317 -0.21643961393811023 2.2554443891274874e-21
    outer loop
      vertex -31.57632614911249 -26.339754661029644 0
      vertex -31.534030633252655 -26.148971917973924 0
      vertex -31.534030633252655 -26.148971917973924 48.5
    endloop
  endfacet
  facet normal 0.9914448613738082 -0.13052619222006878 -2.3062609518099618e-20
    outer loop
      vertex -31.534030633252655 -26.148971917973924 0
      vertex -31.508523876274488 -25.955228863754755 0
      vertex -31.508523876274488 -25.955228863754755 48.5
    endloop
  endfacet
  facet normal 0.9990482215818581 -0.04361938736532477 -3.194287836705823e-21
    outer loop
      vertex -31.508523876274488 -25.955228863754755 0
      vertex -31.5 -25.759999999999998 0
      vertex -31.5 -25.759999999999998 48.5
    endloop
  endfacet
  facet normal 1 0 0
    outer loop
      vertex -31.5 -25.759999999999998 0
      vertex -31.5 -14.4 22.25
      vertex -31.5 -25.759999999999998 48.5
    endloop
  endfacet
  facet normal -1 0 0
    outer loop
      vertex -36 -25.759999999999998 0
      vertex -36 -24 48.5
      vertex -36 -10 7
    endloop
  endfacet
  facet normal -1 0 0
    outer loop
      vertex -36 -24 48.5
      vertex -36 -10 13
      vertex -36 -10 7
    endloop
  endfacet
  facet normal -1 0 0
    outer loop
      vertex -36 -24 48.5
      vertex -36 -9.988584094275236 13.261467228242974
      vertex -36 -10 13
    endloop
  endfacet
  facet normal -1 0 0
    outer loop
      vertex -36 -24 48.5
      vertex -36 -9.954423259036624 13.52094453300079
      vertex -36 -9.988584094275236 13.261467228242974
    endloop
  endfacet
  facet normal -1 0 0
    outer loop
      vertex -36 -24 48.5
      vertex -36 -9.897777478867205 13.776457135307563
      vertex -36 -9.954423259036624 13.52094453300079
    endloop
  endfacet
  facet normal -1 0 0
    outer loop
      vertex -36 -24 48.5
      vertex -36 -9.819077862357725 14.026060429977006
      vertex -36 -9.897777478867205 13.776457135307563
    endloop
  endfacet
  facet normal -1 0 0
    outer loop
      vertex -36 -24 48.5
      vertex -36 -9.71892336110995 14.267854785222099
      vertex -36 -9.819077862357725 14.026060429977006
    endloop
  endfacet
  facet normal -1 0 0
    outer loop
      vertex -36 -24 48.5
      vertex -36 -9.598076211353316 14.5
      vertex -36 -9.71892336110995 14.267854785222099
    endloop
  endfacet
  facet normal -1 0 0
    outer loop
      vertex -36 -25.759999999999998 0
      vertex -36 -8.026060429977006 4.180922137642275
      vertex -36 -7.776457135307562 4.102222521132795
    endloop
  endfacet
  facet normal -1 0 0
    outer loop
      vertex -36 -25.759999999999998 0
      vertex -36 -7.776457135307562 4.102222521132795
      vertex -36 -7.520944533000791 4.0455767409633765
    endloop
  endfacet
  facet normal -1 0 0
    outer loop
      vertex -36 -25.759999999999998 0
      vertex -36 -7.520944533000791 4.0455767409633765
      vertex -36 -7.261467228242974 4.011415905724763
    endloop
  endfacet
  facet normal -1 0 0
    outer loop
      vertex -36 -25.759999999999998 0
      vertex -36 -7.261467228242974 4.011415905724763
      vertex -36 -7 4
    endloop
  endfacet
  facet normal 0 0 -1
    outer loop
      vertex -36 -25.759999999999998 0
      vertex -35.79913256663145 25.960867433368552 0
      vertex -33.544771136245245 -27.99147612372551 0
    endloop
  endfacet
  facet normal -1 0 0
    outer loop
      vertex -36 -25.759999999999998 0
      vertex -36 -7 4
      vertex -36 7 4
    endloop
  endfacet
  facet normal 0 0 -1
    outer loop
      vertex -33.544771136245245 -27.99147612372551 0
      vertex -31.583314296102724 23.569893577648077 0
      vertex -31.5 -25.759999999999998 0
    endloop
  endfacet
  facet normal 1 0 0
    outer loop
      vertex -31.5 -25.759999999999998 0
      vertex -31.5 -7.776457135307562 4.102222521132795
      vertex -31.5 -8.026060429977006 4.180922137642275
    endloop
  endfacet
  facet normal 1 0 0
    outer loop
      vertex -31.5 -25.759999999999998 0
      vertex -31.5 -7.520944533000791 4.0455767409633765
      vertex -31.5 -7.776457135307562 4.102222521132795
    endloop
  endfacet
  facet normal 1 0 0
    outer loop
      vertex -31.5 -25.759999999999998 0
      vertex -31.5 -7.261467228242974 4.011415905724763
      vertex -31.5 -7.520944533000791 4.0455767409633765
    endloop
  endfacet
  facet normal 1 0 0
    outer loop
      vertex -31.5 -25.759999999999998 0
      vertex -31.5 -7 4
      vertex -31.5 -7.261467228242974 4.011415905724763
    endloop
  endfacet
  facet normal 1 0 0
    outer loop
      vertex -31.5 -25.759999999999998 0
      vertex -31.5 7 4
      vertex -31.5 -7 4
    endloop
  endfacet
  facet normal 1 0 0
    outer loop
      vertex -31.5 -14.4 15.75
      vertex -31.5 -10 13
      vertex -31.5 -9.988584094275236 13.261467228242974
    endloop
  endfacet
  facet normal 1 0 0
    outer loop
      vertex -31.5 -14.4 15.75
      vertex -31.5 -9.988584094275236 13.261467228242974
      vertex -31.5 -9.954423259036624 13.52094453300079
    endloop
  endfacet
  facet normal 1 0 0
    outer loop
      vertex -31.5 -14.4 15.75
      vertex -31.5 -9.954423259036624 13.52094453300079
      vertex -31.5 -9.897777478867205 13.776457135307563
    endloop
  endfacet
  facet normal 1 0 0
    outer loop
      vertex -31.5 -14.4 15.75
      vertex -31.5 -9.897777478867205 13.776457135307563
      vertex -31.5 -9.819077862357725 14.026060429977006
    endloop
  endfacet
  facet normal 1 0 0
    outer loop
      vertex -31.5 -14.4 15.75
      vertex -31.5 -9.819077862357725 14.026060429977006
      vertex -31.5 -9.71892336110995 14.267854785222099
    endloop
  endfacet
  facet normal 1 0 0
    outer loop
      vertex -31.5 -14.4 15.75
      vertex -31.5 -9.71892336110995 14.267854785222099
      vertex -31.5 -9.598076211353316 14.5
    endloop
  endfacet
  facet normal 1 0 0
    outer loop
      vertex -31.5 -14.4 15.75
      vertex -31.5 -9.598076211353316 14.5
      vertex -31.5 -9.457456132866975 14.720729309053137
    endloop
  endfacet
  facet normal 1 0 0
    outer loop
      vertex -31.5 -14.4 15.75
      vertex -31.5 -9.457456132866975 14.720729309053137
      vertex -31.5 -9.298133329356935 14.928362829059617
    endloop
  endfacet
  facet normal 1 0 0
    outer loop
      vertex -31.5 -14.4 15.75
      vertex -31.5 -9.298133329356935 14.928362829059617
      vertex -31.5 -9.121320343559642 15.121320343559642
    endloop
  endfacet
  facet normal 1 0 0
    outer loop
      vertex -31.5 -14.4 15.75
      vertex -31.5 -9.121320343559642 15.121320343559642
      vertex -31.5 -8.928362829059617 15.298133329356935
    endloop
  endfacet
  facet normal 1 0 0
    outer loop
      vertex -31.5 -14.4 15.75
      vertex -31.5 -8.928362829059617 15.298133329356935
      vertex -31.5 -8.720729309053137 15.457456132866975
    endloop
  endfacet
  facet normal 1 0 0
    outer loop
      vertex -31.5 -14.4 15.75
      vertex -31.5 -8.720729309053137 15.457456132866975
      vertex -31.5 -8.5 15.598076211353316
    endloop
  endfacet
  facet normal 1 0 0
    outer loop
      vertex -31.5 -14.4 15.75
      vertex -31.5 -8.5 15.598076211353316
      vertex -31.5 -8.267854785222099 15.71892336110995
    endloop
  endfacet
  facet normal 1 0 0
    outer loop
      vertex -31.5 -14.4 15.75
      vertex -31.5 -8.267854785222099 15.71892336110995
      vertex -31.5 -8.192829142140768 15.75
    endloop
  endfacet
  facet normal 1 0 0
    outer loop
      vertex -31.5 -14.4 22.25
      vertex -31.5 14.400000000000002 25.75
      vertex -31.5 -14.4 25.75
    endloop
  endfacet
  facet normal -0.5372996083468348 -0.8433914458128788 0
    outer loop
      vertex -35.04481121742634 -27.59490057920734 0
      vertex -34.88 -27.699896904477143 51.7
      vertex -35.04481121742634 -27.59490057920734 51.7
    endloop
  endfacet
  facet normal -0.6755902076156572 -0.737277336810127 0
    outer loop
      vertex -35.19984424569785 -27.47593955258651 0
      vertex -35.19984424569785 -27.47593955258651 51.7
      vertex -35.343919189857864 -27.343919189857868 51.7
    endloop
  endfacet
  facet normal -0.7372773368101261 -0.675590207615658 0
    outer loop
      vertex -35.343919189857864 -27.343919189857868 0
      vertex -35.343919189857864 -27.343919189857868 51.7
      vertex -35.47593955258651 -27.199844245697847 51.7
    endloop
  endfacet
  facet normal -0.6087614290087223 -0.7933533402912338 0
    outer loop
      vertex -35.19984424569785 -27.47593955258651 0
      vertex -35.04481121742634 -27.59490057920734 51.7
      vertex -35.19984424569785 -27.47593955258651 51.7
    endloop
  endfacet
  facet normal -0.8870108331782173 -0.46174861323504257 0
    outer loop
      vertex -35.7901294429621 -26.706664906299167 0
      vertex -35.69989690447714 -26.88 51.7
      vertex -35.7901294429621 -26.706664906299167 51.7
    endloop
  endfacet
  facet normal -0.843391445812884 -0.5372996083468266 0
    outer loop
      vertex -35.59490057920734 -27.044811217426343 0
      vertex -35.59490057920734 -27.044811217426343 51.7
      vertex -35.69989690447714 -26.88 51.7
    endloop
  endfacet
  facet normal -0.7933533402912338 -0.6087614290087223 0
    outer loop
      vertex -35.59490057920734 -27.044811217426343 0
      vertex -35.47593955258651 -27.199844245697847 51.7
      vertex -35.59490057920734 -27.044811217426343 51.7
    endloop
  endfacet
  facet normal -0.9238795325112888 -0.3826834323650846 0
    outer loop
      vertex -35.7901294429621 -26.706664906299167 0
      vertex -35.7901294429621 -26.706664906299167 51.7
      vertex -35.864911470560436 -26.526125121049496 51.7
    endloop
  endfacet
  facet normal -0.9537169507482325 -0.3007057995042556 0
    outer loop
      vertex -35.92367385088751 -26.339754661029644 0
      vertex -35.864911470560436 -26.526125121049496 51.7
      vertex -35.92367385088751 -26.339754661029644 51.7
    endloop
  endfacet
  facet normal -0.9762960071199317 -0.2164396139381102 0
    outer loop
      vertex -35.92367385088751 -26.339754661029644 0
      vertex -35.92367385088751 -26.339754661029644 51.7
      vertex -35.965969366747345 -26.148971917973924 51.7
    endloop
  endfacet
  facet normal -0.4617486132350351 -0.887010833178221 0
    outer loop
      vertex -34.70666490629917 -27.790129442962098 0
      vertex -34.70666490629917 -27.790129442962098 51.7
      vertex -34.88 -27.699896904477143 51.7
    endloop
  endfacet
  facet normal -0.3826834323650846 -0.9238795325112888 0
    outer loop
      vertex -34.526125121049496 -27.864911470560436 0
      vertex -34.526125121049496 -27.864911470560436 51.7
      vertex -34.70666490629917 -27.790129442962098 51.7
    endloop
  endfacet
  facet normal -0.30070579950427206 -0.9537169507482272 0
    outer loop
      vertex -34.526125121049496 -27.864911470560436 0
      vertex -34.339754661029644 -27.923673850887514 51.7
      vertex -34.526125121049496 -27.864911470560436 51.7
    endloop
  endfacet
  facet normal -0.21643961393809288 -0.9762960071199355 0
    outer loop
      vertex -34.148971917973924 -27.965969366747345 0
      vertex -34.148971917973924 -27.965969366747345 51.7
      vertex -34.339754661029644 -27.923673850887514 51.7
    endloop
  endfacet
  facet normal -0.13052619222005094 -0.9914448613738106 0
    outer loop
      vertex -34.148971917973924 -27.965969366747345 0
      vertex -33.955228863754755 -27.99147612372551 51.7
      vertex -34.148971917973924 -27.965969366747345 51.7
    endloop
  endfacet
  facet normal -0.04361938736534291 -0.9990482215818574 0
    outer loop
      vertex -33.955228863754755 -27.99147612372551 0
      vertex -33.76 -28 51.7
      vertex -33.955228863754755 -27.99147612372551 51.7
    endloop
  endfacet
  facet normal 0 -1 0
    outer loop
      vertex -33.76 -28 0
      vertex -33.74 -28 51.7
      vertex -33.76 -28 51.7
    endloop
  endfacet
  facet normal -1 0 0
    outer loop
      vertex -36 -25.759999999999998 0
      vertex -36 -24 50.56195985241699
      vertex -36 -24 48.5
    endloop
  endfacet
  facet normal -0.9914448613738082 -0.13052619222006878 0
    outer loop
      vertex -35.965969366747345 -26.148971917973924 0
      vertex -35.965969366747345 -26.148971917973924 51.7
      vertex -35.99147612372551 -25.955228863754755 51.7
    endloop
  endfacet
  facet normal -0.9990482215818582 -0.04361938736532477 0
    outer loop
      vertex -36 -25.759999999999998 0
      vertex -35.99147612372551 -25.955228863754755 51.7
      vertex -36 -25.759999999999998 51.7
    endloop
  endfacet
  facet normal -1 0 0
    outer loop
      vertex -36 -25.759999999999998 0
      vertex -36 -25.759999999999998 51.7
      vertex -36 -24 50.56195985241699
    endloop
  endfacet
  facet normal 0.3007057995042908 -0.9537169507482214 -7.965005323786953e-17
    outer loop
      vertex -33.160245338970356 -27.923673850887514 0
      vertex -32.973874878950504 -27.864911470560436 48.5
      vertex -32.99697418374389 -27.872194653385737 48.5
    endloop
  endfacet
  facet normal 0.38268343236508456 -0.9238795325112888 0
    outer loop
      vertex -32.973874878950504 -27.864911470560436 0
      vertex -32.79333509370083 -27.790129442962098 48.5
      vertex -32.973874878950504 -27.864911470560436 48.5
    endloop
  endfacet
  facet normal 0.46174861323503513 -0.8870108331782212 0
    outer loop
      vertex -32.79333509370083 -27.790129442962098 0
      vertex -32.62 -27.699896904477143 48.5
      vertex -32.79333509370083 -27.790129442962098 48.5
    endloop
  endfacet
  facet normal 0.30070579950426946 -0.9537169507482282 0
    outer loop
      vertex -33.160245338970356 -27.923673850887514 0
      vertex -32.99697418374389 -27.872194653385737 48.5
      vertex -33.160245338970356 -27.923673850887514 51.7
    endloop
  endfacet
  facet normal 0.5372996083468347 -0.8433914458128787 0
    outer loop
      vertex -32.62 -27.699896904477143 0
      vertex -32.45518878257366 -27.59490057920734 48.5
      vertex -32.62 -27.699896904477143 48.5
    endloop
  endfacet
  facet normal 0.6087614290087223 -0.7933533402912338 0
    outer loop
      vertex -32.45518878257366 -27.59490057920734 0
      vertex -32.30015575430215 -27.47593955258651 48.5
      vertex -32.45518878257366 -27.59490057920734 48.5
    endloop
  endfacet
  facet normal 0.6755902076156571 -0.7372773368101267 0
    outer loop
      vertex -32.30015575430215 -27.47593955258651 0
      vertex -32.156080810142136 -27.343919189857868 48.5
      vertex -32.30015575430215 -27.47593955258651 48.5
    endloop
  endfacet
  facet normal 0.737277336810126 -0.6755902076156579 0
    outer loop
      vertex -32.156080810142136 -27.343919189857868 0
      vertex -32.02406044741349 -27.199844245697847 48.5
      vertex -32.156080810142136 -27.343919189857868 48.5
    endloop
  endfacet
  facet normal 0.7933533402912338 -0.6087614290087223 0
    outer loop
      vertex -32.02406044741349 -27.199844245697847 0
      vertex -31.90509942079266 -27.044811217426343 48.5
      vertex -32.02406044741349 -27.199844245697847 48.5
    endloop
  endfacet
  facet normal 0.8433914458128839 -0.5372996083468264 0
    outer loop
      vertex -31.90509942079266 -27.044811217426343 0
      vertex -31.800103095522857 -26.88 48.5
      vertex -31.90509942079266 -27.044811217426343 48.5
    endloop
  endfacet
  facet normal 0.8870108331782172 -0.4617486132350425 0
    outer loop
      vertex -31.800103095522857 -26.88 0
      vertex -31.709870557037902 -26.706664906299167 48.5
      vertex -31.800103095522857 -26.88 48.5
    endloop
  endfacet
  facet normal 0.9238795325112888 -0.38268343236508456 0
    outer loop
      vertex -31.709870557037902 -26.706664906299167 0
      vertex -31.635088529439564 -26.526125121049496 48.5
      vertex -31.709870557037902 -26.706664906299167 48.5
    endloop
  endfacet
  facet normal 0.9537169507482325 -0.3007057995042556 0
    outer loop
      vertex -31.635088529439564 -26.526125121049496 0
      vertex -31.57632614911249 -26.339754661029644 48.5
      vertex -31.635088529439564 -26.526125121049496 48.5
    endloop
  endfacet
  facet normal 0.9762960071199317 -0.21643961393811023 0
    outer loop
      vertex -31.57632614911249 -26.339754661029644 0
      vertex -31.534030633252655 -26.148971917973924 48.5
      vertex -31.57632614911249 -26.339754661029644 48.5
    endloop
  endfacet
  facet normal 0.04361938736534291 -0.9990482215818574 0
    outer loop
      vertex -33.544771136245245 -27.99147612372551 0
      vertex -33.544771136245245 -27.99147612372551 51.7
      vertex -33.74 -28 51.7
    endloop
  endfacet
  facet normal 0.13052619222005094 -0.9914448613738106 0
    outer loop
      vertex -33.544771136245245 -27.99147612372551 0
      vertex -33.351028082026076 -27.965969366747345 51.7
      vertex -33.544771136245245 -27.99147612372551 51.7
    endloop
  endfacet
  facet normal 0.21643961393809288 -0.9762960071199355 0
    outer loop
      vertex -33.160245338970356 -27.923673850887514 0
      vertex -33.160245338970356 -27.923673850887514 51.7
      vertex -33.351028082026076 -27.965969366747345 51.7
    endloop
  endfacet
  facet normal 0.9914448613738082 -0.13052619222006878 0
    outer loop
      vertex -31.534030633252655 -26.148971917973924 0
      vertex -31.508523876274488 -25.955228863754755 48.5
      vertex -31.534030633252655 -26.148971917973924 48.5
    endloop
  endfacet
  facet normal 0.9990482215818581 -0.04361938736532477 0
    outer loop
      vertex -31.508523876274488 -25.955228863754755 0
      vertex -31.5 -25.759999999999998 48.5
      vertex -31.508523876274488 -25.955228863754755 48.5
    endloop
  endfacet
  facet normal -1 0 0
    outer loop
      vertex -36 -24 48.5
      vertex -36 -9.457456132866975 14.720729309053137
      vertex -36 -9.598076211353316 14.5
    endloop
  endfacet
  facet normal -1 0 0
    outer loop
      vertex -36 -24 48.5
      vertex -36 -9.298133329356935 14.928362829059617
      vertex -36 -9.457456132866975 14.720729309053137
    endloop
  endfacet
  facet normal -1 0 0
    outer loop
      vertex -36 -24 48.5
      vertex -36 -9.121320343559642 15.121320343559642
      vertex -36 -9.298133329356935 14.928362829059617
    endloop
  endfacet
  facet normal -1 0 0
    outer loop
      vertex -36 -24 48.5
      vertex -36 -8.928362829059617 15.298133329356935
      vertex -36 -9.121320343559642 15.121320343559642
    endloop
  endfacet
  facet normal 1 0 0
    outer loop
      vertex -31.5 -14.4 22.25
      vertex -31.5 -14.4 25.75
      vertex -31.5 -25.759999999999998 48.5
    endloop
  endfacet
  facet normal 1 0 0
    outer loop
      vertex -31.5 -14.4 25.75
      vertex -31.5 -14.4 32.25
      vertex -31.5 -25.759999999999998 48.5
    endloop
  endfacet
  facet normal 0 0 1
    outer loop
      vertex -35.47593955258651 -27.199844245697847 51.7
      vertex -35.343919189857864 -27.343919189857868 51.7
      vertex -35.59490057920734 -27.044811217426343 51.7
    endloop
  endfacet
  facet normal 0 0 1
    outer loop
      vertex -35.04481121742634 -27.59490057920734 51.7
      vertex -34.88 -27.699896904477143 51.7
      vertex -34.70666490629917 -27.790129442962098 51.7
    endloop
  endfacet
  facet normal 0 0 1
    outer loop
      vertex -35.04481121742634 -27.59490057920734 51.7
      vertex -35.343919189857864 -27.343919189857868 51.7
      vertex -35.19984424569785 -27.47593955258651 51.7
    endloop
  endfacet
  facet normal 0 0 1
    outer loop
      vertex -35.04481121742634 -27.59490057920734 51.7
      vertex -35.59490057920734 -27.044811217426343 51.7
      vertex -35.343919189857864 -27.343919189857868 51.7
    endloop
  endfacet
  facet normal 0 0 1
    outer loop
      vertex -35.7901294429621 -26.706664906299167 51.7
      vertex -35.59490057920734 -27.044811217426343 51.7
      vertex -35.92367385088751 -26.339754661029644 51.7
    endloop
  endfacet
  facet normal 0 0 1
    outer loop
      vertex -35.04481121742634 -27.59490057920734 51.7
      vertex -35.92367385088751 -26.339754661029644 51.7
      vertex -35.59490057920734 -27.044811217426343 51.7
    endloop
  endfacet
  facet normal 0 0 1
    outer loop
      vertex -35.7901294429621 -26.706664906299167 51.7
      vertex -35.69989690447714 -26.88 51.7
      vertex -35.59490057920734 -27.044811217426343 51.7
    endloop
  endfacet
  facet normal 0 0 1
    outer loop
      vertex -35.7901294429621 -26.706664906299167 51.7
      vertex -35.92367385088751 -26.339754661029644 51.7
      vertex -35.864911470560436 -26.526125121049496 51.7
    endloop
  endfacet
  facet normal 0 0 1
    outer loop
      vertex -34.70666490629917 -27.790129442962098 51.7
      vertex -34.526125121049496 -27.864911470560436 51.7
      vertex -34.339754661029644 -27.923673850887514 51.7
    endloop
  endfacet
  facet normal 0 0 1
    outer loop
      vertex -35.04481121742634 -27.59490057920734 51.7
      vertex -34.70666490629917 -27.790129442962098 51.7
      vertex -33.955228863754755 -27.99147612372551 51.7
    endloop
  endfacet
  facet normal 0 0 1
    outer loop
      vertex -34.70666490629917 -27.790129442962098 51.7
      vertex -34.339754661029644 -27.923673850887514 51.7
      vertex -33.955228863754755 -27.99147612372551 51.7
    endloop
  endfacet
  facet normal 0 0 1
    outer loop
      vertex -35.04481121742634 -27.59490057920734 51.7
      vertex -33.544771136245245 -27.99147612372551 51.7
      vertex -35.92367385088751 -26.339754661029644 51.7
    endloop
  endfacet
  facet normal 0 0 1
    outer loop
      vertex -35.04481121742634 -27.59490057920734 51.7
      vertex -33.955228863754755 -27.99147612372551 51.7
      vertex -33.544771136245245 -27.99147612372551 51.7
    endloop
  endfacet
  facet normal 0 0 1
    outer loop
      vertex -34.339754661029644 -27.923673850887514 51.7
      vertex -34.148971917973924 -27.965969366747345 51.7
      vertex -33.955228863754755 -27.99147612372551 51.7
    endloop
  endfacet
  facet normal 0 0 1
    outer loop
      vertex -33.955228863754755 -27.99147612372551 51.7
      vertex -33.76 -28 51.7
      vertex -33.544771136245245 -27.99147612372551 51.7
    endloop
  endfacet
  facet normal 0 0 1
    outer loop
      vertex -35.92367385088751 -26.339754661029644 51.7
      vertex -33.544771136245245 -27.99147612372551 51.7
      vertex -35.137846768889524 -26.271315131916715 51.7
    endloop
  endfacet
  facet normal 0 0 1
    outer loop
      vertex -35.137846768889524 -26.271315131916715 51.7
      vertex -33.544771136245245 -27.99147612372551 51.7
      vertex -32.77122872963951 -26.065200799760305 51.7
    endloop
  endfacet
  facet normal 0 0 1
    outer loop
      vertex -35.92367385088751 -26.339754661029644 51.7
      vertex -36 -25.759999999999998 51.7
      vertex -35.965969366747345 -26.148971917973924 51.7
    endloop
  endfacet
  facet normal 0 0 1
    outer loop
      vertex -35.965969366747345 -26.148971917973924 51.7
      vertex -36 -25.759999999999998 51.7
      vertex -35.99147612372551 -25.955228863754755 51.7
    endloop
  endfacet
  facet normal 0 0 1
    outer loop
      vertex -35.92367385088751 -26.339754661029644 51.7
      vertex -35.137846768889524 -26.271315131916715 51.7
      vertex -35.822520670090185 -25.148424540327795 51.7
    endloop
  endfacet
  facet normal 0 0 1
    outer loop
      vertex -35.92367385088751 -26.339754661029644 51.7
      vertex -35.822520670090185 -25.148424540327795 51.7
      vertex -36 -25.759999999999998 51.7
    endloop
  endfacet
  facet normal 0 0 1
    outer loop
      vertex -35.137846768889524 -26.271315131916715 51.7
      vertex -35.801163666515805 -24.896892740284127 51.7
      vertex -35.822520670090185 -25.148424540327795 51.7
    endloop
  endfacet
  facet normal 0 0 1
    outer loop
      vertex -36 -25.759999999999998 51.7
      vertex -35.822520670090185 -25.148424540327795 51.7
      vertex -35.925821911849525 -24.682984055610675 51.7
    endloop
  endfacet
  facet normal 0 0 1
    outer loop
      vertex -36 -25.759999999999998 51.7
      vertex -35.925821911849525 -24.682984055610675 51.7
      vertex -35.99971100192717 -24.006619144104103 51.7
    endloop
  endfacet
  facet normal 0 0 1
    outer loop
      vertex -35.822520670090185 -25.148424540327795 51.7
      vertex -35.92597844841185 -24.562249504905996 51.7
      vertex -35.925821911849525 -24.682984055610675 51.7
    endloop
  endfacet
  facet normal 0.30070579950426946 -0.9537169507482282 0
    outer loop
      vertex -32.99697418374389 -27.872194653385737 48.5
      vertex -32.99697418374389 -27.872194653385737 51.7
      vertex -33.160245338970356 -27.923673850887514 51.7
    endloop
  endfacet
  facet normal 0 0 1
    outer loop
      vertex -33.76 -28 51.7
      vertex -33.74 -28 51.7
      vertex -33.544771136245245 -27.99147612372551 51.7
    endloop
  endfacet
  facet normal 0 0 1
    outer loop
      vertex -33.544771136245245 -27.99147612372551 51.7
      vertex -33.351028082026076 -27.965969366747345 51.7
      vertex -33.160245338970356 -27.923673850887514 51.7
    endloop
  endfacet
  facet normal 0 0 1
    outer loop
      vertex -33.544771136245245 -27.99147612372551 51.7
      vertex -33.160245338970356 -27.923673850887514 51.7
      vertex -32.987416209287474 -27.860769192068812 51.7
    endloop
  endfacet
  facet normal 0 0 1
    outer loop
      vertex -33.544771136245245 -27.99147612372551 51.7
      vertex -32.987416209287474 -27.860769192068812 51.7
      vertex -33.32390287440616 -27.770607861886422 51.7
    endloop
  endfacet
  facet normal 0 0 1
    outer loop
      vertex -33.544771136245245 -27.99147612372551 51.7
      vertex -33.32390287440616 -27.770607861886422 51.7
      vertex -32.77122872963951 -26.065200799760305 51.7
    endloop
  endfacet
  facet normal 0 0 1
    outer loop
      vertex -33.160245338970356 -27.923673850887514 51.7
      vertex -32.99697418374389 -27.872194653385737 51.7
      vertex -32.987416209287474 -27.860769192068812 51.7
    endloop
  endfacet
  facet normal 0 0 1
    outer loop
      vertex -33.32390287440616 -27.770607861886422 51.7
      vertex -32.82537194543707 -27.272076932917336 51.7
      vertex -32.77122872963951 -26.065200799760305 51.7
    endloop
  endfacet
  facet normal -1 0 0
    outer loop
      vertex -36 -25.759999999999998 51.7
      vertex -36 -11.407694436756163 50.860512962450414
      vertex -36 -24 50.56195985241699
    endloop
  endfacet
  facet normal 0 0 1
    outer loop
      vertex -36 -25.759999999999998 51.7
      vertex -35.99971100192717 -24.006619144104103 51.7
      vertex -36 0 51.7
    endloop
  endfacet
  facet normal 0 0 1
    outer loop
      vertex -35.99971100192717 -24.006619144104103 51.7
      vertex -35.99966576750636 -23.732177288166845 51.7
      vertex -36 0 51.7
    endloop
  endfacet
  facet normal -1 0 0
    outer loop
      vertex -36 -24 48.5
      vertex -36 -8.720729309053137 15.457456132866975
      vertex -36 -8.928362829059617 15.298133329356935
    endloop
  endfacet
  facet normal -1 0 0
    outer loop
      vertex -36 -24 48.5
      vertex -36 -8.5 15.598076211353316
      vertex -36 -8.720729309053137 15.457456132866975
    endloop
  endfacet
  facet normal -1 0 0
    outer loop
      vertex -36 -24 48.5
      vertex -36 -8.267854785222099 15.71892336110995
      vertex -36 -8.5 15.598076211353316
    endloop
  endfacet
  facet normal -1 0 0
    outer loop
      vertex -36 -24 48.5
      vertex -36 -8.026060429977006 15.819077862357725
      vertex -36 -8.267854785222099 15.71892336110995
    endloop
  endfacet
  facet normal -1 0 0
    outer loop
      vertex -36 -24 48.5
      vertex -36 -7.776457135307562 15.897777478867205
      vertex -36 -8.026060429977006 15.819077862357725
    endloop
  endfacet
  facet normal -1 0 0
    outer loop
      vertex -36 -24 48.5
      vertex -36 -7.520944533000791 15.954423259036624
      vertex -36 -7.776457135307562 15.897777478867205
    endloop
  endfacet
  facet normal -1 0 0
    outer loop
      vertex -36 -24 48.5
      vertex -36 -7.261467228242974 15.988584094275236
      vertex -36 -7.520944533000791 15.954423259036624
    endloop
  endfacet
  facet normal -1 0 0
    outer loop
      vertex -36 -24 48.5
      vertex -36 -7 16
      vertex -36 -7.261467228242974 15.988584094275236
    endloop
  endfacet
  facet normal -1 0 0
    outer loop
      vertex -36 -24 48.5
      vertex -36 25.740000000000002 25.85501844302077
      vertex -36 -7 16
    endloop
  endfacet
  facet normal -1 0 0
    outer loop
      vertex -36 -25.759999999999998 51.7
      vertex -36 0 51.7
      vertex -36 -11.407694436756163 50.860512962450414
    endloop
  endfacet
  facet normal 1 0 0
    outer loop
      vertex -31.5 -14.4 32.25
      vertex -31.5 23.5 48.5
      vertex -31.5 -25.759999999999998 48.5
    endloop
  endfacet
  facet normal 0 0 1
    outer loop
      vertex -35.929709998060645 -21.684155316646287 51.7
      vertex -34.39103918124071 -8.289172053641735 51.7
      vertex -35.98926003032035 24.245985747539837 51.7
    endloop
  endfacet
  facet normal -1 0 0
    outer loop
      vertex -36 -25.759999999999998 0
      vertex -36 7 4
      vertex -36 25.740000000000002 0
    endloop
  endfacet
  facet normal 1 0 0
    outer loop
      vertex -31.5 -25.759999999999998 0
      vertex -31.5 23.5 0
      vertex -31.5 7 4
    endloop
  endfacet
  facet normal 0 0 -1
    outer loop
      vertex -36 -25.759999999999998 0
      vertex -36 25.740000000000002 0
      vertex -35.79913256663145 25.960867433368552 0
    endloop
  endfacet
  facet normal 0 0 -1
    outer loop
      vertex -33.544771136245245 -27.99147612372551 0
      vertex -35.79913256663145 25.960867433368552 0
      vertex -31.583314296102724 23.569893577648077 0
    endloop
  endfacet
  facet normal 0 0 -1
    outer loop
      vertex -31.5 -25.759999999999998 0
      vertex -31.583314296102724 23.569893577648077 0
      vertex -31.5 23.5 0
    endloop
  endfacet
  facet normal -1 0 0
    outer loop
      vertex -36 25.740000000000002 0
      vertex -36 7 4
      vertex -36 7.261467228242974 4.011415905724763
    endloop
  endfacet
  facet normal -1 0 0
    outer loop
      vertex -36 25.740000000000002 0
      vertex -36 7.261467228242974 4.011415905724763
      vertex -36 7.520944533000791 4.0455767409633765
    endloop
  endfacet
  facet normal -1 0 0
    outer loop
      vertex -36 25.740000000000002 0
      vertex -36 7.520944533000791 4.0455767409633765
      vertex -36 7.776457135307562 4.102222521132795
    endloop
  endfacet
  facet normal -1 0 0
    outer loop
      vertex -36 25.740000000000002 0
      vertex -36 7.776457135307562 4.102222521132795
      vertex -36 8.026060429977006 4.180922137642275
    endloop
  endfacet
  facet normal 1 0 0
    outer loop
      vertex -31.5 23.5 0
      vertex -31.5 7.261467228242974 4.011415905724763
      vertex -31.5 7 4
    endloop
  endfacet
  facet normal 1 0 0
    outer loop
      vertex -31.5 23.5 0
      vertex -31.5 7.520944533000791 4.0455767409633765
      vertex -31.5 7.261467228242974 4.011415905724763
    endloop
  endfacet
  facet normal 1 0 0
    outer loop
      vertex -31.5 23.5 0
      vertex -31.5 7.776457135307562 4.102222521132795
      vertex -31.5 7.520944533000791 4.0455767409633765
    endloop
  endfacet
  facet normal 1 0 0
    outer loop
      vertex -31.5 23.5 0
      vertex -31.5 8.026060429977006 4.180922137642275
      vertex -31.5 7.776457135307562 4.102222521132795
    endloop
  endfacet
  facet normal 1 0 0
    outer loop
      vertex -31.5 23.5 0
      vertex -31.5 8.267854785222099 4.281076638890051
      vertex -31.5 8.026060429977006 4.180922137642275
    endloop
  endfacet
  facet normal 1 0 0
    outer loop
      vertex -31.5 23.5 0
      vertex -31.5 8.5 4.401923788646684
      vertex -31.5 8.267854785222099 4.281076638890051
    endloop
  endfacet
  facet normal 1 0 0
    outer loop
      vertex -31.5 23.5 0
      vertex -31.5 8.720729309053137 4.542543867133025
      vertex -31.5 8.5 4.401923788646684
    endloop
  endfacet
  facet normal 1 0 0
    outer loop
      vertex -31.5 23.5 0
      vertex -31.5 8.928362829059617 4.701866670643065
      vertex -31.5 8.720729309053137 4.542543867133025
    endloop
  endfacet
  facet normal 1 0 0
    outer loop
      vertex -31.5 23.5 0
      vertex -31.5 9.121320343559642 4.878679656440357
      vertex -31.5 8.928362829059617 4.701866670643065
    endloop
  endfacet
  facet normal 1 0 0
    outer loop
      vertex -31.5 23.5 0
      vertex -31.5 9.298133329356935 5.071637170940383
      vertex -31.5 9.121320343559642 4.878679656440357
    endloop
  endfacet
  facet normal 1 0 0
    outer loop
      vertex -31.5 -14.4 22.25
      vertex -31.5 14.400000000000002 22.25
      vertex -31.5 14.400000000000002 25.75
    endloop
  endfacet
  facet normal -1 0 0
    outer loop
      vertex -36 25.740000000000002 25.85501844302077
      vertex -36 7 16
      vertex -36 -7 16
    endloop
  endfacet
  facet normal -1 0 0
    outer loop
      vertex -36 25.740000000000002 25.85501844302077
      vertex -36 7.261467228242974 15.988584094275236
      vertex -36 7 16
    endloop
  endfacet
  facet normal -1 0 0
    outer loop
      vertex -36 25.740000000000002 25.85501844302077
      vertex -36 7.520944533000791 15.954423259036624
      vertex -36 7.261467228242974 15.988584094275236
    endloop
  endfacet
  facet normal -1 0 0
    outer loop
      vertex -36 25.740000000000002 25.85501844302077
      vertex -36 7.776457135307562 15.897777478867205
      vertex -36 7.520944533000791 15.954423259036624
    endloop
  endfacet
  facet normal -1 0 0
    outer loop
      vertex -36 25.740000000000002 25.85501844302077
      vertex -36 8.026060429977006 15.819077862357725
      vertex -36 7.776457135307562 15.897777478867205
    endloop
  endfacet
  facet normal 1 0 0
    outer loop
      vertex -31.5 14.400000000000002 15.75
      vertex -31.5 8.192829142140766 15.75
      vertex -31.5 8.267854785222099 15.71892336110995
    endloop
  endfacet
  facet normal 1 0 0
    outer loop
      vertex -31.5 14.400000000000002 15.75
      vertex -31.5 8.267854785222099 15.71892336110995
      vertex -31.5 8.5 15.598076211353316
    endloop
  endfacet
  facet normal 1 0 0
    outer loop
      vertex -31.5 14.400000000000002 15.75
      vertex -31.5 9.819077862357725 14.026060429977006
      vertex -31.5 9.897777478867205 13.776457135307563
    endloop
  endfacet
  facet normal 1 0 0
    outer loop
      vertex -31.5 14.400000000000002 15.75
      vertex -31.5 9.988584094275236 13.261467228242974
      vertex -31.5 10 13
    endloop
  endfacet
  facet normal 1 0 0
    outer loop
      vertex -31.5 14.400000000000002 15.75
      vertex -31.5 9.954423259036624 13.52094453300079
      vertex -31.5 9.988584094275236 13.261467228242974
    endloop
  endfacet
  facet normal 1 0 0
    outer loop
      vertex -31.5 14.400000000000002 15.75
      vertex -31.5 9.897777478867205 13.776457135307563
      vertex -31.5 9.954423259036624 13.52094453300079
    endloop
  endfacet
  facet normal 1 0 0
    outer loop
      vertex -31.5 14.400000000000002 15.75
      vertex -31.5 9.71892336110995 14.267854785222099
      vertex -31.5 9.819077862357725 14.026060429977006
    endloop
  endfacet
  facet normal 1 0 0
    outer loop
      vertex -31.5 14.400000000000002 15.75
      vertex -31.5 9.598076211353316 14.5
      vertex -31.5 9.71892336110995 14.267854785222099
    endloop
  endfacet
  facet normal 1 0 0
    outer loop
      vertex -31.5 14.400000000000002 15.75
      vertex -31.5 9.457456132866975 14.720729309053137
      vertex -31.5 9.598076211353316 14.5
    endloop
  endfacet
  facet normal 1 0 0
    outer loop
      vertex -31.5 14.400000000000002 15.75
      vertex -31.5 9.298133329356935 14.928362829059617
      vertex -31.5 9.457456132866975 14.720729309053137
    endloop
  endfacet
  facet normal 1 0 0
    outer loop
      vertex -31.5 14.400000000000002 15.75
      vertex -31.5 9.121320343559642 15.121320343559642
      vertex -31.5 9.298133329356935 14.928362829059617
    endloop
  endfacet
  facet normal 1 0 0
    outer loop
      vertex -31.5 14.400000000000002 15.75
      vertex -31.5 8.720729309053137 15.457456132866975
      vertex -31.5 8.928362829059617 15.298133329356935
    endloop
  endfacet
  facet normal 1 0 0
    outer loop
      vertex -31.5 14.400000000000002 15.75
      vertex -31.5 8.5 15.598076211353316
      vertex -31.5 8.720729309053137 15.457456132866975
    endloop
  endfacet
  facet normal 1 0 0
    outer loop
      vertex -31.5 14.400000000000002 15.75
      vertex -31.5 8.928362829059617 15.298133329356935
      vertex -31.5 9.121320343559642 15.121320343559642
    endloop
  endfacet
  facet normal -1 0 0
    outer loop
      vertex -36 25.740000000000002 0
      vertex -36 8.026060429977006 4.180922137642275
      vertex -36 8.267854785222099 4.281076638890051
    endloop
  endfacet
  facet normal -1 0 0
    outer loop
      vertex -36 25.740000000000002 0
      vertex -36 8.267854785222099 4.281076638890051
      vertex -36 8.5 4.401923788646684
    endloop
  endfacet
  facet normal -1 0 0
    outer loop
      vertex -36 25.740000000000002 0
      vertex -36 8.5 4.401923788646684
      vertex -36 8.720729309053137 4.542543867133025
    endloop
  endfacet
  facet normal -1 0 0
    outer loop
      vertex -36 25.740000000000002 0
      vertex -36 8.720729309053137 4.542543867133025
      vertex -36 8.928362829059617 4.701866670643065
    endloop
  endfacet
  facet normal -1 0 0
    outer loop
      vertex -36 25.740000000000002 0
      vertex -36 8.928362829059617 4.701866670643065
      vertex -36 9.121320343559642 4.878679656440357
    endloop
  endfacet
  facet normal -1 0 0
    outer loop
      vertex -36 25.740000000000002 0
      vertex -36 9.121320343559642 4.878679656440357
      vertex -36 9.298133329356935 5.071637170940383
    endloop
  endfacet
  facet normal -1 0 0
    outer loop
      vertex -36 25.740000000000002 0
      vertex -36 9.298133329356935 5.071637170940383
      vertex -36 9.457456132866975 5.279270690946862
    endloop
  endfacet
  facet normal -1 0 0
    outer loop
      vertex -36 25.740000000000002 0
      vertex -36 9.457456132866975 5.279270690946862
      vertex -36 9.598076211353316 5.5
    endloop
  endfacet
  facet normal -1 0 0
    outer loop
      vertex -36 25.740000000000002 0
      vertex -36 9.598076211353316 5.5
      vertex -36 9.71892336110995 5.732145214777901
    endloop
  endfacet
  facet normal -1 0 0
    outer loop
      vertex -36 25.740000000000002 0
      vertex -36 9.71892336110995 5.732145214777901
      vertex -36 9.819077862357725 5.973939570022994
    endloop
  endfacet
  facet normal -1 0 0
    outer loop
      vertex -36 25.740000000000002 0
      vertex -36 9.819077862357725 5.973939570022994
      vertex -36 9.897777478867205 6.223542864692438
    endloop
  endfacet
  facet normal -1 0 0
    outer loop
      vertex -36 25.740000000000002 0
      vertex -36 9.897777478867205 6.223542864692438
      vertex -36 9.954423259036624 6.479055466999209
    endloop
  endfacet
  facet normal -1 0 0
    outer loop
      vertex -36 25.740000000000002 0
      vertex -36 9.954423259036624 6.479055466999209
      vertex -36 9.988584094275236 6.738532771757026
    endloop
  endfacet
  facet normal -1 0 0
    outer loop
      vertex -36 25.740000000000002 0
      vertex -36 9.988584094275236 6.738532771757026
      vertex -36 10 7
    endloop
  endfacet
  facet normal 1 0 0
    outer loop
      vertex -31.5 23.5 0
      vertex -31.5 9.457456132866975 5.279270690946862
      vertex -31.5 9.298133329356935 5.071637170940383
    endloop
  endfacet
  facet normal 1 0 0
    outer loop
      vertex -31.5 23.5 0
      vertex -31.5 9.598076211353316 5.5
      vertex -31.5 9.457456132866975 5.279270690946862
    endloop
  endfacet
  facet normal 1 0 0
    outer loop
      vertex -31.5 23.5 0
      vertex -31.5 9.71892336110995 5.732145214777901
      vertex -31.5 9.598076211353316 5.5
    endloop
  endfacet
  facet normal 1 0 0
    outer loop
      vertex -31.5 23.5 0
      vertex -31.5 9.819077862357725 5.973939570022994
      vertex -31.5 9.71892336110995 5.732145214777901
    endloop
  endfacet
  facet normal 1 0 0
    outer loop
      vertex -31.5 23.5 0
      vertex -31.5 9.897777478867205 6.223542864692438
      vertex -31.5 9.819077862357725 5.973939570022994
    endloop
  endfacet
  facet normal 1 0 0
    outer loop
      vertex -31.5 23.5 0
      vertex -31.5 9.954423259036624 6.479055466999209
      vertex -31.5 9.897777478867205 6.223542864692438
    endloop
  endfacet
  facet normal 1 0 0
    outer loop
      vertex -31.5 23.5 0
      vertex -31.5 9.988584094275236 6.738532771757026
      vertex -31.5 9.954423259036624 6.479055466999209
    endloop
  endfacet
  facet normal 1 0 0
    outer loop
      vertex -31.5 23.5 0
      vertex -31.5 10 7
      vertex -31.5 9.988584094275236 6.738532771757026
    endloop
  endfacet
  facet normal -1 0 0
    outer loop
      vertex -36 25.740000000000002 0
      vertex -36 10 7
      vertex -36 10 13
    endloop
  endfacet
  facet normal -1 0 0
    outer loop
      vertex -36 25.740000000000002 0
      vertex -36 10 13
      vertex -36 9.988584094275236 13.261467228242974
    endloop
  endfacet
  facet normal -1 0 0
    outer loop
      vertex -36 25.740000000000002 0
      vertex -36 9.988584094275236 13.261467228242974
      vertex -36 9.954423259036624 13.52094453300079
    endloop
  endfacet
  facet normal 1 0 0
    outer loop
      vertex -31.5 23.5 0
      vertex -31.5 10 13
      vertex -31.5 10 7
    endloop
  endfacet
  facet normal 1 0 0
    outer loop
      vertex -31.5 23.5 0
      vertex -31.5 14.400000000000002 15.75
      vertex -31.5 10 13
    endloop
  endfacet
  facet normal 1 0 0
    outer loop
      vertex -31.5 23.5 0
      vertex -31.5 14.400000000000002 22.25
      vertex -31.5 14.400000000000002 15.75
    endloop
  endfacet
  facet normal 0 0 -1
    outer loop
      vertex -31.583314296102724 23.569893577648077 0
      vertex -31.5 23.57256880733945 0
      vertex -31.5 23.5 0
    endloop
  endfacet
  facet normal 0 0 -1
    outer loop
      vertex -36 25.740000000000002 0
      vertex -35.99147612372551 25.955228863754755 0
      vertex -35.97734176142835 26.018984851962408 0
    endloop
  endfacet
  facet normal 0 0 -1
    outer loop
      vertex -36 25.740000000000002 0
      vertex -35.97734176142835 26.018984851962408 0
      vertex -35.93271374339843 26.141599323774617 0
    endloop
  endfacet
  facet normal 0 0 -1
    outer loop
      vertex -35.99147612372551 25.955228863754755 0
      vertex -35.965969366747345 26.148971917973924 0
      vertex -35.97734176142835 26.018984851962408 0
    endloop
  endfacet
  facet normal 0 0 -1
    outer loop
      vertex -35.97734176142835 26.018984851962408 0
      vertex -35.864911470560436 26.526125121049496 0
      vertex -35.93271374339843 26.141599323774617 0
    endloop
  endfacet
  facet normal 0 0 -1
    outer loop
      vertex -36 25.740000000000002 0
      vertex -35.69989690447713 26.88000000000001 0
      vertex -35.79913256663145 25.960867433368552 0
    endloop
  endfacet
  facet normal 0 0 -1
    outer loop
      vertex -36 25.740000000000002 0
      vertex -35.93271374339843 26.141599323774617 0
      vertex -35.69989690447713 26.88000000000001 0
    endloop
  endfacet
  facet normal 0 0 -1
    outer loop
      vertex -35.965969366747345 26.148971917973924 0
      vertex -35.92367385088751 26.339754661029644 0
      vertex -35.864911470560436 26.526125121049496 0
    endloop
  endfacet
  facet normal 0 0 -1
    outer loop
      vertex -35.864911470560436 26.526125121049496 0
      vertex -35.7901294429621 26.706664906299167 0
      vertex -35.69989690447713 26.88000000000001 0
    endloop
  endfacet
  facet normal 0 0 -1
    outer loop
      vertex -35.79913256663145 25.960867433368552 0
      vertex -35.69989690447713 26.88000000000001 0
      vertex -33.76 28 0
    endloop
  endfacet
  facet normal 0 0 -1
    outer loop
      vertex -35.59490057920734 27.044811217426343 0
      vertex -35.47593955258651 27.199844245697847 0
      vertex -35.343919189857814 27.343919189857907 0
    endloop
  endfacet
  facet normal 0 0 -1
    outer loop
      vertex -35.343919189857814 27.343919189857907 0
      vertex -34.93180910895797 27.660142376950553 0
      vertex -34.983865189186915 27.596031715290227 0
    endloop
  endfacet
  facet normal 0 0 -1
    outer loop
      vertex -35.04481121742634 27.59490057920734 0
      vertex -34.88 27.699896904477143 0
      vertex -34.93180910895797 27.660142376950553 0
    endloop
  endfacet
  facet normal 0 0 -1
    outer loop
      vertex -34.983865189186915 27.596031715290227 0
      vertex -34.93180910895797 27.660142376950553 0
      vertex -34.81966701476756 27.724887645218875 0
    endloop
  endfacet
  facet normal 0 0 -1
    outer loop
      vertex -34.93180910895797 27.660142376950553 0
      vertex -34.88 27.699896904477143 0
      vertex -34.81966701476756 27.724887645218875 0
    endloop
  endfacet
  facet normal 0 0 -1
    outer loop
      vertex -35.69989690447713 26.88000000000001 0
      vertex -34.983865189186915 27.596031715290227 0
      vertex -33.76 28 0
    endloop
  endfacet
  facet normal 0 0 -1
    outer loop
      vertex -34.88 27.699896904477143 0
      vertex -34.70666490629917 27.790129442962098 0
      vertex -34.81966701476756 27.724887645218875 0
    endloop
  endfacet
  facet normal 0 0 -1
    outer loop
      vertex -34.983865189186915 27.596031715290227 0
      vertex -34.81966701476756 27.724887645218875 0
      vertex -33.76 28 0
    endloop
  endfacet
  facet normal 0 0 -1
    outer loop
      vertex -34.70666490629917 27.790129442962098 0
      vertex -34.526125121049496 27.864911470560436 0
      vertex -34.339754661029644 27.92367385088751 0
    endloop
  endfacet
  facet normal 0 0 -1
    outer loop
      vertex -34.81966701476756 27.724887645218875 0
      vertex -34.339754661029644 27.92367385088751 0
      vertex -34.242513100423935 27.93647594521055 0
    endloop
  endfacet
  facet normal 0 0 -1
    outer loop
      vertex -34.81966701476756 27.724887645218875 0
      vertex -34.242513100423935 27.93647594521055 0
      vertex -33.76 28 0
    endloop
  endfacet
  facet normal 0 0 -1
    outer loop
      vertex -34.339754661029644 27.92367385088751 0
      vertex -34.148971917973924 27.965969366747345 0
      vertex -34.242513100423935 27.93647594521055 0
    endloop
  endfacet
  facet normal 0 0 -1
    outer loop
      vertex -31.583314296102724 23.569893577648077 0
      vertex -35.79913256663145 25.960867433368552 0
      vertex -31.683979116192685 25.94235098242107 0
    endloop
  endfacet
  facet normal 0 0 -1
    outer loop
      vertex -35.79913256663145 25.960867433368552 0
      vertex -31.507938637152293 25.94182468411023 0
      vertex -31.683979116192685 25.94235098242107 0
    endloop
  endfacet
  facet normal 0 0 -1
    outer loop
      vertex -35.79913256663145 25.960867433368552 0
      vertex -31.525758889704594 26.08614178789935 0
      vertex -31.507938637152293 25.94182468411023 0
    endloop
  endfacet
  facet normal -1 0 0
    outer loop
      vertex -36 25.740000000000002 25.85501844302077
      vertex -36 9.954423259036624 13.52094453300079
      vertex -36 9.897777478867205 13.776457135307563
    endloop
  endfacet
  facet normal -1 0 0
    outer loop
      vertex -36 25.740000000000002 25.85501844302077
      vertex -36 9.457456132866975 14.720729309053137
      vertex -36 9.298133329356935 14.928362829059617
    endloop
  endfacet
  facet normal -1 0 0
    outer loop
      vertex -36 25.740000000000002 25.85501844302077
      vertex -36 8.720729309053137 15.457456132866975
      vertex -36 8.5 15.598076211353316
    endloop
  endfacet
  facet normal -1 0 0
    outer loop
      vertex -36 25.740000000000002 25.85501844302077
      vertex -36 8.267854785222099 15.71892336110995
      vertex -36 8.026060429977006 15.819077862357725
    endloop
  endfacet
  facet normal -1 0 0
    outer loop
      vertex -36 25.740000000000002 25.85501844302077
      vertex -36 8.5 15.598076211353316
      vertex -36 8.267854785222099 15.71892336110995
    endloop
  endfacet
  facet normal -1 0 0
    outer loop
      vertex -36 25.740000000000002 25.85501844302077
      vertex -36 9.121320343559642 15.121320343559642
      vertex -36 8.928362829059617 15.298133329356935
    endloop
  endfacet
  facet normal -1 0 0
    outer loop
      vertex -36 25.740000000000002 25.85501844302077
      vertex -36 8.928362829059617 15.298133329356935
      vertex -36 8.720729309053137 15.457456132866975
    endloop
  endfacet
  facet normal -1 0 0
    outer loop
      vertex -36 25.740000000000002 25.85501844302077
      vertex -36 9.298133329356935 14.928362829059617
      vertex -36 9.121320343559642 15.121320343559642
    endloop
  endfacet
  facet normal -1 0 0
    outer loop
      vertex -36 25.740000000000002 25.85501844302077
      vertex -36 9.819077862357725 14.026060429977006
      vertex -36 9.71892336110995 14.267854785222099
    endloop
  endfacet
  facet normal -1 0 0
    outer loop
      vertex -36 25.740000000000002 25.85501844302077
      vertex -36 9.897777478867205 13.776457135307563
      vertex -36 9.819077862357725 14.026060429977006
    endloop
  endfacet
  facet normal -1 0 0
    outer loop
      vertex -36 25.740000000000002 25.85501844302077
      vertex -36 9.598076211353316 14.5
      vertex -36 9.457456132866975 14.720729309053137
    endloop
  endfacet
  facet normal -1 0 0
    outer loop
      vertex -36 25.740000000000002 25.85501844302077
      vertex -36 9.71892336110995 14.267854785222099
      vertex -36 9.598076211353316 14.5
    endloop
  endfacet
  facet normal -1 0 0
    outer loop
      vertex -36 25.740000000000002 0
      vertex -36 9.954423259036624 13.52094453300079
      vertex -36 25.740000000000002 25.85501844302077
    endloop
  endfacet
  facet normal 1 0 0
    outer loop
      vertex -31.5 23.5 0
      vertex -31.5 14.400000000000002 25.75
      vertex -31.5 14.400000000000002 22.25
    endloop
  endfacet
  facet normal 1 0 0
    outer loop
      vertex -31.5 23.5 0
      vertex -31.5 14.400000000000002 32.25
      vertex -31.5 14.400000000000002 25.75
    endloop
  endfacet
  facet normal -0.9914448613738082 0.13052619222006878 0
    outer loop
      vertex -35.99147612372551 25.955228863754755 0
      vertex -35.99147612372551 25.955228863754755 51.7
      vertex -35.965969366747345 26.148971917973924 0
    endloop
  endfacet
  facet normal -0.9762960071199317 0.2164396139381102 2.1158424153323623e-21
    outer loop
      vertex -35.965969366747345 26.148971917973924 0
      vertex -35.92367385088751 26.339754661029644 51.7
      vertex -35.92367385088751 26.339754661029644 0
    endloop
  endfacet
  facet normal -0.9537169507482325 0.3007057995042556 0
    outer loop
      vertex -35.92367385088751 26.339754661029644 0
      vertex -35.92367385088751 26.339754661029644 51.7
      vertex -35.864911470560436 26.526125121049496 0
    endloop
  endfacet
  facet normal -0.9238795325112888 0.3826834323650846 1.799762898496744e-20
    outer loop
      vertex -35.864911470560436 26.526125121049496 0
      vertex -35.7901294429621 26.706664906299167 51.7
      vertex -35.7901294429621 26.706664906299167 0
    endloop
  endfacet
  facet normal -0.7933533402912338 0.6087614290087223 7.528794296593205e-20
    outer loop
      vertex -35.59490057920734 27.044811217426343 0
      vertex -35.47593955258651 27.199844245697847 51.7
      vertex -35.47593955258651 27.199844245697847 0
    endloop
  endfacet
  facet normal -0.6087614290087223 0.7933533402912338 0
    outer loop
      vertex -35.19984424569785 27.47593955258651 0
      vertex -35.19984424569785 27.47593955258651 51.7
      vertex -35.04481121742634 27.59490057920734 0
    endloop
  endfacet
  facet normal -0.5372996083468348 0.8433914458128788 -1.6263697214276869e-19
    outer loop
      vertex -35.04481121742634 27.59490057920734 0
      vertex -34.88 27.699896904477143 51.7
      vertex -34.88 27.699896904477143 0
    endloop
  endfacet
  facet normal -0.4617486132350351 0.887010833178221 0
    outer loop
      vertex -34.88 27.699896904477143 0
      vertex -34.88 27.699896904477143 51.7
      vertex -34.70666490629917 27.790129442962098 0
    endloop
  endfacet
  facet normal -0.3826834323650846 0.9238795325112888 1.799762898496744e-20
    outer loop
      vertex -34.70666490629917 27.790129442962098 0
      vertex -34.526125121049496 27.864911470560436 51.7
      vertex -34.526125121049496 27.864911470560436 0
    endloop
  endfacet
  facet normal -0.3007057995042556 0.9537169507482325 0
    outer loop
      vertex -34.526125121049496 27.864911470560436 0
      vertex -34.526125121049496 27.864911470560436 51.7
      vertex -34.339754661029644 27.92367385088751 0
    endloop
  endfacet
  facet normal -0.2164396139381102 0.9762960071199317 2.1158424153323623e-21
    outer loop
      vertex -34.339754661029644 27.92367385088751 0
      vertex -34.148971917973924 27.965969366747345 51.7
      vertex -34.148971917973924 27.965969366747345 0
    endloop
  endfacet
  facet normal 0 1 0
    outer loop
      vertex -33.76 28 0
      vertex -33.74 28 51.7
      vertex -33.74 28 0
    endloop
  endfacet
  facet normal 1 0 0
    outer loop
      vertex -31.5 -14.4 32.25
      vertex -31.5 14.400000000000002 32.25
      vertex -31.5 23.5 48.5
    endloop
  endfacet
  facet normal -1 0 0
    outer loop
      vertex -36 -24 48.5
      vertex -36 24 48.5
      vertex -36 25.740000000000002 25.85501844302077
    endloop
  endfacet
  facet normal 0 0 1
    outer loop
      vertex -34.39103918124071 -8.289172053641735 51.7
      vertex -31.63341467288351 24.188710623858963 51.7
      vertex -35.98926003032035 24.245985747539837 51.7
    endloop
  endfacet
  facet normal 1 0 0
    outer loop
      vertex -31.5 23.5 0
      vertex -31.5 23.5 48.5
      vertex -31.5 14.400000000000002 32.25
    endloop
  endfacet
  facet normal -0.9914448613738082 0.13052619222006878 0
    outer loop
      vertex -35.965969366747345 26.148971917973924 0
      vertex -35.99147612372551 25.955228863754755 51.7
      vertex -35.965969366747345 26.148971917973924 51.7
    endloop
  endfacet
  facet normal -0.9762960071199317 0.2164396139381102 0
    outer loop
      vertex -35.965969366747345 26.148971917973924 0
      vertex -35.965969366747345 26.148971917973924 51.7
      vertex -35.92367385088751 26.339754661029644 51.7
    endloop
  endfacet
  facet normal -0.9537169507482325 0.3007057995042556 0
    outer loop
      vertex -35.864911470560436 26.526125121049496 0
      vertex -35.92367385088751 26.339754661029644 51.7
      vertex -35.864911470560436 26.526125121049496 51.7
    endloop
  endfacet
  facet normal -0.9238795325112888 0.3826834323650846 0
    outer loop
      vertex -35.864911470560436 26.526125121049496 0
      vertex -35.864911470560436 26.526125121049496 51.7
      vertex -35.7901294429621 26.706664906299167 51.7
    endloop
  endfacet
  facet normal -0.7933533402912338 0.6087614290087223 0
    outer loop
      vertex -35.59490057920734 27.044811217426343 0
      vertex -35.59490057920734 27.044811217426343 51.7
      vertex -35.47593955258651 27.199844245697847 51.7
    endloop
  endfacet
  facet normal -0.6087614290087223 0.7933533402912338 0
    outer loop
      vertex -35.04481121742634 27.59490057920734 0
      vertex -35.19984424569785 27.47593955258651 51.7
      vertex -35.04481121742634 27.59490057920734 51.7
    endloop
  endfacet
  facet normal -0.5372996083468348 0.8433914458128788 0
    outer loop
      vertex -35.04481121742634 27.59490057920734 0
      vertex -35.04481121742634 27.59490057920734 51.7
      vertex -34.88 27.699896904477143 51.7
    endloop
  endfacet
  facet normal -0.4617486132350351 0.887010833178221 0
    outer loop
      vertex -34.70666490629917 27.790129442962098 0
      vertex -34.88 27.699896904477143 51.7
      vertex -34.70666490629917 27.790129442962098 51.7
    endloop
  endfacet
  facet normal -0.3826834323650846 0.9238795325112888 0
    outer loop
      vertex -34.70666490629917 27.790129442962098 0
      vertex -34.70666490629917 27.790129442962098 51.7
      vertex -34.526125121049496 27.864911470560436 51.7
    endloop
  endfacet
  facet normal -0.3007057995042556 0.9537169507482325 0
    outer loop
      vertex -34.339754661029644 27.92367385088751 0
      vertex -34.526125121049496 27.864911470560436 51.7
      vertex -34.339754661029644 27.92367385088751 51.7
    endloop
  endfacet
  facet normal -0.2164396139381102 0.9762960071199317 0
    outer loop
      vertex -34.339754661029644 27.92367385088751 0
      vertex -34.339754661029644 27.92367385088751 51.7
      vertex -34.148971917973924 27.965969366747345 51.7
    endloop
  endfacet
  facet normal 0 1 0
    outer loop
      vertex -33.76 28 0
      vertex -33.76 28 51.7
      vertex -33.74 28 51.7
    endloop
  endfacet
  facet normal -1 0 0
    outer loop
      vertex -36 25.740000000000002 25.85501844302077
      vertex -36 24 48.5
      vertex -36 25.74000776096236 51.7
    endloop
  endfacet
  facet normal -1 0 0
    outer loop
      vertex -36 24 48.5
      vertex -36 24 51.7
      vertex -36 25.74000776096236 51.7
    endloop
  endfacet
  facet normal 0 0 1
    outer loop
      vertex -36 24 51.7
      vertex -35.98926003032035 24.245985747539837 51.7
      vertex -35.991543522300645 25.54631481740833 51.7
    endloop
  endfacet
  facet normal 0 0 1
    outer loop
      vertex -36 24 51.7
      vertex -35.991543522300645 25.54631481740833 51.7
      vertex -36 25.74000776096236 51.7
    endloop
  endfacet
  facet normal 0 0 1
    outer loop
      vertex -35.98926003032035 24.245985747539837 51.7
      vertex -35.990940008883776 25.541730677890076 51.7
      vertex -35.991543522300645 25.54631481740833 51.7
    endloop
  endfacet
  facet normal 0 0 1
    outer loop
      vertex -35.98926003032035 24.245985747539837 51.7
      vertex -34.21416744824508 25.877975429984364 51.7
      vertex -35.990940008883776 25.541730677890076 51.7
    endloop
  endfacet
  facet normal 0 0 1
    outer loop
      vertex -35.990940008883776 25.541730677890076 51.7
      vertex -35.9915434963434 25.546472302654653 51.7
      vertex -35.991543522300645 25.54631481740833 51.7
    endloop
  endfacet
  facet normal 0 0 1
    outer loop
      vertex -35.99147612372551 25.955228863754755 51.7
      vertex -35.94065673159118 26.243439958450175 51.7
      vertex -35.965969366747345 26.148971917973924 51.7
    endloop
  endfacet
  facet normal 0 0 1
    outer loop
      vertex -35.990940008883776 25.541730677890076 51.7
      vertex -34.21416744824508 25.877975429984364 51.7
      vertex -35.99120929658009 25.74942866576964 51.7
    endloop
  endfacet
  facet normal 0 0 1
    outer loop
      vertex -35.98926003032035 24.245985747539837 51.7
      vertex -31.63341467288351 24.188710623858963 51.7
      vertex -34.21416744824508 25.877975429984364 51.7
    endloop
  endfacet
  facet normal 0 0 1
    outer loop
      vertex -35.92367385088751 26.339754661029644 51.7
      vertex -35.7901294429621 26.706664906299167 51.7
      vertex -35.864911470560436 26.526125121049496 51.7
    endloop
  endfacet
  facet normal 0 0 1
    outer loop
      vertex -35.19984424569785 27.47593955258651 51.7
      vertex -34.88 27.699896904477143 51.7
      vertex -35.04481121742634 27.59490057920734 51.7
    endloop
  endfacet
  facet normal 0 0 1
    outer loop
      vertex -35.718547230926795 25.943365592937067 51.7
      vertex -34.21416744824508 25.877975429984364 51.7
      vertex -33.96368837668341 27.79684815160334 51.7
    endloop
  endfacet
  facet normal 0 0 1
    outer loop
      vertex -34.88 27.699896904477143 51.7
      vertex -34.526125121049496 27.864911470560436 51.7
      vertex -34.70666490629917 27.790129442962098 51.7
    endloop
  endfacet
  facet normal 0 0 1
    outer loop
      vertex -34.526125121049496 27.864911470560436 51.7
      vertex -34.148971917973924 27.965969366747345 51.7
      vertex -34.339754661029644 27.92367385088751 51.7
    endloop
  endfacet
  facet normal 0 0 1
    outer loop
      vertex -34.21416744824508 25.877975429984364 51.7
      vertex -32.809611620225034 27.069611620225032 51.7
      vertex -33.96368837668341 27.79684815160334 51.7
    endloop
  endfacet
  facet normal 0 0 -1
    outer loop
      vertex 32.02406044741349 -27.199844245697847 0
      vertex 31.90509942079266 -27.044811217426343 0
      vertex 32.156080810142136 -27.343919189857868 0
    endloop
  endfacet
  facet normal 0 0 -1
    outer loop
      vertex 32.45518878257366 -27.59490057920734 0
      vertex 32.79333509370083 -27.790129442962098 0
      vertex 32.62 -27.699896904477143 0
    endloop
  endfacet
  facet normal 0 0 -1
    outer loop
      vertex 32.45518878257366 -27.59490057920734 0
      vertex 32.30015575430215 -27.47593955258651 0
      vertex 32.79333509370083 -27.790129442962098 0
    endloop
  endfacet
  facet normal 0 0 -1
    outer loop
      vertex 32.156080810142136 -27.343919189857868 0
      vertex 31.90509942079266 -27.044811217426343 0
      vertex 32.30015575430215 -27.47593955258651 0
    endloop
  endfacet
  facet normal 0 0 -1
    outer loop
      vertex 32.30015575430215 -27.47593955258651 0
      vertex 31.90509942079266 -27.044811217426343 0
      vertex 31.709870557037902 -26.706664906299167 0
    endloop
  endfacet
  facet normal 0 0 -1
    outer loop
      vertex 31.709870557037902 -26.706664906299167 0
      vertex 31.90509942079266 -27.044811217426343 0
      vertex 31.800103095522857 -26.88 0
    endloop
  endfacet
  facet normal 0 0 -1
    outer loop
      vertex 31.709870557037902 -26.706664906299167 0
      vertex 31.635088529439564 -26.526125121049496 0
      vertex 31.576326149112486 -26.339754661029644 0
    endloop
  endfacet
  facet normal 0 0 -1
    outer loop
      vertex 31.709870557037902 -26.706664906299167 0
      vertex 31.576326149112486 -26.339754661029644 0
      vertex 31.534030633252655 -26.148971917973924 0
    endloop
  endfacet
  facet normal 0 0 -1
    outer loop
      vertex 32.30015575430215 -27.47593955258651 0
      vertex 31.709870557037902 -26.706664906299167 0
      vertex 31.5 -25.759999999999998 0
    endloop
  endfacet
  facet normal 0 0 -1
    outer loop
      vertex 32.30015575430215 -27.47593955258651 0
      vertex 31.5 -25.759999999999998 0
      vertex 33.955228863754755 -27.99147612372551 0
    endloop
  endfacet
  facet normal 0 0 -1
    outer loop
      vertex 32.30015575430215 -27.47593955258651 0
      vertex 33.160245338970356 -27.923673850887514 0
      vertex 32.79333509370083 -27.790129442962098 0
    endloop
  endfacet
  facet normal 0 0 -1
    outer loop
      vertex 32.79333509370083 -27.790129442962098 0
      vertex 33.160245338970356 -27.923673850887514 0
      vertex 32.973874878950504 -27.864911470560436 0
    endloop
  endfacet
  facet normal 0 0 -1
    outer loop
      vertex 32.30015575430215 -27.47593955258651 0
      vertex 33.955228863754755 -27.99147612372551 0
      vertex 33.160245338970356 -27.923673850887514 0
    endloop
  endfacet
  facet normal 0 0 -1
    outer loop
      vertex 33.160245338970356 -27.923673850887514 0
      vertex 33.544771136245245 -27.99147612372551 0
      vertex 33.351028082026076 -27.965969366747345 0
    endloop
  endfacet
  facet normal 0 0 -1
    outer loop
      vertex 33.160245338970356 -27.923673850887514 0
      vertex 33.955228863754755 -27.99147612372551 0
      vertex 33.544771136245245 -27.99147612372551 0
    endloop
  endfacet
  facet normal 0 0 -1
    outer loop
      vertex 33.544771136245245 -27.99147612372551 0
      vertex 33.955228863754755 -27.99147612372551 0
      vertex 33.74 -28 0
    endloop
  endfacet
  facet normal 0 0 -1
    outer loop
      vertex 31.709870557037902 -26.706664906299167 0
      vertex 31.534030633252655 -26.148971917973924 0
      vertex 31.5 -25.759999999999998 0
    endloop
  endfacet
  facet normal 0 0 -1
    outer loop
      vertex 31.534030633252655 -26.148971917973924 0
      vertex 31.50852387627449 -25.955228863754755 0
      vertex 31.5 -25.759999999999998 0
    endloop
  endfacet
  facet normal 0 0 -1
    outer loop
      vertex 33.74 -28 0
      vertex 33.955228863754755 -27.99147612372551 0
      vertex 33.76 -28 0
    endloop
  endfacet
  facet normal 0 0 -1
    outer loop
      vertex 33.955228863754755 -27.99147612372551 0
      vertex 34.339754661029644 -27.923673850887514 0
      vertex 34.148971917973924 -27.965969366747345 0
    endloop
  endfacet
  facet normal 0 0 -1
    outer loop
      vertex 33.955228863754755 -27.99147612372551 0
      vertex 34.70666490629917 -27.790129442962098 0
      vertex 34.339754661029644 -27.923673850887514 0
    endloop
  endfacet
  facet normal 0 0 -1
    outer loop
      vertex 34.339754661029644 -27.923673850887514 0
      vertex 34.70666490629917 -27.790129442962098 0
      vertex 34.526125121049496 -27.864911470560436 0
    endloop
  endfacet
  facet normal 0 0 -1
    outer loop
      vertex 33.955228863754755 -27.99147612372551 0
      vertex 35.343919189857864 -27.343919189857868 0
      vertex 34.70666490629917 -27.790129442962098 0
    endloop
  endfacet
  facet normal 0 0 -1
    outer loop
      vertex 34.70666490629917 -27.790129442962098 0
      vertex 35.04481121742634 -27.59490057920734 0
      vertex 34.88 -27.699896904477143 0
    endloop
  endfacet
  facet normal 0 0 -1
    outer loop
      vertex 34.70666490629917 -27.790129442962098 0
      vertex 35.343919189857864 -27.343919189857868 0
      vertex 35.04481121742634 -27.59490057920734 0
    endloop
  endfacet
  facet normal 0 0 -1
    outer loop
      vertex 35.04481121742634 -27.59490057920734 0
      vertex 35.343919189857864 -27.343919189857868 0
      vertex 35.19984424569785 -27.47593955258651 0
    endloop
  endfacet
  facet normal 0 0 -1
    outer loop
      vertex 35.343919189857864 -27.343919189857868 0
      vertex 35.59490057920734 -27.044811217426343 0
      vertex 35.47593955258651 -27.199844245697847 0
    endloop
  endfacet
  facet normal 0 0 -1
    outer loop
      vertex 33.955228863754755 -27.99147612372551 0
      vertex 36 -25.759999999999998 0
      vertex 35.343919189857864 -27.343919189857868 0
    endloop
  endfacet
  facet normal 0 0 -1
    outer loop
      vertex 35.343919189857864 -27.343919189857868 0
      vertex 35.7901294429621 -26.706664906299167 0
      vertex 35.59490057920734 -27.044811217426343 0
    endloop
  endfacet
  facet normal 0 0 -1
    outer loop
      vertex 35.59490057920734 -27.044811217426343 0
      vertex 35.7901294429621 -26.706664906299167 0
      vertex 35.69989690447714 -26.88 0
    endloop
  endfacet
  facet normal 0 0 -1
    outer loop
      vertex 35.343919189857864 -27.343919189857868 0
      vertex 36 -25.759999999999998 0
      vertex 35.7901294429621 -26.706664906299167 0
    endloop
  endfacet
  facet normal 0 0 -1
    outer loop
      vertex 35.7901294429621 -26.706664906299167 0
      vertex 35.92367385088751 -26.339754661029644 0
      vertex 35.864911470560436 -26.526125121049496 0
    endloop
  endfacet
  facet normal 0 0 -1
    outer loop
      vertex 35.7901294429621 -26.706664906299167 0
      vertex 35.965969366747345 -26.148971917973924 0
      vertex 35.92367385088751 -26.339754661029644 0
    endloop
  endfacet
  facet normal 0 0 -1
    outer loop
      vertex 35.7901294429621 -26.706664906299167 0
      vertex 36 -25.759999999999998 0
      vertex 35.965969366747345 -26.148971917973924 0
    endloop
  endfacet
  facet normal 0 0 -1
    outer loop
      vertex 35.965969366747345 -26.148971917973924 0
      vertex 36 -25.759999999999998 0
      vertex 35.99147612372551 -25.955228863754755 0
    endloop
  endfacet
  facet normal -1 0 0
    outer loop
      vertex 31.5 -25.759999999999998 0
      vertex 31.5 -14.4 22.25
      vertex 31.5 -14.4 15.75
    endloop
  endfacet
  facet normal -0.7933533402912338 -0.6087614290087223 0
    outer loop
      vertex 32.02406044741349 -27.199844245697847 0
      vertex 32.02406044741349 -27.199844245697847 48.5
      vertex 31.90509942079266 -27.044811217426343 0
    endloop
  endfacet
  facet normal -0.5372996083468347 -0.8433914458128787 1.733676589645596e-19
    outer loop
      vertex 32.45518878257366 -27.59490057920734 0
      vertex 32.62 -27.699896904477143 0
      vertex 32.62 -27.699896904477143 48.5
    endloop
  endfacet
  facet normal -0.6755902076156571 -0.7372773368101267 1.0652554293952747e-19
    outer loop
      vertex 32.156080810142136 -27.343919189857868 0
      vertex 32.30015575430215 -27.47593955258651 0
      vertex 32.30015575430215 -27.47593955258651 48.5
    endloop
  endfacet
  facet normal -0.737277336810126 -0.6755902076156579 -1.5762651807205564e-19
    outer loop
      vertex 32.02406044741349 -27.199844245697847 0
      vertex 32.156080810142136 -27.343919189857868 0
      vertex 32.156080810142136 -27.343919189857868 48.5
    endloop
  endfacet
  facet normal -0.6087614290087223 -0.7933533402912338 0
    outer loop
      vertex 32.45518878257366 -27.59490057920734 0
      vertex 32.45518878257366 -27.59490057920734 48.5
      vertex 32.30015575430215 -27.47593955258651 0
    endloop
  endfacet
  facet normal -0.8870108331782172 -0.4617486132350425 1.1617032905623424e-19
    outer loop
      vertex 31.709870557037902 -26.706664906299167 0
      vertex 31.800103095522857 -26.88 0
      vertex 31.800103095522857 -26.88 48.5
    endloop
  endfacet
  facet normal -0.8433914458128839 -0.5372996083468264 0
    outer loop
      vertex 31.90509942079266 -27.044811217426343 0
      vertex 31.90509942079266 -27.044811217426343 48.5
      vertex 31.800103095522857 -26.88 0
    endloop
  endfacet
  facet normal -0.9238795325112888 -0.38268343236508456 0
    outer loop
      vertex 31.709870557037902 -26.706664906299167 0
      vertex 31.709870557037902 -26.706664906299167 48.5
      vertex 31.635088529439564 -26.526125121049496 0
    endloop
  endfacet
  facet normal -0.9537169507482273 -0.3007057995042721 0
    outer loop
      vertex 31.635088529439564 -26.526125121049496 0
      vertex 31.635088529439564 -26.526125121049496 48.5
      vertex 31.576326149112486 -26.339754661029644 0
    endloop
  endfacet
  facet normal -0.9762960071199356 -0.2164396139380929 0
    outer loop
      vertex 31.576326149112486 -26.339754661029644 0
      vertex 31.576326149112486 -26.339754661029644 48.5
      vertex 31.534030633252655 -26.148971917973924 0
    endloop
  endfacet
  facet normal -0.46174861323503513 -0.8870108331782212 -2.9568168343108346e-20
    outer loop
      vertex 32.62 -27.699896904477143 0
      vertex 32.79333509370083 -27.790129442962098 0
      vertex 32.79333509370083 -27.790129442962098 48.5
    endloop
  endfacet
  facet normal -0.38268343236508456 -0.9238795325112888 -1.9185101412841578e-20
    outer loop
      vertex 32.79333509370083 -27.790129442962098 0
      vertex 32.973874878950504 -27.864911470560436 0
      vertex 32.973874878950504 -27.864911470560436 48.5
    endloop
  endfacet
  facet normal -0.30070579950427206 -0.9537169507482272 -1.0898878013896616e-20
    outer loop
      vertex 32.973874878950504 -27.864911470560436 0
      vertex 33.160245338970356 -27.923673850887514 0
      vertex 33.160245338970356 -27.923673850887514 51.7
    endloop
  endfacet
  facet normal -0.21643961393809288 -0.9762960071199355 0
    outer loop
      vertex 33.160245338970356 -27.923673850887514 0
      vertex 33.351028082026076 -27.965969366747345 0
      vertex 33.160245338970356 -27.923673850887514 51.7
    endloop
  endfacet
  facet normal -0.13052619222005094 -0.9914448613738106 -1.5148291860249763e-20
    outer loop
      vertex 33.351028082026076 -27.965969366747345 0
      vertex 33.544771136245245 -27.99147612372551 0
      vertex 33.544771136245245 -27.99147612372551 51.7
    endloop
  endfacet
  facet normal -0.04361938736534291 -0.9990482215818574 -1.0518809795008723e-20
    outer loop
      vertex 33.544771136245245 -27.99147612372551 0
      vertex 33.74 -28 0
      vertex 33.74 -28 51.7
    endloop
  endfacet
  facet normal -0.9914448613738106 -0.13052619222005094 0
    outer loop
      vertex 31.534030633252655 -26.148971917973924 0
      vertex 31.534030633252655 -26.148971917973924 48.5
      vertex 31.50852387627449 -25.955228863754755 0
    endloop
  endfacet
  facet normal -0.9990482215818574 -0.04361938736534292 0
    outer loop
      vertex 31.50852387627449 -25.955228863754755 0
      vertex 31.50852387627449 -25.955228863754755 48.5
      vertex 31.5 -25.759999999999998 0
    endloop
  endfacet
  facet normal 0 -1 0
    outer loop
      vertex 33.74 -28 0
      vertex 33.76 -28 0
      vertex 33.76 -28 51.7
    endloop
  endfacet
  facet normal 0.04361938736534291 -0.9990482215818574 0
    outer loop
      vertex 33.76 -28 0
      vertex 33.955228863754755 -27.99147612372551 0
      vertex 33.76 -28 51.7
    endloop
  endfacet
  facet normal 0.13052619222005094 -0.9914448613738106 1.5148291860249763e-20
    outer loop
      vertex 33.955228863754755 -27.99147612372551 0
      vertex 34.148971917973924 -27.965969366747345 0
      vertex 34.148971917973924 -27.965969366747345 51.7
    endloop
  endfacet
  facet normal 0.21643961393809288 -0.9762960071199355 0
    outer loop
      vertex 34.148971917973924 -27.965969366747345 0
      vertex 34.339754661029644 -27.923673850887514 0
      vertex 34.148971917973924 -27.965969366747345 51.7
    endloop
  endfacet
  facet normal 0.30070579950427206 -0.9537169507482272 1.0898878013896616e-20
    outer loop
      vertex 34.339754661029644 -27.923673850887514 0
      vertex 34.526125121049496 -27.864911470560436 0
      vertex 34.526125121049496 -27.864911470560436 51.7
    endloop
  endfacet
  facet normal 0.3826834323650846 -0.9238795325112888 0
    outer loop
      vertex 34.526125121049496 -27.864911470560436 0
      vertex 34.70666490629917 -27.790129442962098 0
      vertex 34.526125121049496 -27.864911470560436 51.7
    endloop
  endfacet
  facet normal 0.4617486132350351 -0.887010833178221 2.773803026384438e-20
    outer loop
      vertex 34.70666490629917 -27.790129442962098 0
      vertex 34.88 -27.699896904477143 0
      vertex 34.88 -27.699896904477143 51.7
    endloop
  endfacet
  facet normal 0.5372996083468348 -0.8433914458128788 0
    outer loop
      vertex 34.88 -27.699896904477143 0
      vertex 35.04481121742634 -27.59490057920734 0
      vertex 34.88 -27.699896904477143 51.7
    endloop
  endfacet
  facet normal 0.6087614290087223 -0.7933533402912338 7.528794296593205e-20
    outer loop
      vertex 35.04481121742634 -27.59490057920734 0
      vertex 35.19984424569785 -27.47593955258651 0
      vertex 35.19984424569785 -27.47593955258651 51.7
    endloop
  endfacet
  facet normal 0.6755902076156572 -0.737277336810127 0
    outer loop
      vertex 35.19984424569785 -27.47593955258651 0
      vertex 35.343919189857864 -27.343919189857868 0
      vertex 35.19984424569785 -27.47593955258651 51.7
    endloop
  endfacet
  facet normal 0.7372773368101261 -0.675590207615658 0
    outer loop
      vertex 35.343919189857864 -27.343919189857868 0
      vertex 35.47593955258651 -27.199844245697847 0
      vertex 35.343919189857864 -27.343919189857868 51.7
    endloop
  endfacet
  facet normal 0.7933533402912338 -0.6087614290087223 7.528794296593205e-20
    outer loop
      vertex 35.47593955258651 -27.199844245697847 0
      vertex 35.59490057920734 -27.044811217426343 0
      vertex 35.59490057920734 -27.044811217426343 51.7
    endloop
  endfacet
  facet normal 0.843391445812884 -0.5372996083468266 0
    outer loop
      vertex 35.59490057920734 -27.044811217426343 0
      vertex 35.69989690447714 -26.88 0
      vertex 35.59490057920734 -27.044811217426343 51.7
    endloop
  endfacet
  facet normal 0.8870108331782173 -0.46174861323504257 -1.089799024995621e-19
    outer loop
      vertex 35.69989690447714 -26.88 0
      vertex 35.7901294429621 -26.706664906299167 0
      vertex 35.7901294429621 -26.706664906299167 51.7
    endloop
  endfacet
  facet normal 0.9238795325112888 -0.3826834323650846 1.799762898496744e-20
    outer loop
      vertex 35.7901294429621 -26.706664906299167 0
      vertex 35.864911470560436 -26.526125121049496 0
      vertex 35.864911470560436 -26.526125121049496 51.7
    endloop
  endfacet
  facet normal 0.9537169507482325 -0.3007057995042556 0
    outer loop
      vertex 35.864911470560436 -26.526125121049496 0
      vertex 35.92367385088751 -26.339754661029644 0
      vertex 35.864911470560436 -26.526125121049496 51.7
    endloop
  endfacet
  facet normal 0.9762960071199317 -0.2164396139381102 0
    outer loop
      vertex 35.92367385088751 -26.339754661029644 0
      vertex 35.965969366747345 -26.148971917973924 0
      vertex 35.92367385088751 -26.339754661029644 51.7
    endloop
  endfacet
  facet normal 0.9914448613738082 -0.13052619222006878 -2.1635136588546062e-20
    outer loop
      vertex 35.965969366747345 -26.148971917973924 0
      vertex 35.99147612372551 -25.955228863754755 0
      vertex 35.99147612372551 -25.955228863754755 51.7
    endloop
  endfacet
  facet normal 0.9990482215818582 -0.04361938736532477 0
    outer loop
      vertex 35.99147612372551 -25.955228863754755 0
      vertex 36 -25.759999999999998 0
      vertex 35.99147612372551 -25.955228863754755 51.7
    endloop
  endfacet
  facet normal -1 0 0
    outer loop
      vertex 31.5 -25.759999999999998 0
      vertex 31.5 -25.759999999999998 48.5
      vertex 31.5 -14.4 22.25
    endloop
  endfacet
  facet normal 0 0 -1
    outer loop
      vertex 31.5 -25.759999999999998 0
      vertex 33.73939599153832 27.99939599153832 0
      vertex 33.955228863754755 -27.99147612372551 0
    endloop
  endfacet
  facet normal 0 0 -1
    outer loop
      vertex 33.955228863754755 -27.99147612372551 0
      vertex 36 25.759999999999998 0
      vertex 36 -25.759999999999998 0
    endloop
  endfacet
  facet normal -1 0 0
    outer loop
      vertex 31.5 -25.759999999999998 0
      vertex 31.5 -14.4 15.75
      vertex 31.5 23.5 0
    endloop
  endfacet
  facet normal -1 0 0
    outer loop
      vertex 31.5 -14.4 22.25
      vertex 31.5 -14.4 25.75
      vertex 31.5 14.400000000000002 22.25
    endloop
  endfacet
  facet normal -0.5372996083468347 -0.8433914458128787 0
    outer loop
      vertex 32.45518878257366 -27.59490057920734 0
      vertex 32.62 -27.699896904477143 48.5
      vertex 32.45518878257366 -27.59490057920734 48.5
    endloop
  endfacet
  facet normal -0.6755902076156571 -0.7372773368101267 0
    outer loop
      vertex 32.156080810142136 -27.343919189857868 0
      vertex 32.30015575430215 -27.47593955258651 48.5
      vertex 32.156080810142136 -27.343919189857868 48.5
    endloop
  endfacet
  facet normal -0.737277336810126 -0.6755902076156579 0
    outer loop
      vertex 32.02406044741349 -27.199844245697847 0
      vertex 32.156080810142136 -27.343919189857868 48.5
      vertex 32.02406044741349 -27.199844245697847 48.5
    endloop
  endfacet
  facet normal -0.6087614290087223 -0.7933533402912338 0
    outer loop
      vertex 32.30015575430215 -27.47593955258651 0
      vertex 32.45518878257366 -27.59490057920734 48.5
      vertex 32.30015575430215 -27.47593955258651 48.5
    endloop
  endfacet
  facet normal -0.8870108331782172 -0.4617486132350425 0
    outer loop
      vertex 31.709870557037902 -26.706664906299167 0
      vertex 31.800103095522857 -26.88 48.5
      vertex 31.709870557037902 -26.706664906299167 48.5
    endloop
  endfacet
  facet normal -0.8433914458128839 -0.5372996083468264 0
    outer loop
      vertex 31.800103095522857 -26.88 0
      vertex 31.90509942079266 -27.044811217426343 48.5
      vertex 31.800103095522857 -26.88 48.5
    endloop
  endfacet
  facet normal -0.7933533402912338 -0.6087614290087223 0
    outer loop
      vertex 31.90509942079266 -27.044811217426343 0
      vertex 32.02406044741349 -27.199844245697847 48.5
      vertex 31.90509942079266 -27.044811217426343 48.5
    endloop
  endfacet
  facet normal -0.9238795325112888 -0.38268343236508456 0
    outer loop
      vertex 31.635088529439564 -26.526125121049496 0
      vertex 31.709870557037902 -26.706664906299167 48.5
      vertex 31.635088529439564 -26.526125121049496 48.5
    endloop
  endfacet
  facet normal -0.9537169507482273 -0.3007057995042721 0
    outer loop
      vertex 31.576326149112486 -26.339754661029644 0
      vertex 31.635088529439564 -26.526125121049496 48.5
      vertex 31.576326149112486 -26.339754661029644 48.5
    endloop
  endfacet
  facet normal -0.38268343236508456 -0.9238795325112888 0
    outer loop
      vertex 32.79333509370083 -27.790129442962098 0
      vertex 32.973874878950504 -27.864911470560436 48.5
      vertex 32.79333509370083 -27.790129442962098 48.5
    endloop
  endfacet
  facet normal -0.46174861323503513 -0.8870108331782212 0
    outer loop
      vertex 32.62 -27.699896904477143 0
      vertex 32.79333509370083 -27.790129442962098 48.5
      vertex 32.62 -27.699896904477143 48.5
    endloop
  endfacet
  facet normal -0.3007057995042908 -0.9537169507482214 0
    outer loop
      vertex 32.973874878950504 -27.864911470560436 0
      vertex 32.99697418374389 -27.872194653385737 48.5
      vertex 32.973874878950504 -27.864911470560436 48.5
    endloop
  endfacet
  facet normal -0.30070579950426923 -0.9537169507482282 -1.130922493098003e-17
    outer loop
      vertex 32.973874878950504 -27.864911470560436 0
      vertex 33.160245338970356 -27.923673850887514 51.7
      vertex 32.99697418374389 -27.872194653385737 48.5
    endloop
  endfacet
  facet normal -0.21643961393809288 -0.9762960071199355 0
    outer loop
      vertex 33.351028082026076 -27.965969366747345 0
      vertex 33.351028082026076 -27.965969366747345 51.7
      vertex 33.160245338970356 -27.923673850887514 51.7
    endloop
  endfacet
  facet normal -0.13052619222005094 -0.9914448613738106 0
    outer loop
      vertex 33.351028082026076 -27.965969366747345 0
      vertex 33.544771136245245 -27.99147612372551 51.7
      vertex 33.351028082026076 -27.965969366747345 51.7
    endloop
  endfacet
  facet normal -0.04361938736534291 -0.9990482215818574 0
    outer loop
      vertex 33.544771136245245 -27.99147612372551 0
      vertex 33.74 -28 51.7
      vertex 33.544771136245245 -27.99147612372551 51.7
    endloop
  endfacet
  facet normal 0 -1 0
    outer loop
      vertex 33.74 -28 0
      vertex 33.76 -28 51.7
      vertex 33.74 -28 51.7
    endloop
  endfacet
  facet normal -0.9762960071199356 -0.2164396139380929 0
    outer loop
      vertex 31.534030633252655 -26.148971917973924 0
      vertex 31.576326149112486 -26.339754661029644 48.5
      vertex 31.534030633252655 -26.148971917973924 48.5
    endloop
  endfacet
  facet normal -0.9914448613738106 -0.13052619222005094 0
    outer loop
      vertex 31.50852387627449 -25.955228863754755 0
      vertex 31.534030633252655 -26.148971917973924 48.5
      vertex 31.50852387627449 -25.955228863754755 48.5
    endloop
  endfacet
  facet normal -0.9990482215818574 -0.04361938736534292 0
    outer loop
      vertex 31.5 -25.759999999999998 0
      vertex 31.50852387627449 -25.955228863754755 48.5
      vertex 31.5 -25.759999999999998 48.5
    endloop
  endfacet
  facet normal 0.04361938736534291 -0.9990482215818574 0
    outer loop
      vertex 33.955228863754755 -27.99147612372551 0
      vertex 33.955228863754755 -27.99147612372551 51.7
      vertex 33.76 -28 51.7
    endloop
  endfacet
  facet normal 0.13052619222005094 -0.9914448613738106 0
    outer loop
      vertex 33.955228863754755 -27.99147612372551 0
      vertex 34.148971917973924 -27.965969366747345 51.7
      vertex 33.955228863754755 -27.99147612372551 51.7
    endloop
  endfacet
  facet normal 0.21643961393809288 -0.9762960071199355 0
    outer loop
      vertex 34.339754661029644 -27.923673850887514 0
      vertex 34.339754661029644 -27.923673850887514 51.7
      vertex 34.148971917973924 -27.965969366747345 51.7
    endloop
  endfacet
  facet normal 0.30070579950427206 -0.9537169507482272 0
    outer loop
      vertex 34.339754661029644 -27.923673850887514 0
      vertex 34.526125121049496 -27.864911470560436 51.7
      vertex 34.339754661029644 -27.923673850887514 51.7
    endloop
  endfacet
  facet normal 0.3826834323650846 -0.9238795325112888 0
    outer loop
      vertex 34.70666490629917 -27.790129442962098 0
      vertex 34.70666490629917 -27.790129442962098 51.7
      vertex 34.526125121049496 -27.864911470560436 51.7
    endloop
  endfacet
  facet normal 0.4617486132350351 -0.887010833178221 0
    outer loop
      vertex 34.70666490629917 -27.790129442962098 0
      vertex 34.88 -27.699896904477143 51.7
      vertex 34.70666490629917 -27.790129442962098 51.7
    endloop
  endfacet
  facet normal 0.5372996083468348 -0.8433914458128788 0
    outer loop
      vertex 35.04481121742634 -27.59490057920734 0
      vertex 35.04481121742634 -27.59490057920734 51.7
      vertex 34.88 -27.699896904477143 51.7
    endloop
  endfacet
  facet normal 0.6087614290087223 -0.7933533402912338 0
    outer loop
      vertex 35.04481121742634 -27.59490057920734 0
      vertex 35.19984424569785 -27.47593955258651 51.7
      vertex 35.04481121742634 -27.59490057920734 51.7
    endloop
  endfacet
  facet normal 0.6755902076156572 -0.737277336810127 0
    outer loop
      vertex 35.343919189857864 -27.343919189857868 0
      vertex 35.343919189857864 -27.343919189857868 51.7
      vertex 35.19984424569785 -27.47593955258651 51.7
    endloop
  endfacet
  facet normal 0.7372773368101261 -0.675590207615658 0
    outer loop
      vertex 35.47593955258651 -27.199844245697847 0
      vertex 35.47593955258651 -27.199844245697847 51.7
      vertex 35.343919189857864 -27.343919189857868 51.7
    endloop
  endfacet
  facet normal 0.7933533402912338 -0.6087614290087223 0
    outer loop
      vertex 35.47593955258651 -27.199844245697847 0
      vertex 35.59490057920734 -27.044811217426343 51.7
      vertex 35.47593955258651 -27.199844245697847 51.7
    endloop
  endfacet
  facet normal 0.843391445812884 -0.5372996083468266 0
    outer loop
      vertex 35.69989690447714 -26.88 0
      vertex 35.69989690447714 -26.88 51.7
      vertex 35.59490057920734 -27.044811217426343 51.7
    endloop
  endfacet
  facet normal 0.8870108331782173 -0.46174861323504257 0
    outer loop
      vertex 35.69989690447714 -26.88 0
      vertex 35.7901294429621 -26.706664906299167 51.7
      vertex 35.69989690447714 -26.88 51.7
    endloop
  endfacet
  facet normal 0.9238795325112888 -0.3826834323650846 0
    outer loop
      vertex 35.7901294429621 -26.706664906299167 0
      vertex 35.864911470560436 -26.526125121049496 51.7
      vertex 35.7901294429621 -26.706664906299167 51.7
    endloop
  endfacet
  facet normal 0.9537169507482325 -0.3007057995042556 0
    outer loop
      vertex 35.92367385088751 -26.339754661029644 0
      vertex 35.92367385088751 -26.339754661029644 51.7
      vertex 35.864911470560436 -26.526125121049496 51.7
    endloop
  endfacet
  facet normal 0.9762960071199317 -0.2164396139381102 0
    outer loop
      vertex 35.965969366747345 -26.148971917973924 0
      vertex 35.965969366747345 -26.148971917973924 51.7
      vertex 35.92367385088751 -26.339754661029644 51.7
    endloop
  endfacet
  facet normal 0.9914448613738082 -0.13052619222006878 0
    outer loop
      vertex 35.965969366747345 -26.148971917973924 0
      vertex 35.99147612372551 -25.955228863754755 51.7
      vertex 35.965969366747345 -26.148971917973924 51.7
    endloop
  endfacet
  facet normal 0.9990482215818582 -0.04361938736532477 0
    outer loop
      vertex 36 -25.759999999999998 0
      vertex 36 -25.759999999999998 51.7
      vertex 35.99147612372551 -25.955228863754755 51.7
    endloop
  endfacet
  facet normal -1 0 0
    outer loop
      vertex 31.5 -14.4 22.25
      vertex 31.5 -25.759999999999998 48.5
      vertex 31.5 -14.4 25.75
    endloop
  endfacet
  facet normal -1 0 0
    outer loop
      vertex 31.5 -14.4 25.75
      vertex 31.5 -25.759999999999998 48.5
      vertex 31.5 -14.4 32.25
    endloop
  endfacet
  facet normal -0.30070579950426946 -0.9537169507482282 0
    outer loop
      vertex 32.99697418374389 -27.872194653385737 48.5
      vertex 33.160245338970356 -27.923673850887514 51.7
      vertex 32.99697418374389 -27.872194653385737 51.7
    endloop
  endfacet
  facet normal 0 0 1
    outer loop
      vertex 32.99697418374389 -27.872194653385737 51.7
      vertex 33.160245338970356 -27.923673850887514 51.7
      vertex 32.987416209287474 -27.860769192068812 51.7
    endloop
  endfacet
  facet normal 0 0 1
    outer loop
      vertex 32.987416209287474 -27.860769192068812 51.7
      vertex 33.160245338970356 -27.923673850887514 51.7
      vertex 33.22253559029339 -27.797769143803375 51.7
    endloop
  endfacet
  facet normal 0 0 1
    outer loop
      vertex 33.160245338970356 -27.923673850887514 51.7
      vertex 33.544771136245245 -27.99147612372551 51.7
      vertex 33.22253559029339 -27.797769143803375 51.7
    endloop
  endfacet
  facet normal 0 0 1
    outer loop
      vertex 33.160245338970356 -27.923673850887514 51.7
      vertex 33.351028082026076 -27.965969366747345 51.7
      vertex 33.544771136245245 -27.99147612372551 51.7
    endloop
  endfacet
  facet normal 0 0 1
    outer loop
      vertex 33.22253559029339 -27.797769143803375 51.7
      vertex 33.50566614999827 -27.679335413401823 51.7
      vertex 33.192276811231686 -27.7897694297068 51.7
    endloop
  endfacet
  facet normal 0 0 1
    outer loop
      vertex 33.22253559029339 -27.797769143803375 51.7
      vertex 33.544771136245245 -27.99147612372551 51.7
      vertex 33.955228863754755 -27.99147612372551 51.7
    endloop
  endfacet
  facet normal 0 0 1
    outer loop
      vertex 33.22253559029339 -27.797769143803375 51.7
      vertex 33.955228863754755 -27.99147612372551 51.7
      vertex 33.50566614999827 -27.679335413401823 51.7
    endloop
  endfacet
  facet normal 0 0 1
    outer loop
      vertex 33.544771136245245 -27.99147612372551 51.7
      vertex 33.74 -28 51.7
      vertex 33.955228863754755 -27.99147612372551 51.7
    endloop
  endfacet
  facet normal 0 0 1
    outer loop
      vertex 33.50566614999827 -27.679335413401823 51.7
      vertex 34.47434024965101 -26.087359795865158 51.7
      vertex 32.62831291217214 -27.07017087532989 51.7
    endloop
  endfacet
  facet normal 0 0 1
    outer loop
      vertex 33.74 -28 51.7
      vertex 33.76 -28 51.7
      vertex 33.955228863754755 -27.99147612372551 51.7
    endloop
  endfacet
  facet normal 0 0 1
    outer loop
      vertex 33.955228863754755 -27.99147612372551 51.7
      vertex 34.148971917973924 -27.965969366747345 51.7
      vertex 34.339754661029644 -27.923673850887514 51.7
    endloop
  endfacet
  facet normal 0 0 1
    outer loop
      vertex 33.50566614999827 -27.679335413401823 51.7
      vertex 33.955228863754755 -27.99147612372551 51.7
      vertex 34.47434024965101 -26.087359795865158 51.7
    endloop
  endfacet
  facet normal 0 0 1
    outer loop
      vertex 33.955228863754755 -27.99147612372551 51.7
      vertex 34.339754661029644 -27.923673850887514 51.7
      vertex 34.70666490629917 -27.790129442962098 51.7
    endloop
  endfacet
  facet normal 0 0 1
    outer loop
      vertex 34.339754661029644 -27.923673850887514 51.7
      vertex 34.526125121049496 -27.864911470560436 51.7
      vertex 34.70666490629917 -27.790129442962098 51.7
    endloop
  endfacet
  facet normal 0 0 1
    outer loop
      vertex 33.955228863754755 -27.99147612372551 51.7
      vertex 34.70666490629917 -27.790129442962098 51.7
      vertex 35.343919189857864 -27.343919189857868 51.7
    endloop
  endfacet
  facet normal 0 0 1
    outer loop
      vertex 33.955228863754755 -27.99147612372551 51.7
      vertex 35.38129981148019 -26.008370554137528 51.7
      vertex 34.47434024965101 -26.087359795865158 51.7
    endloop
  endfacet
  facet normal 0 0 1
    outer loop
      vertex 34.70666490629917 -27.790129442962098 51.7
      vertex 34.88 -27.699896904477143 51.7
      vertex 35.04481121742634 -27.59490057920734 51.7
    endloop
  endfacet
  facet normal 0 0 1
    outer loop
      vertex 34.70666490629917 -27.790129442962098 51.7
      vertex 35.04481121742634 -27.59490057920734 51.7
      vertex 35.343919189857864 -27.343919189857868 51.7
    endloop
  endfacet
  facet normal 0 0 1
    outer loop
      vertex 35.04481121742634 -27.59490057920734 51.7
      vertex 35.19984424569785 -27.47593955258651 51.7
      vertex 35.343919189857864 -27.343919189857868 51.7
    endloop
  endfacet
  facet normal 0 0 1
    outer loop
      vertex 35.343919189857864 -27.343919189857868 51.7
      vertex 35.47593955258651 -27.199844245697847 51.7
      vertex 35.59490057920734 -27.044811217426343 51.7
    endloop
  endfacet
  facet normal 0 0 1
    outer loop
      vertex 33.955228863754755 -27.99147612372551 51.7
      vertex 35.343919189857864 -27.343919189857868 51.7
      vertex 35.99147612372551 -25.955228863754755 51.7
    endloop
  endfacet
  facet normal 0 0 1
    outer loop
      vertex 33.955228863754755 -27.99147612372551 51.7
      vertex 35.99147612372551 -25.955228863754755 51.7
      vertex 35.38129981148019 -26.008370554137528 51.7
    endloop
  endfacet
  facet normal 0 0 1
    outer loop
      vertex 35.343919189857864 -27.343919189857868 51.7
      vertex 35.59490057920734 -27.044811217426343 51.7
      vertex 35.7901294429621 -26.706664906299167 51.7
    endloop
  endfacet
  facet normal 0 0 1
    outer loop
      vertex 35.59490057920734 -27.044811217426343 51.7
      vertex 35.69989690447714 -26.88 51.7
      vertex 35.7901294429621 -26.706664906299167 51.7
    endloop
  endfacet
  facet normal 0 0 1
    outer loop
      vertex 35.343919189857864 -27.343919189857868 51.7
      vertex 35.7901294429621 -26.706664906299167 51.7
      vertex 35.99147612372551 -25.955228863754755 51.7
    endloop
  endfacet
  facet normal 0 0 1
    outer loop
      vertex 35.7901294429621 -26.706664906299167 51.7
      vertex 35.864911470560436 -26.526125121049496 51.7
      vertex 35.92367385088751 -26.339754661029644 51.7
    endloop
  endfacet
  facet normal 0 0 1
    outer loop
      vertex 35.7901294429621 -26.706664906299167 51.7
      vertex 35.92367385088751 -26.339754661029644 51.7
      vertex 35.99147612372551 -25.955228863754755 51.7
    endloop
  endfacet
  facet normal 0 0 1
    outer loop
      vertex 35.92367385088751 -26.339754661029644 51.7
      vertex 35.965969366747345 -26.148971917973924 51.7
      vertex 35.99147612372551 -25.955228863754755 51.7
    endloop
  endfacet
  facet normal 0 0 1
    outer loop
      vertex 35.38129981148019 -26.008370554137528 51.7
      vertex 35.99147612372551 -25.955228863754755 51.7
      vertex 36 -25.759999999999998 51.7
    endloop
  endfacet
  facet normal 0 0 1
    outer loop
      vertex 35.38129981148019 -26.008370554137528 51.7
      vertex 36 -25.759999999999998 51.7
      vertex 35.991792288872325 -24.03702259237921 51.7
    endloop
  endfacet
  facet normal 1 0 0
    outer loop
      vertex 36 -25.759999999999998 0
      vertex 36 25.759999999999998 51.7
      vertex 36 -25.759999999999998 51.7
    endloop
  endfacet
  facet normal -1 0 0
    outer loop
      vertex 31.5 -14.4 32.25
      vertex 31.5 -25.759999999999998 48.5
      vertex 31.5 14.400000000000002 32.25
    endloop
  endfacet
  facet normal 0 0 1
    outer loop
      vertex 36 -25.759999999999998 51.7
      vertex 35.99971027366285 24.002200690016988 51.7
      vertex 35.991792288872325 -24.03702259237921 51.7
    endloop
  endfacet
  facet normal 0 0 -1
    outer loop
      vertex 31.5 -25.759999999999998 0
      vertex 31.5 23.5 0
      vertex 33.73939599153832 27.99939599153832 0
    endloop
  endfacet
  facet normal 0 0 -1
    outer loop
      vertex 33.955228863754755 -27.99147612372551 0
      vertex 33.73939599153832 27.99939599153832 0
      vertex 36 25.759999999999998 0
    endloop
  endfacet
  facet normal -1 0 0
    outer loop
      vertex 31.5 -14.4 15.75
      vertex 31.5 14.400000000000002 15.75
      vertex 31.5 23.5 0
    endloop
  endfacet
  facet normal -1 0 0
    outer loop
      vertex 31.5 -14.4 25.75
      vertex 31.5 14.400000000000002 25.75
      vertex 31.5 14.400000000000002 22.25
    endloop
  endfacet
  facet normal 1 0 0
    outer loop
      vertex 36 -25.759999999999998 0
      vertex 36 25.759999999999998 0
      vertex 36 25.759999999999998 51.7
    endloop
  endfacet
  facet normal -1 0 0
    outer loop
      vertex 31.5 23.5 0
      vertex 31.5 14.400000000000002 15.75
      vertex 31.5 14.400000000000002 22.25
    endloop
  endfacet
  facet normal 0 0 -1
    outer loop
      vertex 31.5 23.5 0
      vertex 31.5 25.75345339669424 0
      vertex 33.73939599153832 27.99939599153832 0
    endloop
  endfacet
  facet normal 0 0 -1
    outer loop
      vertex 36 25.759999999999998 0
      vertex 35.965969366747345 26.148971917973924 0
      vertex 35.99147612372552 25.955228863754755 0
    endloop
  endfacet
  facet normal 0 0 -1
    outer loop
      vertex 36 25.759999999999998 0
      vertex 35.88630274988463 26.401642145937572 0
      vertex 35.965969366747345 26.148971917973924 0
    endloop
  endfacet
  facet normal 0 0 -1
    outer loop
      vertex 33.73939599153832 27.99939599153832 0
      vertex 33.760000000000005 28 0
      vertex 33.76860496030269 27.998867135484513 0
    endloop
  endfacet
  facet normal 0 0 -1
    outer loop
      vertex 33.73939599153832 27.99939599153832 0
      vertex 33.76860496030269 27.998867135484513 0
      vertex 33.95522886375491 27.991476123725484 0
    endloop
  endfacet
  facet normal 0 0 -1
    outer loop
      vertex 33.73939599153832 27.99939599153832 0
      vertex 33.95522886375491 27.991476123725484 0
      vertex 34.339754661029644 27.92367385088751 0
    endloop
  endfacet
  facet normal 0 0 -1
    outer loop
      vertex 33.73939599153832 27.99939599153832 0
      vertex 34.339754661029644 27.92367385088751 0
      vertex 35.343919189857885 27.343919189857832 0
    endloop
  endfacet
  facet normal 0 0 -1
    outer loop
      vertex 34.339754661029644 27.92367385088751 0
      vertex 34.70666490629917 27.790129442962098 0
      vertex 35.343919189857885 27.343919189857832 0
    endloop
  endfacet
  facet normal 0 0 -1
    outer loop
      vertex 33.73939599153832 27.99939599153832 0
      vertex 35.343919189857885 27.343919189857832 0
      vertex 36 25.759999999999998 0
    endloop
  endfacet
  facet normal 0 0 -1
    outer loop
      vertex 36 25.759999999999998 0
      vertex 35.594900579207405 27.044811217426233 0
      vertex 35.88630274988463 26.401642145937572 0
    endloop
  endfacet
  facet normal 0 0 -1
    outer loop
      vertex 35.88630274988463 26.401642145937572 0
      vertex 35.594900579207405 27.044811217426233 0
      vertex 35.86491147056041 26.526125121049567 0
    endloop
  endfacet
  facet normal 0 0 -1
    outer loop
      vertex 36 25.759999999999998 0
      vertex 35.343919189857885 27.343919189857832 0
      vertex 35.594900579207405 27.044811217426233 0
    endloop
  endfacet
  facet normal 0 0 -1
    outer loop
      vertex 35.19984424569785 27.47593955258651 0
      vertex 35.343919189857885 27.343919189857832 0
      vertex 35.04481121742634 27.59490057920734 0
    endloop
  endfacet
  facet normal 0 0 -1
    outer loop
      vertex 34.70666490629917 27.790129442962098 0
      vertex 35.04481121742634 27.59490057920734 0
      vertex 35.343919189857885 27.343919189857832 0
    endloop
  endfacet
  facet normal -1 0 0
    outer loop
      vertex 31.5 23.5 0
      vertex 31.5 14.400000000000002 22.25
      vertex 31.5 23.5 48.5
    endloop
  endfacet
  facet normal 0.2164396139381102 0.9762960071199317 0
    outer loop
      vertex 34.148971917973924 27.965969366747345 0
      vertex 34.148971917973924 27.965969366747345 51.7
      vertex 34.339754661029644 27.92367385088751 0
    endloop
  endfacet
  facet normal 0.6087614290087223 0.7933533402912338 -7.528794296593205e-20
    outer loop
      vertex 35.19984424569785 27.47593955258651 0
      vertex 35.04481121742634 27.59490057920734 0
      vertex 35.04481121742634 27.59490057920734 51.7
    endloop
  endfacet
  facet normal -1 0 0
    outer loop
      vertex 31.5 -25.759999999999998 48.5
      vertex 31.5 23.5 48.5
      vertex 31.5 14.400000000000002 32.25
    endloop
  endfacet
  facet normal 0 0 1
    outer loop
      vertex 36 -25.759999999999998 51.7
      vertex 36 25.759999999999998 51.7
      vertex 35.99971027366285 24.002200690016988 51.7
    endloop
  endfacet
  facet normal -1 0 0
    outer loop
      vertex 31.5 14.400000000000002 22.25
      vertex 31.5 14.400000000000002 25.75
      vertex 31.5 23.5 48.5
    endloop
  endfacet
  facet normal -1 0 0
    outer loop
      vertex 31.5 14.400000000000002 25.75
      vertex 31.5 14.400000000000002 32.25
      vertex 31.5 23.5 48.5
    endloop
  endfacet
  facet normal 0.2164396139381102 0.9762960071199317 0
    outer loop
      vertex 34.339754661029644 27.92367385088751 0
      vertex 34.148971917973924 27.965969366747345 51.7
      vertex 34.339754661029644 27.92367385088751 51.7
    endloop
  endfacet
  facet normal 0.6087614290087223 0.7933533402912338 0
    outer loop
      vertex 35.19984424569785 27.47593955258651 0
      vertex 35.04481121742634 27.59490057920734 51.7
      vertex 35.19984424569785 27.47593955258651 51.7
    endloop
  endfacet
  facet normal 0 0 1
    outer loop
      vertex 34.39814606752584 6.894188527943692 51.7
      vertex 31.511485889665362 23.67066766849911 51.7
      vertex 31.511595787361546 23.58590504962533 51.7
    endloop
  endfacet
  facet normal 0 0 1
    outer loop
      vertex 34.39814606752584 6.894188527943692 51.7
      vertex 33.98373958333895 25.847639835843523 51.7
      vertex 31.511485889665362 23.67066766849911 51.7
    endloop
  endfacet
  facet normal 0 0 1
    outer loop
      vertex 34.39814606752584 6.894188527943692 51.7
      vertex 35.91375318310735 24.744229364129076 51.7
      vertex 33.98373958333895 25.847639835843523 51.7
    endloop
  endfacet
  facet normal 0 0 1
    outer loop
      vertex 32.57469742411771 25.90888600350636 51.7
      vertex 33.98373958333895 25.847639835843523 51.7
      vertex 33.760000000000005 28 51.7
    endloop
  endfacet
  facet normal 0 0 1
    outer loop
      vertex 35.99971027366285 24.002200690016988 51.7
      vertex 36 25.759999999999998 51.7
      vertex 35.91375318310735 24.744229364129076 51.7
    endloop
  endfacet
  facet normal 0 0 1
    outer loop
      vertex 33.98373958333895 25.847639835843523 51.7
      vertex 35.91375318310735 24.744229364129076 51.7
      vertex 36 25.759999999999998 51.7
    endloop
  endfacet
  facet normal 0 0 1
    outer loop
      vertex 33.98373958333895 25.847639835843523 51.7
      vertex 36 25.759999999999998 51.7
      vertex 33.760000000000005 28 51.7
    endloop
  endfacet
  facet normal 0 0 1
    outer loop
      vertex 34.148971917973924 27.965969366747345 51.7
      vertex 34.52612512104942 27.86491147056046 51.7
      vertex 34.339754661029644 27.92367385088751 51.7
    endloop
  endfacet
  facet normal 0 0 1
    outer loop
      vertex 35.19984424569785 27.47593955258651 51.7
      vertex 35.04481121742634 27.59490057920734 51.7
      vertex 35.34391918985773 27.343919189857992 51.7
    endloop
  endfacet
  facet normal 0 0 -1
    outer loop
      vertex -31.583314296102724 23.569893577648077 0
      vertex -31.507938637152293 25.94182468411023 0
      vertex -31.5 23.57256880733945 0
    endloop
  endfacet
  facet normal 0 0 -1
    outer loop
      vertex -36 25.740000000000002 0
      vertex -36 25.759999999999998 0
      vertex -35.99147612372551 25.955228863754755 0
    endloop
  endfacet
  facet normal 0 0 -1
    outer loop
      vertex -35.97734176142835 26.018984851962408 0
      vertex -35.965969366747345 26.148971917973924 0
      vertex -35.864911470560436 26.526125121049496 0
    endloop
  endfacet
  facet normal 0 0 -1
    outer loop
      vertex -35.93271374339843 26.141599323774617 0
      vertex -35.864911470560436 26.526125121049496 0
      vertex -35.69989690447713 26.88000000000001 0
    endloop
  endfacet
  facet normal 0 0 -1
    outer loop
      vertex -35.69989690447713 26.88000000000001 0
      vertex -35.59490057920734 27.044811217426343 0
      vertex -35.343919189857814 27.343919189857907 0
    endloop
  endfacet
  facet normal 0 0 -1
    outer loop
      vertex -35.69989690447713 26.88000000000001 0
      vertex -35.343919189857814 27.343919189857907 0
      vertex -34.983865189186915 27.596031715290227 0
    endloop
  endfacet
  facet normal 0 0 -1
    outer loop
      vertex -35.343919189857814 27.343919189857907 0
      vertex -35.19984424569785 27.47593955258651 0
      vertex -35.04481121742634 27.59490057920734 0
    endloop
  endfacet
  facet normal 0 0 -1
    outer loop
      vertex -35.343919189857814 27.343919189857907 0
      vertex -35.04481121742634 27.59490057920734 0
      vertex -34.93180910895797 27.660142376950553 0
    endloop
  endfacet
  facet normal 0 0 -1
    outer loop
      vertex -35.79913256663145 25.960867433368552 0
      vertex -33.76 28 0
      vertex -33.74 28 0
    endloop
  endfacet
  facet normal 0 0 -1
    outer loop
      vertex -34.81966701476756 27.724887645218875 0
      vertex -34.70666490629917 27.790129442962098 0
      vertex -34.339754661029644 27.92367385088751 0
    endloop
  endfacet
  facet normal 0 0 -1
    outer loop
      vertex -34.242513100423935 27.93647594521055 0
      vertex -34.148971917973924 27.965969366747345 0
      vertex -33.76 28 0
    endloop
  endfacet
  facet normal 0 0 -1
    outer loop
      vertex -34.148971917973924 27.965969366747345 0
      vertex -33.955228863754755 27.991476123725512 0
      vertex -33.76 28 0
    endloop
  endfacet
  facet normal 0 0 -1
    outer loop
      vertex -31.583314296102724 23.569893577648077 0
      vertex -31.683979116192685 25.94235098242107 0
      vertex -31.507938637152293 25.94182468411023 0
    endloop
  endfacet
  facet normal 0 0 -1
    outer loop
      vertex -35.79913256663145 25.960867433368552 0
      vertex -33.74 28 0
      vertex -31.525758889704594 26.08614178789935 0
    endloop
  endfacet
  facet normal -1 0 0
    outer loop
      vertex -36 25.740000000000002 0
      vertex -36 25.759999999999998 51.7
      vertex -36 25.759999999999998 0
    endloop
  endfacet
  facet normal -0.9990482215818582 0.04361938736532477 0
    outer loop
      vertex -36 25.759999999999998 0
      vertex -36 25.759999999999998 51.7
      vertex -35.99147612372551 25.955228863754755 0
    endloop
  endfacet
  facet normal -0.8870108331781992 0.46174861323507743 -1.4873848992999153e-16
    outer loop
      vertex -35.7901294429621 26.706664906299167 0
      vertex -35.69989690447714 26.88 51.7
      vertex -35.69989690447713 26.88000000000001 0
    endloop
  endfacet
  facet normal -0.8433914458129012 0.5372996083467995 1.4669906348054472e-19
    outer loop
      vertex -35.69989690447713 26.88000000000001 0
      vertex -35.59490057920734 27.044811217426343 51.7
      vertex -35.59490057920734 27.044811217426343 0
    endloop
  endfacet
  facet normal -0.7372773368100907 0.6755902076156968 -1.9865958328597753e-16
    outer loop
      vertex -35.47593955258651 27.199844245697847 0
      vertex -35.343919189857864 27.343919189857868 51.7
      vertex -35.343919189857814 27.343919189857907 0
    endloop
  endfacet
  facet normal -0.6755902076156752 0.7372773368101103 7.03676755210881e-20
    outer loop
      vertex -35.343919189857814 27.343919189857907 0
      vertex -35.19984424569785 27.47593955258651 51.7
      vertex -35.19984424569785 27.47593955258651 0
    endloop
  endfacet
  facet normal -0.13052619222006878 0.9914448613738082 0
    outer loop
      vertex -34.148971917973924 27.965969366747345 0
      vertex -34.148971917973924 27.965969366747345 51.7
      vertex -33.955228863754755 27.991476123725512 0
    endloop
  endfacet
  facet normal -0.04361938736532477 0.9990482215818582 0
    outer loop
      vertex -33.955228863754755 27.991476123725512 0
      vertex -33.955228863754755 27.991476123725512 51.7
      vertex -33.76 28 0
    endloop
  endfacet
  facet normal 0 -1 0
    outer loop
      vertex -31.5 23.5 0
      vertex -26.2 23.5 19
      vertex -26.2 23.5 29
    endloop
  endfacet
  facet normal 0 -1 0
    outer loop
      vertex -31.5 23.5 0
      vertex -26.2 23.5 29
      vertex -31.5 23.5 48.5
    endloop
  endfacet
  facet normal 0 0 -1
    outer loop
      vertex -31.5 23.5 0
      vertex -31.5 23.57256880733945 0
      vertex 31.5 23.5 0
    endloop
  endfacet
  facet normal 0 0 -1
    outer loop
      vertex -31.507938637152293 25.94182468411023 0
      vertex 31.5 23.5 0
      vertex -31.5 23.57256880733945 0
    endloop
  endfacet
  facet normal 0 0 -1
    outer loop
      vertex -31.507938637152293 25.94182468411023 0
      vertex -31.525758889704594 26.08614178789935 0
      vertex 31.5 25.75345339669424 0
    endloop
  endfacet
  facet normal 0 0 -1
    outer loop
      vertex -31.525758889704594 26.08614178789935 0
      vertex -33.74 28 0
      vertex 33.73939599153832 27.99939599153832 0
    endloop
  endfacet
  facet normal 0 -1 0
    outer loop
      vertex -31.5 23.5 0
      vertex 31.5 23.5 0
      vertex -26.2 23.5 19
    endloop
  endfacet
  facet normal 0 1 0
    outer loop
      vertex -33.74 28 0
      vertex -33.74 28 51.7
      vertex 33.760000000000005 28 0
    endloop
  endfacet
  facet normal -1 0 0
    outer loop
      vertex -36 25.740000000000002 0
      vertex -36 25.740000000000002 25.85501844302077
      vertex -36 25.759999999999998 51.7
    endloop
  endfacet
  facet normal -0.9990482215818582 0.04361938736532477 0
    outer loop
      vertex -35.99147612372551 25.955228863754755 0
      vertex -36 25.759999999999998 51.7
      vertex -35.99147612372551 25.955228863754755 51.7
    endloop
  endfacet
  facet normal -0.8870108331782173 0.46174861323504257 0
    outer loop
      vertex -35.7901294429621 26.706664906299167 0
      vertex -35.7901294429621 26.706664906299167 51.7
      vertex -35.69989690447714 26.88 51.7
    endloop
  endfacet
  facet normal -0.843391445812884 0.5372996083468266 -1.210579941958857e-16
    outer loop
      vertex -35.69989690447713 26.88000000000001 0
      vertex -35.69989690447714 26.88 51.7
      vertex -35.59490057920734 27.044811217426343 51.7
    endloop
  endfacet
  facet normal -0.7372773368101261 0.675590207615658 0
    outer loop
      vertex -35.47593955258651 27.199844245697847 0
      vertex -35.47593955258651 27.199844245697847 51.7
      vertex -35.343919189857864 27.343919189857868 51.7
    endloop
  endfacet
  facet normal -0.6755902076156572 0.737277336810127 -9.264626558864718e-17
    outer loop
      vertex -35.343919189857814 27.343919189857907 0
      vertex -35.343919189857864 27.343919189857868 51.7
      vertex -35.19984424569785 27.47593955258651 51.7
    endloop
  endfacet
  facet normal -0.13052619222006878 0.9914448613738082 0
    outer loop
      vertex -33.955228863754755 27.991476123725512 0
      vertex -34.148971917973924 27.965969366747345 51.7
      vertex -33.955228863754755 27.991476123725512 51.7
    endloop
  endfacet
  facet normal -0.04361938736532477 0.9990482215818582 0
    outer loop
      vertex -33.76 28 0
      vertex -33.955228863754755 27.991476123725512 51.7
      vertex -33.76 28 51.7
    endloop
  endfacet
  facet normal -1 0 0
    outer loop
      vertex -36 25.740000000000002 25.85501844302077
      vertex -36 25.74000776096236 51.7
      vertex -36 25.759999999999998 51.7
    endloop
  endfacet
  facet normal 0 0 1
    outer loop
      vertex -35.990940008883776 25.541730677890076 51.7
      vertex -35.99120929658009 25.74942866576964 51.7
      vertex -35.9915434963434 25.546472302654653 51.7
    endloop
  endfacet
  facet normal 0 0 1
    outer loop
      vertex -35.9915434963434 25.546472302654653 51.7
      vertex -36 25.74000776096236 51.7
      vertex -35.991543522300645 25.54631481740833 51.7
    endloop
  endfacet
  facet normal 0 0 1
    outer loop
      vertex -35.9915434963434 25.546472302654653 51.7
      vertex -35.99120929658009 25.74942866576964 51.7
      vertex -36 25.759999999999998 51.7
    endloop
  endfacet
  facet normal 0 0 1
    outer loop
      vertex -35.9915434963434 25.546472302654653 51.7
      vertex -36 25.759999999999998 51.7
      vertex -36 25.74000776096236 51.7
    endloop
  endfacet
  facet normal 0 0 1
    outer loop
      vertex -35.99120929658009 25.74942866576964 51.7
      vertex -35.718547230926795 25.943365592937067 51.7
      vertex -36 25.759999999999998 51.7
    endloop
  endfacet
  facet normal 0 0 1
    outer loop
      vertex -36 25.759999999999998 51.7
      vertex -35.94065673159118 26.243439958450175 51.7
      vertex -35.99147612372551 25.955228863754755 51.7
    endloop
  endfacet
  facet normal 0 0 1
    outer loop
      vertex -36 25.759999999999998 51.7
      vertex -35.92367385088751 26.339754661029644 51.7
      vertex -35.94065673159118 26.243439958450175 51.7
    endloop
  endfacet
  facet normal 0 0 1
    outer loop
      vertex -35.965969366747345 26.148971917973924 51.7
      vertex -35.94065673159118 26.243439958450175 51.7
      vertex -35.92367385088751 26.339754661029644 51.7
    endloop
  endfacet
  facet normal 0 0 1
    outer loop
      vertex -35.99120929658009 25.74942866576964 51.7
      vertex -34.21416744824508 25.877975429984364 51.7
      vertex -35.718547230926795 25.943365592937067 51.7
    endloop
  endfacet
  facet normal 0 0 1
    outer loop
      vertex -36 25.759999999999998 51.7
      vertex -35.47593955258651 27.199844245697847 51.7
      vertex -35.92367385088751 26.339754661029644 51.7
    endloop
  endfacet
  facet normal 0 0 1
    outer loop
      vertex -35.92367385088751 26.339754661029644 51.7
      vertex -35.69989690447714 26.88 51.7
      vertex -35.7901294429621 26.706664906299167 51.7
    endloop
  endfacet
  facet normal 0 0 1
    outer loop
      vertex -35.92367385088751 26.339754661029644 51.7
      vertex -35.47593955258651 27.199844245697847 51.7
      vertex -35.69989690447714 26.88 51.7
    endloop
  endfacet
  facet normal 0 0 1
    outer loop
      vertex -35.69989690447714 26.88 51.7
      vertex -35.47593955258651 27.199844245697847 51.7
      vertex -35.59490057920734 27.044811217426343 51.7
    endloop
  endfacet
  facet normal 0 0 1
    outer loop
      vertex -36 25.759999999999998 51.7
      vertex -35.718547230926795 25.943365592937067 51.7
      vertex -33.955228863754755 27.991476123725512 51.7
    endloop
  endfacet
  facet normal 0 0 1
    outer loop
      vertex -36 25.759999999999998 51.7
      vertex -33.955228863754755 27.991476123725512 51.7
      vertex -35.47593955258651 27.199844245697847 51.7
    endloop
  endfacet
  facet normal 0 0 1
    outer loop
      vertex -35.47593955258651 27.199844245697847 51.7
      vertex -35.19984424569785 27.47593955258651 51.7
      vertex -35.343919189857864 27.343919189857868 51.7
    endloop
  endfacet
  facet normal 0 0 1
    outer loop
      vertex -35.47593955258651 27.199844245697847 51.7
      vertex -34.88 27.699896904477143 51.7
      vertex -35.19984424569785 27.47593955258651 51.7
    endloop
  endfacet
  facet normal 0 0 1
    outer loop
      vertex -35.718547230926795 25.943365592937067 51.7
      vertex -33.96368837668341 27.79684815160334 51.7
      vertex -33.955228863754755 27.991476123725512 51.7
    endloop
  endfacet
  facet normal 0 0 1
    outer loop
      vertex -35.47593955258651 27.199844245697847 51.7
      vertex -33.955228863754755 27.991476123725512 51.7
      vertex -34.88 27.699896904477143 51.7
    endloop
  endfacet
  facet normal 0 0 1
    outer loop
      vertex -34.88 27.699896904477143 51.7
      vertex -33.955228863754755 27.991476123725512 51.7
      vertex -34.526125121049496 27.864911470560436 51.7
    endloop
  endfacet
  facet normal 0 0 1
    outer loop
      vertex -34.526125121049496 27.864911470560436 51.7
      vertex -33.955228863754755 27.991476123725512 51.7
      vertex -34.148971917973924 27.965969366747345 51.7
    endloop
  endfacet
  facet normal 0 0 1
    outer loop
      vertex -33.955228863754755 27.991476123725512 51.7
      vertex -33.74 28 51.7
      vertex -33.76 28 51.7
    endloop
  endfacet
  facet normal 0 0 1
    outer loop
      vertex -33.96368837668341 27.79684815160334 51.7
      vertex -32.809611620225034 27.069611620225032 51.7
      vertex -33.955228863754755 27.991476123725512 51.7
    endloop
  endfacet
  facet normal 0 -1 0
    outer loop
      vertex -26.2 23.5 29
      vertex 26.199999999999996 23.5 29
      vertex -31.5 23.5 48.5
    endloop
  endfacet
  facet normal 0 0 1
    outer loop
      vertex -33.955228863754755 27.991476123725512 51.7
      vertex -32.809611620225034 27.069611620225032 51.7
      vertex 22.19255176654219 27.239277697732525 51.7
    endloop
  endfacet
  facet normal 0 0 1
    outer loop
      vertex -33.955228863754755 27.991476123725512 51.7
      vertex 33.760000000000005 28 51.7
      vertex -33.74 28 51.7
    endloop
  endfacet
  facet normal 0 0 -1
    outer loop
      vertex -31.507938637152293 25.94182468411023 0
      vertex 31.5 25.75345339669424 0
      vertex 31.5 23.5 0
    endloop
  endfacet
  facet normal 0 0 -1
    outer loop
      vertex -31.525758889704594 26.08614178789935 0
      vertex 33.73939599153832 27.99939599153832 0
      vertex 31.5 25.75345339669424 0
    endloop
  endfacet
  facet normal 0 0 -1
    outer loop
      vertex -33.74 28 0
      vertex 33.760000000000005 28 0
      vertex 33.73939599153832 27.99939599153832 0
    endloop
  endfacet
  facet normal 0 -1 0
    outer loop
      vertex -26.2 23.5 19
      vertex 31.5 23.5 0
      vertex 26.199999999999996 23.5 19
    endloop
  endfacet
  facet normal 0 0 -1
    outer loop
      vertex 33.760000000000005 28 0
      vertex 33.95522886375491 27.991476123725484 0
      vertex 33.76860496030269 27.998867135484513 0
    endloop
  endfacet
  facet normal 0 0 -1
    outer loop
      vertex 33.95522886375491 27.991476123725484 0
      vertex 34.148971917973924 27.965969366747345 0
      vertex 34.339754661029644 27.92367385088751 0
    endloop
  endfacet
  facet normal 0 0 -1
    outer loop
      vertex 34.339754661029644 27.92367385088751 0
      vertex 34.5261251210495 27.864911470560436 0
      vertex 34.70666490629917 27.790129442962098 0
    endloop
  endfacet
  facet normal 0 0 -1
    outer loop
      vertex 35.965969366747345 26.148971917973924 0
      vertex 35.88630274988463 26.401642145937572 0
      vertex 35.86491147056041 26.526125121049567 0
    endloop
  endfacet
  facet normal 0 0 -1
    outer loop
      vertex 35.965969366747345 26.148971917973924 0
      vertex 35.86491147056041 26.526125121049567 0
      vertex 35.923673850887525 26.339754661029644 0
    endloop
  endfacet
  facet normal 0 0 -1
    outer loop
      vertex 35.69989690447714 26.88 0
      vertex 35.7901294429621 26.706664906299167 0
      vertex 35.594900579207405 27.044811217426233 0
    endloop
  endfacet
  facet normal 0 0 -1
    outer loop
      vertex 35.86491147056041 26.526125121049567 0
      vertex 35.594900579207405 27.044811217426233 0
      vertex 35.7901294429621 26.706664906299167 0
    endloop
  endfacet
  facet normal 0 0 -1
    outer loop
      vertex 34.70666490629917 27.790129442962098 0
      vertex 34.88000000000001 27.699896904477143 0
      vertex 35.04481121742634 27.59490057920734 0
    endloop
  endfacet
  facet normal 0 0 -1
    outer loop
      vertex 35.594900579207405 27.044811217426233 0
      vertex 35.343919189857885 27.343919189857832 0
      vertex 35.47593955258651 27.199844245697847 0
    endloop
  endfacet
  facet normal 0.9990482215818598 0.04361938736528848 0
    outer loop
      vertex 36 25.759999999999998 0
      vertex 35.99147612372552 25.955228863754755 0
      vertex 36 25.759999999999998 51.7
    endloop
  endfacet
  facet normal 0.9914448613738034 0.13052619222010453 9.349652572661838e-21
    outer loop
      vertex 35.99147612372552 25.955228863754755 0
      vertex 35.965969366747345 26.148971917973924 0
      vertex 35.965969366747345 26.148971917973924 51.7
    endloop
  endfacet
  facet normal 0.04361938736543667 0.9990482215818534 0
    outer loop
      vertex 33.760000000000005 28 0
      vertex 33.760000000000005 28 51.7
      vertex 33.95522886375491 27.991476123725484 0
    endloop
  endfacet
  facet normal 0.13052619222002934 0.9914448613738133 -1.5038262031707284e-16
    outer loop
      vertex 33.95522886375491 27.991476123725484 0
      vertex 33.955228863754755 27.991476123725512 51.7
      vertex 34.148971917973924 27.965969366747345 0
    endloop
  endfacet
  facet normal 0.3007057995042451 0.9537169507482357 3.712616411921227e-17
    outer loop
      vertex 34.339754661029644 27.92367385088751 0
      vertex 34.52612512104942 27.86491147056046 51.7
      vertex 34.5261251210495 27.864911470560436 0
    endloop
  endfacet
  facet normal 0.3826834323650974 0.9238795325112835 1.8672332275657343e-16
    outer loop
      vertex 34.5261251210495 27.864911470560436 0
      vertex 34.52612512104942 27.86491147056046 51.7
      vertex 34.70666490629917 27.790129442962098 0
    endloop
  endfacet
  facet normal 0.46174861323502026 0.8870108331782289 4.2235467863243346e-20
    outer loop
      vertex 34.70666490629917 27.790129442962098 0
      vertex 34.88000000000001 27.699896904477143 51.7
      vertex 34.88000000000001 27.699896904477143 0
    endloop
  endfacet
  facet normal 0.9762960071199471 0.21643961393804093 -2.062026496080922e-20
    outer loop
      vertex 35.965969366747345 26.148971917973924 0
      vertex 35.923673850887525 26.339754661029644 0
      vertex 35.923673850887525 26.339754661029644 51.7
    endloop
  endfacet
  facet normal 0.9537169507482027 0.30070579950434967 0
    outer loop
      vertex 35.923673850887525 26.339754661029644 0
      vertex 35.86491147056041 26.526125121049567 0
      vertex 35.923673850887525 26.339754661029644 51.7
    endloop
  endfacet
  facet normal 0.923879532511287 0.382683432365089 -1.1869152796352764e-20
    outer loop
      vertex 35.86491147056041 26.526125121049567 0
      vertex 35.7901294429621 26.706664906299167 0
      vertex 35.7901294429621 26.706664906299167 51.7
    endloop
  endfacet
  facet normal 0.8433914458128696 0.5372996083468491 0
    outer loop
      vertex 35.69989690447714 26.88 0
      vertex 35.594900579207405 27.044811217426233 0
      vertex 35.69989690447714 26.88 51.7
    endloop
  endfacet
  facet normal 0.8870108331782173 0.46174861323504257 0
    outer loop
      vertex 35.69989690447714 26.88 0
      vertex 35.69989690447714 26.88 51.7
      vertex 35.7901294429621 26.706664906299167 0
    endloop
  endfacet
  facet normal 0.7372773368100973 0.6755902076156892 -1.186902114193261e-19
    outer loop
      vertex 35.343919189857885 27.343919189857832 0
      vertex 35.47593955258651 27.199844245697847 51.7
      vertex 35.47593955258651 27.199844245697847 0
    endloop
  endfacet
  facet normal 0.6755902076157017 0.737277336810086 0
    outer loop
      vertex 35.19984424569785 27.47593955258651 0
      vertex 35.19984424569785 27.47593955258651 51.7
      vertex 35.343919189857885 27.343919189857832 0
    endloop
  endfacet
  facet normal 0.5372996083468512 0.8433914458128682 -1.6962046344715344e-19
    outer loop
      vertex 34.88000000000001 27.699896904477143 0
      vertex 35.04481121742634 27.59490057920734 51.7
      vertex 35.04481121742634 27.59490057920734 0
    endloop
  endfacet
  facet normal 0.7933533402912846 0.608761429008656 -2.982265657028658e-20
    outer loop
      vertex 35.594900579207405 27.044811217426233 0
      vertex 35.47593955258651 27.199844245697847 0
      vertex 35.47593955258651 27.199844245697847 51.7
    endloop
  endfacet
  facet normal 0 -1 0
    outer loop
      vertex 31.5 23.5 0
      vertex 31.5 23.5 48.5
      vertex 26.199999999999996 23.5 19
    endloop
  endfacet
  facet normal 0 1 0
    outer loop
      vertex -33.74 28 51.7
      vertex 33.760000000000005 28 51.7
      vertex 33.760000000000005 28 0
    endloop
  endfacet
  facet normal 0 -1 0
    outer loop
      vertex -31.5 23.5 48.5
      vertex 26.199999999999996 23.5 29
      vertex 31.5 23.5 48.5
    endloop
  endfacet
  facet normal 0 0 1
    outer loop
      vertex -33.955228863754755 27.991476123725512 51.7
      vertex 22.19255176654219 27.239277697732525 51.7
      vertex 33.760000000000005 28 51.7
    endloop
  endfacet
  facet normal 0 -1 0
    outer loop
      vertex 26.199999999999996 23.5 19
      vertex 31.5 23.5 48.5
      vertex 26.199999999999996 23.5 29
    endloop
  endfacet
  facet normal 0.9990482215818598 0.04361938736528848 0
    outer loop
      vertex 35.99147612372552 25.955228863754755 0
      vertex 35.99147612372552 25.955228863754755 51.7
      vertex 36 25.759999999999998 51.7
    endloop
  endfacet
  facet normal 0.9914448613738034 0.13052619222010453 0
    outer loop
      vertex 35.99147612372552 25.955228863754755 0
      vertex 35.965969366747345 26.148971917973924 51.7
      vertex 35.99147612372552 25.955228863754755 51.7
    endloop
  endfacet
  facet normal 0.9762960071199471 0.21643961393804093 0
    outer loop
      vertex 35.965969366747345 26.148971917973924 0
      vertex 35.923673850887525 26.339754661029644 51.7
      vertex 35.965969366747345 26.148971917973924 51.7
    endloop
  endfacet
  facet normal 0.04361938736532637 0.9990482215818582 -4.17332721818162e-16
    outer loop
      vertex 33.95522886375491 27.991476123725484 0
      vertex 33.760000000000005 28 51.7
      vertex 33.955228863754755 27.991476123725512 51.7
    endloop
  endfacet
  facet normal 0.13052619222006878 0.9914448613738082 0
    outer loop
      vertex 34.148971917973924 27.965969366747345 0
      vertex 33.955228863754755 27.991476123725512 51.7
      vertex 34.148971917973924 27.965969366747345 51.7
    endloop
  endfacet
  facet normal 0.3007057995042545 0.9537169507482328 0
    outer loop
      vertex 34.339754661029644 27.92367385088751 0
      vertex 34.339754661029644 27.92367385088751 51.7
      vertex 34.52612512104942 27.86491147056046 51.7
    endloop
  endfacet
  facet normal 0.46174861323502026 0.8870108331782289 0
    outer loop
      vertex 34.70666490629917 27.790129442962098 0
      vertex 34.70666490629917 27.790129442962098 51.7
      vertex 34.88000000000001 27.699896904477143 51.7
    endloop
  endfacet
  facet normal 0.38268343236505187 0.9238795325113026 0
    outer loop
      vertex 34.70666490629917 27.790129442962098 0
      vertex 34.52612512104942 27.86491147056046 51.7
      vertex 34.70666490629917 27.790129442962098 51.7
    endloop
  endfacet
  facet normal 0.9537169507482219 0.3007057995042886 -2.4209671996906337e-16
    outer loop
      vertex 35.86491147056041 26.526125121049567 0
      vertex 35.86491147056044 26.526125121049496 51.7
      vertex 35.923673850887525 26.339754661029644 51.7
    endloop
  endfacet
  facet normal 0.923879532511276 0.38268343236511565 -1.0892652284117548e-16
    outer loop
      vertex 35.86491147056041 26.526125121049567 0
      vertex 35.7901294429621 26.706664906299167 51.7
      vertex 35.86491147056044 26.526125121049496 51.7
    endloop
  endfacet
  facet normal 0.7933533402912739 0.6087614290086703 -6.720231087784354e-17
    outer loop
      vertex 35.594900579207405 27.044811217426233 0
      vertex 35.47593955258651 27.199844245697847 51.7
      vertex 35.59490057920741 27.04481121742623 51.7
    endloop
  endfacet
  facet normal 0.8433914458128808 0.5372996083468314 -7.899003837635524e-17
    outer loop
      vertex 35.594900579207405 27.044811217426233 0
      vertex 35.59490057920741 27.04481121742623 51.7
      vertex 35.69989690447714 26.88 51.7
    endloop
  endfacet
  facet normal 0.8870108331782173 0.46174861323504257 0
    outer loop
      vertex 35.7901294429621 26.706664906299167 0
      vertex 35.69989690447714 26.88 51.7
      vertex 35.7901294429621 26.706664906299167 51.7
    endloop
  endfacet
  facet normal 0.7372773368100723 0.6755902076157165 1.4009122953013011e-16
    outer loop
      vertex 35.343919189857885 27.343919189857832 0
      vertex 35.34391918985773 27.343919189857992 51.7
      vertex 35.47593955258651 27.199844245697847 51.7
    endloop
  endfacet
  facet normal 0.6755902076156554 0.7372773368101285 -2.3718047230446865e-16
    outer loop
      vertex 35.343919189857885 27.343919189857832 0
      vertex 35.19984424569785 27.47593955258651 51.7
      vertex 35.34391918985773 27.343919189857992 51.7
    endloop
  endfacet
  facet normal 0.5372996083468512 0.8433914458128682 0
    outer loop
      vertex 34.88000000000001 27.699896904477143 0
      vertex 34.88000000000001 27.699896904477143 51.7
      vertex 35.04481121742634 27.59490057920734 51.7
    endloop
  endfacet
  facet normal 0 0 1
    outer loop
      vertex 22.19255176654219 27.239277697732525 51.7
      vertex 29.558842792344493 23.5101704347807 51.7
      vertex 33.760000000000005 28 51.7
    endloop
  endfacet
  facet normal 0 0 1
    outer loop
      vertex 29.558842792344493 23.5101704347807 51.7
      vertex 32.57469742411771 25.90888600350636 51.7
      vertex 33.760000000000005 28 51.7
    endloop
  endfacet
  facet normal 0 0 1
    outer loop
      vertex 36 25.759999999999998 51.7
      vertex 35.99147612372552 25.955228863754755 51.7
      vertex 35.965969366747345 26.148971917973924 51.7
    endloop
  endfacet
  facet normal 0 0 1
    outer loop
      vertex 36 25.759999999999998 51.7
      vertex 35.965969366747345 26.148971917973924 51.7
      vertex 35.86491147056044 26.526125121049496 51.7
    endloop
  endfacet
  facet normal 0 0 1
    outer loop
      vertex 33.760000000000005 28 51.7
      vertex 34.148971917973924 27.965969366747345 51.7
      vertex 33.955228863754755 27.991476123725512 51.7
    endloop
  endfacet
  facet normal 0 0 1
    outer loop
      vertex 33.760000000000005 28 51.7
      vertex 34.52612512104942 27.86491147056046 51.7
      vertex 34.148971917973924 27.965969366747345 51.7
    endloop
  endfacet
  facet normal 0 0 1
    outer loop
      vertex 33.760000000000005 28 51.7
      vertex 35.04481121742634 27.59490057920734 51.7
      vertex 34.52612512104942 27.86491147056046 51.7
    endloop
  endfacet
  facet normal 0 0 1
    outer loop
      vertex 33.760000000000005 28 51.7
      vertex 35.34391918985773 27.343919189857992 51.7
      vertex 35.04481121742634 27.59490057920734 51.7
    endloop
  endfacet
  facet normal 0 0 1
    outer loop
      vertex 34.52612512104942 27.86491147056046 51.7
      vertex 35.04481121742634 27.59490057920734 51.7
      vertex 34.88000000000001 27.699896904477143 51.7
    endloop
  endfacet
  facet normal 0 0 1
    outer loop
      vertex 34.52612512104942 27.86491147056046 51.7
      vertex 34.88000000000001 27.699896904477143 51.7
      vertex 34.70666490629917 27.790129442962098 51.7
    endloop
  endfacet
  facet normal 0 0 1
    outer loop
      vertex 36 25.759999999999998 51.7
      vertex 35.34391918985773 27.343919189857992 51.7
      vertex 33.760000000000005 28 51.7
    endloop
  endfacet
  facet normal 0 0 1
    outer loop
      vertex 36 25.759999999999998 51.7
      vertex 35.86491147056044 26.526125121049496 51.7
      vertex 35.59490057920741 27.04481121742623 51.7
    endloop
  endfacet
  facet normal 0 0 1
    outer loop
      vertex 35.965969366747345 26.148971917973924 51.7
      vertex 35.923673850887525 26.339754661029644 51.7
      vertex 35.86491147056044 26.526125121049496 51.7
    endloop
  endfacet
  facet normal 0 0 1
    outer loop
      vertex 36 25.759999999999998 51.7
      vertex 35.59490057920741 27.04481121742623 51.7
      vertex 35.34391918985773 27.343919189857992 51.7
    endloop
  endfacet
  facet normal 0 0 1
    outer loop
      vertex 35.69989690447714 26.88 51.7
      vertex 35.59490057920741 27.04481121742623 51.7
      vertex 35.7901294429621 26.706664906299167 51.7
    endloop
  endfacet
  facet normal 0 0 1
    outer loop
      vertex 35.86491147056044 26.526125121049496 51.7
      vertex 35.7901294429621 26.706664906299167 51.7
      vertex 35.59490057920741 27.04481121742623 51.7
    endloop
  endfacet
  facet normal 0 0 1
    outer loop
      vertex 35.59490057920741 27.04481121742623 51.7
      vertex 35.47593955258651 27.199844245697847 51.7
      vertex 35.34391918985773 27.343919189857992 51.7
    endloop
  endfacet
  facet normal 1 0 0
    outer loop
      vertex -21.4 11.299999999999999 22.25
      vertex -21.4 -10 22.25
      vertex -21.4 -10 15.75
    endloop
  endfacet
  facet normal 1 0 0
    outer loop
      vertex -21.4 11.3 32.25
      vertex -21.4 -10 32.25
      vertex -21.4 -10 25.75
    endloop
  endfacet
  facet normal 1 0 0
    outer loop
      vertex -21.4 -10 15.75
      vertex -21.4 11.3 15.75
      vertex -21.4 11.299999999999999 22.25
    endloop
  endfacet
  facet normal 0 -1 0
    outer loop
      vertex -19.4 11.3 15.75
      vertex -19.4 11.3 18.999999999999996
      vertex -21.4 11.3 15.75
    endloop
  endfacet
  facet normal 1.810517547850255e-15 -1 -2.7328566760003855e-16
    outer loop
      vertex -19.4 11.3 29
      vertex -21.4 11.299999999999999 22.25
      vertex -21.4 11.3 15.75
    endloop
  endfacet
  facet normal 0 -1 0
    outer loop
      vertex -19.4 11.3 29
      vertex -21.4 11.3 15.75
      vertex -19.4 11.3 18.999999999999996
    endloop
  endfacet
  facet normal 8.881784197001252e-16 -1 0
    outer loop
      vertex -21.4 11.299999999999999 22.25
      vertex -19.4 11.3 29
      vertex -21.4 11.299999999999999 25.75
    endloop
  endfacet
  facet normal 0 -1 0
    outer loop
      vertex -19.4 11.3 29
      vertex -19.4 11.3 18.999999999999996
      vertex 19.4 11.3 29.000000000000004
    endloop
  endfacet
  facet normal 1 0 0
    outer loop
      vertex -21.4 11.299999999999999 25.75
      vertex -21.4 11.3 32.25
      vertex -21.4 -10 25.75
    endloop
  endfacet
  facet normal 4.440892098500626e-16 -1 2.7328566760003855e-16
    outer loop
      vertex -21.4 11.299999999999999 25.75
      vertex -19.4 11.3 29
      vertex -21.4 11.3 32.25
    endloop
  endfacet
  facet normal 0 -1 0
    outer loop
      vertex -19.4 11.3 32.25
      vertex -21.4 11.3 32.25
      vertex -19.4 11.3 29
    endloop
  endfacet
  facet normal -1 0 0
    outer loop
      vertex 21.4 11.3 15.75
      vertex 21.4 -10 15.75
      vertex 21.4 -10 22.25
    endloop
  endfacet
  facet normal -1 0 0
    outer loop
      vertex 21.4 11.299999999999999 25.75
      vertex 21.4 -10 25.75
      vertex 21.4 -10 32.25
    endloop
  endfacet
  facet normal 0 -1 0
    outer loop
      vertex 19.4 11.3 19
      vertex 19.4 11.3 29.000000000000004
      vertex -19.4 11.3 18.999999999999996
    endloop
  endfacet
  facet normal -1 0 0
    outer loop
      vertex 21.4 11.299999999999999 22.25
      vertex 21.4 11.3 15.75
      vertex 21.4 -10 22.25
    endloop
  endfacet
  facet normal 0 -1 0
    outer loop
      vertex 19.4 11.3 15.75
      vertex 21.4 11.3 15.75
      vertex 19.4 11.3 19
    endloop
  endfacet
  facet normal -4.440892098500626e-16 -1 -2.7328566760003855e-16
    outer loop
      vertex 21.4 11.299999999999999 22.25
      vertex 19.4 11.3 19
      vertex 21.4 11.3 15.75
    endloop
  endfacet
  facet normal -8.881784197001252e-16 -1 0
    outer loop
      vertex 21.4 11.299999999999999 25.75
      vertex 19.4 11.3 19
      vertex 21.4 11.299999999999999 22.25
    endloop
  endfacet
  facet normal -1.810517547850255e-15 -1 2.7328566760003855e-16
    outer loop
      vertex 19.4 11.3 19
      vertex 21.4 11.299999999999999 25.75
      vertex 21.4 11.3 32.25
    endloop
  endfacet
  facet normal -1 0 0
    outer loop
      vertex 21.4 11.299999999999999 25.75
      vertex 21.4 -10 32.25
      vertex 21.4 11.3 32.25
    endloop
  endfacet
  facet normal 0 -1 0
    outer loop
      vertex 19.4 11.3 19
      vertex 21.4 11.3 32.25
      vertex 19.4 11.3 29.000000000000004
    endloop
  endfacet
  facet normal 0 -1 0
    outer loop
      vertex 19.4 11.3 29.000000000000004
      vertex 21.4 11.3 32.25
      vertex 19.4 11.3 32.25
    endloop
  endfacet
  facet normal 1 0 0
    outer loop
      vertex -24.9 -15.3 15.75
      vertex -24.9 -10 15.75
      vertex -24.9 -15.3 22.25
    endloop
  endfacet
  facet normal 0 -1 0
    outer loop
      vertex -24.9 -10 15.75
      vertex -21.4 -10 15.75
      vertex -21.4 -10 22.25
    endloop
  endfacet
  facet normal 1 0 0
    outer loop
      vertex -24.9 -15.3 22.25
      vertex -24.9 -10 15.75
      vertex -24.9 -10 22.25
    endloop
  endfacet
  facet normal 0 -1 0
    outer loop
      vertex -24.9 -10 15.75
      vertex -21.4 -10 22.25
      vertex -24.9 -10 22.25
    endloop
  endfacet
  facet normal 1 0 0
    outer loop
      vertex -24.9 -15.3 25.75
      vertex -24.9 -10 25.75
      vertex -24.9 -15.3 32.25
    endloop
  endfacet
  facet normal 1 0 0
    outer loop
      vertex -24.9 -15.3 32.25
      vertex -24.9 -10 25.75
      vertex -24.9 -10 32.25
    endloop
  endfacet
  facet normal 0 -1 0
    outer loop
      vertex -24.9 -10 25.75
      vertex -21.4 -10 25.75
      vertex -21.4 -10 32.25
    endloop
  endfacet
  facet normal 0 -1 0
    outer loop
      vertex -24.9 -10 25.75
      vertex -21.4 -10 32.25
      vertex -24.9 -10 32.25
    endloop
  endfacet
  facet normal -1 0 0
    outer loop
      vertex 24.9 -15.3 15.75
      vertex 24.9 -10 22.25
      vertex 24.9 -10 15.75
    endloop
  endfacet
  facet normal 0 -1 0
    outer loop
      vertex 24.9 -10 15.75
      vertex 24.9 -10 22.25
      vertex 21.4 -10 15.75
    endloop
  endfacet
  facet normal -1 0 0
    outer loop
      vertex 24.9 -15.3 15.75
      vertex 24.9 -15.3 22.25
      vertex 24.9 -10 22.25
    endloop
  endfacet
  facet normal 0 -1 0
    outer loop
      vertex 21.4 -10 15.75
      vertex 24.9 -10 22.25
      vertex 21.4 -10 22.25
    endloop
  endfacet
  facet normal -1 0 0
    outer loop
      vertex 24.9 -15.3 25.75
      vertex 24.9 -10 32.25
      vertex 24.9 -10 25.75
    endloop
  endfacet
  facet normal -1 0 0
    outer loop
      vertex 24.9 -15.3 25.75
      vertex 24.9 -15.3 32.25
      vertex 24.9 -10 32.25
    endloop
  endfacet
  facet normal 0 -1 0
    outer loop
      vertex 24.9 -10 25.75
      vertex 24.9 -10 32.25
      vertex 21.4 -10 25.75
    endloop
  endfacet
  facet normal 0 -1 0
    outer loop
      vertex 21.4 -10 25.75
      vertex 24.9 -10 32.25
      vertex 21.4 -10 32.25
    endloop
  endfacet
  facet normal 0.8433914458128864 0.5372996083468227 -6.658468671591757e-18
    outer loop
      vertex -17.781944420745422 -5.448976145334937 48.5
      vertex -18.227241335952165 -4.75 48.5
      vertex -18.227241335952165 -4.75 51.7
    endloop
  endfacet
  facet normal 0.9238795325112862 0.38268343236509145 -2.190228543224442e-19
    outer loop
      vertex -18.609923976848172 -4.014873486536644 48.5
      vertex -18.92707989746613 -3.249191361593853 48.5
      vertex -18.92707989746613 -3.249191361593853 51.7
    endloop
  endfacet
  facet normal 0.8870108331782218 0.46174861323503363 -1.343754919980059e-18
    outer loop
      vertex -18.227241335952165 -4.75 48.5
      vertex -18.609923976848172 -4.014873486536644 48.5
      vertex -18.609923976848172 -4.014873486536644 51.7
    endloop
  endfacet
  facet normal 0.8870108331782218 0.46174861323503363 0
    outer loop
      vertex -18.227241335952165 -4.75 48.5
      vertex -18.609923976848172 -4.014873486536644 51.7
      vertex -18.227241335952165 -4.75 51.7
    endloop
  endfacet
  facet normal 0.9238795325112862 0.38268343236509145 0
    outer loop
      vertex -18.609923976848172 -4.014873486536644 48.5
      vertex -18.92707989746613 -3.249191361593853 51.7
      vertex -18.609923976848172 -4.014873486536644 51.7
    endloop
  endfacet
  facet normal 0.9762960071199331 0.21643961393810385 -3.8703138178964045e-18
    outer loop
      vertex -19.176295349746148 -2.458780928473947 48.5
      vertex -19.355673653615977 -1.6496576878358382 48.5
      vertex -19.355673653615977 -1.6496576878358382 51.7
    endloop
  endfacet
  facet normal 0.9537169507482269 0.30070579950427323 4.865978275758617e-18
    outer loop
      vertex -18.92707989746613 -3.249191361593853 48.5
      vertex -19.176295349746148 -2.458780928473947 48.5
      vertex -19.176295349746148 -2.458780928473947 51.7
    endloop
  endfacet
  facet normal 0.9762960071199331 0.21643961393810385 0
    outer loop
      vertex -19.176295349746148 -2.458780928473947 48.5
      vertex -19.355673653615977 -1.6496576878358382 51.7
      vertex -19.176295349746148 -2.458780928473947 51.7
    endloop
  endfacet
  facet normal 0.9537169507482269 0.30070579950427323 0
    outer loop
      vertex -18.92707989746613 -3.249191361593853 48.5
      vertex -19.176295349746148 -2.458780928473947 51.7
      vertex -18.92707989746613 -3.249191361593853 51.7
    endloop
  endfacet
  facet normal 0.9914448613738105 0.13052619222005107 2.3221602897621164e-18
    outer loop
      vertex -19.355673653615977 -1.6496576878358382 48.5
      vertex -19.463849631871582 -0.8279795561027525 48.5
      vertex -19.463849631871582 -0.8279795561027525 51.7
    endloop
  endfacet
  facet normal 0.9990482215818577 0.04361938736533626 -3.522421970184678e-19
    outer loop
      vertex -19.463849631871582 -0.8279795561027525 48.5
      vertex -19.5 0 48.5
      vertex -19.5 0 51.7
    endloop
  endfacet
  facet normal 0.9914448613738105 0.13052619222005107 0
    outer loop
      vertex -19.355673653615977 -1.6496576878358382 48.5
      vertex -19.463849631871582 -0.8279795561027525 51.7
      vertex -19.355673653615977 -1.6496576878358382 51.7
    endloop
  endfacet
  facet normal 0.9990482215818577 0.04361938736533626 0
    outer loop
      vertex -19.463849631871582 -0.8279795561027525 48.5
      vertex -19.5 0 51.7
      vertex -19.463849631871582 -0.8279795561027525 51.7
    endloop
  endfacet
  facet normal 0.6087614290087209 0.7933533402912348 4.975418844834523e-18
    outer loop
      vertex -15.448976145334937 -7.781944420745422 48.5
      vertex -16.106482292022122 -7.277422209630291 48.5
      vertex -16.106482292022122 -7.277422209630291 51.7
    endloop
  endfacet
  facet normal 0.6755902076156586 0.7372773368101255 0
    outer loop
      vertex -16.106482292022122 -7.277422209630291 48.5
      vertex -16.717514421272202 -6.7175144212722016 51.7
      vertex -16.106482292022122 -7.277422209630291 51.7
    endloop
  endfacet
  facet normal 0.382683432365092 0.9238795325112859 0
    outer loop
      vertex -13.249191361593853 -8.92707989746613 48.5
      vertex -14.014873486536644 -8.609923976848174 51.7
      vertex -13.249191361593853 -8.92707989746613 51.7
    endloop
  endfacet
  facet normal 0.5372996083468241 0.8433914458128854 0
    outer loop
      vertex -15.448976145334937 -7.781944420745422 48.5
      vertex -15.448976145334937 -7.781944420745422 51.7
      vertex -14.75 -8.227241335952167 48.5
    endloop
  endfacet
  facet normal 0.46174861323503325 0.887010833178222 0
    outer loop
      vertex -14.75 -8.227241335952167 48.5
      vertex -14.75 -8.227241335952167 51.7
      vertex -14.014873486536644 -8.609923976848174 48.5
    endloop
  endfacet
  facet normal 0.382683432365092 0.9238795325112859 0
    outer loop
      vertex -14.014873486536644 -8.609923976848174 48.5
      vertex -14.014873486536644 -8.609923976848174 51.7
      vertex -13.249191361593853 -8.92707989746613 48.5
    endloop
  endfacet
  facet normal 0.5372996083468241 0.8433914458128854 0
    outer loop
      vertex -14.75 -8.227241335952167 48.5
      vertex -15.448976145334937 -7.781944420745422 51.7
      vertex -14.75 -8.227241335952167 51.7
    endloop
  endfacet
  facet normal 0.6087614290087209 0.7933533402912348 0
    outer loop
      vertex -15.448976145334937 -7.781944420745422 48.5
      vertex -16.106482292022122 -7.277422209630291 51.7
      vertex -15.448976145334937 -7.781944420745422 51.7
    endloop
  endfacet
  facet normal 0.46174861323503325 0.887010833178222 0
    outer loop
      vertex -14.014873486536644 -8.609923976848174 48.5
      vertex -14.75 -8.227241335952167 51.7
      vertex -14.014873486536644 -8.609923976848174 51.7
    endloop
  endfacet
  facet normal 0.30070579950427123 0.9537169507482274 0
    outer loop
      vertex -13.249191361593853 -8.92707989746613 48.5
      vertex -13.249191361593853 -8.92707989746613 51.7
      vertex -12.458780928473947 -9.176295349746148 48.5
    endloop
  endfacet
  facet normal 0.21643961393810357 0.9762960071199331 0
    outer loop
      vertex -12.458780928473947 -9.176295349746148 48.5
      vertex -12.458780928473947 -9.176295349746148 51.7
      vertex -11.649657687835838 -9.355673653615977 48.5
    endloop
  endfacet
  facet normal 0.13052619222005113 0.9914448613738105 0
    outer loop
      vertex -11.649657687835838 -9.355673653615977 48.5
      vertex -11.649657687835838 -9.355673653615977 51.7
      vertex -10.827979556102752 -9.463849631871582 48.5
    endloop
  endfacet
  facet normal 0.30070579950427123 0.9537169507482274 0
    outer loop
      vertex -12.458780928473947 -9.176295349746148 48.5
      vertex -13.249191361593853 -8.92707989746613 51.7
      vertex -12.458780928473947 -9.176295349746148 51.7
    endloop
  endfacet
  facet normal 0.21643961393810357 0.9762960071199331 4.7624820562120905e-18
    outer loop
      vertex -12.458780928473947 -9.176295349746148 51.7
      vertex -11.649657687835838 -9.355673653615977 51.7
      vertex -11.649657687835838 -9.355673653615977 48.5
    endloop
  endfacet
  facet normal 0.043619387365336264 0.9990482215818577 0
    outer loop
      vertex -10.827979556102752 -9.463849631871582 48.5
      vertex -10.827979556102752 -9.463849631871582 51.7
      vertex -10 -9.5 48.5
    endloop
  endfacet
  facet normal -0.043619387365336264 0.9990482215818577 0
    outer loop
      vertex -10 -9.5 48.5
      vertex -10 -9.5 51.7
      vertex -9.172020443897248 -9.463849631871582 48.5
    endloop
  endfacet
  facet normal 0.13052619222005113 0.9914448613738105 0
    outer loop
      vertex -10.827979556102752 -9.463849631871582 48.5
      vertex -11.649657687835838 -9.355673653615977 51.7
      vertex -10.827979556102752 -9.463849631871582 51.7
    endloop
  endfacet
  facet normal 0.043619387365336264 0.9990482215818577 0
    outer loop
      vertex -10 -9.5 48.5
      vertex -10.827979556102752 -9.463849631871582 51.7
      vertex -10 -9.5 51.7
    endloop
  endfacet
  facet normal -0.043619387365336264 0.9990482215818577 0
    outer loop
      vertex -9.172020443897248 -9.463849631871582 48.5
      vertex -10 -9.5 51.7
      vertex -9.172020443897248 -9.463849631871582 51.7
    endloop
  endfacet
  facet normal 0.7372773368101251 0.675590207615659 3.413726844954539e-18
    outer loop
      vertex -16.717514421272202 -6.7175144212722016 48.5
      vertex -17.27742220963029 -6.106482292022123 48.5
      vertex -17.27742220963029 -6.106482292022123 51.7
    endloop
  endfacet
  facet normal 0.7933533402912354 0.6087614290087204 0
    outer loop
      vertex -17.781944420745422 -5.448976145334937 48.5
      vertex -17.781944420745422 -5.448976145334937 51.7
      vertex -17.27742220963029 -6.106482292022123 48.5
    endloop
  endfacet
  facet normal 0.6755902076156586 0.7372773368101255 0
    outer loop
      vertex -16.717514421272202 -6.7175144212722016 48.5
      vertex -16.717514421272202 -6.7175144212722016 51.7
      vertex -16.106482292022122 -7.277422209630291 48.5
    endloop
  endfacet
  facet normal 0.7372773368101251 0.675590207615659 0
    outer loop
      vertex -16.717514421272202 -6.7175144212722016 48.5
      vertex -17.27742220963029 -6.106482292022123 51.7
      vertex -16.717514421272202 -6.7175144212722016 51.7
    endloop
  endfacet
  facet normal 0.7933533402912354 0.6087614290087204 0
    outer loop
      vertex -17.27742220963029 -6.106482292022123 48.5
      vertex -17.781944420745422 -5.448976145334937 51.7
      vertex -17.27742220963029 -6.106482292022123 51.7
    endloop
  endfacet
  facet normal 0.8433914458128864 0.5372996083468227 0
    outer loop
      vertex -17.781944420745422 -5.448976145334937 51.7
      vertex -17.781944420745422 -5.448976145334937 48.5
      vertex -18.227241335952165 -4.75 51.7
    endloop
  endfacet
  facet normal -0.13052619222005113 0.9914448613738105 0
    outer loop
      vertex -9.172020443897248 -9.463849631871582 48.5
      vertex -9.172020443897248 -9.463849631871582 51.7
      vertex -8.350342312164162 -9.355673653615977 48.5
    endloop
  endfacet
  facet normal -0.21643961393810357 0.9762960071199331 0
    outer loop
      vertex -8.350342312164162 -9.355673653615977 48.5
      vertex -8.350342312164162 -9.355673653615977 51.7
      vertex -7.5412190715260525 -9.176295349746148 48.5
    endloop
  endfacet
  facet normal -0.30070579950427123 0.9537169507482274 0
    outer loop
      vertex -7.5412190715260525 -9.176295349746148 48.5
      vertex -7.5412190715260525 -9.176295349746148 51.7
      vertex -6.750808638406147 -8.92707989746613 48.5
    endloop
  endfacet
  facet normal -0.13052619222005113 0.9914448613738105 0
    outer loop
      vertex -8.350342312164162 -9.355673653615977 48.5
      vertex -9.172020443897248 -9.463849631871582 51.7
      vertex -8.350342312164162 -9.355673653615977 51.7
    endloop
  endfacet
  facet normal -0.21643961393810357 0.9762960071199331 0
    outer loop
      vertex -7.5412190715260525 -9.176295349746148 48.5
      vertex -8.350342312164162 -9.355673653615977 51.7
      vertex -7.5412190715260525 -9.176295349746148 51.7
    endloop
  endfacet
  facet normal -0.30070579950427123 0.9537169507482274 0
    outer loop
      vertex -6.750808638406147 -8.92707989746613 48.5
      vertex -7.5412190715260525 -9.176295349746148 51.7
      vertex -6.750808638406147 -8.92707989746613 51.7
    endloop
  endfacet
  facet normal -0.3826834323650916 0.923879532511286 0
    outer loop
      vertex -6.750808638406147 -8.92707989746613 48.5
      vertex -6.750808638406147 -8.92707989746613 51.7
      vertex -5.985126513463356 -8.609923976848174 48.5
    endloop
  endfacet
  facet normal -0.46174861323503363 0.8870108331782218 0
    outer loop
      vertex -5.985126513463356 -8.609923976848174 48.5
      vertex -5.985126513463356 -8.609923976848174 51.7
      vertex -5.25 -8.227241335952167 48.5
    endloop
  endfacet
  facet normal -0.5372996083468241 0.8433914458128854 0
    outer loop
      vertex -5.25 -8.227241335952167 48.5
      vertex -5.25 -8.227241335952167 51.7
      vertex -4.551023854665063 -7.781944420745422 48.5
    endloop
  endfacet
  facet normal -0.3826834323650916 0.923879532511286 -5.606145149250985e-19
    outer loop
      vertex -6.750808638406147 -8.92707989746613 51.7
      vertex -5.985126513463356 -8.609923976848174 51.7
      vertex -5.985126513463356 -8.609923976848174 48.5
    endloop
  endfacet
  facet normal -0.46174861323503363 0.8870108331782218 0
    outer loop
      vertex -5.25 -8.227241335952167 48.5
      vertex -5.985126513463356 -8.609923976848174 51.7
      vertex -5.25 -8.227241335952167 51.7
    endloop
  endfacet
  facet normal -0.5372996083468241 0.8433914458128854 0
    outer loop
      vertex -4.551023854665063 -7.781944420745422 48.5
      vertex -5.25 -8.227241335952167 51.7
      vertex -4.551023854665063 -7.781944420745422 51.7
    endloop
  endfacet
  facet normal -0.6087614290087204 0.7933533402912354 0
    outer loop
      vertex -4.551023854665063 -7.781944420745422 48.5
      vertex -4.551023854665063 -7.781944420745422 51.7
      vertex -3.8935177079778773 -7.277422209630291 48.5
    endloop
  endfacet
  facet normal -0.6755902076156596 0.7372773368101245 0
    outer loop
      vertex -3.8935177079778773 -7.277422209630291 48.5
      vertex -3.8935177079778773 -7.277422209630291 51.7
      vertex -3.2824855787277984 -6.7175144212722016 48.5
    endloop
  endfacet
  facet normal -0.6087614290087204 0.7933533402912354 0
    outer loop
      vertex -3.8935177079778773 -7.277422209630291 48.5
      vertex -4.551023854665063 -7.781944420745422 51.7
      vertex -3.8935177079778773 -7.277422209630291 51.7
    endloop
  endfacet
  facet normal -0.7372773368101245 0.6755902076156596 0
    outer loop
      vertex -3.2824855787277984 -6.7175144212722016 48.5
      vertex -3.2824855787277984 -6.7175144212722016 51.7
      vertex -2.7225777903697086 -6.106482292022123 48.5
    endloop
  endfacet
  facet normal -0.7933533402912354 0.6087614290087204 -3.460923617667344e-18
    outer loop
      vertex -2.218055579254578 -5.448976145334937 48.5
      vertex -2.7225777903697086 -6.106482292022123 48.5
      vertex -2.7225777903697086 -6.106482292022123 51.7
    endloop
  endfacet
  facet normal -0.6755902076156596 0.7372773368101245 0
    outer loop
      vertex -3.2824855787277984 -6.7175144212722016 48.5
      vertex -3.8935177079778773 -7.277422209630291 51.7
      vertex -3.2824855787277984 -6.7175144212722016 51.7
    endloop
  endfacet
  facet normal -0.7372773368101245 0.6755902076156596 0
    outer loop
      vertex -2.7225777903697086 -6.106482292022123 48.5
      vertex -3.2824855787277984 -6.7175144212722016 51.7
      vertex -2.7225777903697086 -6.106482292022123 51.7
    endloop
  endfacet
  facet normal -0.7933533402912354 0.6087614290087204 0
    outer loop
      vertex -2.218055579254578 -5.448976145334937 48.5
      vertex -2.7225777903697086 -6.106482292022123 51.7
      vertex -2.218055579254578 -5.448976145334937 51.7
    endloop
  endfacet
  facet normal -0.8433914458128854 0.5372996083468241 -6.586117992103507e-18
    outer loop
      vertex -1.7727586640478332 -4.75 48.5
      vertex -2.218055579254578 -5.448976145334937 48.5
      vertex -2.218055579254578 -5.448976145334937 51.7
    endloop
  endfacet
  facet normal -0.8870108331782218 0.46174861323503363 0
    outer loop
      vertex -1.7727586640478332 -4.75 48.5
      vertex -1.7727586640478332 -4.75 51.7
      vertex -1.3900760231518259 -4.014873486536644 48.5
    endloop
  endfacet
  facet normal -0.9238795325112862 0.38268343236509145 2.190228543224442e-19
    outer loop
      vertex -1.0729201025338693 -3.249191361593853 48.5
      vertex -1.3900760231518259 -4.014873486536644 48.5
      vertex -1.3900760231518259 -4.014873486536644 51.7
    endloop
  endfacet
  facet normal -0.8433914458128854 0.5372996083468241 0
    outer loop
      vertex -1.7727586640478332 -4.75 48.5
      vertex -2.218055579254578 -5.448976145334937 51.7
      vertex -1.7727586640478332 -4.75 51.7
    endloop
  endfacet
  facet normal -0.8870108331782218 0.46174861323503363 0
    outer loop
      vertex -1.3900760231518259 -4.014873486536644 48.5
      vertex -1.7727586640478332 -4.75 51.7
      vertex -1.3900760231518259 -4.014873486536644 51.7
    endloop
  endfacet
  facet normal -0.9238795325112862 0.38268343236509145 0
    outer loop
      vertex -1.0729201025338693 -3.249191361593853 48.5
      vertex -1.3900760231518259 -4.014873486536644 51.7
      vertex -1.0729201025338693 -3.249191361593853 51.7
    endloop
  endfacet
  facet normal -0.9537169507482274 0.30070579950427123 0
    outer loop
      vertex -1.0729201025338693 -3.249191361593853 48.5
      vertex -1.0729201025338693 -3.249191361593853 51.7
      vertex -0.8237046502538519 -2.458780928473947 48.5
    endloop
  endfacet
  facet normal -0.9762960071199331 0.21643961393810385 3.8703138178964045e-18
    outer loop
      vertex -0.6443263463840232 -1.6496576878358382 48.5
      vertex -0.8237046502538519 -2.458780928473947 48.5
      vertex -0.8237046502538519 -2.458780928473947 51.7
    endloop
  endfacet
  facet normal -0.9537169507482274 0.30070579950427123 0
    outer loop
      vertex -0.8237046502538519 -2.458780928473947 48.5
      vertex -1.0729201025338693 -3.249191361593853 51.7
      vertex -0.8237046502538519 -2.458780928473947 51.7
    endloop
  endfacet
  facet normal -0.9762960071199331 0.21643961393810385 0
    outer loop
      vertex -0.6443263463840232 -1.6496576878358382 48.5
      vertex -0.8237046502538519 -2.458780928473947 51.7
      vertex -0.6443263463840232 -1.6496576878358382 51.7
    endloop
  endfacet
  facet normal -0.9914448613738105 0.13052619222005107 -2.3221602897621164e-18
    outer loop
      vertex -0.5361503681284177 -0.8279795561027525 48.5
      vertex -0.6443263463840232 -1.6496576878358382 48.5
      vertex -0.6443263463840232 -1.6496576878358382 51.7
    endloop
  endfacet
  facet normal -0.9990482215818577 0.04361938736533626 3.522421970184678e-19
    outer loop
      vertex -0.5 0 48.5
      vertex -0.5361503681284177 -0.8279795561027525 48.5
      vertex -0.5361503681284177 -0.8279795561027525 51.7
    endloop
  endfacet
  facet normal -0.9914448613738105 0.13052619222005107 0
    outer loop
      vertex -0.5361503681284177 -0.8279795561027525 48.5
      vertex -0.6443263463840232 -1.6496576878358382 51.7
      vertex -0.5361503681284177 -0.8279795561027525 51.7
    endloop
  endfacet
  facet normal -0.9990482215818577 0.04361938736533626 3.522421970184678e-19
    outer loop
      vertex -0.5361503681284177 -0.8279795561027525 51.7
      vertex -0.5 0 51.7
      vertex -0.5 0 48.5
    endloop
  endfacet
  facet normal 0.9990482215818577 -0.04361938736533626 3.522421970184678e-19
    outer loop
      vertex -19.5 0 48.5
      vertex -19.463849631871582 0.8279795561027525 48.5
      vertex -19.463849631871582 0.8279795561027525 51.7
    endloop
  endfacet
  facet normal 0.9914448613738105 -0.13052619222005107 -2.3221602897621164e-18
    outer loop
      vertex -19.463849631871582 0.8279795561027525 48.5
      vertex -19.355673653615977 1.6496576878358382 48.5
      vertex -19.355673653615977 1.6496576878358382 51.7
    endloop
  endfacet
  facet normal 0.9990482215818577 -0.04361938736533626 0
    outer loop
      vertex -19.5 0 48.5
      vertex -19.463849631871582 0.8279795561027525 51.7
      vertex -19.5 0 51.7
    endloop
  endfacet
  facet normal 0.9914448613738105 -0.13052619222005107 -2.3221602897621164e-18
    outer loop
      vertex -19.355673653615977 1.6496576878358382 51.7
      vertex -19.463849631871582 0.8279795561027525 51.7
      vertex -19.463849631871582 0.8279795561027525 48.5
    endloop
  endfacet
  facet normal 0.9762960071199331 -0.21643961393810385 3.8703138178964045e-18
    outer loop
      vertex -19.355673653615977 1.6496576878358382 48.5
      vertex -19.176295349746148 2.458780928473947 48.5
      vertex -19.176295349746148 2.458780928473947 51.7
    endloop
  endfacet
  facet normal 0.9537169507482269 -0.30070579950427323 -4.865978275758617e-18
    outer loop
      vertex -19.176295349746148 2.458780928473947 48.5
      vertex -18.92707989746613 3.249191361593853 48.5
      vertex -18.92707989746613 3.249191361593853 51.7
    endloop
  endfacet
  facet normal 0.9762960071199331 -0.21643961393810385 0
    outer loop
      vertex -19.355673653615977 1.6496576878358382 48.5
      vertex -19.176295349746148 2.458780928473947 51.7
      vertex -19.355673653615977 1.6496576878358382 51.7
    endloop
  endfacet
  facet normal 0.9537169507482269 -0.30070579950427323 0
    outer loop
      vertex -19.176295349746148 2.458780928473947 48.5
      vertex -18.92707989746613 3.249191361593853 51.7
      vertex -19.176295349746148 2.458780928473947 51.7
    endloop
  endfacet
  facet normal 0.9238795325112862 -0.38268343236509145 2.190228543224442e-19
    outer loop
      vertex -18.92707989746613 3.249191361593853 48.5
      vertex -18.609923976848172 4.014873486536644 48.5
      vertex -18.609923976848172 4.014873486536644 51.7
    endloop
  endfacet
  facet normal 0.8870108331782218 -0.46174861323503363 1.343754919980059e-18
    outer loop
      vertex -18.609923976848172 4.014873486536644 48.5
      vertex -18.227241335952165 4.75 48.5
      vertex -18.227241335952165 4.75 51.7
    endloop
  endfacet
  facet normal 0.9238795325112862 -0.38268343236509145 0
    outer loop
      vertex -18.92707989746613 3.249191361593853 48.5
      vertex -18.609923976848172 4.014873486536644 51.7
      vertex -18.92707989746613 3.249191361593853 51.7
    endloop
  endfacet
  facet normal 0.8870108331782218 -0.46174861323503363 0
    outer loop
      vertex -18.609923976848172 4.014873486536644 48.5
      vertex -18.227241335952165 4.75 51.7
      vertex -18.609923976848172 4.014873486536644 51.7
    endloop
  endfacet
  facet normal 0.8433914458128864 -0.5372996083468227 0
    outer loop
      vertex -18.227241335952165 4.75 48.5
      vertex -17.781944420745422 5.448976145334937 51.7
      vertex -18.227241335952165 4.75 51.7
    endloop
  endfacet
  facet normal 0.8433914458128864 -0.5372996083468227 6.658468671591757e-18
    outer loop
      vertex -18.227241335952165 4.75 48.5
      vertex -17.781944420745422 5.448976145334937 48.5
      vertex -17.781944420745422 5.448976145334937 51.7
    endloop
  endfacet
  facet normal 0.7933533402912354 -0.6087614290087204 -3.460923617667344e-18
    outer loop
      vertex -17.781944420745422 5.448976145334937 48.5
      vertex -17.27742220963029 6.106482292022123 48.5
      vertex -17.27742220963029 6.106482292022123 51.7
    endloop
  endfacet
  facet normal 0.7372773368101251 -0.675590207615659 -3.413726844954539e-18
    outer loop
      vertex -17.27742220963029 6.106482292022123 48.5
      vertex -16.717514421272202 6.7175144212722016 48.5
      vertex -16.717514421272202 6.7175144212722016 51.7
    endloop
  endfacet
  facet normal 0.7933533402912354 -0.6087614290087204 0
    outer loop
      vertex -17.781944420745422 5.448976145334937 48.5
      vertex -17.27742220963029 6.106482292022123 51.7
      vertex -17.781944420745422 5.448976145334937 51.7
    endloop
  endfacet
  facet normal 0.7372773368101251 -0.675590207615659 0
    outer loop
      vertex -17.27742220963029 6.106482292022123 48.5
      vertex -16.717514421272202 6.7175144212722016 51.7
      vertex -17.27742220963029 6.106482292022123 51.7
    endloop
  endfacet
  facet normal 0.6755902076156586 -0.7372773368101255 0
    outer loop
      vertex -16.717514421272202 6.7175144212722016 48.5
      vertex -16.106482292022122 7.277422209630291 51.7
      vertex -16.717514421272202 6.7175144212722016 51.7
    endloop
  endfacet
  facet normal 0.6755902076156586 -0.7372773368101255 0
    outer loop
      vertex -16.106482292022122 7.277422209630291 48.5
      vertex -16.106482292022122 7.277422209630291 51.7
      vertex -16.717514421272202 6.7175144212722016 48.5
    endloop
  endfacet
  facet normal 0.6087614290087209 -0.7933533402912348 0
    outer loop
      vertex -16.106482292022122 7.277422209630291 48.5
      vertex -15.448976145334937 7.781944420745422 51.7
      vertex -16.106482292022122 7.277422209630291 51.7
    endloop
  endfacet
  facet normal 0.6087614290087209 -0.7933533402912348 -4.975418844834523e-18
    outer loop
      vertex -16.106482292022122 7.277422209630291 48.5
      vertex -15.448976145334937 7.781944420745422 48.5
      vertex -15.448976145334937 7.781944420745422 51.7
    endloop
  endfacet
  facet normal 0.5372996083468241 -0.8433914458128854 0
    outer loop
      vertex -14.75 8.227241335952167 48.5
      vertex -14.75 8.227241335952167 51.7
      vertex -15.448976145334937 7.781944420745422 48.5
    endloop
  endfacet
  facet normal 0.46174861323503325 -0.887010833178222 0
    outer loop
      vertex -14.014873486536644 8.609923976848174 48.5
      vertex -14.014873486536644 8.609923976848174 51.7
      vertex -14.75 8.227241335952167 48.5
    endloop
  endfacet
  facet normal 0.5372996083468241 -0.8433914458128854 0
    outer loop
      vertex -15.448976145334937 7.781944420745422 48.5
      vertex -14.75 8.227241335952167 51.7
      vertex -15.448976145334937 7.781944420745422 51.7
    endloop
  endfacet
  facet normal 0.46174861323503325 -0.887010833178222 0
    outer loop
      vertex -14.75 8.227241335952167 48.5
      vertex -14.014873486536644 8.609923976848174 51.7
      vertex -14.75 8.227241335952167 51.7
    endloop
  endfacet
  facet normal 0.382683432365092 -0.9238795325112859 0
    outer loop
      vertex -14.014873486536644 8.609923976848174 48.5
      vertex -13.249191361593853 8.92707989746613 51.7
      vertex -14.014873486536644 8.609923976848174 51.7
    endloop
  endfacet
  facet normal 0.382683432365092 -0.9238795325112859 -2.1198892534201862e-18
    outer loop
      vertex -14.014873486536644 8.609923976848174 48.5
      vertex -13.249191361593853 8.92707989746613 48.5
      vertex -13.249191361593853 8.92707989746613 51.7
    endloop
  endfacet
  facet normal 0.30070579950427123 -0.9537169507482274 0
    outer loop
      vertex -12.458780928473947 9.176295349746148 51.7
      vertex -13.249191361593853 8.92707989746613 48.5
      vertex -12.458780928473947 9.176295349746148 48.5
    endloop
  endfacet
  facet normal 0.21643961393810357 -0.9762960071199331 0
    outer loop
      vertex -11.649657687835838 9.355673653615977 51.7
      vertex -12.458780928473947 9.176295349746148 48.5
      vertex -11.649657687835838 9.355673653615977 48.5
    endloop
  endfacet
  facet normal 0.30070579950427123 -0.9537169507482274 0
    outer loop
      vertex -13.249191361593853 8.92707989746613 48.5
      vertex -12.458780928473947 9.176295349746148 51.7
      vertex -13.249191361593853 8.92707989746613 51.7
    endloop
  endfacet
  facet normal 0.21643961393810357 -0.9762960071199331 0
    outer loop
      vertex -12.458780928473947 9.176295349746148 51.7
      vertex -12.458780928473947 9.176295349746148 48.5
      vertex -11.649657687835838 9.355673653615977 51.7
    endloop
  endfacet
  facet normal 0.13052619222005113 -0.9914448613738105 0
    outer loop
      vertex -11.649657687835838 9.355673653615977 51.7
      vertex -11.649657687835838 9.355673653615977 48.5
      vertex -10.827979556102752 9.463849631871582 51.7
    endloop
  endfacet
  facet normal 0.13052619222005113 -0.9914448613738105 4.950346603355902e-19
    outer loop
      vertex -11.649657687835838 9.355673653615977 48.5
      vertex -10.827979556102752 9.463849631871582 48.5
      vertex -10.827979556102752 9.463849631871582 51.7
    endloop
  endfacet
  facet normal 0.043619387365336264 -0.9990482215818577 0
    outer loop
      vertex -10 9.5 51.7
      vertex -10.827979556102752 9.463849631871582 48.5
      vertex -10 9.5 48.5
    endloop
  endfacet
  facet normal -0.043619387365336264 -0.9990482215818577 0
    outer loop
      vertex -9.172020443897248 9.463849631871582 51.7
      vertex -10 9.5 48.5
      vertex -9.172020443897248 9.463849631871582 48.5
    endloop
  endfacet
  facet normal 0.043619387365336264 -0.9990482215818577 0
    outer loop
      vertex -10.827979556102752 9.463849631871582 51.7
      vertex -10.827979556102752 9.463849631871582 48.5
      vertex -10 9.5 51.7
    endloop
  endfacet
  facet normal -0.043619387365336264 -0.9990482215818577 0
    outer loop
      vertex -10 9.5 51.7
      vertex -10 9.5 48.5
      vertex -9.172020443897248 9.463849631871582 51.7
    endloop
  endfacet
  facet normal -0.9990482215818577 -0.04361938736533626 0
    outer loop
      vertex -0.5 0 51.7
      vertex -0.5361503681284177 0.8279795561027525 48.5
      vertex -0.5 0 48.5
    endloop
  endfacet
  facet normal -0.9914448613738105 -0.13052619222005107 0
    outer loop
      vertex -0.5361503681284177 0.8279795561027525 51.7
      vertex -0.6443263463840232 1.6496576878358382 48.5
      vertex -0.5361503681284177 0.8279795561027525 48.5
    endloop
  endfacet
  facet normal -0.9990482215818577 -0.04361938736533626 -3.522421970184678e-19
    outer loop
      vertex -0.5 0 51.7
      vertex -0.5361503681284177 0.8279795561027525 51.7
      vertex -0.5361503681284177 0.8279795561027525 48.5
    endloop
  endfacet
  facet normal -0.9914448613738105 -0.13052619222005107 2.3221602897621164e-18
    outer loop
      vertex -0.5361503681284177 0.8279795561027525 51.7
      vertex -0.6443263463840232 1.6496576878358382 51.7
      vertex -0.6443263463840232 1.6496576878358382 48.5
    endloop
  endfacet
  facet normal -0.9762960071199331 -0.21643961393810385 0
    outer loop
      vertex -0.6443263463840232 1.6496576878358382 51.7
      vertex -0.8237046502538519 2.458780928473947 48.5
      vertex -0.6443263463840232 1.6496576878358382 48.5
    endloop
  endfacet
  facet normal -0.9537169507482274 -0.30070579950427123 0
    outer loop
      vertex -0.8237046502538519 2.458780928473947 51.7
      vertex -1.0729201025338693 3.249191361593853 48.5
      vertex -0.8237046502538519 2.458780928473947 48.5
    endloop
  endfacet
  facet normal -0.9762960071199331 -0.21643961393810385 -3.8703138178964045e-18
    outer loop
      vertex -0.6443263463840232 1.6496576878358382 51.7
      vertex -0.8237046502538519 2.458780928473947 51.7
      vertex -0.8237046502538519 2.458780928473947 48.5
    endloop
  endfacet
  facet normal -0.9537169507482274 -0.30070579950427123 5.359921533290473e-19
    outer loop
      vertex -0.8237046502538519 2.458780928473947 51.7
      vertex -1.0729201025338693 3.249191361593853 51.7
      vertex -1.0729201025338693 3.249191361593853 48.5
    endloop
  endfacet
  facet normal -0.6755902076156596 -0.7372773368101245 0
    outer loop
      vertex -3.2824855787277984 6.7175144212722016 51.7
      vertex -3.8935177079778773 7.277422209630291 48.5
      vertex -3.2824855787277984 6.7175144212722016 48.5
    endloop
  endfacet
  facet normal -0.7933533402912354 -0.6087614290087204 0
    outer loop
      vertex -2.218055579254578 5.448976145334937 48.5
      vertex -2.218055579254578 5.448976145334937 51.7
      vertex -2.7225777903697086 6.106482292022123 48.5
    endloop
  endfacet
  facet normal -0.7372773368101245 -0.6755902076156596 0
    outer loop
      vertex -2.7225777903697086 6.106482292022123 51.7
      vertex -3.2824855787277984 6.7175144212722016 48.5
      vertex -2.7225777903697086 6.106482292022123 48.5
    endloop
  endfacet
  facet normal -0.7933533402912354 -0.6087614290087204 3.460923617667344e-18
    outer loop
      vertex -2.218055579254578 5.448976145334937 51.7
      vertex -2.7225777903697086 6.106482292022123 51.7
      vertex -2.7225777903697086 6.106482292022123 48.5
    endloop
  endfacet
  facet normal -0.7372773368101245 -0.6755902076156596 8.091587529889299e-18
    outer loop
      vertex -2.7225777903697086 6.106482292022123 51.7
      vertex -3.2824855787277984 6.7175144212722016 51.7
      vertex -3.2824855787277984 6.7175144212722016 48.5
    endloop
  endfacet
  facet normal -0.9238795325112862 -0.38268343236509145 0
    outer loop
      vertex -1.0729201025338693 3.249191361593853 48.5
      vertex -1.0729201025338693 3.249191361593853 51.7
      vertex -1.3900760231518259 4.014873486536644 48.5
    endloop
  endfacet
  facet normal -0.8870108331782218 -0.46174861323503363 0
    outer loop
      vertex -1.3900760231518259 4.014873486536644 51.7
      vertex -1.7727586640478332 4.75 48.5
      vertex -1.3900760231518259 4.014873486536644 48.5
    endloop
  endfacet
  facet normal -0.8433914458128854 -0.5372996083468241 0
    outer loop
      vertex -1.7727586640478332 4.75 51.7
      vertex -2.218055579254578 5.448976145334937 48.5
      vertex -1.7727586640478332 4.75 48.5
    endloop
  endfacet
  facet normal -0.9238795325112862 -0.38268343236509145 -2.190228543224442e-19
    outer loop
      vertex -1.0729201025338693 3.249191361593853 51.7
      vertex -1.3900760231518259 4.014873486536644 51.7
      vertex -1.3900760231518259 4.014873486536644 48.5
    endloop
  endfacet
  facet normal -0.8433914458128854 -0.5372996083468241 6.586117992103507e-18
    outer loop
      vertex -1.7727586640478332 4.75 51.7
      vertex -2.218055579254578 5.448976145334937 51.7
      vertex -2.218055579254578 5.448976145334937 48.5
    endloop
  endfacet
  facet normal -0.8870108331782218 -0.46174861323503363 -1.343754919980059e-18
    outer loop
      vertex -1.3900760231518259 4.014873486536644 51.7
      vertex -1.7727586640478332 4.75 51.7
      vertex -1.7727586640478332 4.75 48.5
    endloop
  endfacet
  facet normal -0.13052619222005113 -0.9914448613738105 -4.950346603355902e-19
    outer loop
      vertex -9.172020443897248 9.463849631871582 48.5
      vertex -8.350342312164162 9.355673653615977 48.5
      vertex -8.350342312164162 9.355673653615977 51.7
    endloop
  endfacet
  facet normal -0.21643961393810357 -0.9762960071199331 0
    outer loop
      vertex -7.5412190715260525 9.176295349746148 51.7
      vertex -8.350342312164162 9.355673653615977 48.5
      vertex -7.5412190715260525 9.176295349746148 48.5
    endloop
  endfacet
  facet normal -0.30070579950427123 -0.9537169507482274 0
    outer loop
      vertex -6.750808638406147 8.92707989746613 51.7
      vertex -7.5412190715260525 9.176295349746148 48.5
      vertex -6.750808638406147 8.92707989746613 48.5
    endloop
  endfacet
  facet normal -0.13052619222005113 -0.9914448613738105 0
    outer loop
      vertex -9.172020443897248 9.463849631871582 51.7
      vertex -9.172020443897248 9.463849631871582 48.5
      vertex -8.350342312164162 9.355673653615977 51.7
    endloop
  endfacet
  facet normal -0.21643961393810357 -0.9762960071199331 0
    outer loop
      vertex -8.350342312164162 9.355673653615977 51.7
      vertex -8.350342312164162 9.355673653615977 48.5
      vertex -7.5412190715260525 9.176295349746148 51.7
    endloop
  endfacet
  facet normal -0.30070579950427123 -0.9537169507482274 0
    outer loop
      vertex -7.5412190715260525 9.176295349746148 51.7
      vertex -7.5412190715260525 9.176295349746148 48.5
      vertex -6.750808638406147 8.92707989746613 51.7
    endloop
  endfacet
  facet normal -0.3826834323650916 -0.923879532511286 5.606145149250985e-19
    outer loop
      vertex -6.750808638406147 8.92707989746613 48.5
      vertex -5.985126513463356 8.609923976848174 48.5
      vertex -5.985126513463356 8.609923976848174 51.7
    endloop
  endfacet
  facet normal -0.46174861323503363 -0.8870108331782218 0
    outer loop
      vertex -5.25 8.227241335952167 51.7
      vertex -5.985126513463356 8.609923976848174 48.5
      vertex -5.25 8.227241335952167 48.5
    endloop
  endfacet
  facet normal -0.5372996083468241 -0.8433914458128854 0
    outer loop
      vertex -4.551023854665063 7.781944420745422 51.7
      vertex -5.25 8.227241335952167 48.5
      vertex -4.551023854665063 7.781944420745422 48.5
    endloop
  endfacet
  facet normal -0.46174861323503363 -0.8870108331782218 0
    outer loop
      vertex -5.985126513463356 8.609923976848174 51.7
      vertex -5.985126513463356 8.609923976848174 48.5
      vertex -5.25 8.227241335952167 51.7
    endloop
  endfacet
  facet normal -0.5372996083468241 -0.8433914458128854 0
    outer loop
      vertex -5.25 8.227241335952167 51.7
      vertex -5.25 8.227241335952167 48.5
      vertex -4.551023854665063 7.781944420745422 51.7
    endloop
  endfacet
  facet normal -0.3826834323650916 -0.923879532511286 0
    outer loop
      vertex -6.750808638406147 8.92707989746613 51.7
      vertex -6.750808638406147 8.92707989746613 48.5
      vertex -5.985126513463356 8.609923976848174 51.7
    endloop
  endfacet
  facet normal -0.6087614290087204 -0.7933533402912354 3.460923617667344e-18
    outer loop
      vertex -4.551023854665063 7.781944420745422 48.5
      vertex -3.8935177079778773 7.277422209630291 48.5
      vertex -3.8935177079778773 7.277422209630291 51.7
    endloop
  endfacet
  facet normal -0.6087614290087204 -0.7933533402912354 0
    outer loop
      vertex -4.551023854665063 7.781944420745422 51.7
      vertex -4.551023854665063 7.781944420745422 48.5
      vertex -3.8935177079778773 7.277422209630291 51.7
    endloop
  endfacet
  facet normal -0.6755902076156596 -0.7372773368101245 0
    outer loop
      vertex -3.8935177079778773 7.277422209630291 51.7
      vertex -3.8935177079778773 7.277422209630291 48.5
      vertex -3.2824855787277984 6.7175144212722016 51.7
    endloop
  endfacet
endsolid OpenSCAD_Model
