solid OpenSCAD_Model
  facet normal -0.5367165380330551 -0.8032530637381528 -0.258301903587804
    outer loop
      vertex -26.18847116824194 -6.8192619621844495 0.965891613580645
      vertex -26.31647709861879 -6.733731133979654 0.965891613580645
      vertex -26.168158077697065 -6.784078657301979 0.8142726416362045
    endloop
  endfacet
  facet normal -0.4272792898483858 -0.8664366884369427 -0.25830190358780436
    outer loop
      vertex -26.034849366598127 -6.849819238430548 0.8142726416362045
      vertex -26.05039633302144 -6.887352935623465 0.965891613580645
      vertex -26.168158077697065 -6.784078657301979 0.8142726416362045
    endloop
  endfacet
  facet normal -0.310531174550216 -0.9147953411749429 -0.25830190358780397
    outer loop
      vertex -26.034849366598127 -6.849819238430548 0.8142726416362045
      vertex -25.89410026227368 -6.897597121324689 0.8142726416362045
      vertex -26.05039633302144 -6.887352935623465 0.965891613580645
    endloop
  endfacet
  facet normal -0.29706440335869355 -0.8751235125267646 -0.38198374059632584
    outer loop
      vertex -26.0118620069493 -6.794322843003203 0.6692535717371975
      vertex -25.89410026227368 -6.897597121324689 0.8142726416362045
      vertex -26.034849366598127 -6.849819238430548 0.8142726416362045
    endloop
  endfacet
  facet normal -0.4087495160194013 -0.828862024147532 -0.381983740596326
    outer loop
      vertex -26.0118620069493 -6.794322843003203 0.6692535717371975
      vertex -26.034849366598127 -6.849819238430548 0.8142726416362045
      vertex -26.168158077697065 -6.784078657301979 0.8142726416362045
    endloop
  endfacet
  facet normal -0.42727928984838603 -0.8664366884369427 -0.25830190358780425
    outer loop
      vertex -26.18847116824194 -6.8192619621844495 0.965891613580645
      vertex -26.168158077697065 -6.784078657301979 0.8142726416362045
      vertex -26.05039633302144 -6.887352935623465 0.965891613580645
    endloop
  endfacet
  facet normal -0.35116966187339754 -0.7121016303436322 -0.6079400765220737
    outer loop
      vertex -25.981827574171852 -6.721813308053699 0.5333157203764767
      vertex -26.098881767381528 -6.664088568074563 0.5333157203764767
      vertex -25.94525996573772 -6.633531291828464 0.4087850218799165
    endloop
  endfacet
  facet normal -0.3511696618733976 -0.712101630343632 -0.6079400765220737
    outer loop
      vertex -26.05110388448739 -6.581334847423835 0.4087850218799165
      vertex -25.94525996573772 -6.633531291828464 0.4087850218799165
      vertex -26.098881767381528 -6.664088568074563 0.5333157203764767
    endloop
  endfacet
  facet normal -0.3130803169961156 -0.6348640795793185 -0.7063485793639827
    outer loop
      vertex -26.05110388448739 -6.581334847423835 0.4087850218799165
      vertex -25.902784863565664 -6.53098732410151 0.2977922310252268
      vertex -25.94525996573772 -6.633531291828464 0.4087850218799165
    endloop
  endfacet
  facet normal -0.4411132710172046 -0.6601726633925695 -0.6079400765220725
    outer loop
      vertex -26.05110388448739 -6.581334847423835 0.4087850218799165
      vertex -26.098881767381528 -6.664088568074563 0.5333157203764767
      vertex -26.20739995523515 -6.5915790331250586 0.5333157203764767
    endloop
  endfacet
  facet normal -0.44111327101720627 -0.6601726633925666 -0.6079400765220743
    outer loop
      vertex -26.05110388448739 -6.581334847423835 0.4087850218799165
      vertex -26.20739995523515 -6.5915790331250586 0.5333157203764767
      vertex -26.149229290703854 -6.515769547152839 0.4087850218799165
    endloop
  endfacet
  facet normal -0.6369704174460532 -0.726325556414969 -0.2583019035878106
    outer loop
      vertex -26.43222390719329 -6.632223907193288 0.965891613580645
      vertex -26.403496859051014 -6.603496859051013 0.8142726416362045
      vertex -26.31647709861879 -6.733731133979654 0.965891613580645
    endloop
  endfacet
  facet normal -0.7263255564149638 -0.6369704174460588 -0.2583019035878112
    outer loop
      vertex -26.43222390719329 -6.632223907193288 0.965891613580645
      vertex -26.501500217508827 -6.491745446563424 0.8142726416362045
      vertex -26.403496859051014 -6.603496859051013 0.8142726416362045
    endloop
  endfacet
  facet normal -0.5134408111342458 -0.768418476731165 -0.3819837405963291
    outer loop
      vertex -26.168158077697065 -6.784078657301979 0.8142726416362045
      vertex -26.255177838129292 -6.653844382373339 0.6692535717371975
      vertex -26.138123644919613 -6.732057493754923 0.6692535717371975
    endloop
  endfacet
  facet normal -0.4087495160194031 -0.8288620241475302 -0.38198374059632806
    outer loop
      vertex -26.0118620069493 -6.794322843003203 0.6692535717371975
      vertex -26.168158077697065 -6.784078657301979 0.8142726416362045
      vertex -26.138123644919613 -6.732057493754923 0.6692535717371975
    endloop
  endfacet
  facet normal -0.38323821235150907 -0.7771302178258093 -0.4991964514453504
    outer loop
      vertex -26.0118620069493 -6.794322843003203 0.6692535717371975
      vertex -26.138123644919613 -6.732057493754923 0.6692535717371975
      vertex -25.981827574171852 -6.721813308053699 0.5333157203764767
    endloop
  endfacet
  facet normal -0.38323821235150946 -0.7771302178258087 -0.49919645144535085
    outer loop
      vertex -26.138123644919613 -6.732057493754923 0.6692535717371975
      vertex -26.098881767381528 -6.664088568074563 0.5333157203764767
      vertex -25.981827574171852 -6.721813308053699 0.5333157203764767
    endloop
  endfacet
  facet normal -0.48139540450992635 -0.7204591365102492 -0.49919645144535074
    outer loop
      vertex -26.138123644919613 -6.732057493754923 0.6692535717371975
      vertex -26.255177838129292 -6.653844382373339 0.6692535717371975
      vertex -26.098881767381528 -6.664088568074563 0.5333157203764767
    endloop
  endfacet
  facet normal -0.5367165380330596 -0.8032530637381478 -0.25830190358781013
    outer loop
      vertex -26.168158077697065 -6.784078657301979 0.8142726416362045
      vertex -26.31647709861879 -6.733731133979654 0.965891613580645
      vertex -26.291745446563425 -6.7015002175088245 0.8142726416362045
    endloop
  endfacet
  facet normal -0.6369704174460522 -0.7263255564149694 -0.2583019035878116
    outer loop
      vertex -26.403496859051014 -6.603496859051013 0.8142726416362045
      vertex -26.291745446563425 -6.7015002175088245 0.8142726416362045
      vertex -26.31647709861879 -6.733731133979654 0.965891613580645
    endloop
  endfacet
  facet normal -0.5134408111342517 -0.7684184767311635 -0.3819837405963243
    outer loop
      vertex -26.168158077697065 -6.784078657301979 0.8142726416362045
      vertex -26.291745446563425 -6.7015002175088245 0.8142726416362045
      vertex -26.255177838129292 -6.653844382373339 0.6692535717371975
    endloop
  endfacet
  facet normal -0.4813954045099303 -0.7204591365102431 -0.49919645144535574
    outer loop
      vertex -26.255177838129292 -6.653844382373339 0.6692535717371975
      vertex -26.20739995523515 -6.5915790331250586 0.5333157203764767
      vertex -26.098881767381528 -6.664088568074563 0.5333157203764767
    endloop
  endfacet
  facet normal -0.6093469916179073 -0.6948270761320737 -0.38198374059632356
    outer loop
      vertex -26.291745446563425 -6.7015002175088245 0.8142726416362045
      vertex -26.361021756878962 -6.56102175687896 0.6692535717371975
      vertex -26.255177838129292 -6.653844382373339 0.6692535717371975
    endloop
  endfacet
  facet normal -0.571315787829157 -0.6514607996199876 -0.49919645144535646
    outer loop
      vertex -26.255177838129292 -6.653844382373339 0.6692535717371975
      vertex -26.30552536145162 -6.505525361451615 0.5333157203764767
      vertex -26.20739995523515 -6.5915790331250586 0.5333157203764767
    endloop
  endfacet
  facet normal -0.5713157878291687 -0.6514607996199837 -0.49919645144534797
    outer loop
      vertex -26.255177838129292 -6.653844382373339 0.6692535717371975
      vertex -26.361021756878962 -6.56102175687896 0.6692535717371975
      vertex -26.30552536145162 -6.505525361451615 0.5333157203764767
    endloop
  endfacet
  facet normal -0.60934699161791 -0.6948270761320726 -0.38198374059632123
    outer loop
      vertex -26.403496859051014 -6.603496859051013 0.8142726416362045
      vertex -26.361021756878962 -6.56102175687896 0.6692535717371975
      vertex -26.291745446563425 -6.7015002175088245 0.8142726416362045
    endloop
  endfacet
  facet normal -0.06044354741636752 -0.9221903271536537 -0.3819837405963275
    outer loop
      vertex -25.748319020921727 -6.926594813161551 0.8142726416362045
      vertex -25.740478460629866 -6.86703984507859 0.6692535717371975
      vertex -25.6 -6.876247289839226 0.6692535717371975
    endloop
  endfacet
  facet normal -0.18846978475997114 -0.9475015919962598 -0.258301903587804
    outer loop
      vertex -25.753621801643813 -6.966873431640225 0.965891613580645
      vertex -25.89410026227368 -6.897597121324689 0.8142726416362045
      vertex -25.748319020921727 -6.926594813161551 0.8142726416362045
    endloop
  endfacet
  facet normal -0.3105311745502114 -0.9147953411749458 -0.25830190358779903
    outer loop
      vertex -26.05039633302144 -6.887352935623465 0.965891613580645
      vertex -25.89410026227368 -6.897597121324689 0.8142726416362045
      vertex -25.904615091669488 -6.9368389988627746 0.965891613580645
    endloop
  endfacet
  facet normal -0.18846978475997536 -0.9475015919962602 -0.25830190358780025
    outer loop
      vertex -25.753621801643813 -6.966873431640225 0.965891613580645
      vertex -25.904615091669488 -6.9368389988627746 0.965891613580645
      vertex -25.89410026227368 -6.897597121324689 0.8142726416362045
    endloop
  endfacet
  facet normal -0.0631836246987913 -0.963995827881448 -0.2583019035878057
    outer loop
      vertex -25.6 -6.9769423364838765 0.965891613580645
      vertex -25.748319020921727 -6.926594813161551 0.8142726416362045
      vertex -25.6 -6.936316155394127 0.8142726416362045
    endloop
  endfacet
  facet normal -0.06318362469879242 -0.9639958278814482 -0.25830190358780475
    outer loop
      vertex -25.753621801643813 -6.966873431640225 0.965891613580645
      vertex -25.748319020921727 -6.926594813161551 0.8142726416362045
      vertex -25.6 -6.9769423364838765 0.965891613580645
    endloop
  endfacet
  facet normal -0.06044354741636679 -0.9221903271536541 -0.38198374059632695
    outer loop
      vertex -25.748319020921727 -6.926594813161551 0.8142726416362045
      vertex -25.6 -6.876247289839226 0.6692535717371975
      vertex -25.6 -6.936316155394127 0.8142726416362045
    endloop
  endfacet
  facet normal -0.29706440335869316 -0.8751235125267647 -0.3819837405963262
    outer loop
      vertex -26.0118620069493 -6.794322843003203 0.6692535717371975
      vertex -25.878553295850367 -6.839575052729325 0.6692535717371975
      vertex -25.89410026227368 -6.897597121324689 0.8142726416362045
    endloop
  endfacet
  facet normal -0.18029643639468945 -0.9064113949765926 -0.3819837405963286
    outer loop
      vertex -25.748319020921727 -6.926594813161551 0.8142726416362045
      vertex -25.878553295850367 -6.839575052729325 0.6692535717371975
      vertex -25.740478460629866 -6.86703984507859 0.6692535717371975
    endloop
  endfacet
  facet normal -0.16904358603318476 -0.8498394959552116 -0.49919645144535335
    outer loop
      vertex -25.878553295850367 -6.839575052729325 0.6692535717371975
      vertex -25.858240205305492 -6.763765566757105 0.5333157203764767
      vertex -25.73023427492864 -6.7892275294069995 0.5333157203764767
    endloop
  endfacet
  facet normal -0.2785237081260513 -0.820504385653168 -0.49919645144535196
    outer loop
      vertex -26.0118620069493 -6.794322843003203 0.6692535717371975
      vertex -25.981827574171852 -6.721813308053699 0.5333157203764767
      vertex -25.878553295850367 -6.839575052729325 0.6692535717371975
    endloop
  endfacet
  facet normal -0.16904358603318387 -0.8498394959552122 -0.4991964514453527
    outer loop
      vertex -25.878553295850367 -6.839575052729325 0.6692535717371975
      vertex -25.73023427492864 -6.7892275294069995 0.5333157203764767
      vertex -25.740478460629866 -6.86703984507859 0.6692535717371975
    endloop
  endfacet
  facet normal -0.056671081315562324 -0.8646336168614389 -0.4991964514453517
    outer loop
      vertex -25.740478460629866 -6.86703984507859 0.6692535717371975
      vertex -25.73023427492864 -6.7892275294069995 0.5333157203764767
      vertex -25.6 -6.876247289839226 0.6692535717371975
    endloop
  endfacet
  facet normal -0.05667108131556125 -0.8646336168614386 -0.4991964514453526
    outer loop
      vertex -25.6 -6.876247289839226 0.6692535717371975
      vertex -25.73023427492864 -6.7892275294069995 0.5333157203764767
      vertex -25.6 -6.797763534763054 0.5333157203764767
    endloop
  endfacet
  facet normal -0.18029643639469267 -0.9064113949765932 -0.3819837405963259
    outer loop
      vertex -25.89410026227368 -6.897597121324689 0.8142726416362045
      vertex -25.878553295850367 -6.839575052729325 0.6692535717371975
      vertex -25.748319020921727 -6.926594813161551 0.8142726416362045
    endloop
  endfacet
  facet normal -0.15489838183122442 -0.7787267522465113 -0.6079400765220768
    outer loop
      vertex -25.73023427492864 -6.7892275294069995 0.5333157203764767
      vertex -25.858240205305492 -6.763765566757105 0.5333157203764767
      vertex -25.717761744675627 -6.694489256441568 0.4087850218799165
    endloop
  endfacet
  facet normal -0.255217442452316 -0.7518463409676431 -0.6079400765220743
    outer loop
      vertex -25.981827574171852 -6.721813308053699 0.5333157203764767
      vertex -25.94525996573772 -6.633531291828464 0.4087850218799165
      vertex -25.858240205305492 -6.763765566757105 0.5333157203764767
    endloop
  endfacet
  facet normal -0.25521744245230715 -0.751846340967642 -0.6079400765220793
    outer loop
      vertex -25.833508553250127 -6.6714657847313745 0.4087850218799165
      vertex -25.858240205305492 -6.763765566757105 0.5333157203764767
      vertex -25.94525996573772 -6.633531291828464 0.4087850218799165
    endloop
  endfacet
  facet normal -0.1548983818312259 -0.7787267522465102 -0.6079400765220779
    outer loop
      vertex -25.833508553250127 -6.6714657847313745 0.4087850218799165
      vertex -25.717761744675627 -6.694489256441568 0.4087850218799165
      vertex -25.858240205305492 -6.763765566757105 0.5333157203764767
    endloop
  endfacet
  facet normal -0.05192896695106549 -0.7922829328905963 -0.6079400765220778
    outer loop
      vertex -25.73023427492864 -6.7892275294069995 0.5333157203764767
      vertex -25.717761744675627 -6.694489256441568 0.4087850218799165
      vertex -25.6 -6.702207768974773 0.4087850218799165
    endloop
  endfacet
  facet normal -0.05192896695106154 -0.7922829328905987 -0.6079400765220753
    outer loop
      vertex -25.73023427492864 -6.7892275294069995 0.5333157203764767
      vertex -25.6 -6.702207768974773 0.4087850218799165
      vertex -25.6 -6.797763534763054 0.5333157203764767
    endloop
  endfacet
  facet normal -0.22753548059830328 -0.6702979110062848 -0.706348579363978
    outer loop
      vertex -25.833508553250127 -6.6714657847313745 0.4087850218799165
      vertex -25.94525996573772 -6.633531291828464 0.4087850218799165
      vertex -25.804781505107854 -6.564254981512928 0.2977922310252268
    endloop
  endfacet
  facet normal -0.13809744904270657 -0.6942627593342351 -0.7063485793639789
    outer loop
      vertex -25.833508553250127 -6.6714657847313745 0.4087850218799165
      vertex -25.804781505107854 -6.564254981512928 0.2977922310252268
      vertex -25.717761744675627 -6.694489256441568 0.4087850218799165
    endloop
  endfacet
  facet normal -0.2275354805983097 -0.6702979110062783 -0.706348579363982
    outer loop
      vertex -25.94525996573772 -6.633531291828464 0.4087850218799165
      vertex -25.902784863565664 -6.53098732410151 0.2977922310252268
      vertex -25.804781505107854 -6.564254981512928 0.2977922310252268
    endloop
  endfacet
  facet normal -0.046296531846141555 -0.706348579363975 -0.7063485793639807
    outer loop
      vertex -25.717761744675627 -6.694489256441568 0.4087850218799165
      vertex -25.703274278321487 -6.584446024299147 0.2977922310252268
      vertex -25.6 -6.702207768974773 0.4087850218799165
    endloop
  endfacet
  facet normal -0.04629653184614154 -0.706348579363975 -0.7063485793639807
    outer loop
      vertex -25.6 -6.702207768974773 0.4087850218799165
      vertex -25.703274278321487 -6.584446024299147 0.2977922310252268
      vertex -25.6 -6.591214978120083 0.2977922310252268
    endloop
  endfacet
  facet normal -0.13809744904270194 -0.6942627593342336 -0.7063485793639809
    outer loop
      vertex -25.717761744675627 -6.694489256441568 0.4087850218799165
      vertex -25.804781505107854 -6.564254981512928 0.2977922310252268
      vertex -25.703274278321487 -6.584446024299147 0.2977922310252268
    endloop
  endfacet
  facet normal -0.2785237081260496 -0.8205043856531677 -0.499196451445353
    outer loop
      vertex -25.981827574171852 -6.721813308053699 0.5333157203764767
      vertex -25.858240205305492 -6.763765566757105 0.5333157203764767
      vertex -25.878553295850367 -6.839575052729325 0.6692535717371975
    endloop
  endfacet
  facet normal -0.3187011193708738 -0.938863222508994 -0.130251471898706
    outer loop
      vertex -26.05039633302144 -6.887352935623465 0.965891613580645
      vertex -25.909917872391574 -6.956629245939002 1.1215162449238285
      vertex -26.0582368933133 -6.906281722616676 1.1215162449238285
    endloop
  endfacet
  facet normal -0.5508373247992079 -0.8243863145857476 -0.1302514718987117
    outer loop
      vertex -26.18847116824194 -6.8192619621844495 0.965891613580645
      vertex -26.198715353943165 -6.83700541230114 1.1215162449238285
      vertex -26.31647709861879 -6.733731133979654 0.965891613580645
    endloop
  endfacet
  facet normal -0.4385208285638725 -0.8892322739216537 -0.13025147189870703
    outer loop
      vertex -26.05039633302144 -6.887352935623465 0.965891613580645
      vertex -26.0582368933133 -6.906281722616676 1.1215162449238285
      vertex -26.198715353943165 -6.83700541230114 1.1215162449238285
    endloop
  endfacet
  facet normal -0.4385208285638757 -0.8892322739216516 -0.13025147189871086
    outer loop
      vertex -26.18847116824194 -6.8192619621844495 0.965891613580645
      vertex -26.05039633302144 -6.887352935623465 0.965891613580645
      vertex -26.198715353943165 -6.83700541230114 1.1215162449238285
    endloop
  endfacet
  facet normal -0.65372884168628 -0.745434876844205 -0.130251471898707
    outer loop
      vertex -26.43222390719329 -6.632223907193288 0.965891613580645
      vertex -26.31647709861879 -6.733731133979654 0.965891613580645
      vertex -26.44671137354743 -6.6467113735474275 1.1215162449238285
    endloop
  endfacet
  facet normal -0.7454348768442093 -0.6537288416862763 -0.13025147189870093
    outer loop
      vertex -26.44671137354743 -6.6467113735474275 1.1215162449238285
      vertex -26.549985651868916 -6.5289496288718025 1.1215162449238285
      vertex -26.533731133979657 -6.516477098618787 0.965891613580645
    endloop
  endfacet
  facet normal -0.7454348768442043 -0.6537288416862808 -0.13025147189870753
    outer loop
      vertex -26.43222390719329 -6.632223907193288 0.965891613580645
      vertex -26.44671137354743 -6.6467113735474275 1.1215162449238285
      vertex -26.533731133979657 -6.516477098618787 0.965891613580645
    endloop
  endfacet
  facet normal -0.5508373247992194 -0.8243863145857417 -0.13025147189869898
    outer loop
      vertex -26.31647709861879 -6.733731133979654 0.965891613580645
      vertex -26.198715353943165 -6.83700541230114 1.1215162449238285
      vertex -26.328949628871804 -6.749985651868913 1.1215162449238285
    endloop
  endfacet
  facet normal -0.6537288416862738 -0.7454348768442121 -0.13025147189869776
    outer loop
      vertex -26.31647709861879 -6.733731133979654 0.965891613580645
      vertex -26.328949628871804 -6.749985651868913 1.1215162449238285
      vertex -26.44671137354743 -6.6467113735474275 1.1215162449238285
    endloop
  endfacet
  facet normal -0.19342834566479009 -0.972429961057146 -0.13025147189870814
    outer loop
      vertex -25.753621801643813 -6.966873431640225 0.965891613580645
      vertex -25.909917872391574 -6.956629245939002 1.1215162449238285
      vertex -25.904615091669488 -6.9368389988627746 0.965891613580645
    endloop
  endfacet
  facet normal -0.19342834566478448 -0.9724299610571481 -0.13025147189870237
    outer loop
      vertex -25.753621801643813 -6.966873431640225 0.965891613580645
      vertex -25.756296070747766 -6.9871865221851 1.1215162449238285
      vertex -25.909917872391574 -6.956629245939002 1.1215162449238285
    endloop
  endfacet
  facet normal -0.3187011193708725 -0.9388632225089941 -0.13025147189870726
    outer loop
      vertex -26.05039633302144 -6.887352935623465 0.965891613580645
      vertex -25.904615091669488 -6.9368389988627746 0.965891613580645
      vertex -25.909917872391574 -6.956629245939002 1.1215162449238285
    endloop
  endfacet
  facet normal -0.06484595933590648 -0.9893581533630916 -0.1302514718987043
    outer loop
      vertex -25.753621801643813 -6.966873431640225 0.965891613580645
      vertex -25.6 -6.9769423364838765 0.965891613580645
      vertex -25.6 -6.997430707886324 1.1215162449238285
    endloop
  endfacet
  facet normal -0.064845959335909 -0.9893581533630919 -0.13025147189870184
    outer loop
      vertex -25.753621801643813 -6.966873431640225 0.965891613580645
      vertex -25.6 -6.997430707886324 1.1215162449238285
      vertex -25.756296070747766 -6.9871865221851 1.1215162449238285
    endloop
  endfacet
  facet normal -0.5235093097941937 -0.5969479591364236 -0.6079400765220745
    outer loop
      vertex -26.20739995523515 -6.5915790331250586 0.5333157203764767
      vertex -26.30552536145162 -6.505525361451615 0.5333157203764767
      vertex -26.149229290703854 -6.515769547152839 0.4087850218799165
    endloop
  endfacet
  facet normal -0.523509309794198 -0.5969479591364134 -0.6079400765220807
    outer loop
      vertex -26.149229290703854 -6.515769547152839 0.4087850218799165
      vertex -26.30552536145162 -6.505525361451615 0.5333157203764767
      vertex -26.23795723148125 -6.437957231481247 0.4087850218799165
    endloop
  endfacet
  facet normal -0.3932682623678617 -0.5885675477331782 -0.706348579363982
    outer loop
      vertex -26.05110388448739 -6.581334847423835 0.4087850218799165
      vertex -26.149229290703854 -6.515769547152839 0.4087850218799165
      vertex -26.081661160733486 -6.427713045780024 0.2977922310252268
    endloop
  endfacet
  facet normal -0.3130803169961157 -0.6348640795793185 -0.7063485793639828
    outer loop
      vertex -26.05110388448739 -6.581334847423835 0.4087850218799165
      vertex -25.995607489060042 -6.48521227090674 0.2977922310252268
      vertex -25.902784863565664 -6.53098732410151 0.2977922310252268
    endloop
  endfacet
  facet normal -0.3932682623678585 -0.5885675477331785 -0.7063485793639835
    outer loop
      vertex -26.05110388448739 -6.581334847423835 0.4087850218799165
      vertex -26.081661160733486 -6.427713045780024 0.2977922310252268
      vertex -25.995607489060042 -6.48521227090674 0.2977922310252268
    endloop
  endfacet
  facet normal -0.33866593865367606 -0.5068493954076022 -0.7927225696110669
    outer loop
      vertex -26.081661160733486 -6.427713045780024 0.2977922310252268
      vertex -26.005851674761267 -6.328916200158977 0.20223646523694505
      vertex -25.933342139811764 -6.377365522457699 0.20223646523694505
    endloop
  endfacet
  facet normal -0.46672727873592984 -0.5322004619635765 -0.7063485793639777
    outer loop
      vertex -26.149229290703854 -6.515769547152839 0.4087850218799165
      vertex -26.23795723148125 -6.437957231481247 0.4087850218799165
      vertex -26.15947347640508 -6.359473476405076 0.2977922310252268
    endloop
  endfacet
  facet normal -0.5969479591364126 -0.5235093097941984 -0.607940076522081
    outer loop
      vertex -26.23795723148125 -6.437957231481247 0.4087850218799165
      vertex -26.30552536145162 -6.505525361451615 0.5333157203764767
      vertex -26.391579033125062 -6.4073999552351495 0.5333157203764767
    endloop
  endfacet
  facet normal -0.5969479591364144 -0.5235093097941923 -0.6079400765220848
    outer loop
      vertex -26.23795723148125 -6.437957231481247 0.4087850218799165
      vertex -26.391579033125062 -6.4073999552351495 0.5333157203764767
      vertex -26.31576954715284 -6.349229290703852 0.4087850218799165
    endloop
  endfacet
  facet normal -0.5322004619635797 -0.4667272787359268 -0.7063485793639772
    outer loop
      vertex -26.23795723148125 -6.437957231481247 0.4087850218799165
      vertex -26.31576954715284 -6.349229290703852 0.4087850218799165
      vertex -26.15947347640508 -6.359473476405076 0.2977922310252268
    endloop
  endfacet
  facet normal -0.46672727873591924 -0.5322004619635793 -0.7063485793639824
    outer loop
      vertex -26.149229290703854 -6.515769547152839 0.4087850218799165
      vertex -26.15947347640508 -6.359473476405076 0.2977922310252268
      vertex -26.081661160733486 -6.427713045780024 0.2977922310252268
    endloop
  endfacet
  facet normal -0.3386659386536745 -0.5068493954076048 -0.7927225696110659
    outer loop
      vertex -25.995607489060042 -6.48521227090674 0.2977922310252268
      vertex -26.081661160733486 -6.427713045780024 0.2977922310252268
      vertex -25.933342139811764 -6.377365522457699 0.20223646523694505
    endloop
  endfacet
  facet normal -0.4019257262121067 -0.4583084531602034 -0.7927225696110665
    outer loop
      vertex -26.081661160733486 -6.427713045780024 0.2977922310252268
      vertex -26.15947347640508 -6.359473476405076 0.2977922310252268
      vertex -26.005851674761267 -6.328916200158977 0.20223646523694505
    endloop
  endfacet
  facet normal -0.6948270761320735 -0.6093469916179013 -0.3819837405963337
    outer loop
      vertex -26.361021756878962 -6.56102175687896 0.6692535717371975
      vertex -26.501500217508827 -6.491745446563424 0.8142726416362045
      vertex -26.45384438237334 -6.4551778381292895 0.6692535717371975
    endloop
  endfacet
  facet normal -0.651460799619988 -0.571315787829167 -0.4991964514453442
    outer loop
      vertex -26.361021756878962 -6.56102175687896 0.6692535717371975
      vertex -26.45384438237334 -6.4551778381292895 0.6692535717371975
      vertex -26.391579033125062 -6.4073999552351495 0.5333157203764767
    endloop
  endfacet
  facet normal -0.6948270761320674 -0.6093469916179165 -0.38198374059632056
    outer loop
      vertex -26.403496859051014 -6.603496859051013 0.8142726416362045
      vertex -26.501500217508827 -6.491745446563424 0.8142726416362045
      vertex -26.361021756878962 -6.56102175687896 0.6692535717371975
    endloop
  endfacet
  facet normal -0.7263255564149693 -0.636970417446055 -0.2583019035878051
    outer loop
      vertex -26.43222390719329 -6.632223907193288 0.965891613580645
      vertex -26.533731133979657 -6.516477098618787 0.965891613580645
      vertex -26.501500217508827 -6.491745446563424 0.8142726416362045
    endloop
  endfacet
  facet normal -0.803253063738149 -0.5367165380330602 -0.25830190358780575
    outer loop
      vertex -26.533731133979657 -6.516477098618787 0.965891613580645
      vertex -26.619261962184453 -6.388471168241938 0.965891613580645
      vertex -26.501500217508827 -6.491745446563424 0.8142726416362045
    endloop
  endfacet
  facet normal -0.7684184767311653 -0.5134408111342421 -0.3819837405963334
    outer loop
      vertex -26.45384438237334 -6.4551778381292895 0.6692535717371975
      vertex -26.501500217508827 -6.491745446563424 0.8142726416362045
      vertex -26.532057493754923 -6.338123644919612 0.6692535717371975
    endloop
  endfacet
  facet normal -0.7204591365102515 -0.48139540450993 -0.49919645144534375
    outer loop
      vertex -26.45384438237334 -6.4551778381292895 0.6692535717371975
      vertex -26.464088568074565 -6.298881767381527 0.5333157203764767
      vertex -26.391579033125062 -6.4073999552351495 0.5333157203764767
    endloop
  endfacet
  facet normal -0.720459136510256 -0.4813954045099273 -0.49919645144534025
    outer loop
      vertex -26.45384438237334 -6.4551778381292895 0.6692535717371975
      vertex -26.532057493754923 -6.338123644919612 0.6692535717371975
      vertex -26.464088568074565 -6.298881767381527 0.5333157203764767
    endloop
  endfacet
  facet normal -0.7684184767311683 -0.51344081113424 -0.38198374059633067
    outer loop
      vertex -26.501500217508827 -6.491745446563424 0.8142726416362045
      vertex -26.58407865730198 -6.368158077697063 0.8142726416362045
      vertex -26.532057493754923 -6.338123644919612 0.6692535717371975
    endloop
  endfacet
  facet normal -0.8032530637381532 -0.5367165380330479 -0.2583019035878173
    outer loop
      vertex -26.501500217508827 -6.491745446563424 0.8142726416362045
      vertex -26.619261962184453 -6.388471168241938 0.965891613580645
      vertex -26.58407865730198 -6.368158077697063 0.8142726416362045
    endloop
  endfacet
  facet normal -0.6514607996199837 -0.5713157878291691 -0.4991964514453476
    outer loop
      vertex -26.361021756878962 -6.56102175687896 0.6692535717371975
      vertex -26.391579033125062 -6.4073999552351495 0.5333157203764767
      vertex -26.30552536145162 -6.505525361451615 0.5333157203764767
    endloop
  endfacet
  facet normal -0.6601726633925662 -0.441113271017197 -0.6079400765220814
    outer loop
      vertex -26.391579033125062 -6.4073999552351495 0.5333157203764767
      vertex -26.464088568074565 -6.298881767381527 0.5333157203764767
      vertex -26.381334847423837 -6.251103884487386 0.4087850218799165
    endloop
  endfacet
  facet normal -0.7121016303436309 -0.3511696618733916 -0.6079400765220786
    outer loop
      vertex -26.433531291828466 -6.145259965737716 0.4087850218799165
      vertex -26.464088568074565 -6.298881767381527 0.5333157203764767
      vertex -26.5218133080537 -6.18182757417185 0.5333157203764767
    endloop
  endfacet
  facet normal -0.7121016303436266 -0.3511696618733949 -0.6079400765220817
    outer loop
      vertex -26.381334847423837 -6.251103884487386 0.4087850218799165
      vertex -26.464088568074565 -6.298881767381527 0.5333157203764767
      vertex -26.433531291828466 -6.145259965737716 0.4087850218799165
    endloop
  endfacet
  facet normal -0.6348640795793185 -0.3130803169961156 -0.7063485793639827
    outer loop
      vertex -26.381334847423837 -6.251103884487386 0.4087850218799165
      vertex -26.433531291828466 -6.145259965737716 0.4087850218799165
      vertex -26.33098732410151 -6.102784863565662 0.2977922310252268
    endloop
  endfacet
  facet normal -0.4019257262121068 -0.4583084531602032 -0.7927225696110666
    outer loop
      vertex -26.15947347640508 -6.359473476405076 0.2977922310252268
      vertex -26.071416975032264 -6.2714169750322615 0.20223646523694505
      vertex -26.005851674761267 -6.328916200158977 0.20223646523694505
    endloop
  endfacet
  facet normal -0.45830845316020297 -0.4019257262121067 -0.7927225696110668
    outer loop
      vertex -26.15947347640508 -6.359473476405076 0.2977922310252268
      vertex -26.12891620015898 -6.205851674761265 0.20223646523694505
      vertex -26.071416975032264 -6.2714169750322615 0.20223646523694505
    endloop
  endfacet
  facet normal -0.33020300790064944 -0.3765243673402721 -0.8655607282983507
    outer loop
      vertex -26.005851674761267 -6.328916200158977 0.20223646523694505
      vertex -26.071416975032264 -6.2714169750322615 0.20223646523694505
      vertex -25.92309795411054 -6.221069451709936 0.1237527101607725
    endloop
  endfacet
  facet normal -0.5885675477331803 -0.3932682623678614 -0.7063485793639803
    outer loop
      vertex -26.31576954715284 -6.349229290703852 0.4087850218799165
      vertex -26.381334847423837 -6.251103884487386 0.4087850218799165
      vertex -26.227713045780025 -6.281661160733485 0.2977922310252268
    endloop
  endfacet
  facet normal -0.5322004619635816 -0.46672727873591924 -0.7063485793639805
    outer loop
      vertex -26.31576954715284 -6.349229290703852 0.4087850218799165
      vertex -26.227713045780025 -6.281661160733485 0.2977922310252268
      vertex -26.15947347640508 -6.359473476405076 0.2977922310252268
    endloop
  endfacet
  facet normal -0.6601726633925605 -0.44111327101720027 -0.6079400765220851
    outer loop
      vertex -26.31576954715284 -6.349229290703852 0.4087850218799165
      vertex -26.391579033125062 -6.4073999552351495 0.5333157203764767
      vertex -26.381334847423837 -6.251103884487386 0.4087850218799165
    endloop
  endfacet
  facet normal -0.5885675477331813 -0.3932682623678543 -0.7063485793639837
    outer loop
      vertex -26.381334847423837 -6.251103884487386 0.4087850218799165
      vertex -26.28521227090674 -6.195607489060041 0.2977922310252268
      vertex -26.227713045780025 -6.281661160733485 0.2977922310252268
    endloop
  endfacet
  facet normal -0.45830845316020474 -0.4019257262121059 -0.7927225696110661
    outer loop
      vertex -26.15947347640508 -6.359473476405076 0.2977922310252268
      vertex -26.227713045780025 -6.281661160733485 0.2977922310252268
      vertex -26.12891620015898 -6.205851674761265 0.20223646523694505
    endloop
  endfacet
  facet normal -0.5068493954076089 -0.3386659386536619 -0.7927225696110687
    outer loop
      vertex -26.1773655224577 -6.133342139811761 0.20223646523694505
      vertex -26.12891620015898 -6.205851674761265 0.20223646523694505
      vertex -26.28521227090674 -6.195607489060041 0.2977922310252268
    endloop
  endfacet
  facet normal -0.5467180039743755 -0.2696114829889465 -0.7927225696110688
    outer loop
      vertex -26.1773655224577 -6.133342139811761 0.20223646523694505
      vertex -26.28521227090674 -6.195607489060041 0.2977922310252268
      vertex -26.215935960591207 -6.055129028430176 0.20223646523694505
    endloop
  endfacet
  facet normal -0.37652436734027317 -0.3302030079006504 -0.86556072829835
    outer loop
      vertex -26.071416975032264 -6.2714169750322615 0.20223646523694505
      vertex -26.12891620015898 -6.205851674761265 0.20223646523694505
      vertex -26.021069451709938 -6.123097954110538 0.1237527101607725
    endloop
  endfacet
  facet normal -0.3302030079006516 -0.3765243673402676 -0.8655607282983518
    outer loop
      vertex -26.071416975032264 -6.2714169750322615 0.20223646523694505
      vertex -25.975294398515167 -6.175294398515167 0.1237527101607725
      vertex -25.92309795411054 -6.221069451709936 0.1237527101607725
    endloop
  endfacet
  facet normal -0.37652436734026395 -0.3302030079006548 -0.8655607282983524
    outer loop
      vertex -26.071416975032264 -6.2714169750322615 0.20223646523694505
      vertex -26.021069451709938 -6.123097954110538 0.1237527101607725
      vertex -25.975294398515167 -6.175294398515167 0.1237527101607725
    endloop
  endfacet
  facet normal -0.4164032904624224 -0.27823178344628385 -0.8655607282983486
    outer loop
      vertex -26.1773655224577 -6.133342139811761 0.20223646523694505
      vertex -26.059639889843442 -6.065373214131401 0.1237527101607725
      vertex -26.12891620015898 -6.205851674761265 0.20223646523694505
    endloop
  endfacet
  facet normal -0.4164032904624182 -0.2782317834462866 -0.8655607282983498
    outer loop
      vertex -26.12891620015898 -6.205851674761265 0.20223646523694505
      vertex -26.059639889843442 -6.065373214131401 0.1237527101607725
      vertex -26.021069451709938 -6.123097954110538 0.1237527101607725
    endloop
  endfacet
  facet normal -0.634864079579316 -0.3130803169961175 -0.7063485793639842
    outer loop
      vertex -26.381334847423837 -6.251103884487386 0.4087850218799165
      vertex -26.33098732410151 -6.102784863565662 0.2977922310252268
      vertex -26.28521227090674 -6.195607489060041 0.2977922310252268
    endloop
  endfacet
  facet normal -0.5068493954076075 -0.33866593865367123 -0.7927225696110655
    outer loop
      vertex -26.227713045780025 -6.281661160733485 0.2977922310252268
      vertex -26.28521227090674 -6.195607489060041 0.2977922310252268
      vertex -26.12891620015898 -6.205851674761265 0.20223646523694505
    endloop
  endfacet
  facet normal -0.8288620241475235 -0.4087495160194143 -0.3819837405963305
    outer loop
      vertex -26.58407865730198 -6.368158077697063 0.8142726416362045
      vertex -26.594322843003205 -6.211862006949301 0.6692535717371975
      vertex -26.532057493754923 -6.338123644919612 0.6692535717371975
    endloop
  endfacet
  facet normal -0.7771302178258093 -0.38323821235152267 -0.4991964514453397
    outer loop
      vertex -26.464088568074565 -6.298881767381527 0.5333157203764767
      vertex -26.532057493754923 -6.338123644919612 0.6692535717371975
      vertex -26.594322843003205 -6.211862006949301 0.6692535717371975
    endloop
  endfacet
  facet normal -0.8664366884369382 -0.4272792898483865 -0.25830190358781846
    outer loop
      vertex -26.619261962184453 -6.388471168241938 0.965891613580645
      vertex -26.64981923843055 -6.234849366598127 0.8142726416362045
      vertex -26.58407865730198 -6.368158077697063 0.8142726416362045
    endloop
  endfacet
  facet normal -0.8664366884369482 -0.4272792898483747 -0.2583019035878046
    outer loop
      vertex -26.619261962184453 -6.388471168241938 0.965891613580645
      vertex -26.687352935623466 -6.250396333021438 0.965891613580645
      vertex -26.64981923843055 -6.234849366598127 0.8142726416362045
    endloop
  endfacet
  facet normal -0.8288620241475334 -0.4087495160194047 -0.3819837405963195
    outer loop
      vertex -26.58407865730198 -6.368158077697063 0.8142726416362045
      vertex -26.64981923843055 -6.234849366598127 0.8142726416362045
      vertex -26.594322843003205 -6.211862006949301 0.6692535717371975
    endloop
  endfacet
  facet normal -0.8751235125267665 -0.29706440335869366 -0.38198374059632156
    outer loop
      vertex -26.594322843003205 -6.211862006949301 0.6692535717371975
      vertex -26.69759712132469 -6.094100262273676 0.8142726416362045
      vertex -26.639575052729327 -6.078553295850364 0.6692535717371975
    endloop
  endfacet
  facet normal -0.7771302178258103 -0.3832382123515044 -0.4991964514453523
    outer loop
      vertex -26.464088568074565 -6.298881767381527 0.5333157203764767
      vertex -26.594322843003205 -6.211862006949301 0.6692535717371975
      vertex -26.5218133080537 -6.18182757417185 0.5333157203764767
    endloop
  endfacet
  facet normal -0.820504385653168 -0.2785237081260512 -0.4991964514453521
    outer loop
      vertex -26.594322843003205 -6.211862006949301 0.6692535717371975
      vertex -26.639575052729327 -6.078553295850364 0.6692535717371975
      vertex -26.5218133080537 -6.18182757417185 0.5333157203764767
    endloop
  endfacet
  facet normal -0.8751235125267665 -0.2970644033586959 -0.38198374059631973
    outer loop
      vertex -26.64981923843055 -6.234849366598127 0.8142726416362045
      vertex -26.69759712132469 -6.094100262273676 0.8142726416362045
      vertex -26.594322843003205 -6.211862006949301 0.6692535717371975
    endloop
  endfacet
  facet normal -0.9147953411749423 -0.3105311745502176 -0.25830190358780397
    outer loop
      vertex -26.64981923843055 -6.234849366598127 0.8142726416362045
      vertex -26.687352935623466 -6.250396333021438 0.965891613580645
      vertex -26.69759712132469 -6.094100262273676 0.8142726416362045
    endloop
  endfacet
  facet normal -0.9147953411749443 -0.31053117455021456 -0.2583019035878007
    outer loop
      vertex -26.687352935623466 -6.250396333021438 0.965891613580645
      vertex -26.736838998862776 -6.104615091669486 0.965891613580645
      vertex -26.69759712132469 -6.094100262273676 0.8142726416362045
    endloop
  endfacet
  facet normal -0.11892366275409837 -0.5978696263119374 -0.7927225696110676
    outer loop
      vertex -25.804781505107854 -6.564254981512928 0.2977922310252268
      vertex -25.772550588637024 -6.4439675636692835 0.20223646523694505
      vertex -25.68701976043223 -6.460980703191442 0.20223646523694505
    endloop
  endfacet
  facet normal -0.1959439000998304 -0.5772321159142938 -0.7927225696110684
    outer loop
      vertex -25.902784863565664 -6.53098732410151 0.2977922310252268
      vertex -25.855129028430177 -6.415935960591204 0.20223646523694505
      vertex -25.772550588637024 -6.4439675636692835 0.20223646523694505
    endloop
  endfacet
  facet normal -0.039868608566778735 -0.6082774216426038 -0.7927225696110684
    outer loop
      vertex -25.6 -6.591214978120083 0.2977922310252268
      vertex -25.68701976043223 -6.460980703191442 0.20223646523694505
      vertex -25.6 -6.466684279623522 0.20223646523694505
    endloop
  endfacet
  facet normal -0.19594390009982912 -0.5772321159142951 -0.7927225696110677
    outer loop
      vertex -25.804781505107854 -6.564254981512928 0.2977922310252268
      vertex -25.902784863565664 -6.53098732410151 0.2977922310252268
      vertex -25.772550588637024 -6.4439675636692835 0.20223646523694505
    endloop
  endfacet
  facet normal -0.2696114829889333 -0.5467180039743854 -0.7927225696110665
    outer loop
      vertex -25.995607489060042 -6.48521227090674 0.2977922310252268
      vertex -25.933342139811764 -6.377365522457699 0.20223646523694505
      vertex -25.902784863565664 -6.53098732410151 0.2977922310252268
    endloop
  endfacet
  facet normal -0.11892366275409567 -0.5978696263119394 -0.7927225696110666
    outer loop
      vertex -25.804781505107854 -6.564254981512928 0.2977922310252268
      vertex -25.68701976043223 -6.460980703191442 0.20223646523694505
      vertex -25.703274278321487 -6.584446024299147 0.2977922310252268
    endloop
  endfacet
  facet normal -0.03986860856678327 -0.6082774216426056 -0.7927225696110667
    outer loop
      vertex -25.703274278321487 -6.584446024299147 0.2977922310252268
      vertex -25.68701976043223 -6.460980703191442 0.20223646523694505
      vertex -25.6 -6.591214978120083 0.2977922310252268
    endloop
  endfacet
  facet normal -0.26961148298892673 -0.5467180039743855 -0.7927225696110686
    outer loop
      vertex -25.902784863565664 -6.53098732410151 0.2977922310252268
      vertex -25.933342139811764 -6.377365522457699 0.20223646523694505
      vertex -25.855129028430177 -6.415935960591204 0.20223646523694505
    endloop
  endfacet
  facet normal -0.22149993603673213 -0.44915743783594675 -0.8655607282983506
    outer loop
      vertex -25.855129028430177 -6.415935960591204 0.20223646523694505
      vertex -25.933342139811764 -6.377365522457699 0.20223646523694505
      vertex -25.80310786488312 -6.290345762025472 0.1237527101607725
    endloop
  endfacet
  facet normal -0.1609781633102138 -0.47422637691813435 -0.8655607282983497
    outer loop
      vertex -25.772550588637024 -6.4439675636692835 0.20223646523694505
      vertex -25.855129028430177 -6.415935960591204 0.20223646523694505
      vertex -25.737367283754555 -6.312661682269718 0.1237527101607725
    endloop
  endfacet
  facet normal -0.0977020095778657 -0.49118117121086463 -0.8655607282983498
    outer loop
      vertex -25.68701976043223 -6.460980703191442 0.20223646523694505
      vertex -25.772550588637024 -6.4439675636692835 0.20223646523694505
      vertex -25.66927631031554 -6.3262058189936585 0.1237527101607725
    endloop
  endfacet
  facet normal -0.03275414737352907 -0.4997317194830276 -0.8655607282983497
    outer loop
      vertex -25.68701976043223 -6.460980703191442 0.20223646523694505
      vertex -25.6 -6.330746428262802 0.1237527101607725
      vertex -25.6 -6.466684279623522 0.20223646523694505
    endloop
  endfacet
  facet normal -0.032754147373529455 -0.4997317194830274 -0.86556072829835
    outer loop
      vertex -25.68701976043223 -6.460980703191442 0.20223646523694505
      vertex -25.66927631031554 -6.3262058189936585 0.1237527101607725
      vertex -25.6 -6.330746428262802 0.1237527101607725
    endloop
  endfacet
  facet normal -0.09770200957786634 -0.49118117121086424 -0.8655607282983502
    outer loop
      vertex -25.772550588637024 -6.4439675636692835 0.20223646523694505
      vertex -25.737367283754555 -6.312661682269718 0.1237527101607725
      vertex -25.66927631031554 -6.3262058189936585 0.1237527101607725
    endloop
  endfacet
  facet normal -0.2782317834462926 -0.4164032904624127 -0.8655607282983504
    outer loop
      vertex -26.005851674761267 -6.328916200158977 0.20223646523694505
      vertex -25.92309795411054 -6.221069451709936 0.1237527101607725
      vertex -25.933342139811764 -6.377365522457699 0.20223646523694505
    endloop
  endfacet
  facet normal -0.22149993603673424 -0.4491574378359444 -0.8655607282983513
    outer loop
      vertex -25.933342139811764 -6.377365522457699 0.20223646523694505
      vertex -25.865373214131402 -6.259639889843441 0.1237527101607725
      vertex -25.80310786488312 -6.290345762025472 0.1237527101607725
    endloop
  endfacet
  facet normal -0.16097816331021655 -0.47422637691813185 -0.8655607282983506
    outer loop
      vertex -25.855129028430177 -6.415935960591204 0.20223646523694505
      vertex -25.80310786488312 -6.290345762025472 0.1237527101607725
      vertex -25.737367283754555 -6.312661682269718 0.1237527101607725
    endloop
  endfacet
  facet normal -0.1232347368633967 -0.3630378280597452 -0.923589050946292
    outer loop
      vertex -25.80310786488312 -6.290345762025472 0.1237527101607725
      vertex -25.747611469455777 -6.156365611521955 0.06368384460587251
      vertex -25.737367283754555 -6.312661682269718 0.1237527101607725
    endloop
  endfacet
  facet normal -0.2782317834462879 -0.41640329046241364 -0.8655607282983515
    outer loop
      vertex -25.933342139811764 -6.377365522457699 0.20223646523694505
      vertex -25.92309795411054 -6.221069451709936 0.1237527101607725
      vertex -25.865373214131402 -6.259639889843441 0.1237527101607725
    endloop
  endfacet
  facet normal -0.0747945012774865 -0.3760173500661642 -0.9235890509462916
    outer loop
      vertex -25.66927631031554 -6.3262058189936585 0.1237527101607725
      vertex -25.737367283754555 -6.312661682269718 0.1237527101607725
      vertex -25.650347523322328 -6.182427407341078 0.06368384460587251
    endloop
  endfacet
  facet normal -0.025074511037769108 -0.38256311096124396 -0.9235890509462916
    outer loop
      vertex -25.66927631031554 -6.3262058189936585 0.1237527101607725
      vertex -25.650347523322328 -6.182427407341078 0.06368384460587251
      vertex -25.6 -6.330746428262802 0.1237527101607725
    endloop
  endfacet
  facet normal -0.025074511037767148 -0.3825631109612434 -0.9235890509462918
    outer loop
      vertex -25.6 -6.330746428262802 0.1237527101607725
      vertex -25.650347523322328 -6.182427407341078 0.06368384460587251
      vertex -25.6 -6.185727358363794 0.06368384460587251
    endloop
  endfacet
  facet normal -0.21299671902680353 -0.3187721171243584 -0.9235890509462914
    outer loop
      vertex -25.865373214131402 -6.259639889843441 0.1237527101607725
      vertex -25.92309795411054 -6.221069451709936 0.1237527101607725
      vertex -25.7928636791819 -6.134049691277709 0.06368384460587251
    endloop
  endfacet
  facet normal -0.1695663919344391 -0.34384662816212846 -0.9235890509462914
    outer loop
      vertex -25.80310786488312 -6.290345762025472 0.1237527101607725
      vertex -25.865373214131402 -6.259639889843441 0.1237527101607725
      vertex -25.7928636791819 -6.134049691277709 0.06368384460587251
    endloop
  endfacet
  facet normal -0.16956639193443654 -0.3438466281621287 -0.9235890509462917
    outer loop
      vertex -25.80310786488312 -6.290345762025472 0.1237527101607725
      vertex -25.7928636791819 -6.134049691277709 0.06368384460587251
      vertex -25.747611469455777 -6.156365611521955 0.06368384460587251
    endloop
  endfacet
  facet normal -0.2527826132027721 -0.28824332678226194 -0.9235890509462917
    outer loop
      vertex -25.975294398515167 -6.175294398515167 0.1237527101607725
      vertex -25.834815937885303 -6.10601808819963 0.06368384460587251
      vertex -25.92309795411054 -6.221069451709936 0.1237527101607725
    endloop
  endfacet
  facet normal -0.28824332678225806 -0.2527826132027736 -0.9235890509462924
    outer loop
      vertex -25.975294398515167 -6.175294398515167 0.1237527101607725
      vertex -26.021069451709938 -6.123097954110538 0.1237527101607725
      vertex -25.872750430788212 -6.072750430788212 0.06368384460587251
    endloop
  endfacet
  facet normal -0.21299671902680478 -0.3187721171243568 -0.9235890509462916
    outer loop
      vertex -25.92309795411054 -6.221069451709936 0.1237527101607725
      vertex -25.834815937885303 -6.10601808819963 0.06368384460587251
      vertex -25.7928636791819 -6.134049691277709 0.06368384460587251
    endloop
  endfacet
  facet normal -0.12323473686339359 -0.3630378280597451 -0.9235890509462923
    outer loop
      vertex -25.737367283754555 -6.312661682269718 0.1237527101607725
      vertex -25.747611469455777 -6.156365611521955 0.06368384460587251
      vertex -25.699833586561635 -6.172584017349847 0.06368384460587251
    endloop
  endfacet
  facet normal -0.07479450127748939 -0.3760173500661626 -0.9235890509462922
    outer loop
      vertex -25.737367283754555 -6.312661682269718 0.1237527101607725
      vertex -25.699833586561635 -6.172584017349847 0.06368384460587251
      vertex -25.650347523322328 -6.182427407341078 0.06368384460587251
    endloop
  endfacet
  facet normal -0.05059415309221552 -0.25435398391114494 -0.9657868722142636
    outer loop
      vertex -25.650347523322328 -6.182427407341078 0.06368384460587251
      vertex -25.699833586561635 -6.172584017349847 0.06368384460587251
      vertex -25.6305572762461 -6.032105556719983 0.023057663516123483
    endloop
  endfacet
  facet normal -0.016961456102910867 -0.25878181247038784 -0.9657868722142635
    outer loop
      vertex -25.650347523322328 -6.182427407341078 0.06368384460587251
      vertex -25.6 -6.034108386419354 0.023057663516123483
      vertex -25.6 -6.185727358363794 0.06368384460587251
    endloop
  endfacet
  facet normal -0.8243863145857433 -0.5508373247992168 -0.1302514718987005
    outer loop
      vertex -26.533731133979657 -6.516477098618787 0.965891613580645
      vertex -26.549985651868916 -6.5289496288718025 1.1215162449238285
      vertex -26.637005412301143 -6.398715353943162 1.1215162449238285
    endloop
  endfacet
  facet normal -0.8243863145857449 -0.5508373247992135 -0.13025147189870392
    outer loop
      vertex -26.533731133979657 -6.516477098618787 0.965891613580645
      vertex -26.637005412301143 -6.398715353943162 1.1215162449238285
      vertex -26.619261962184453 -6.388471168241938 0.965891613580645
    endloop
  endfacet
  facet normal -0.8892322739216582 -0.43852082856386465 -0.1302514718987033
    outer loop
      vertex -26.619261962184453 -6.388471168241938 0.965891613580645
      vertex -26.637005412301143 -6.398715353943162 1.1215162449238285
      vertex -26.687352935623466 -6.250396333021438 0.965891613580645
    endloop
  endfacet
  facet normal -0.8892322739216588 -0.4385208285638638 -0.13025147189870223
    outer loop
      vertex -26.687352935623466 -6.250396333021438 0.965891613580645
      vertex -26.637005412301143 -6.398715353943162 1.1215162449238285
      vertex -26.706281722616676 -6.258236893313297 1.1215162449238285
    endloop
  endfacet
  facet normal -0.9388632225089931 -0.3187011193708773 -0.13025147189870243
    outer loop
      vertex -26.687352935623466 -6.250396333021438 0.965891613580645
      vertex -26.706281722616676 -6.258236893313297 1.1215162449238285
      vertex -26.756629245939003 -6.1099178723915735 1.1215162449238285
    endloop
  endfacet
  facet normal -0.9388632225089935 -0.31870111937087603 -0.13025147189870376
    outer loop
      vertex -26.687352935623466 -6.250396333021438 0.965891613580645
      vertex -26.756629245939003 -6.1099178723915735 1.1215162449238285
      vertex -26.736838998862776 -6.104615091669486 0.965891613580645
    endloop
  endfacet
  facet normal -0.7518463409676442 -0.2552174424523056 -0.607940076522077
    outer loop
      vertex -26.5218133080537 -6.18182757417185 0.5333157203764767
      vertex -26.563765566757105 -6.05824020530549 0.5333157203764767
      vertex -26.471465784731375 -6.033508553250126 0.4087850218799165
    endloop
  endfacet
  facet normal -0.7518463409676424 -0.2552174424523074 -0.6079400765220784
    outer loop
      vertex -26.433531291828466 -6.145259965737716 0.4087850218799165
      vertex -26.5218133080537 -6.18182757417185 0.5333157203764767
      vertex -26.471465784731375 -6.033508553250126 0.4087850218799165
    endloop
  endfacet
  facet normal -0.6702979110062822 -0.22753548059830245 -0.7063485793639808
    outer loop
      vertex -26.433531291828466 -6.145259965737716 0.4087850218799165
      vertex -26.471465784731375 -6.033508553250126 0.4087850218799165
      vertex -26.36425498151293 -6.004781505107851 0.2977922310252268
    endloop
  endfacet
  facet normal -0.6942627593342339 -0.1380974490427044 -0.7063485793639804
    outer loop
      vertex -26.471465784731375 -6.033508553250126 0.4087850218799165
      vertex -26.384446024299148 -5.9032742783214855 0.2977922310252268
      vertex -26.36425498151293 -6.004781505107851 0.2977922310252268
    endloop
  endfacet
  facet normal -0.77872675224651 -0.15489838183123175 -0.6079400765220766
    outer loop
      vertex -26.471465784731375 -6.033508553250126 0.4087850218799165
      vertex -26.563765566757105 -6.05824020530549 0.5333157203764767
      vertex -26.589227529407 -5.93023427492864 0.5333157203764767
    endloop
  endfacet
  facet normal -0.7787267522465061 -0.15489838183121674 -0.6079400765220855
    outer loop
      vertex -26.471465784731375 -6.033508553250126 0.4087850218799165
      vertex -26.589227529407 -5.93023427492864 0.5333157203764767
      vertex -26.494489256441568 -5.917761744675625 0.4087850218799165
    endloop
  endfacet
  facet normal -0.6942627593342375 -0.13809744904269963 -0.7063485793639778
    outer loop
      vertex -26.471465784731375 -6.033508553250126 0.4087850218799165
      vertex -26.494489256441568 -5.917761744675625 0.4087850218799165
      vertex -26.384446024299148 -5.9032742783214855 0.2977922310252268
    endloop
  endfacet
  facet normal -0.4491574378359418 -0.22149993603675003 -0.8655607282983486
    outer loop
      vertex -26.1773655224577 -6.133342139811761 0.20223646523694505
      vertex -26.215935960591207 -6.055129028430176 0.20223646523694505
      vertex -26.059639889843442 -6.065373214131401 0.1237527101607725
    endloop
  endfacet
  facet normal -0.3187721171243589 -0.2129967190268006 -0.923589050946292
    outer loop
      vertex -26.021069451709938 -6.123097954110538 0.1237527101607725
      vertex -26.059639889843442 -6.065373214131401 0.1237527101607725
      vertex -25.93404969127771 -5.992863679181896 0.06368384460587251
    endloop
  endfacet
  facet normal -0.3438466281621233 -0.16956639193444628 -0.923589050946292
    outer loop
      vertex -26.059639889843442 -6.065373214131401 0.1237527101607725
      vertex -26.090345762025475 -6.003107864883121 0.1237527101607725
      vertex -25.93404969127771 -5.992863679181896 0.06368384460587251
    endloop
  endfacet
  facet normal -0.44915743783594203 -0.22149993603674573 -0.8655607282983496
    outer loop
      vertex -26.215935960591207 -6.055129028430176 0.20223646523694505
      vertex -26.090345762025475 -6.003107864883121 0.1237527101607725
      vertex -26.059639889843442 -6.065373214131401 0.1237527101607725
    endloop
  endfacet
  facet normal -0.5467180039743875 -0.269611482988937 -0.7927225696110636
    outer loop
      vertex -26.28521227090674 -6.195607489060041 0.2977922310252268
      vertex -26.33098732410151 -6.102784863565662 0.2977922310252268
      vertex -26.215935960591207 -6.055129028430176 0.20223646523694505
    endloop
  endfacet
  facet normal -0.6702979110062788 -0.22753548059830572 -0.7063485793639828
    outer loop
      vertex -26.433531291828466 -6.145259965737716 0.4087850218799165
      vertex -26.36425498151293 -6.004781505107851 0.2977922310252268
      vertex -26.33098732410151 -6.102784863565662 0.2977922310252268
    endloop
  endfacet
  facet normal -0.5772321159143013 -0.19594390009982773 -0.7927225696110636
    outer loop
      vertex -26.215935960591207 -6.055129028430176 0.20223646523694505
      vertex -26.33098732410151 -6.102784863565662 0.2977922310252268
      vertex -26.36425498151293 -6.004781505107851 0.2977922310252268
    endloop
  endfacet
  facet normal -0.577232115914299 -0.1959439000998094 -0.7927225696110697
    outer loop
      vertex -26.215935960591207 -6.055129028430176 0.20223646523694505
      vertex -26.36425498151293 -6.004781505107851 0.2977922310252268
      vertex -26.243967563669283 -5.972550588637022 0.20223646523694505
    endloop
  endfacet
  facet normal -0.4742263769181451 -0.16097816331019868 -0.8655607282983466
    outer loop
      vertex -26.215935960591207 -6.055129028430176 0.20223646523694505
      vertex -26.243967563669283 -5.972550588637022 0.20223646523694505
      vertex -26.11266168226972 -5.9373672837545515 0.1237527101607725
    endloop
  endfacet
  facet normal -0.5978696263119337 -0.11892366275410383 -0.7927225696110695
    outer loop
      vertex -26.243967563669283 -5.972550588637022 0.20223646523694505
      vertex -26.36425498151293 -6.004781505107851 0.2977922310252268
      vertex -26.260980703191443 -5.887019760432226 0.20223646523694505
    endloop
  endfacet
  facet normal -0.4911811712108698 -0.09770200957787184 -0.8655607282983463
    outer loop
      vertex -26.243967563669283 -5.972550588637022 0.20223646523694505
      vertex -26.260980703191443 -5.887019760432226 0.20223646523694505
      vertex -26.11266168226972 -5.9373672837545515 0.1237527101607725
    endloop
  endfacet
  facet normal -0.343846628162124 -0.16956639193444084 -0.9235890509462928
    outer loop
      vertex -26.090345762025475 -6.003107864883121 0.1237527101607725
      vertex -25.956365611521957 -5.947611469455776 0.06368384460587251
      vertex -25.93404969127771 -5.992863679181896 0.06368384460587251
    endloop
  endfacet
  facet normal -0.4742263769181358 -0.16097816331020917 -0.86556072829835
    outer loop
      vertex -26.215935960591207 -6.055129028430176 0.20223646523694505
      vertex -26.11266168226972 -5.9373672837545515 0.1237527101607725
      vertex -26.090345762025475 -6.003107864883121 0.1237527101607725
    endloop
  endfacet
  facet normal -0.36303782805974677 -0.12323473686339056 -0.9235890509462923
    outer loop
      vertex -26.090345762025475 -6.003107864883121 0.1237527101607725
      vertex -26.11266168226972 -5.9373672837545515 0.1237527101607725
      vertex -25.97258401734985 -5.899833586561635 0.06368384460587251
    endloop
  endfacet
  facet normal -0.36303782805974305 -0.12323473686339524 -0.9235890509462931
    outer loop
      vertex -26.090345762025475 -6.003107864883121 0.1237527101607725
      vertex -25.97258401734985 -5.899833586561635 0.06368384460587251
      vertex -25.956365611521957 -5.947611469455776 0.06368384460587251
    endloop
  endfacet
  facet normal -0.5978696263119385 -0.11892366275409759 -0.7927225696110668
    outer loop
      vertex -26.36425498151293 -6.004781505107851 0.2977922310252268
      vertex -26.384446024299148 -5.9032742783214855 0.2977922310252268
      vertex -26.260980703191443 -5.887019760432226 0.20223646523694505
    endloop
  endfacet
  facet normal -0.8498394959552051 -0.16904358603319172 -0.4991964514453619
    outer loop
      vertex -26.639575052729327 -6.078553295850364 0.6692535717371975
      vertex -26.589227529407 -5.93023427492864 0.5333157203764767
      vertex -26.563765566757105 -6.05824020530549 0.5333157203764767
    endloop
  endfacet
  facet normal -0.8205043856531667 -0.2785237081260375 -0.4991964514453614
    outer loop
      vertex -26.5218133080537 -6.18182757417185 0.5333157203764767
      vertex -26.639575052729327 -6.078553295850364 0.6692535717371975
      vertex -26.563765566757105 -6.05824020530549 0.5333157203764767
    endloop
  endfacet
  facet normal -0.9475015919962586 -0.1884697847599813 -0.2583019035878014
    outer loop
      vertex -26.69759712132469 -6.094100262273676 0.8142726416362045
      vertex -26.736838998862776 -6.104615091669486 0.965891613580645
      vertex -26.726594813161554 -5.948319020921724 0.8142726416362045
    endloop
  endfacet
  facet normal -0.906411394976593 -0.18029643639470255 -0.38198374059632134
    outer loop
      vertex -26.639575052729327 -6.078553295850364 0.6692535717371975
      vertex -26.69759712132469 -6.094100262273676 0.8142726416362045
      vertex -26.726594813161554 -5.948319020921724 0.8142726416362045
    endloop
  endfacet
  facet normal -0.9064113949765894 -0.18029643639467707 -0.38198374059634205
    outer loop
      vertex -26.639575052729327 -6.078553295850364 0.6692535717371975
      vertex -26.726594813161554 -5.948319020921724 0.8142726416362045
      vertex -26.66703984507859 -5.940478460629864 0.6692535717371975
    endloop
  endfacet
  facet normal -0.8498394959552175 -0.16904358603317396 -0.49919645144534713
    outer loop
      vertex -26.639575052729327 -6.078553295850364 0.6692535717371975
      vertex -26.66703984507859 -5.940478460629864 0.6692535717371975
      vertex -26.589227529407 -5.93023427492864 0.5333157203764767
    endloop
  endfacet
  facet normal -0.9475015919962594 -0.18846978475997966 -0.25830190358779975
    outer loop
      vertex -26.736838998862776 -6.104615091669486 0.965891613580645
      vertex -26.766873431640228 -5.953621801643811 0.965891613580645
      vertex -26.726594813161554 -5.948319020921724 0.8142726416362045
    endloop
  endfacet
  facet normal -0.7063485793639773 -0.04629653184614738 -0.7063485793639777
    outer loop
      vertex -26.494489256441568 -5.917761744675625 0.4087850218799165
      vertex -26.502207768974774 -5.8 0.4087850218799165
      vertex -26.384446024299148 -5.9032742783214855 0.2977922310252268
    endloop
  endfacet
  facet normal -0.7922829328905899 -0.05192896695107146 -0.6079400765220856
    outer loop
      vertex -26.494489256441568 -5.917761744675625 0.4087850218799165
      vertex -26.589227529407 -5.93023427492864 0.5333157203764767
      vertex -26.502207768974774 -5.8 0.4087850218799165
    endloop
  endfacet
  facet normal -0.7063485793639722 -0.0462965318461353 -0.7063485793639835
    outer loop
      vertex -26.384446024299148 -5.9032742783214855 0.2977922310252268
      vertex -26.502207768974774 -5.8 0.4087850218799165
      vertex -26.391214978120082 -5.8 0.2977922310252268
    endloop
  endfacet
  facet normal -0.7922829328906018 -0.051928966951050586 -0.6079400765220719
    outer loop
      vertex -26.589227529407 -5.93023427492864 0.5333157203764767
      vertex -26.597763534763054 -5.8 0.5333157203764767
      vertex -26.502207768974774 -5.8 0.4087850218799165
    endloop
  endfacet
  facet normal -0.6082774216426039 -0.039868608566797824 -0.7927225696110674
    outer loop
      vertex -26.384446024299148 -5.9032742783214855 0.2977922310252268
      vertex -26.266684279623526 -5.8 0.20223646523694505
      vertex -26.260980703191443 -5.887019760432226 0.20223646523694505
    endloop
  endfacet
  facet normal -0.4997317194830306 -0.0327541473735449 -0.8655607282983476
    outer loop
      vertex -26.260980703191443 -5.887019760432226 0.20223646523694505
      vertex -26.266684279623526 -5.8 0.20223646523694505
      vertex -26.12620581899366 -5.869276310315536 0.1237527101607725
    endloop
  endfacet
  facet normal -0.49973171948302286 -0.03275414737352326 -0.8655607282983528
    outer loop
      vertex -26.266684279623526 -5.8 0.20223646523694505
      vertex -26.130746428262803 -5.8 0.1237527101607725
      vertex -26.12620581899366 -5.869276310315536 0.1237527101607725
    endloop
  endfacet
  facet normal -0.37601735006616277 -0.07479450127748719 -0.9235890509462922
    outer loop
      vertex -26.11266168226972 -5.9373672837545515 0.1237527101607725
      vertex -26.12620581899366 -5.869276310315536 0.1237527101607725
      vertex -25.97258401734985 -5.899833586561635 0.06368384460587251
    endloop
  endfacet
  facet normal -0.37601735006616044 -0.07479450127747134 -0.9235890509462945
    outer loop
      vertex -26.12620581899366 -5.869276310315536 0.1237527101607725
      vertex -25.982427407341078 -5.850347523322325 0.06368384460587251
      vertex -25.97258401734985 -5.899833586561635 0.06368384460587251
    endloop
  endfacet
  facet normal -0.49118117121086907 -0.09770200957786858 -0.8655607282983471
    outer loop
      vertex -26.11266168226972 -5.9373672837545515 0.1237527101607725
      vertex -26.260980703191443 -5.887019760432226 0.20223646523694505
      vertex -26.12620581899366 -5.869276310315536 0.1237527101607725
    endloop
  endfacet
  facet normal -0.38256311096124546 -0.025074511037764622 -0.9235890509462912
    outer loop
      vertex -26.12620581899366 -5.869276310315536 0.1237527101607725
      vertex -26.130746428262803 -5.8 0.1237527101607725
      vertex -25.985727358363796 -5.8 0.06368384460587251
    endloop
  endfacet
  facet normal -0.3825631109612357 -0.02507451103778746 -0.9235890509462946
    outer loop
      vertex -26.12620581899366 -5.869276310315536 0.1237527101607725
      vertex -25.985727358363796 -5.8 0.06368384460587251
      vertex -25.982427407341078 -5.850347523322325 0.06368384460587251
    endloop
  endfacet
  facet normal -0.6082774216426147 -0.03986860856677864 -0.7927225696110599
    outer loop
      vertex -26.384446024299148 -5.9032742783214855 0.2977922310252268
      vertex -26.391214978120082 -5.8 0.2977922310252268
      vertex -26.266684279623526 -5.8 0.20223646523694505
    endloop
  endfacet
  facet normal -0.8646336168614408 -0.05667108131557373 -0.4991964514453472
    outer loop
      vertex -26.589227529407 -5.93023427492864 0.5333157203764767
      vertex -26.66703984507859 -5.940478460629864 0.6692535717371975
      vertex -26.676247289839228 -5.8 0.6692535717371975
    endloop
  endfacet
  facet normal -0.922190327153647 -0.060443547416379126 -0.381983740596342
    outer loop
      vertex -26.66703984507859 -5.940478460629864 0.6692535717371975
      vertex -26.726594813161554 -5.948319020921724 0.8142726416362045
      vertex -26.676247289839228 -5.8 0.6692535717371975
    endloop
  endfacet
  facet normal -0.8646336168614318 -0.05667108131554859 -0.49919645144536556
    outer loop
      vertex -26.589227529407 -5.93023427492864 0.5333157203764767
      vertex -26.676247289839228 -5.8 0.6692535717371975
      vertex -26.597763534763054 -5.8 0.5333157203764767
    endloop
  endfacet
  facet normal -0.9221903271536567 -0.06044354741635664 -0.3819837405963223
    outer loop
      vertex -26.726594813161554 -5.948319020921724 0.8142726416362045
      vertex -26.736316155394128 -5.8 0.8142726416362045
      vertex -26.676247289839228 -5.8 0.6692535717371975
    endloop
  endfacet
  facet normal -0.9639958278814499 -0.06318362469878065 -0.2583019035878006
    outer loop
      vertex -26.726594813161554 -5.948319020921724 0.8142726416362045
      vertex -26.776942336483877 -5.8 0.965891613580645
      vertex -26.736316155394128 -5.8 0.8142726416362045
    endloop
  endfacet
  facet normal -0.9639958278814501 -0.06318362469878178 -0.2583019035877996
    outer loop
      vertex -26.726594813161554 -5.948319020921724 0.8142726416362045
      vertex -26.766873431640228 -5.953621801643811 0.965891613580645
      vertex -26.776942336483877 -5.8 0.965891613580645
    endloop
  endfacet
  facet normal -0.2527826132027748 -0.2882433267822573 -0.9235890509462925
    outer loop
      vertex -25.975294398515167 -6.175294398515167 0.1237527101607725
      vertex -25.872750430788212 -6.072750430788212 0.06368384460587251
      vertex -25.834815937885303 -6.10601808819963 0.06368384460587251
    endloop
  endfacet
  facet normal -0.2882433267822593 -0.25278261320277057 -0.923589050946293
    outer loop
      vertex -26.021069451709938 -6.123097954110538 0.1237527101607725
      vertex -25.90601808819963 -6.034815937885302 0.06368384460587251
      vertex -25.872750430788212 -6.072750430788212 0.06368384460587251
    endloop
  endfacet
  facet normal -0.14407995810549065 -0.21563089558527876 -0.9657868722142638
    outer loop
      vertex -25.7928636791819 -6.134049691277709 0.06368384460587251
      vertex -25.834815937885303 -6.10601808819963 0.06368384460587251
      vertex -25.742516155859573 -5.985730670355985 0.023057663516123483
    endloop
  endfacet
  facet normal -0.31877211712435183 -0.2129967190268059 -0.9235890509462931
    outer loop
      vertex -26.021069451709938 -6.123097954110538 0.1237527101607725
      vertex -25.93404969127771 -5.992863679181896 0.06368384460587251
      vertex -25.90601808819963 -6.034815937885302 0.06368384460587251
    endloop
  endfacet
  facet normal -0.1709928138163905 -0.1949799350747218 -0.9657868722142637
    outer loop
      vertex -25.872750430788212 -6.072750430788212 0.06368384460587251
      vertex -25.742516155859573 -5.985730670355985 0.023057663516123483
      vertex -25.834815937885303 -6.10601808819963 0.06368384460587251
    endloop
  endfacet
  facet normal -0.14407995810548513 -0.21563089558528079 -0.9657868722142642
    outer loop
      vertex -25.7928636791819 -6.134049691277709 0.06368384460587251
      vertex -25.742516155859573 -5.985730670355985 0.023057663516123483
      vertex -25.717054193209677 -6.002743809878144 0.023057663516123483
    endloop
  endfacet
  facet normal -0.19497993507472686 -0.17099281381639098 -0.9657868722142627
    outer loop
      vertex -25.872750430788212 -6.072750430788212 0.06368384460587251
      vertex -25.90601808819963 -6.034815937885302 0.06368384460587251
      vertex -25.78573067035599 -5.942516155859572 0.023057663516123483
    endloop
  endfacet
  facet normal -0.08336117009475917 -0.24557408816693732 -0.9657868722142634
    outer loop
      vertex -25.699833586561635 -6.172584017349847 0.06368384460587251
      vertex -25.747611469455777 -6.156365611521955 0.06368384460587251
      vertex -25.689589400860413 -6.016287946602084 0.023057663516123483
    endloop
  endfacet
  facet normal -0.11470185436489483 -0.23259235168819425 -0.9657868722142634
    outer loop
      vertex -25.7928636791819 -6.134049691277709 0.06368384460587251
      vertex -25.689589400860413 -6.016287946602084 0.023057663516123483
      vertex -25.747611469455777 -6.156365611521955 0.06368384460587251
    endloop
  endfacet
  facet normal -0.050594153092219075 -0.2543539839111432 -0.9657868722142638
    outer loop
      vertex -25.699833586561635 -6.172584017349847 0.06368384460587251
      vertex -25.66059170902355 -6.0261313365933145 0.023057663516123483
      vertex -25.6305572762461 -6.032105556719983 0.023057663516123483
    endloop
  endfacet
  facet normal -0.0833611700947515 -0.24557408816693793 -0.9657868722142638
    outer loop
      vertex -25.699833586561635 -6.172584017349847 0.06368384460587251
      vertex -25.689589400860413 -6.016287946602084 0.023057663516123483
      vertex -25.66059170902355 -6.0261313365933145 0.023057663516123483
    endloop
  endfacet
  facet normal -0.01696145610291518 -0.25878181247038645 -0.9657868722142637
    outer loop
      vertex -25.650347523322328 -6.182427407341078 0.06368384460587251
      vertex -25.6305572762461 -6.032105556719983 0.023057663516123483
      vertex -25.6 -6.034108386419354 0.023057663516123483
    endloop
  endfacet
  facet normal -0.11470185436490393 -0.2325923516881864 -0.9657868722142641
    outer loop
      vertex -25.7928636791819 -6.134049691277709 0.06368384460587251
      vertex -25.717054193209677 -6.002743809878144 0.023057663516123483
      vertex -25.689589400860413 -6.016287946602084 0.023057663516123483
    endloop
  endfacet
  facet normal -0.21563089558528117 -0.1440799581054953 -0.9657868722142626
    outer loop
      vertex -25.90601808819963 -6.034815937885302 0.06368384460587251
      vertex -25.93404969127771 -5.992863679181896 0.06368384460587251
      vertex -25.78573067035599 -5.942516155859572 0.023057663516123483
    endloop
  endfacet
  facet normal -0.1949799350747077 -0.17099281381640424 -0.9657868722142641
    outer loop
      vertex -25.872750430788212 -6.072750430788212 0.06368384460587251
      vertex -25.78573067035599 -5.942516155859572 0.023057663516123483
      vertex -25.765539627569765 -5.965539627569766 0.023057663516123483
    endloop
  endfacet
  facet normal -0.17099281381639167 -0.19497993507472017 -0.9657868722142638
    outer loop
      vertex -25.872750430788212 -6.072750430788212 0.06368384460587251
      vertex -25.765539627569765 -5.965539627569766 0.023057663516123483
      vertex -25.742516155859573 -5.985730670355985 0.023057663516123483
    endloop
  endfacet
  facet normal -0.23259235168819078 -0.11470185436489763 -0.9657868722142637
    outer loop
      vertex -25.93404969127771 -5.992863679181896 0.06368384460587251
      vertex -25.956365611521957 -5.947611469455776 0.06368384460587251
      vertex -25.802743809878145 -5.917054193209677 0.023057663516123483
    endloop
  endfacet
  facet normal -0.23259235168819128 -0.11470185436489526 -0.965786872214264
    outer loop
      vertex -25.956365611521957 -5.947611469455776 0.06368384460587251
      vertex -25.816287946602085 -5.889589400860411 0.023057663516123483
      vertex -25.802743809878145 -5.917054193209677 0.023057663516123483
    endloop
  endfacet
  facet normal -0.21563089558528908 -0.14407995810547322 -0.9657868722142641
    outer loop
      vertex -25.93404969127771 -5.992863679181896 0.06368384460587251
      vertex -25.802743809878145 -5.917054193209677 0.023057663516123483
      vertex -25.78573067035599 -5.942516155859572 0.023057663516123483
    endloop
  endfacet
  facet normal -0.04204475516977386 -0.12385985466954769 -0.9914085812438544
    outer loop
      vertex -25.689589400860413 -6.016287946602084 0.023057663516123483
      vertex -25.620313090544876 -5.87580948597222 0.002569292113674848
      vertex -25.66059170902355 -6.0261313365933145 0.023057663516123483
    endloop
  endfacet
  facet normal -0.057852011659743977 -0.11731227464749189 -0.9914085812438546
    outer loop
      vertex -25.689589400860413 -6.016287946602084 0.023057663516123483
      vertex -25.717054193209677 -6.002743809878144 0.023057663516123483
      vertex -25.630034432777453 -5.872509534949503 0.002569292113674848
    endloop
  endfacet
  facet normal -0.008554825566379978 -0.13052141585033594 -0.9914085812438544
    outer loop
      vertex -25.6 -6.034108386419354 0.023057663516123483
      vertex -25.6305572762461 -6.032105556719983 0.023057663516123483
      vertex -25.6 -5.8784837550761715 0.002569292113674848
    endloop
  endfacet
  facet normal -0.025518101261852867 -0.1282881582377637 -0.9914085812438544
    outer loop
      vertex -25.66059170902355 -6.0261313365933145 0.023057663516123483
      vertex -25.620313090544876 -5.87580948597222 0.002569292113674848
      vertex -25.6305572762461 -6.032105556719983 0.023057663516123483
    endloop
  endfacet
  facet normal -0.07266940419059519 -0.10875744908111717 -0.9914085812438543
    outer loop
      vertex -25.717054193209677 -6.002743809878144 0.023057663516123483
      vertex -25.742516155859573 -5.985730670355985 0.023057663516123483
      vertex -25.647777882894143 -5.86226534924828 0.002569292113674848
    endloop
  endfacet
  facet normal -0.08624340306799026 -0.09834175340769598 -0.9914085812438543
    outer loop
      vertex -25.765539627569765 -5.965539627569766 0.023057663516123483
      vertex -25.647777882894143 -5.86226534924828 0.002569292113674848
      vertex -25.742516155859573 -5.985730670355985 0.023057663516123483
    endloop
  endfacet
  facet normal -0.09834175340768876 -0.08624340306799579 -0.9914085812438546
    outer loop
      vertex -25.765539627569765 -5.965539627569766 0.023057663516123483
      vertex -25.78573067035599 -5.942516155859572 0.023057663516123483
      vertex -25.655496395427345 -5.855496395427345 0.002569292113674848
    endloop
  endfacet
  facet normal -0.0420447551697763 -0.12385985466954663 -0.9914085812438543
    outer loop
      vertex -25.689589400860413 -6.016287946602084 0.023057663516123483
      vertex -25.630034432777453 -5.872509534949503 0.002569292113674848
      vertex -25.620313090544876 -5.87580948597222 0.002569292113674848
    endloop
  endfacet
  facet normal -0.07266940419058535 -0.10875744908112195 -0.9914085812438544
    outer loop
      vertex -25.717054193209677 -6.002743809878144 0.023057663516123483
      vertex -25.647777882894143 -5.86226534924828 0.002569292113674848
      vertex -25.639241877538087 -5.86796892568036 0.002569292113674848
    endloop
  endfacet
  facet normal -0.05785201165974728 -0.11731227464748957 -0.9914085812438544
    outer loop
      vertex -25.717054193209677 -6.002743809878144 0.023057663516123483
      vertex -25.639241877538087 -5.86796892568036 0.002569292113674848
      vertex -25.630034432777453 -5.872509534949503 0.002569292113674848
    endloop
  endfacet
  facet normal -0.0085548255663808 -0.13052141585033578 -0.9914085812438546
    outer loop
      vertex -25.6305572762461 -6.032105556719983 0.023057663516123483
      vertex -25.610244185701227 -5.877812315671591 0.002569292113674848
      vertex -25.6 -5.8784837550761715 0.002569292113674848
    endloop
  endfacet
  facet normal -0.025518101261847358 -0.1282881582377641 -0.9914085812438547
    outer loop
      vertex -25.6305572762461 -6.032105556719983 0.023057663516123483
      vertex -25.620313090544876 -5.87580948597222 0.002569292113674848
      vertex -25.610244185701227 -5.877812315671591 0.002569292113674848
    endloop
  endfacet
  facet normal -0.24557408816693646 -0.08336117009476043 -0.9657868722142635
    outer loop
      vertex -25.97258401734985 -5.899833586561635 0.06368384460587251
      vertex -25.826131336593317 -5.860591709023549 0.023057663516123483
      vertex -25.956365611521957 -5.947611469455776 0.06368384460587251
    endloop
  endfacet
  facet normal -0.24557408816693083 -0.08336117009476918 -0.9657868722142642
    outer loop
      vertex -25.956365611521957 -5.947611469455776 0.06368384460587251
      vertex -25.826131336593317 -5.860591709023549 0.023057663516123483
      vertex -25.816287946602085 -5.889589400860411 0.023057663516123483
    endloop
  endfacet
  facet normal -0.2543539839111493 -0.050594153092204525 -0.9657868722142631
    outer loop
      vertex -25.97258401734985 -5.899833586561635 0.06368384460587251
      vertex -25.982427407341078 -5.850347523322325 0.06368384460587251
      vertex -25.832105556719984 -5.830557276246099 0.023057663516123483
    endloop
  endfacet
  facet normal -0.254353983911147 -0.05059415309220931 -0.9657868722142634
    outer loop
      vertex -25.97258401734985 -5.899833586561635 0.06368384460587251
      vertex -25.832105556719984 -5.830557276246099 0.023057663516123483
      vertex -25.826131336593317 -5.860591709023549 0.023057663516123483
    endloop
  endfacet
  facet normal -0.10875744908112095 -0.07266940419058887 -0.9914085812438543
    outer loop
      vertex -25.78573067035599 -5.942516155859572 0.023057663516123483
      vertex -25.802743809878145 -5.917054193209677 0.023057663516123483
      vertex -25.667968925680363 -5.839241877538086 0.002569292113674848
    endloop
  endfacet
  facet normal -0.11731227464749502 -0.05785201165973992 -0.9914085812438542
    outer loop
      vertex -25.802743809878145 -5.917054193209677 0.023057663516123483
      vertex -25.816287946602085 -5.889589400860411 0.023057663516123483
      vertex -25.667968925680363 -5.839241877538086 0.002569292113674848
    endloop
  endfacet
  facet normal -0.12385985466954427 -0.04204475516978287 -0.9914085812438544
    outer loop
      vertex -25.816287946602085 -5.889589400860411 0.023057663516123483
      vertex -25.826131336593317 -5.860591709023549 0.023057663516123483
      vertex -25.672509534949505 -5.83003443277745 0.002569292113674848
    endloop
  endfacet
  facet normal -0.25878181247038806 -0.016961456102924877 -0.9657868722142632
    outer loop
      vertex -25.982427407341078 -5.850347523322325 0.06368384460587251
      vertex -25.985727358363796 -5.8 0.06368384460587251
      vertex -25.832105556719984 -5.830557276246099 0.023057663516123483
    endloop
  endfacet
  facet normal -0.2587818124703864 -0.01696145610291573 -0.9657868722142637
    outer loop
      vertex -25.985727358363796 -5.8 0.06368384460587251
      vertex -25.834108386419356 -5.8 0.023057663516123483
      vertex -25.832105556719984 -5.830557276246099 0.023057663516123483
    endloop
  endfacet
  facet normal -0.1282881582377632 -0.025518101261847465 -0.9914085812438547
    outer loop
      vertex -25.826131336593317 -5.860591709023549 0.023057663516123483
      vertex -25.832105556719984 -5.830557276246099 0.023057663516123483
      vertex -25.67781231567159 -5.810244185701223 0.002569292113674848
    endloop
  endfacet
  facet normal -0.1305214158503352 -0.008554825566380177 -0.9914085812438547
    outer loop
      vertex -25.832105556719984 -5.830557276246099 0.023057663516123483
      vertex -25.834108386419356 -5.8 0.023057663516123483
      vertex -25.678483755076172 -5.8 0.002569292113674848
    endloop
  endfacet
  facet normal -0.09834175340769598 -0.08624340306798495 -0.9914085812438548
    outer loop
      vertex -25.78573067035599 -5.942516155859572 0.023057663516123483
      vertex -25.66226534924828 -5.847777882894141 0.002569292113674848
      vertex -25.655496395427345 -5.855496395427345 0.002569292113674848
    endloop
  endfacet
  facet normal -0.0862434030680032 -0.09834175340768114 -0.9914085812438548
    outer loop
      vertex -25.765539627569765 -5.965539627569766 0.023057663516123483
      vertex -25.655496395427345 -5.855496395427345 0.002569292113674848
      vertex -25.647777882894143 -5.86226534924828 0.002569292113674848
    endloop
  endfacet
  facet normal -0.10875744908109629 -0.07266940419061713 -0.991408581243855
    outer loop
      vertex -25.78573067035599 -5.942516155859572 0.023057663516123483
      vertex -25.667968925680363 -5.839241877538086 0.002569292113674848
      vertex -25.66226534924828 -5.847777882894141 0.002569292113674848
    endloop
  endfacet
  facet normal -0.11731227464750034 -0.057852011659724485 -0.9914085812438547
    outer loop
      vertex -25.816287946602085 -5.889589400860411 0.023057663516123483
      vertex -25.672509534949505 -5.83003443277745 0.002569292113674848
      vertex -25.667968925680363 -5.839241877538086 0.002569292113674848
    endloop
  endfacet
  facet normal -0.1238598546695485 -0.04204475516976208 -0.9914085812438548
    outer loop
      vertex -25.826131336593317 -5.860591709023549 0.023057663516123483
      vertex -25.67580948597222 -5.820313090544874 0.002569292113674848
      vertex -25.672509534949505 -5.83003443277745 0.002569292113674848
    endloop
  endfacet
  facet normal -0.12828815823776107 -0.02551810126185357 -0.9914085812438548
    outer loop
      vertex -25.826131336593317 -5.860591709023549 0.023057663516123483
      vertex -25.67781231567159 -5.810244185701223 0.002569292113674848
      vertex -25.67580948597222 -5.820313090544874 0.002569292113674848
    endloop
  endfacet
  facet normal -0.13052141585033483 -0.008554825566382209 -0.9914085812438547
    outer loop
      vertex -25.832105556719984 -5.830557276246099 0.023057663516123483
      vertex -25.678483755076172 -5.8 0.002569292113674848
      vertex -25.67781231567159 -5.810244185701223 0.002569292113674848
    endloop
  endfacet
  facet normal -0.9724299610571457 -0.1934283456647946 -0.13025147189870384
    outer loop
      vertex -26.736838998862776 -6.104615091669486 0.965891613580645
      vertex -26.756629245939003 -6.1099178723915735 1.1215162449238285
      vertex -26.766873431640228 -5.953621801643811 0.965891613580645
    endloop
  endfacet
  facet normal -0.9724299610571465 -0.19342834566479206 -0.1302514718987012
    outer loop
      vertex -26.766873431640228 -5.953621801643811 0.965891613580645
      vertex -26.756629245939003 -6.1099178723915735 1.1215162449238285
      vertex -26.787186522185102 -5.956296070747762 1.1215162449238285
    endloop
  endfacet
  facet normal -0.9893581533630929 -0.06484595933589549 -0.13025147189870137
    outer loop
      vertex -26.766873431640228 -5.953621801643811 0.965891613580645
      vertex -26.787186522185102 -5.956296070747762 1.1215162449238285
      vertex -26.776942336483877 -5.8 0.965891613580645
    endloop
  endfacet
  facet normal -0.9893581533630934 -0.06484595933589299 -0.13025147189869887
    outer loop
      vertex -26.776942336483877 -5.8 0.965891613580645
      vertex -26.787186522185102 -5.956296070747762 1.1215162449238285
      vertex -26.797430707886324 -5.8 1.1215162449238285
    endloop
  endfacet
  facet normal -0.32143946530316386 -0.9469301294951048 0
    outer loop
      vertex -26.0582368933133 -6.906281722616676 1.1215162449238285
      vertex -25.909917872391574 -6.956629245939002 1.1215162449238285
      vertex -26.0582368933133 -6.906281722616676 30.478483755076173
    endloop
  endfacet
  facet normal -0.5555702330196076 -0.8314696123025416 0
    outer loop
      vertex -26.198715353943165 -6.83700541230114 1.1215162449238285
      vertex -26.198715353943165 -6.83700541230114 30.478483755076173
      vertex -26.328949628871804 -6.749985651868913 1.1215162449238285
    endloop
  endfacet
  facet normal -0.4422886902189958 -0.8968727415326911 1.6133004579129745e-19
    outer loop
      vertex -26.0582368933133 -6.906281722616676 1.1215162449238285
      vertex -26.198715353943165 -6.83700541230114 30.478483755076173
      vertex -26.198715353943165 -6.83700541230114 1.1215162449238285
    endloop
  endfacet
  facet normal -0.6593458151000663 -0.7518398074789798 0
    outer loop
      vertex -26.44671137354743 -6.6467113735474275 1.1215162449238285
      vertex -26.328949628871804 -6.749985651868913 1.1215162449238285
      vertex -26.44671137354743 -6.6467113735474275 30.478483755076173
    endloop
  endfacet
  facet normal -0.7518398074789772 -0.659345815100069 0
    outer loop
      vertex -26.44671137354743 -6.6467113735474275 1.1215162449238285
      vertex -26.44671137354743 -6.6467113735474275 30.478483755076173
      vertex -26.549985651868916 -6.5289496288718025 1.1215162449238285
    endloop
  endfacet
  facet normal -0.19509032201612683 -0.9807852804032308 -1.9040275858667106e-20
    outer loop
      vertex -25.909917872391574 -6.956629245939002 1.1215162449238285
      vertex -25.756296070747766 -6.9871865221851 1.1215162449238285
      vertex -25.756296070747766 -6.9871865221851 30.478483755076173
    endloop
  endfacet
  facet normal -0.06540312923014552 -0.9978589232386034 0
    outer loop
      vertex -25.756296070747766 -6.9871865221851 1.1215162449238285
      vertex -25.6 -6.997430707886324 1.1215162449238285
      vertex -25.756296070747766 -6.9871865221851 30.478483755076173
    endloop
  endfacet
  facet normal -0.8314696123025433 -0.5555702330196051 -7.583714653006022e-20
    outer loop
      vertex -26.549985651868916 -6.5289496288718025 1.1215162449238285
      vertex -26.637005412301143 -6.398715353943162 30.478483755076173
      vertex -26.637005412301143 -6.398715353943162 1.1215162449238285
    endloop
  endfacet
  facet normal -0.8968727415326955 -0.4422886902189866 0
    outer loop
      vertex -26.637005412301143 -6.398715353943162 1.1215162449238285
      vertex -26.637005412301143 -6.398715353943162 30.478483755076173
      vertex -26.706281722616676 -6.258236893313297 1.1215162449238285
    endloop
  endfacet
  facet normal -0.9469301294951037 -0.3214394653031673 2.949343620729404e-20
    outer loop
      vertex -26.706281722616676 -6.258236893313297 1.1215162449238285
      vertex -26.756629245939003 -6.1099178723915735 30.478483755076173
      vertex -26.756629245939003 -6.1099178723915735 1.1215162449238285
    endloop
  endfacet
  facet normal 0 -1 0
    outer loop
      vertex -25.6 -6.997430707886324 1.1215162449238285
      vertex -23.8 -6.997430707886324 2
      vertex -23.8 -6.997430707886324 29.6
    endloop
  endfacet
  facet normal -0.9807852804032292 -0.19509032201613447 0
    outer loop
      vertex -26.756629245939003 -6.1099178723915735 1.1215162449238285
      vertex -26.756629245939003 -6.1099178723915735 30.478483755076173
      vertex -26.787186522185102 -5.956296070747762 1.1215162449238285
    endloop
  endfacet
  facet normal -0.9978589232386044 -0.06540312923012931 7.875224345753918e-21
    outer loop
      vertex -26.787186522185102 -5.956296070747762 1.1215162449238285
      vertex -26.797430707886324 -5.8 30.478483755076173
      vertex -26.797430707886324 -5.8 1.1215162449238285
    endloop
  endfacet
  facet normal -0.7071067811865419 0 -0.7071067811865532
    outer loop
      vertex -26.391214978120082 -5.8 0.2977922310252268
      vertex -26.502207768974774 -5.8 0.4087850218799165
      vertex -26.391214978120082 5.8 0.2977922310252268
    endloop
  endfacet
  facet normal -0.79335334029124 -4.8457883206758195e-20 -0.6087614290087142
    outer loop
      vertex -26.502207768974774 -5.8 0.4087850218799165
      vertex -26.597763534763054 -5.8 0.5333157203764767
      vertex -26.597763534763054 5.8 0.5333157203764767
    endloop
  endfacet
  facet normal -0.5000000000000002 0 -0.8660254037844385
    outer loop
      vertex -26.266684279623526 -5.8 0.20223646523694505
      vertex -26.266684279623526 5.8 0.20223646523694505
      vertex -26.130746428262803 -5.8 0.1237527101607725
    endloop
  endfacet
  facet normal -0.38268343236508656 1.135800780709646e-19 -0.9238795325112882
    outer loop
      vertex -26.130746428262803 -5.8 0.1237527101607725
      vertex -25.985727358363796 5.8 0.06368384460587251
      vertex -25.985727358363796 -5.8 0.06368384460587251
    endloop
  endfacet
  facet normal -0.6087614290087322 0 -0.7933533402912262
    outer loop
      vertex -26.391214978120082 -5.8 0.2977922310252268
      vertex -26.391214978120082 5.8 0.2977922310252268
      vertex -26.266684279623526 -5.8 0.20223646523694505
    endloop
  endfacet
  facet normal -0.8660254037844307 0 -0.5000000000000135
    outer loop
      vertex -26.597763534763054 -5.8 0.5333157203764767
      vertex -26.676247289839228 -5.8 0.6692535717371975
      vertex -26.597763534763054 5.8 0.5333157203764767
    endloop
  endfacet
  facet normal -0.9238795325112882 1.135800780709646e-19 -0.38268343236508656
    outer loop
      vertex -26.676247289839228 -5.8 0.6692535717371975
      vertex -26.736316155394128 -5.8 0.8142726416362045
      vertex -26.736316155394128 5.8 0.8142726416362045
    endloop
  endfacet
  facet normal -0.9659258262890696 0 -0.25881904510251563
    outer loop
      vertex -26.736316155394128 -5.8 0.8142726416362045
      vertex -26.776942336483877 -5.8 0.965891613580645
      vertex -26.736316155394128 5.8 0.8142726416362045
    endloop
  endfacet
  facet normal -0.25881904510251563 -1.6831519711181374e-19 -0.9659258262890696
    outer loop
      vertex -25.985727358363796 -5.8 0.06368384460587251
      vertex -25.834108386419356 5.8 0.023057663516123483
      vertex -25.834108386419356 -5.8 0.023057663516123483
    endloop
  endfacet
  facet normal -0.1305261922200566 0 -0.9914448613738097
    outer loop
      vertex -25.834108386419356 -5.8 0.023057663516123483
      vertex -25.834108386419356 5.8 0.023057663516123483
      vertex -25.678483755076172 -5.8 0.002569292113674848
    endloop
  endfacet
  facet normal -0.9914448613738113 -7.569734501604351e-20 -0.1305261922200455
    outer loop
      vertex -26.776942336483877 -5.8 0.965891613580645
      vertex -26.797430707886324 -5.8 1.1215162449238285
      vertex -26.797430707886324 5.8 1.1215162449238285
    endloop
  endfacet
  facet normal -2.81783376338146e-20 -0.9238795325112861 -0.3826834323650913
    outer loop
      vertex -25.6 -6.936316155394127 0.8142726416362045
      vertex -25.6 -6.876247289839226 0.6692535717371975
      vertex 25.6 -6.876247289839226 0.6692535717371975
    endloop
  endfacet
  facet normal 4.196479817604029e-20 -0.9659258262890683 -0.25881904510252096
    outer loop
      vertex -25.6 -6.9769423364838765 0.965891613580645
      vertex -25.6 -6.936316155394127 0.8142726416362045
      vertex 25.6 -6.936316155394127 0.8142726416362045
    endloop
  endfacet
  facet normal 0 -0.8660254037844382 -0.5000000000000009
    outer loop
      vertex -25.6 -6.876247289839226 0.6692535717371975
      vertex -25.6 -6.797763534763054 0.5333157203764767
      vertex 25.6 -6.876247289839226 0.6692535717371975
    endloop
  endfacet
  facet normal 4.088602791663078e-20 -0.7933533402912374 -0.6087614290087178
    outer loop
      vertex -25.6 -6.797763534763054 0.5333157203764767
      vertex -25.6 -6.702207768974773 0.4087850218799165
      vertex 25.6 -6.702207768974773 0.4087850218799165
    endloop
  endfacet
  facet normal 0 -0.7071067811865447 -0.7071067811865503
    outer loop
      vertex -25.6 -6.702207768974773 0.4087850218799165
      vertex -25.6 -6.591214978120083 0.2977922310252268
      vertex 25.6 -6.702207768974773 0.4087850218799165
    endloop
  endfacet
  facet normal 0 -0.9914448613738105 -0.13052619222005107
    outer loop
      vertex -25.6 -6.9769423364838765 0.965891613580645
      vertex 25.6 -6.9769423364838765 0.965891613580645
      vertex -25.6 -6.997430707886324 1.1215162449238285
    endloop
  endfacet
  facet normal 0 -0.6087614290087213 -0.7933533402912345
    outer loop
      vertex -25.6 -6.591214978120083 0.2977922310252268
      vertex -25.6 -6.466684279623522 0.20223646523694505
      vertex 25.6 -6.591214978120083 0.2977922310252268
    endloop
  endfacet
  facet normal 3.646722397140167e-20 -0.5000000000000052 -0.8660254037844357
    outer loop
      vertex -25.6 -6.466684279623522 0.20223646523694505
      vertex -25.6 -6.330746428262802 0.1237527101607725
      vertex 25.6 -6.330746428262802 0.1237527101607725
    endloop
  endfacet
  facet normal 0 -0.38268343236508456 -0.923879532511289
    outer loop
      vertex -25.6 -6.330746428262802 0.1237527101607725
      vertex -25.6 -6.185727358363794 0.06368384460587251
      vertex 25.6 -6.330746428262802 0.1237527101607725
    endloop
  endfacet
  facet normal 0 -1 0
    outer loop
      vertex -25.6 -6.997430707886324 1.1215162449238285
      vertex 25.6 -6.997430707886324 1.1215162449238285
      vertex -23.8 -6.997430707886324 2
    endloop
  endfacet
  facet normal 2.6751388292679197e-20 -0.258819045102517 -0.9659258262890693
    outer loop
      vertex -25.6 -6.185727358363794 0.06368384460587251
      vertex -25.6 -6.034108386419354 0.023057663516123483
      vertex 25.6 -6.034108386419354 0.023057663516123483
    endloop
  endfacet
  facet normal 0 -0.13052619222005735 -0.9914448613738097
    outer loop
      vertex -25.6 -6.034108386419354 0.023057663516123483
      vertex -25.6 -5.8784837550761715 0.002569292113674848
      vertex 25.6 -6.034108386419354 0.023057663516123483
    endloop
  endfacet
  facet normal 0 0 -1
    outer loop
      vertex -25.647777882894143 -5.86226534924828 0.002569292113674848
      vertex 25.639241877538087 -5.86796892568036 0.002569292113674848
      vertex -25.639241877538087 -5.86796892568036 0.002569292113674848
    endloop
  endfacet
  facet normal 0 0 -1
    outer loop
      vertex -25.620313090544876 -5.87580948597222 0.002569292113674848
      vertex -25.630034432777453 -5.872509534949503 0.002569292113674848
      vertex 25.639241877538087 -5.86796892568036 0.002569292113674848
    endloop
  endfacet
  facet normal 0 0 -1
    outer loop
      vertex -25.639241877538087 -5.86796892568036 0.002569292113674848
      vertex 25.639241877538087 -5.86796892568036 0.002569292113674848
      vertex -25.630034432777453 -5.872509534949503 0.002569292113674848
    endloop
  endfacet
  facet normal 0 0 -1
    outer loop
      vertex -25.66226534924828 -5.847777882894141 0.002569292113674848
      vertex -25.667968925680363 -5.839241877538086 0.002569292113674848
      vertex 25.639241877538087 -5.86796892568036 0.002569292113674848
    endloop
  endfacet
  facet normal 0 0 -1
    outer loop
      vertex -25.647777882894143 -5.86226534924828 0.002569292113674848
      vertex -25.655496395427345 -5.855496395427345 0.002569292113674848
      vertex 25.639241877538087 -5.86796892568036 0.002569292113674848
    endloop
  endfacet
  facet normal 0 0 -1
    outer loop
      vertex -25.655496395427345 -5.855496395427345 0.002569292113674848
      vertex -25.66226534924828 -5.847777882894141 0.002569292113674848
      vertex 25.639241877538087 -5.86796892568036 0.002569292113674848
    endloop
  endfacet
  facet normal 0 0 -1
    outer loop
      vertex -25.6 -5.8784837550761715 0.002569292113674848
      vertex -25.610244185701227 -5.877812315671591 0.002569292113674848
      vertex 25.639241877538087 -5.86796892568036 0.002569292113674848
    endloop
  endfacet
  facet normal 0 0 -1
    outer loop
      vertex -25.610244185701227 -5.877812315671591 0.002569292113674848
      vertex -25.620313090544876 -5.87580948597222 0.002569292113674848
      vertex 25.639241877538087 -5.86796892568036 0.002569292113674848
    endloop
  endfacet
  facet normal 0 0 -1
    outer loop
      vertex -25.672509534949505 -5.83003443277745 0.002569292113674848
      vertex -25.67580948597222 -5.820313090544874 0.002569292113674848
      vertex 25.639241877538087 -5.86796892568036 0.002569292113674848
    endloop
  endfacet
  facet normal 0 0 -1
    outer loop
      vertex -25.667968925680363 -5.839241877538086 0.002569292113674848
      vertex -25.672509534949505 -5.83003443277745 0.002569292113674848
      vertex 25.639241877538087 -5.86796892568036 0.002569292113674848
    endloop
  endfacet
  facet normal 0 0 -1
    outer loop
      vertex -25.67781231567159 -5.810244185701223 0.002569292113674848
      vertex -25.678483755076172 -5.8 0.002569292113674848
      vertex 25.639241877538087 -5.86796892568036 0.002569292113674848
    endloop
  endfacet
  facet normal 0 0 -1
    outer loop
      vertex -25.67781231567159 -5.810244185701223 0.002569292113674848
      vertex 25.639241877538087 -5.86796892568036 0.002569292113674848
      vertex -25.67580948597222 -5.820313090544874 0.002569292113674848
    endloop
  endfacet
  facet normal 0 0 -1
    outer loop
      vertex -25.678483755076172 -5.8 0.002569292113674848
      vertex -25.678483755076172 5.8 0.002569292113674848
      vertex 25.639241877538087 -5.86796892568036 0.002569292113674848
    endloop
  endfacet
  facet normal -0.5555702330196076 -0.8314696123025416 0
    outer loop
      vertex -26.328949628871804 -6.749985651868913 1.1215162449238285
      vertex -26.198715353943165 -6.83700541230114 30.478483755076173
      vertex -26.328949628871804 -6.749985651868913 30.478483755076173
    endloop
  endfacet
  facet normal -0.4422886902189958 -0.8968727415326911 0
    outer loop
      vertex -26.0582368933133 -6.906281722616676 1.1215162449238285
      vertex -26.0582368933133 -6.906281722616676 30.478483755076173
      vertex -26.198715353943165 -6.83700541230114 30.478483755076173
    endloop
  endfacet
  facet normal -0.7518398074789772 -0.659345815100069 0
    outer loop
      vertex -26.549985651868916 -6.5289496288718025 1.1215162449238285
      vertex -26.44671137354743 -6.6467113735474275 30.478483755076173
      vertex -26.549985651868916 -6.5289496288718025 30.478483755076173
    endloop
  endfacet
  facet normal -0.6593458151000663 -0.7518398074789798 0
    outer loop
      vertex -26.328949628871804 -6.749985651868913 1.1215162449238285
      vertex -26.328949628871804 -6.749985651868913 30.478483755076173
      vertex -26.44671137354743 -6.6467113735474275 30.478483755076173
    endloop
  endfacet
  facet normal -0.19509032201612683 -0.9807852804032308 0
    outer loop
      vertex -25.909917872391574 -6.956629245939002 1.1215162449238285
      vertex -25.756296070747766 -6.9871865221851 30.478483755076173
      vertex -25.909917872391574 -6.956629245939002 30.478483755076173
    endloop
  endfacet
  facet normal -0.32143946530316386 -0.9469301294951048 0
    outer loop
      vertex -25.909917872391574 -6.956629245939002 1.1215162449238285
      vertex -25.909917872391574 -6.956629245939002 30.478483755076173
      vertex -26.0582368933133 -6.906281722616676 30.478483755076173
    endloop
  endfacet
  facet normal -0.06540312923014552 -0.9978589232386034 0
    outer loop
      vertex -25.6 -6.997430707886324 1.1215162449238285
      vertex -25.6 -6.997430707886324 30.478483755076173
      vertex -25.756296070747766 -6.9871865221851 30.478483755076173
    endloop
  endfacet
  facet normal -0.8314696123025433 -0.5555702330196051 0
    outer loop
      vertex -26.549985651868916 -6.5289496288718025 1.1215162449238285
      vertex -26.549985651868916 -6.5289496288718025 30.478483755076173
      vertex -26.637005412301143 -6.398715353943162 30.478483755076173
    endloop
  endfacet
  facet normal -0.8968727415326955 -0.4422886902189866 0
    outer loop
      vertex -26.706281722616676 -6.258236893313297 1.1215162449238285
      vertex -26.637005412301143 -6.398715353943162 30.478483755076173
      vertex -26.706281722616676 -6.258236893313297 30.478483755076173
    endloop
  endfacet
  facet normal -0.9469301294951037 -0.3214394653031673 0
    outer loop
      vertex -26.706281722616676 -6.258236893313297 1.1215162449238285
      vertex -26.706281722616676 -6.258236893313297 30.478483755076173
      vertex -26.756629245939003 -6.1099178723915735 30.478483755076173
    endloop
  endfacet
  facet normal 0 -1 0
    outer loop
      vertex -25.6 -6.997430707886324 1.1215162449238285
      vertex -23.8 -6.997430707886324 29.6
      vertex -25.6 -6.997430707886324 30.478483755076173
    endloop
  endfacet
  facet normal -0.9807852804032292 -0.19509032201613447 0
    outer loop
      vertex -26.787186522185102 -5.956296070747762 1.1215162449238285
      vertex -26.756629245939003 -6.1099178723915735 30.478483755076173
      vertex -26.787186522185102 -5.956296070747762 30.478483755076173
    endloop
  endfacet
  facet normal -0.9978589232386044 -0.06540312923012931 0
    outer loop
      vertex -26.787186522185102 -5.956296070747762 1.1215162449238285
      vertex -26.787186522185102 -5.956296070747762 30.478483755076173
      vertex -26.797430707886324 -5.8 30.478483755076173
    endloop
  endfacet
  facet normal -0.31870111937087375 -0.938863222508994 0.13025147189870598
    outer loop
      vertex -26.0582368933133 -6.906281722616676 30.478483755076173
      vertex -25.909917872391574 -6.956629245939002 30.478483755076173
      vertex -26.05039633302144 -6.887352935623465 30.634108386419356
    endloop
  endfacet
  facet normal -0.5508373247992078 -0.8243863145857475 0.13025147189871167
    outer loop
      vertex -26.198715353943165 -6.83700541230114 30.478483755076173
      vertex -26.18847116824194 -6.8192619621844495 30.634108386419356
      vertex -26.31647709861879 -6.733731133979654 30.634108386419356
    endloop
  endfacet
  facet normal -0.4385208285638725 -0.8892322739216537 0.13025147189870703
    outer loop
      vertex -26.0582368933133 -6.906281722616676 30.478483755076173
      vertex -26.05039633302144 -6.887352935623465 30.634108386419356
      vertex -26.198715353943165 -6.83700541230114 30.478483755076173
    endloop
  endfacet
  facet normal -0.4385208285638757 -0.8892322739216516 0.13025147189871086
    outer loop
      vertex -26.198715353943165 -6.83700541230114 30.478483755076173
      vertex -26.05039633302144 -6.887352935623465 30.634108386419356
      vertex -26.18847116824194 -6.8192619621844495 30.634108386419356
    endloop
  endfacet
  facet normal -0.65372884168628 -0.745434876844205 0.130251471898707
    outer loop
      vertex -26.44671137354743 -6.6467113735474275 30.478483755076173
      vertex -26.31647709861879 -6.733731133979654 30.634108386419356
      vertex -26.43222390719329 -6.632223907193288 30.634108386419356
    endloop
  endfacet
  facet normal -0.7454348768442093 -0.6537288416862763 0.13025147189870093
    outer loop
      vertex -26.44671137354743 -6.6467113735474275 30.478483755076173
      vertex -26.533731133979657 -6.516477098618787 30.634108386419356
      vertex -26.549985651868916 -6.5289496288718025 30.478483755076173
    endloop
  endfacet
  facet normal -0.7454348768442042 -0.6537288416862809 0.13025147189870756
    outer loop
      vertex -26.44671137354743 -6.6467113735474275 30.478483755076173
      vertex -26.43222390719329 -6.632223907193288 30.634108386419356
      vertex -26.533731133979657 -6.516477098618787 30.634108386419356
    endloop
  endfacet
  facet normal -0.5508373247992194 -0.8243863145857417 0.130251471898699
    outer loop
      vertex -26.198715353943165 -6.83700541230114 30.478483755076173
      vertex -26.31647709861879 -6.733731133979654 30.634108386419356
      vertex -26.328949628871804 -6.749985651868913 30.478483755076173
    endloop
  endfacet
  facet normal -0.6537288416862738 -0.7454348768442121 0.1302514718986978
    outer loop
      vertex -26.44671137354743 -6.6467113735474275 30.478483755076173
      vertex -26.328949628871804 -6.749985651868913 30.478483755076173
      vertex -26.31647709861879 -6.733731133979654 30.634108386419356
    endloop
  endfacet
  facet normal -0.19342834566479009 -0.972429961057146 0.13025147189870817
    outer loop
      vertex -25.909917872391574 -6.956629245939002 30.478483755076173
      vertex -25.753621801643813 -6.966873431640225 30.634108386419356
      vertex -25.904615091669488 -6.9368389988627746 30.634108386419356
    endloop
  endfacet
  facet normal -0.19342834566478448 -0.9724299610571481 0.13025147189870237
    outer loop
      vertex -25.909917872391574 -6.956629245939002 30.478483755076173
      vertex -25.756296070747766 -6.9871865221851 30.478483755076173
      vertex -25.753621801643813 -6.966873431640225 30.634108386419356
    endloop
  endfacet
  facet normal -0.3187011193708725 -0.9388632225089941 0.13025147189870726
    outer loop
      vertex -25.909917872391574 -6.956629245939002 30.478483755076173
      vertex -25.904615091669488 -6.9368389988627746 30.634108386419356
      vertex -26.05039633302144 -6.887352935623465 30.634108386419356
    endloop
  endfacet
  facet normal -0.064845959335909 -0.9893581533630919 0.13025147189870184
    outer loop
      vertex -25.756296070747766 -6.9871865221851 30.478483755076173
      vertex -25.6 -6.997430707886324 30.478483755076173
      vertex -25.753621801643813 -6.966873431640225 30.634108386419356
    endloop
  endfacet
  facet normal -0.06484595933590648 -0.9893581533630916 0.13025147189870429
    outer loop
      vertex -25.6 -6.997430707886324 30.478483755076173
      vertex -25.6 -6.9769423364838765 30.634108386419356
      vertex -25.753621801643813 -6.966873431640225 30.634108386419356
    endloop
  endfacet
  facet normal -0.5367165380330551 -0.8032530637381528 0.2583019035878041
    outer loop
      vertex -26.18847116824194 -6.8192619621844495 30.634108386419356
      vertex -26.168158077697065 -6.784078657301979 30.785727358363797
      vertex -26.31647709861879 -6.733731133979654 30.634108386419356
    endloop
  endfacet
  facet normal -0.42727928984838576 -0.8664366884369427 0.25830190358780436
    outer loop
      vertex -26.05039633302144 -6.887352935623465 30.634108386419356
      vertex -26.034849366598127 -6.849819238430548 30.785727358363797
      vertex -26.168158077697065 -6.784078657301979 30.785727358363797
    endloop
  endfacet
  facet normal -0.310531174550216 -0.9147953411749429 0.25830190358780397
    outer loop
      vertex -26.05039633302144 -6.887352935623465 30.634108386419356
      vertex -25.89410026227368 -6.897597121324689 30.785727358363797
      vertex -26.034849366598127 -6.849819238430548 30.785727358363797
    endloop
  endfacet
  facet normal -0.29706440335869344 -0.8751235125267646 0.3819837405963258
    outer loop
      vertex -26.034849366598127 -6.849819238430548 30.785727358363797
      vertex -25.89410026227368 -6.897597121324689 30.785727358363797
      vertex -26.0118620069493 -6.794322843003203 30.930746428262804
    endloop
  endfacet
  facet normal -0.42727928984838603 -0.8664366884369427 0.25830190358780425
    outer loop
      vertex -26.18847116824194 -6.8192619621844495 30.634108386419356
      vertex -26.05039633302144 -6.887352935623465 30.634108386419356
      vertex -26.168158077697065 -6.784078657301979 30.785727358363797
    endloop
  endfacet
  facet normal -0.4087495160194013 -0.828862024147532 0.381983740596326
    outer loop
      vertex -26.034849366598127 -6.849819238430548 30.785727358363797
      vertex -26.0118620069493 -6.794322843003203 30.930746428262804
      vertex -26.168158077697065 -6.784078657301979 30.785727358363797
    endloop
  endfacet
  facet normal -0.6369704174460532 -0.726325556414969 0.2583019035878106
    outer loop
      vertex -26.43222390719329 -6.632223907193288 30.634108386419356
      vertex -26.31647709861879 -6.733731133979654 30.634108386419356
      vertex -26.403496859051014 -6.603496859051013 30.785727358363797
    endloop
  endfacet
  facet normal -0.7263255564149638 -0.6369704174460588 0.2583019035878112
    outer loop
      vertex -26.43222390719329 -6.632223907193288 30.634108386419356
      vertex -26.403496859051014 -6.603496859051013 30.785727358363797
      vertex -26.501500217508827 -6.491745446563424 30.785727358363797
    endloop
  endfacet
  facet normal -0.5367165380330596 -0.8032530637381478 0.25830190358781013
    outer loop
      vertex -26.168158077697065 -6.784078657301979 30.785727358363797
      vertex -26.291745446563425 -6.7015002175088245 30.785727358363797
      vertex -26.31647709861879 -6.733731133979654 30.634108386419356
    endloop
  endfacet
  facet normal -0.6369704174460522 -0.7263255564149694 0.2583019035878116
    outer loop
      vertex -26.403496859051014 -6.603496859051013 30.785727358363797
      vertex -26.31647709861879 -6.733731133979654 30.634108386419356
      vertex -26.291745446563425 -6.7015002175088245 30.785727358363797
    endloop
  endfacet
  facet normal -0.5134408111342517 -0.7684184767311635 0.38198374059632423
    outer loop
      vertex -26.168158077697065 -6.784078657301979 30.785727358363797
      vertex -26.255177838129292 -6.653844382373339 30.930746428262804
      vertex -26.291745446563425 -6.7015002175088245 30.785727358363797
    endloop
  endfacet
  facet normal -0.5134408111342459 -0.768418476731165 0.3819837405963291
    outer loop
      vertex -26.168158077697065 -6.784078657301979 30.785727358363797
      vertex -26.138123644919613 -6.732057493754923 30.930746428262804
      vertex -26.255177838129292 -6.653844382373339 30.930746428262804
    endloop
  endfacet
  facet normal -0.4087495160194031 -0.8288620241475302 0.38198374059632806
    outer loop
      vertex -26.168158077697065 -6.784078657301979 30.785727358363797
      vertex -26.0118620069493 -6.794322843003203 30.930746428262804
      vertex -26.138123644919613 -6.732057493754923 30.930746428262804
    endloop
  endfacet
  facet normal -0.38323821235150773 -0.7771302178258067 0.4991964514453553
    outer loop
      vertex -26.0118620069493 -6.794322843003203 30.930746428262804
      vertex -25.981827574171852 -6.721813308053699 31.066684279623523
      vertex -26.138123644919613 -6.732057493754923 30.930746428262804
    endloop
  endfacet
  facet normal -0.48139540450992485 -0.720459136510247 0.4991964514453557
    outer loop
      vertex -26.138123644919613 -6.732057493754923 30.930746428262804
      vertex -26.098881767381528 -6.664088568074563 31.066684279623523
      vertex -26.255177838129292 -6.653844382373339 30.930746428262804
    endloop
  endfacet
  facet normal -0.38323821235150823 -0.7771302178258062 0.4991964514453557
    outer loop
      vertex -26.138123644919613 -6.732057493754923 30.930746428262804
      vertex -25.981827574171852 -6.721813308053699 31.066684279623523
      vertex -26.098881767381528 -6.664088568074563 31.066684279623523
    endloop
  endfacet
  facet normal -0.60934699161791 -0.6948270761320726 0.38198374059632134
    outer loop
      vertex -26.403496859051014 -6.603496859051013 30.785727358363797
      vertex -26.291745446563425 -6.7015002175088245 30.785727358363797
      vertex -26.361021756878962 -6.56102175687896 30.930746428262804
    endloop
  endfacet
  facet normal -0.6093469916179073 -0.6948270761320736 0.3819837405963235
    outer loop
      vertex -26.291745446563425 -6.7015002175088245 30.785727358363797
      vertex -26.255177838129292 -6.653844382373339 30.930746428262804
      vertex -26.361021756878962 -6.56102175687896 30.930746428262804
    endloop
  endfacet
  facet normal -0.4813954045099287 -0.7204591365102407 0.4991964514453606
    outer loop
      vertex -26.255177838129292 -6.653844382373339 30.930746428262804
      vertex -26.098881767381528 -6.664088568074563 31.066684279623523
      vertex -26.20739995523515 -6.5915790331250586 31.066684279623523
    endloop
  endfacet
  facet normal -0.5713157878291668 -0.6514607996199817 0.49919645144535285
    outer loop
      vertex -26.255177838129292 -6.653844382373339 30.930746428262804
      vertex -26.30552536145162 -6.505525361451615 31.066684279623523
      vertex -26.361021756878962 -6.56102175687896 30.930746428262804
    endloop
  endfacet
  facet normal -0.5713157878291552 -0.6514607996199854 0.4991964514453614
    outer loop
      vertex -26.255177838129292 -6.653844382373339 30.930746428262804
      vertex -26.20739995523515 -6.5915790331250586 31.066684279623523
      vertex -26.30552536145162 -6.505525361451615 31.066684279623523
    endloop
  endfacet
  facet normal -0.35116966187340126 -0.7121016303436397 0.6079400765220627
    outer loop
      vertex -25.981827574171852 -6.721813308053699 31.066684279623523
      vertex -25.94525996573772 -6.633531291828464 31.191214978120087
      vertex -26.098881767381528 -6.664088568074563 31.066684279623523
    endloop
  endfacet
  facet normal -0.3511696618734013 -0.7121016303436395 0.6079400765220627
    outer loop
      vertex -26.098881767381528 -6.664088568074563 31.066684279623523
      vertex -25.94525996573772 -6.633531291828464 31.191214978120087
      vertex -26.05110388448739 -6.581334847423835 31.191214978120087
    endloop
  endfacet
  facet normal -0.4411132710172093 -0.6601726633925765 0.6079400765220615
    outer loop
      vertex -26.20739995523515 -6.5915790331250586 31.066684279623523
      vertex -26.098881767381528 -6.664088568074563 31.066684279623523
      vertex -26.05110388448739 -6.581334847423835 31.191214978120087
    endloop
  endfacet
  facet normal -0.4411132710172109 -0.6601726633925736 0.6079400765220634
    outer loop
      vertex -26.20739995523515 -6.5915790331250586 31.066684279623523
      vertex -26.05110388448739 -6.581334847423835 31.191214978120087
      vertex -26.149229290703854 -6.515769547152839 31.191214978120087
    endloop
  endfacet
  facet normal -0.3130803169961131 -0.6348640795793135 0.7063485793639883
    outer loop
      vertex -26.05110388448739 -6.581334847423835 31.191214978120087
      vertex -25.94525996573772 -6.633531291828464 31.191214978120087
      vertex -25.902784863565664 -6.53098732410151 31.302207768974775
    endloop
  endfacet
  facet normal -0.3105311745502114 -0.9147953411749458 0.25830190358779903
    outer loop
      vertex -26.05039633302144 -6.887352935623465 30.634108386419356
      vertex -25.904615091669488 -6.9368389988627746 30.634108386419356
      vertex -25.89410026227368 -6.897597121324689 30.785727358363797
    endloop
  endfacet
  facet normal -0.18846978475997536 -0.9475015919962602 0.2583019035878003
    outer loop
      vertex -25.753621801643813 -6.966873431640225 30.634108386419356
      vertex -25.89410026227368 -6.897597121324689 30.785727358363797
      vertex -25.904615091669488 -6.9368389988627746 30.634108386419356
    endloop
  endfacet
  facet normal -0.18846978475997114 -0.9475015919962598 0.258301903587804
    outer loop
      vertex -25.753621801643813 -6.966873431640225 30.634108386419356
      vertex -25.748319020921727 -6.926594813161551 30.785727358363797
      vertex -25.89410026227368 -6.897597121324689 30.785727358363797
    endloop
  endfacet
  facet normal -0.06318362469879242 -0.9639958278814482 0.25830190358780475
    outer loop
      vertex -25.753621801643813 -6.966873431640225 30.634108386419356
      vertex -25.6 -6.9769423364838765 30.634108386419356
      vertex -25.748319020921727 -6.926594813161551 30.785727358363797
    endloop
  endfacet
  facet normal -0.06318362469879131 -0.963995827881448 0.2583019035878057
    outer loop
      vertex -25.6 -6.9769423364838765 30.634108386419356
      vertex -25.6 -6.936316155394127 30.785727358363797
      vertex -25.748319020921727 -6.926594813161551 30.785727358363797
    endloop
  endfacet
  facet normal -0.06044354741636679 -0.9221903271536541 0.38198374059632695
    outer loop
      vertex -25.748319020921727 -6.926594813161551 30.785727358363797
      vertex -25.6 -6.936316155394127 30.785727358363797
      vertex -25.6 -6.876247289839226 30.930746428262804
    endloop
  endfacet
  facet normal -0.060443547416367496 -0.9221903271536537 0.3819837405963275
    outer loop
      vertex -25.748319020921727 -6.926594813161551 30.785727358363797
      vertex -25.6 -6.876247289839226 30.930746428262804
      vertex -25.740478460629866 -6.86703984507859 30.930746428262804
    endloop
  endfacet
  facet normal -0.18029643639469267 -0.9064113949765932 0.3819837405963259
    outer loop
      vertex -25.89410026227368 -6.897597121324689 30.785727358363797
      vertex -25.748319020921727 -6.926594813161551 30.785727358363797
      vertex -25.878553295850367 -6.839575052729325 30.930746428262804
    endloop
  endfacet
  facet normal -0.29706440335869316 -0.8751235125267647 0.3819837405963262
    outer loop
      vertex -26.0118620069493 -6.794322843003203 30.930746428262804
      vertex -25.89410026227368 -6.897597121324689 30.785727358363797
      vertex -25.878553295850367 -6.839575052729325 30.930746428262804
    endloop
  endfacet
  facet normal -0.18029643639468934 -0.9064113949765926 0.3819837405963285
    outer loop
      vertex -25.748319020921727 -6.926594813161551 30.785727358363797
      vertex -25.740478460629866 -6.86703984507859 30.930746428262804
      vertex -25.878553295850367 -6.839575052729325 30.930746428262804
    endloop
  endfacet
  facet normal -0.27852370812605043 -0.8205043856531653 0.49919645144535674
    outer loop
      vertex -26.0118620069493 -6.794322843003203 30.930746428262804
      vertex -25.878553295850367 -6.839575052729325 30.930746428262804
      vertex -25.981827574171852 -6.721813308053699 31.066684279623523
    endloop
  endfacet
  facet normal -0.16904358603318329 -0.8498394959552096 0.49919645144535746
    outer loop
      vertex -25.878553295850367 -6.839575052729325 30.930746428262804
      vertex -25.740478460629866 -6.86703984507859 30.930746428262804
      vertex -25.73023427492864 -6.7892275294069995 31.066684279623523
    endloop
  endfacet
  facet normal -0.1690435860331842 -0.8498394959552089 0.49919645144535824
    outer loop
      vertex -25.878553295850367 -6.839575052729325 30.930746428262804
      vertex -25.73023427492864 -6.7892275294069995 31.066684279623523
      vertex -25.858240205305492 -6.763765566757105 31.066684279623523
    endloop
  endfacet
  facet normal -0.05667108131556214 -0.864633616861436 0.4991964514453565
    outer loop
      vertex -25.740478460629866 -6.86703984507859 30.930746428262804
      vertex -25.6 -6.876247289839226 30.930746428262804
      vertex -25.73023427492864 -6.7892275294069995 31.066684279623523
    endloop
  endfacet
  facet normal -0.05667108131556102 -0.8646336168614358 0.4991964514453574
    outer loop
      vertex -25.6 -6.876247289839226 30.930746428262804
      vertex -25.6 -6.797763534763054 31.066684279623523
      vertex -25.73023427492864 -6.7892275294069995 31.066684279623523
    endloop
  endfacet
  facet normal -0.27852370812604876 -0.8205043856531651 0.4991964514453579
    outer loop
      vertex -25.981827574171852 -6.721813308053699 31.066684279623523
      vertex -25.878553295850367 -6.839575052729325 30.930746428262804
      vertex -25.858240205305492 -6.763765566757105 31.066684279623523
    endloop
  endfacet
  facet normal -0.1548983818312261 -0.7787267522465197 0.6079400765220659
    outer loop
      vertex -25.73023427492864 -6.7892275294069995 31.066684279623523
      vertex -25.717761744675627 -6.694489256441568 31.191214978120087
      vertex -25.858240205305492 -6.763765566757105 31.066684279623523
    endloop
  endfacet
  facet normal -0.25521744245231864 -0.7518463409676509 0.6079400765220632
    outer loop
      vertex -25.981827574171852 -6.721813308053699 31.066684279623523
      vertex -25.858240205305492 -6.763765566757105 31.066684279623523
      vertex -25.94525996573772 -6.633531291828464 31.191214978120087
    endloop
  endfacet
  facet normal -0.25521744245230976 -0.7518463409676499 0.6079400765220684
    outer loop
      vertex -25.858240205305492 -6.763765566757105 31.066684279623523
      vertex -25.833508553250127 -6.6714657847313745 31.191214978120087
      vertex -25.94525996573772 -6.633531291828464 31.191214978120087
    endloop
  endfacet
  facet normal -0.1548983818312275 -0.7787267522465185 0.6079400765220669
    outer loop
      vertex -25.858240205305492 -6.763765566757105 31.066684279623523
      vertex -25.717761744675627 -6.694489256441568 31.191214978120087
      vertex -25.833508553250127 -6.6714657847313745 31.191214978120087
    endloop
  endfacet
  facet normal -0.05192896695106609 -0.7922829328906048 0.6079400765220668
    outer loop
      vertex -25.73023427492864 -6.7892275294069995 31.066684279623523
      vertex -25.6 -6.702207768974773 31.191214978120087
      vertex -25.717761744675627 -6.694489256441568 31.191214978120087
    endloop
  endfacet
  facet normal -0.05192896695106208 -0.792282932890607 0.6079400765220643
    outer loop
      vertex -25.73023427492864 -6.7892275294069995 31.066684279623523
      vertex -25.6 -6.797763534763054 31.066684279623523
      vertex -25.6 -6.702207768974773 31.191214978120087
    endloop
  endfacet
  facet normal -0.22753548059830142 -0.6702979110062794 0.7063485793639837
    outer loop
      vertex -25.833508553250127 -6.6714657847313745 31.191214978120087
      vertex -25.804781505107854 -6.564254981512928 31.302207768974775
      vertex -25.94525996573772 -6.633531291828464 31.191214978120087
    endloop
  endfacet
  facet normal -0.13809744904270546 -0.6942627593342294 0.7063485793639844
    outer loop
      vertex -25.833508553250127 -6.6714657847313745 31.191214978120087
      vertex -25.717761744675627 -6.694489256441568 31.191214978120087
      vertex -25.804781505107854 -6.564254981512928 31.302207768974775
    endloop
  endfacet
  facet normal -0.22753548059830786 -0.6702979110062729 0.7063485793639878
    outer loop
      vertex -25.94525996573772 -6.633531291828464 31.191214978120087
      vertex -25.804781505107854 -6.564254981512928 31.302207768974775
      vertex -25.902784863565664 -6.53098732410151 31.302207768974775
    endloop
  endfacet
  facet normal -0.04629653184614119 -0.7063485793639692 0.7063485793639862
    outer loop
      vertex -25.717761744675627 -6.694489256441568 31.191214978120087
      vertex -25.6 -6.702207768974773 31.191214978120087
      vertex -25.703274278321487 -6.584446024299147 31.302207768974775
    endloop
  endfacet
  facet normal -0.046296531846141166 -0.7063485793639692 0.7063485793639862
    outer loop
      vertex -25.6 -6.702207768974773 31.191214978120087
      vertex -25.6 -6.591214978120083 31.302207768974775
      vertex -25.703274278321487 -6.584446024299147 31.302207768974775
    endloop
  endfacet
  facet normal -0.1380974490427008 -0.6942627593342282 0.7063485793639867
    outer loop
      vertex -25.717761744675627 -6.694489256441568 31.191214978120087
      vertex -25.703274278321487 -6.584446024299147 31.302207768974775
      vertex -25.804781505107854 -6.564254981512928 31.302207768974775
    endloop
  endfacet
  facet normal -0.8243863145857433 -0.5508373247992168 0.1302514718987005
    outer loop
      vertex -26.549985651868916 -6.5289496288718025 30.478483755076173
      vertex -26.533731133979657 -6.516477098618787 30.634108386419356
      vertex -26.637005412301143 -6.398715353943162 30.478483755076173
    endloop
  endfacet
  facet normal -0.8243863145857449 -0.5508373247992135 0.1302514718987039
    outer loop
      vertex -26.637005412301143 -6.398715353943162 30.478483755076173
      vertex -26.533731133979657 -6.516477098618787 30.634108386419356
      vertex -26.619261962184453 -6.388471168241938 30.634108386419356
    endloop
  endfacet
  facet normal -0.8892322739216582 -0.43852082856386465 0.1302514718987033
    outer loop
      vertex -26.637005412301143 -6.398715353943162 30.478483755076173
      vertex -26.619261962184453 -6.388471168241938 30.634108386419356
      vertex -26.687352935623466 -6.250396333021438 30.634108386419356
    endloop
  endfacet
  facet normal -0.8892322739216588 -0.43852082856386376 0.13025147189870226
    outer loop
      vertex -26.637005412301143 -6.398715353943162 30.478483755076173
      vertex -26.687352935623466 -6.250396333021438 30.634108386419356
      vertex -26.706281722616676 -6.258236893313297 30.478483755076173
    endloop
  endfacet
  facet normal -0.9388632225089931 -0.3187011193708773 0.13025147189870243
    outer loop
      vertex -26.706281722616676 -6.258236893313297 30.478483755076173
      vertex -26.687352935623466 -6.250396333021438 30.634108386419356
      vertex -26.756629245939003 -6.1099178723915735 30.478483755076173
    endloop
  endfacet
  facet normal -0.9388632225089935 -0.31870111937087603 0.13025147189870376
    outer loop
      vertex -26.687352935623466 -6.250396333021438 30.634108386419356
      vertex -26.736838998862776 -6.104615091669486 30.634108386419356
      vertex -26.756629245939003 -6.1099178723915735 30.478483755076173
    endloop
  endfacet
  facet normal -0.7263255564149693 -0.636970417446055 0.2583019035878051
    outer loop
      vertex -26.43222390719329 -6.632223907193288 30.634108386419356
      vertex -26.501500217508827 -6.491745446563424 30.785727358363797
      vertex -26.533731133979657 -6.516477098618787 30.634108386419356
    endloop
  endfacet
  facet normal -0.6948270761320674 -0.6093469916179165 0.38198374059632056
    outer loop
      vertex -26.403496859051014 -6.603496859051013 30.785727358363797
      vertex -26.361021756878962 -6.56102175687896 30.930746428262804
      vertex -26.501500217508827 -6.491745446563424 30.785727358363797
    endloop
  endfacet
  facet normal -0.803253063738149 -0.5367165380330602 0.25830190358780575
    outer loop
      vertex -26.533731133979657 -6.516477098618787 30.634108386419356
      vertex -26.501500217508827 -6.491745446563424 30.785727358363797
      vertex -26.619261962184453 -6.388471168241938 30.634108386419356
    endloop
  endfacet
  facet normal -0.6948270761320735 -0.6093469916179013 0.38198374059633367
    outer loop
      vertex -26.361021756878962 -6.56102175687896 30.930746428262804
      vertex -26.45384438237334 -6.4551778381292895 30.930746428262804
      vertex -26.501500217508827 -6.491745446563424 30.785727358363797
    endloop
  endfacet
  facet normal -0.6514607996199859 -0.5713157878291651 0.49919645144534913
    outer loop
      vertex -26.361021756878962 -6.56102175687896 30.930746428262804
      vertex -26.391579033125062 -6.4073999552351495 31.066684279623523
      vertex -26.45384438237334 -6.4551778381292895 30.930746428262804
    endloop
  endfacet
  facet normal -0.8032530637381532 -0.5367165380330479 0.2583019035878173
    outer loop
      vertex -26.501500217508827 -6.491745446563424 30.785727358363797
      vertex -26.58407865730198 -6.368158077697063 30.785727358363797
      vertex -26.619261962184453 -6.388471168241938 30.634108386419356
    endloop
  endfacet
  facet normal -0.7684184767311683 -0.51344081113424 0.38198374059633067
    outer loop
      vertex -26.501500217508827 -6.491745446563424 30.785727358363797
      vertex -26.532057493754923 -6.338123644919612 30.930746428262804
      vertex -26.58407865730198 -6.368158077697063 30.785727358363797
    endloop
  endfacet
  facet normal -0.7684184767311653 -0.5134408111342421 0.3819837405963334
    outer loop
      vertex -26.501500217508827 -6.491745446563424 30.785727358363797
      vertex -26.45384438237334 -6.4551778381292895 30.930746428262804
      vertex -26.532057493754923 -6.338123644919612 30.930746428262804
    endloop
  endfacet
  facet normal -0.7204591365102536 -0.48139540450992574 0.49919645144534514
    outer loop
      vertex -26.45384438237334 -6.4551778381292895 30.930746428262804
      vertex -26.464088568074565 -6.298881767381527 31.066684279623523
      vertex -26.532057493754923 -6.338123644919612 30.930746428262804
    endloop
  endfacet
  facet normal -0.7204591365102492 -0.48139540450992857 0.49919645144534874
    outer loop
      vertex -26.45384438237334 -6.4551778381292895 30.930746428262804
      vertex -26.391579033125062 -6.4073999552351495 31.066684279623523
      vertex -26.464088568074565 -6.298881767381527 31.066684279623523
    endloop
  endfacet
  facet normal -0.6514607996199815 -0.5713157878291674 0.4991964514453526
    outer loop
      vertex -26.361021756878962 -6.56102175687896 30.930746428262804
      vertex -26.30552536145162 -6.505525361451615 31.066684279623523
      vertex -26.391579033125062 -6.4073999552351495 31.066684279623523
    endloop
  endfacet
  facet normal -0.5235093097941992 -0.5969479591364298 0.6079400765220634
    outer loop
      vertex -26.20739995523515 -6.5915790331250586 31.066684279623523
      vertex -26.149229290703854 -6.515769547152839 31.191214978120087
      vertex -26.30552536145162 -6.505525361451615 31.066684279623523
    endloop
  endfacet
  facet normal -0.5235093097942035 -0.5969479591364197 0.6079400765220697
    outer loop
      vertex -26.30552536145162 -6.505525361451615 31.066684279623523
      vertex -26.149229290703854 -6.515769547152839 31.191214978120087
      vertex -26.23795723148125 -6.437957231481247 31.191214978120087
    endloop
  endfacet
  facet normal -0.3932682623678586 -0.5885675477331734 0.7063485793639878
    outer loop
      vertex -26.05110388448739 -6.581334847423835 31.191214978120087
      vertex -26.081661160733486 -6.427713045780024 31.302207768974775
      vertex -26.149229290703854 -6.515769547152839 31.191214978120087
    endloop
  endfacet
  facet normal -0.31308031699611316 -0.6348640795793135 0.7063485793639883
    outer loop
      vertex -26.05110388448739 -6.581334847423835 31.191214978120087
      vertex -25.902784863565664 -6.53098732410151 31.302207768974775
      vertex -25.995607489060042 -6.48521227090674 31.302207768974775
    endloop
  endfacet
  facet normal -0.39326826236785545 -0.588567547733174 0.7063485793639892
    outer loop
      vertex -26.05110388448739 -6.581334847423835 31.191214978120087
      vertex -25.995607489060042 -6.48521227090674 31.302207768974775
      vertex -26.081661160733486 -6.427713045780024 31.302207768974775
    endloop
  endfacet
  facet normal -0.5969479591364188 -0.523509309794204 0.60794007652207
    outer loop
      vertex -26.391579033125062 -6.4073999552351495 31.066684279623523
      vertex -26.30552536145162 -6.505525361451615 31.066684279623523
      vertex -26.23795723148125 -6.437957231481247 31.191214978120087
    endloop
  endfacet
  facet normal -0.5969479591364206 -0.5235093097941976 0.6079400765220737
    outer loop
      vertex -26.391579033125062 -6.4073999552351495 31.066684279623523
      vertex -26.23795723148125 -6.437957231481247 31.191214978120087
      vertex -26.31576954715284 -6.349229290703852 31.191214978120087
    endloop
  endfacet
  facet normal -0.4667272787359262 -0.5322004619635723 0.7063485793639833
    outer loop
      vertex -26.149229290703854 -6.515769547152839 31.191214978120087
      vertex -26.15947347640508 -6.359473476405076 31.302207768974775
      vertex -26.23795723148125 -6.437957231481247 31.191214978120087
    endloop
  endfacet
  facet normal -0.5322004619635756 -0.466727278735923 0.7063485793639829
    outer loop
      vertex -26.23795723148125 -6.437957231481247 31.191214978120087
      vertex -26.15947347640508 -6.359473476405076 31.302207768974775
      vertex -26.31576954715284 -6.349229290703852 31.191214978120087
    endloop
  endfacet
  facet normal -0.4667272787359156 -0.532200461963575 0.7063485793639881
    outer loop
      vertex -26.149229290703854 -6.515769547152839 31.191214978120087
      vertex -26.081661160733486 -6.427713045780024 31.302207768974775
      vertex -26.15947347640508 -6.359473476405076 31.302207768974775
    endloop
  endfacet
  facet normal -0.3386659386536785 -0.5068493954076106 0.7927225696110605
    outer loop
      vertex -25.995607489060042 -6.48521227090674 31.302207768974775
      vertex -25.933342139811764 -6.377365522457699 31.397763534763058
      vertex -26.081661160733486 -6.427713045780024 31.302207768974775
    endloop
  endfacet
  facet normal -0.40192572621211137 -0.4583084531602088 0.792722569611061
    outer loop
      vertex -26.081661160733486 -6.427713045780024 31.302207768974775
      vertex -26.005851674761267 -6.328916200158977 31.397763534763058
      vertex -26.15947347640508 -6.359473476405076 31.302207768974775
    endloop
  endfacet
  facet normal -0.33866593865368 -0.506849395407608 0.7927225696110614
    outer loop
      vertex -26.081661160733486 -6.427713045780024 31.302207768974775
      vertex -25.933342139811764 -6.377365522457699 31.397763534763058
      vertex -26.005851674761267 -6.328916200158977 31.397763534763058
    endloop
  endfacet
  facet normal -0.8664366884369482 -0.4272792898483747 0.2583019035878046
    outer loop
      vertex -26.619261962184453 -6.388471168241938 30.634108386419356
      vertex -26.64981923843055 -6.234849366598127 30.785727358363797
      vertex -26.687352935623466 -6.250396333021438 30.634108386419356
    endloop
  endfacet
  facet normal -0.8664366884369382 -0.4272792898483865 0.25830190358781846
    outer loop
      vertex -26.619261962184453 -6.388471168241938 30.634108386419356
      vertex -26.58407865730198 -6.368158077697063 30.785727358363797
      vertex -26.64981923843055 -6.234849366598127 30.785727358363797
    endloop
  endfacet
  facet normal -0.8288620241475334 -0.4087495160194047 0.3819837405963195
    outer loop
      vertex -26.58407865730198 -6.368158077697063 30.785727358363797
      vertex -26.594322843003205 -6.211862006949301 30.930746428262804
      vertex -26.64981923843055 -6.234849366598127 30.785727358363797
    endloop
  endfacet
  facet normal -0.8288620241475235 -0.4087495160194143 0.38198374059633056
    outer loop
      vertex -26.58407865730198 -6.368158077697063 30.785727358363797
      vertex -26.532057493754923 -6.338123644919612 30.930746428262804
      vertex -26.594322843003205 -6.211862006949301 30.930746428262804
    endloop
  endfacet
  facet normal -0.7771302178258067 -0.38323821235152145 0.4991964514453446
    outer loop
      vertex -26.532057493754923 -6.338123644919612 30.930746428262804
      vertex -26.464088568074565 -6.298881767381527 31.066684279623523
      vertex -26.594322843003205 -6.211862006949301 30.930746428262804
    endloop
  endfacet
  facet normal -0.9147953411749423 -0.3105311745502176 0.25830190358780397
    outer loop
      vertex -26.687352935623466 -6.250396333021438 30.634108386419356
      vertex -26.64981923843055 -6.234849366598127 30.785727358363797
      vertex -26.69759712132469 -6.094100262273676 30.785727358363797
    endloop
  endfacet
  facet normal -0.8751235125267665 -0.2970644033586959 0.38198374059631973
    outer loop
      vertex -26.64981923843055 -6.234849366598127 30.785727358363797
      vertex -26.594322843003205 -6.211862006949301 30.930746428262804
      vertex -26.69759712132469 -6.094100262273676 30.785727358363797
    endloop
  endfacet
  facet normal -0.9147953411749443 -0.31053117455021456 0.25830190358780064
    outer loop
      vertex -26.687352935623466 -6.250396333021438 30.634108386419356
      vertex -26.69759712132469 -6.094100262273676 30.785727358363797
      vertex -26.736838998862776 -6.104615091669486 30.634108386419356
    endloop
  endfacet
  facet normal -0.8751235125267665 -0.29706440335869366 0.38198374059632156
    outer loop
      vertex -26.594322843003205 -6.211862006949301 30.930746428262804
      vertex -26.639575052729327 -6.078553295850364 30.930746428262804
      vertex -26.69759712132469 -6.094100262273676 30.785727358363797
    endloop
  endfacet
  facet normal -0.7771302178258077 -0.3832382123515032 0.49919645144535724
    outer loop
      vertex -26.464088568074565 -6.298881767381527 31.066684279623523
      vertex -26.5218133080537 -6.18182757417185 31.066684279623523
      vertex -26.594322843003205 -6.211862006949301 30.930746428262804
    endloop
  endfacet
  facet normal -0.8205043856531653 -0.2785237081260503 0.49919645144535685
    outer loop
      vertex -26.594322843003205 -6.211862006949301 30.930746428262804
      vertex -26.5218133080537 -6.18182757417185 31.066684279623523
      vertex -26.639575052729327 -6.078553295850364 30.930746428262804
    endloop
  endfacet
  facet normal -0.6601726633925732 -0.4411132710172017 0.6079400765220706
    outer loop
      vertex -26.391579033125062 -6.4073999552351495 31.066684279623523
      vertex -26.381334847423837 -6.251103884487386 31.191214978120087
      vertex -26.464088568074565 -6.298881767381527 31.066684279623523
    endloop
  endfacet
  facet normal -0.7121016303436384 -0.3511696618733952 0.6079400765220676
    outer loop
      vertex -26.464088568074565 -6.298881767381527 31.066684279623523
      vertex -26.433531291828466 -6.145259965737716 31.191214978120087
      vertex -26.5218133080537 -6.18182757417185 31.066684279623523
    endloop
  endfacet
  facet normal -0.7121016303436342 -0.35116966187339854 0.6079400765220707
    outer loop
      vertex -26.464088568074565 -6.298881767381527 31.066684279623523
      vertex -26.381334847423837 -6.251103884487386 31.191214978120087
      vertex -26.433531291828466 -6.145259965737716 31.191214978120087
    endloop
  endfacet
  facet normal -0.6348640795793135 -0.3130803169961131 0.7063485793639883
    outer loop
      vertex -26.381334847423837 -6.251103884487386 31.191214978120087
      vertex -26.33098732410151 -6.102784863565662 31.302207768974775
      vertex -26.433531291828466 -6.145259965737716 31.191214978120087
    endloop
  endfacet
  facet normal -0.6601726633925676 -0.44111327101720504 0.6079400765220743
    outer loop
      vertex -26.391579033125062 -6.4073999552351495 31.066684279623523
      vertex -26.31576954715284 -6.349229290703852 31.191214978120087
      vertex -26.381334847423837 -6.251103884487386 31.191214978120087
    endloop
  endfacet
  facet normal -0.5885675477331757 -0.3932682623678583 0.7063485793639861
    outer loop
      vertex -26.31576954715284 -6.349229290703852 31.191214978120087
      vertex -26.227713045780025 -6.281661160733485 31.302207768974775
      vertex -26.381334847423837 -6.251103884487386 31.191214978120087
    endloop
  endfacet
  facet normal -0.5322004619635774 -0.46672727873591546 0.7063485793639862
    outer loop
      vertex -26.31576954715284 -6.349229290703852 31.191214978120087
      vertex -26.15947347640508 -6.359473476405076 31.302207768974775
      vertex -26.227713045780025 -6.281661160733485 31.302207768974775
    endloop
  endfacet
  facet normal -0.5885675477331765 -0.39326826236785106 0.7063485793639893
    outer loop
      vertex -26.381334847423837 -6.251103884487386 31.191214978120087
      vertex -26.227713045780025 -6.281661160733485 31.302207768974775
      vertex -26.28521227090674 -6.195607489060041 31.302207768974775
    endloop
  endfacet
  facet normal -0.45830845316021007 -0.4019257262121106 0.7927225696110607
    outer loop
      vertex -26.15947347640508 -6.359473476405076 31.302207768974775
      vertex -26.12891620015898 -6.205851674761265 31.397763534763058
      vertex -26.227713045780025 -6.281661160733485 31.302207768974775
    endloop
  endfacet
  facet normal -0.4019257262121116 -0.45830845316020846 0.7927225696110611
    outer loop
      vertex -26.15947347640508 -6.359473476405076 31.302207768974775
      vertex -26.005851674761267 -6.328916200158977 31.397763534763058
      vertex -26.071416975032264 -6.2714169750322615 31.397763534763058
    endloop
  endfacet
  facet normal -0.4583084531602083 -0.4019257262121114 0.7927225696110614
    outer loop
      vertex -26.15947347640508 -6.359473476405076 31.302207768974775
      vertex -26.071416975032264 -6.2714169750322615 31.397763534763058
      vertex -26.12891620015898 -6.205851674761265 31.397763534763058
    endloop
  endfacet
  facet normal -0.33020300790064383 -0.3765243673402658 0.8655607282983556
    outer loop
      vertex -26.005851674761267 -6.328916200158977 31.397763534763058
      vertex -25.92309795411054 -6.221069451709936 31.47624728983923
      vertex -26.071416975032264 -6.2714169750322615 31.397763534763058
    endloop
  endfacet
  facet normal -0.6348640795793109 -0.31308031699611505 0.7063485793639898
    outer loop
      vertex -26.381334847423837 -6.251103884487386 31.191214978120087
      vertex -26.28521227090674 -6.195607489060041 31.302207768974775
      vertex -26.33098732410151 -6.102784863565662 31.302207768974775
    endloop
  endfacet
  facet normal -0.5068493954076134 -0.33866593865367517 0.79272256961106
    outer loop
      vertex -26.227713045780025 -6.281661160733485 31.302207768974775
      vertex -26.12891620015898 -6.205851674761265 31.397763534763058
      vertex -26.28521227090674 -6.195607489060041 31.302207768974775
    endloop
  endfacet
  facet normal -0.5068493954076148 -0.33866593865366584 0.7927225696110631
    outer loop
      vertex -26.28521227090674 -6.195607489060041 31.302207768974775
      vertex -26.12891620015898 -6.205851674761265 31.397763534763058
      vertex -26.1773655224577 -6.133342139811761 31.397763534763058
    endloop
  endfacet
  facet normal -0.5467180039743819 -0.2696114829889496 0.7927225696110634
    outer loop
      vertex -26.28521227090674 -6.195607489060041 31.302207768974775
      vertex -26.1773655224577 -6.133342139811761 31.397763534763058
      vertex -26.215935960591207 -6.055129028430176 31.397763534763058
    endloop
  endfacet
  facet normal -0.37652436734026684 -0.3302030079006448 0.8655607282983548
    outer loop
      vertex -26.071416975032264 -6.2714169750322615 31.397763534763058
      vertex -26.021069451709938 -6.123097954110538 31.47624728983923
      vertex -26.12891620015898 -6.205851674761265 31.397763534763058
    endloop
  endfacet
  facet normal -0.33020300790064605 -0.3765243673402612 0.8655607282983568
    outer loop
      vertex -26.071416975032264 -6.2714169750322615 31.397763534763058
      vertex -25.92309795411054 -6.221069451709936 31.47624728983923
      vertex -25.975294398515167 -6.175294398515167 31.47624728983923
    endloop
  endfacet
  facet normal -0.3765243673402575 -0.3302030079006492 0.8655607282983572
    outer loop
      vertex -26.071416975032264 -6.2714169750322615 31.397763534763058
      vertex -25.975294398515167 -6.175294398515167 31.47624728983923
      vertex -26.021069451709938 -6.123097954110538 31.47624728983923
    endloop
  endfacet
  facet normal -0.41640329046241537 -0.27823178344627914 0.8655607282983535
    outer loop
      vertex -26.1773655224577 -6.133342139811761 31.397763534763058
      vertex -26.12891620015898 -6.205851674761265 31.397763534763058
      vertex -26.059639889843442 -6.065373214131401 31.47624728983923
    endloop
  endfacet
  facet normal -0.4164032904624111 -0.27823178344628186 0.8655607282983546
    outer loop
      vertex -26.12891620015898 -6.205851674761265 31.397763534763058
      vertex -26.021069451709938 -6.123097954110538 31.47624728983923
      vertex -26.059639889843442 -6.065373214131401 31.47624728983923
    endloop
  endfacet
  facet normal -0.19594390009983143 -0.5772321159143018 0.7927225696110622
    outer loop
      vertex -25.804781505107854 -6.564254981512928 31.302207768974775
      vertex -25.772550588637024 -6.4439675636692835 31.397763534763058
      vertex -25.902784863565664 -6.53098732410151 31.302207768974775
    endloop
  endfacet
  facet normal -0.26961148298893645 -0.5467180039743919 0.7927225696110609
    outer loop
      vertex -25.995607489060042 -6.48521227090674 31.302207768974775
      vertex -25.902784863565664 -6.53098732410151 31.302207768974775
      vertex -25.933342139811764 -6.377365522457699 31.397763534763058
    endloop
  endfacet
  facet normal -0.11892366275409706 -0.5978696263119463 0.792722569611061
    outer loop
      vertex -25.804781505107854 -6.564254981512928 31.302207768974775
      vertex -25.703274278321487 -6.584446024299147 31.302207768974775
      vertex -25.68701976043223 -6.460980703191442 31.397763534763058
    endloop
  endfacet
  facet normal -0.03986860856678374 -0.6082774216426128 0.7927225696110612
    outer loop
      vertex -25.703274278321487 -6.584446024299147 31.302207768974775
      vertex -25.6 -6.591214978120083 31.302207768974775
      vertex -25.68701976043223 -6.460980703191442 31.397763534763058
    endloop
  endfacet
  facet normal -0.11892366275409967 -0.5978696263119443 0.7927225696110621
    outer loop
      vertex -25.804781505107854 -6.564254981512928 31.302207768974775
      vertex -25.68701976043223 -6.460980703191442 31.397763534763058
      vertex -25.772550588637024 -6.4439675636692835 31.397763534763058
    endloop
  endfacet
  facet normal -0.1959439000998327 -0.5772321159143005 0.7927225696110628
    outer loop
      vertex -25.902784863565664 -6.53098732410151 31.302207768974775
      vertex -25.772550588637024 -6.4439675636692835 31.397763534763058
      vertex -25.855129028430177 -6.415935960591204 31.397763534763058
    endloop
  endfacet
  facet normal -0.03986860856677925 -0.6082774216426109 0.7927225696110628
    outer loop
      vertex -25.6 -6.591214978120083 31.302207768974775
      vertex -25.6 -6.466684279623522 31.397763534763058
      vertex -25.68701976043223 -6.460980703191442 31.397763534763058
    endloop
  endfacet
  facet normal -0.26961148298892984 -0.5467180039743919 0.7927225696110631
    outer loop
      vertex -25.902784863565664 -6.53098732410151 31.302207768974775
      vertex -25.855129028430177 -6.415935960591204 31.397763534763058
      vertex -25.933342139811764 -6.377365522457699 31.397763534763058
    endloop
  endfacet
  facet normal -0.22149993603672838 -0.44915743783593914 0.8655607282983556
    outer loop
      vertex -25.855129028430177 -6.415935960591204 31.397763534763058
      vertex -25.80310786488312 -6.290345762025472 31.47624728983923
      vertex -25.933342139811764 -6.377365522457699 31.397763534763058
    endloop
  endfacet
  facet normal -0.16097816331021106 -0.47422637691812625 0.8655607282983547
    outer loop
      vertex -25.772550588637024 -6.4439675636692835 31.397763534763058
      vertex -25.737367283754555 -6.312661682269718 31.47624728983923
      vertex -25.855129028430177 -6.415935960591204 31.397763534763058
    endloop
  endfacet
  facet normal -0.09770200957786405 -0.4911811712108563 0.8655607282983548
    outer loop
      vertex -25.68701976043223 -6.460980703191442 31.397763534763058
      vertex -25.66927631031554 -6.3262058189936585 31.47624728983923
      vertex -25.772550588637024 -6.4439675636692835 31.397763534763058
    endloop
  endfacet
  facet normal -0.03275414737352852 -0.49973171948301914 0.8655607282983547
    outer loop
      vertex -25.68701976043223 -6.460980703191442 31.397763534763058
      vertex -25.6 -6.466684279623522 31.397763534763058
      vertex -25.6 -6.330746428262802 31.47624728983923
    endloop
  endfacet
  facet normal -0.03275414737352888 -0.4997317194830189 0.8655607282983547
    outer loop
      vertex -25.68701976043223 -6.460980703191442 31.397763534763058
      vertex -25.6 -6.330746428262802 31.47624728983923
      vertex -25.66927631031554 -6.3262058189936585 31.47624728983923
    endloop
  endfacet
  facet normal -0.09770200957786472 -0.49118117121085597 0.865560728298355
    outer loop
      vertex -25.772550588637024 -6.4439675636692835 31.397763534763058
      vertex -25.66927631031554 -6.3262058189936585 31.47624728983923
      vertex -25.737367283754555 -6.312661682269718 31.47624728983923
    endloop
  endfacet
  facet normal -0.27823178344628796 -0.4164032904624057 0.8655607282983553
    outer loop
      vertex -26.005851674761267 -6.328916200158977 31.397763534763058
      vertex -25.933342139811764 -6.377365522457699 31.397763534763058
      vertex -25.92309795411054 -6.221069451709936 31.47624728983923
    endloop
  endfacet
  facet normal -0.2214999360367305 -0.4491574378359367 0.8655607282983563
    outer loop
      vertex -25.933342139811764 -6.377365522457699 31.397763534763058
      vertex -25.80310786488312 -6.290345762025472 31.47624728983923
      vertex -25.865373214131402 -6.259639889843441 31.47624728983923
    endloop
  endfacet
  facet normal -0.16097816331021378 -0.4742263769181239 0.8655607282983555
    outer loop
      vertex -25.855129028430177 -6.415935960591204 31.397763534763058
      vertex -25.737367283754555 -6.312661682269718 31.47624728983923
      vertex -25.80310786488312 -6.290345762025472 31.47624728983923
    endloop
  endfacet
  facet normal -0.2782317834462832 -0.41640329046240665 0.8655607282983564
    outer loop
      vertex -25.933342139811764 -6.377365522457699 31.397763534763058
      vertex -25.865373214131402 -6.259639889843441 31.47624728983923
      vertex -25.92309795411054 -6.221069451709936 31.47624728983923
    endloop
  endfacet
  facet normal -0.1232347368633967 -0.3630378280597452 0.923589050946292
    outer loop
      vertex -25.80310786488312 -6.290345762025472 31.47624728983923
      vertex -25.737367283754555 -6.312661682269718 31.47624728983923
      vertex -25.747611469455777 -6.156365611521955 31.53631615539413
    endloop
  endfacet
  facet normal -0.0747945012774865 -0.3760173500661642 0.9235890509462916
    outer loop
      vertex -25.66927631031554 -6.3262058189936585 31.47624728983923
      vertex -25.650347523322328 -6.182427407341078 31.53631615539413
      vertex -25.737367283754555 -6.312661682269718 31.47624728983923
    endloop
  endfacet
  facet normal -0.025074511037769105 -0.3825631109612439 0.9235890509462916
    outer loop
      vertex -25.66927631031554 -6.3262058189936585 31.47624728983923
      vertex -25.6 -6.330746428262802 31.47624728983923
      vertex -25.650347523322328 -6.182427407341078 31.53631615539413
    endloop
  endfacet
  facet normal -0.025074511037767203 -0.3825631109612434 0.9235890509462918
    outer loop
      vertex -25.6 -6.330746428262802 31.47624728983923
      vertex -25.6 -6.185727358363794 31.53631615539413
      vertex -25.650347523322328 -6.182427407341078 31.53631615539413
    endloop
  endfacet
  facet normal -0.21299671902680353 -0.3187721171243584 0.9235890509462914
    outer loop
      vertex -25.865373214131402 -6.259639889843441 31.47624728983923
      vertex -25.7928636791819 -6.134049691277709 31.53631615539413
      vertex -25.92309795411054 -6.221069451709936 31.47624728983923
    endloop
  endfacet
  facet normal -0.1695663919344391 -0.34384662816212846 0.9235890509462914
    outer loop
      vertex -25.80310786488312 -6.290345762025472 31.47624728983923
      vertex -25.7928636791819 -6.134049691277709 31.53631615539413
      vertex -25.865373214131402 -6.259639889843441 31.47624728983923
    endloop
  endfacet
  facet normal -0.16956639193443654 -0.34384662816212874 0.9235890509462917
    outer loop
      vertex -25.80310786488312 -6.290345762025472 31.47624728983923
      vertex -25.747611469455777 -6.156365611521955 31.53631615539413
      vertex -25.7928636791819 -6.134049691277709 31.53631615539413
    endloop
  endfacet
  facet normal -0.2527826132027721 -0.28824332678226194 0.9235890509462917
    outer loop
      vertex -25.975294398515167 -6.175294398515167 31.47624728983923
      vertex -25.92309795411054 -6.221069451709936 31.47624728983923
      vertex -25.834815937885303 -6.10601808819963 31.53631615539413
    endloop
  endfacet
  facet normal -0.28824332678225806 -0.2527826132027736 0.9235890509462924
    outer loop
      vertex -25.975294398515167 -6.175294398515167 31.47624728983923
      vertex -25.872750430788212 -6.072750430788212 31.53631615539413
      vertex -26.021069451709938 -6.123097954110538 31.47624728983923
    endloop
  endfacet
  facet normal -0.2129967190268047 -0.3187721171243569 0.9235890509462916
    outer loop
      vertex -25.92309795411054 -6.221069451709936 31.47624728983923
      vertex -25.7928636791819 -6.134049691277709 31.53631615539413
      vertex -25.834815937885303 -6.10601808819963 31.53631615539413
    endloop
  endfacet
  facet normal -0.12323473686339363 -0.3630378280597451 0.9235890509462923
    outer loop
      vertex -25.737367283754555 -6.312661682269718 31.47624728983923
      vertex -25.699833586561635 -6.172584017349847 31.53631615539413
      vertex -25.747611469455777 -6.156365611521955 31.53631615539413
    endloop
  endfacet
  facet normal -0.07479450127748932 -0.3760173500661625 0.9235890509462921
    outer loop
      vertex -25.737367283754555 -6.312661682269718 31.47624728983923
      vertex -25.650347523322328 -6.182427407341078 31.53631615539413
      vertex -25.699833586561635 -6.172584017349847 31.53631615539413
    endloop
  endfacet
  facet normal -0.05059415309221552 -0.25435398391114494 0.9657868722142636
    outer loop
      vertex -25.650347523322328 -6.182427407341078 31.53631615539413
      vertex -25.6305572762461 -6.032105556719983 31.576942336483878
      vertex -25.699833586561635 -6.172584017349847 31.53631615539413
    endloop
  endfacet
  facet normal -0.016961456102910867 -0.25878181247038784 0.9657868722142635
    outer loop
      vertex -25.650347523322328 -6.182427407341078 31.53631615539413
      vertex -25.6 -6.185727358363794 31.53631615539413
      vertex -25.6 -6.034108386419354 31.576942336483878
    endloop
  endfacet
  facet normal 0 -1 0
    outer loop
      vertex -25.6 -6.997430707886324 30.478483755076173
      vertex -23.8 -6.997430707886324 29.6
      vertex -22.3 -6.997430707886324 29.650000000000002
    endloop
  endfacet
  facet normal -0.9724299610571457 -0.1934283456647946 0.13025147189870384
    outer loop
      vertex -26.756629245939003 -6.1099178723915735 30.478483755076173
      vertex -26.736838998862776 -6.104615091669486 30.634108386419356
      vertex -26.766873431640228 -5.953621801643811 30.634108386419356
    endloop
  endfacet
  facet normal -0.9724299610571465 -0.19342834566479206 0.1302514718987012
    outer loop
      vertex -26.756629245939003 -6.1099178723915735 30.478483755076173
      vertex -26.766873431640228 -5.953621801643811 30.634108386419356
      vertex -26.787186522185102 -5.956296070747762 30.478483755076173
    endloop
  endfacet
  facet normal -0.9893581533630929 -0.0648459593358955 0.13025147189870137
    outer loop
      vertex -26.787186522185102 -5.956296070747762 30.478483755076173
      vertex -26.766873431640228 -5.953621801643811 30.634108386419356
      vertex -26.776942336483877 -5.8 30.634108386419356
    endloop
  endfacet
  facet normal -0.9893581533630934 -0.06484595933589297 0.13025147189869887
    outer loop
      vertex -26.787186522185102 -5.956296070747762 30.478483755076173
      vertex -26.776942336483877 -5.8 30.634108386419356
      vertex -26.797430707886324 -5.8 30.478483755076173
    endloop
  endfacet
  facet normal -0.9475015919962586 -0.1884697847599813 0.2583019035878014
    outer loop
      vertex -26.736838998862776 -6.104615091669486 30.634108386419356
      vertex -26.69759712132469 -6.094100262273676 30.785727358363797
      vertex -26.726594813161554 -5.948319020921724 30.785727358363797
    endloop
  endfacet
  facet normal -0.906411394976593 -0.18029643639470258 0.38198374059632134
    outer loop
      vertex -26.69759712132469 -6.094100262273676 30.785727358363797
      vertex -26.639575052729327 -6.078553295850364 30.930746428262804
      vertex -26.726594813161554 -5.948319020921724 30.785727358363797
    endloop
  endfacet
  facet normal -0.8498394959552025 -0.1690435860331912 0.4991964514453668
    outer loop
      vertex -26.639575052729327 -6.078553295850364 30.930746428262804
      vertex -26.563765566757105 -6.05824020530549 31.066684279623523
      vertex -26.589227529407 -5.93023427492864 31.066684279623523
    endloop
  endfacet
  facet normal -0.8205043856531642 -0.2785237081260366 0.49919645144536623
    outer loop
      vertex -26.5218133080537 -6.18182757417185 31.066684279623523
      vertex -26.563765566757105 -6.05824020530549 31.066684279623523
      vertex -26.639575052729327 -6.078553295850364 30.930746428262804
    endloop
  endfacet
  facet normal -0.9475015919962594 -0.18846978475997966 0.25830190358779975
    outer loop
      vertex -26.736838998862776 -6.104615091669486 30.634108386419356
      vertex -26.726594813161554 -5.948319020921724 30.785727358363797
      vertex -26.766873431640228 -5.953621801643811 30.634108386419356
    endloop
  endfacet
  facet normal -0.9064113949765894 -0.18029643639467707 0.38198374059634205
    outer loop
      vertex -26.639575052729327 -6.078553295850364 30.930746428262804
      vertex -26.66703984507859 -5.940478460629864 30.930746428262804
      vertex -26.726594813161554 -5.948319020921724 30.785727358363797
    endloop
  endfacet
  facet normal -0.8498394959552148 -0.1690435860331734 0.49919645144535196
    outer loop
      vertex -26.639575052729327 -6.078553295850364 30.930746428262804
      vertex -26.589227529407 -5.93023427492864 31.066684279623523
      vertex -26.66703984507859 -5.940478460629864 30.930746428262804
    endloop
  endfacet
  facet normal -0.7518463409676521 -0.25521744245230826 0.607940076522066
    outer loop
      vertex -26.5218133080537 -6.18182757417185 31.066684279623523
      vertex -26.471465784731375 -6.033508553250126 31.191214978120087
      vertex -26.563765566757105 -6.05824020530549 31.066684279623523
    endloop
  endfacet
  facet normal -0.7518463409676505 -0.25521744245231004 0.6079400765220675
    outer loop
      vertex -26.5218133080537 -6.18182757417185 31.066684279623523
      vertex -26.433531291828466 -6.145259965737716 31.191214978120087
      vertex -26.471465784731375 -6.033508553250126 31.191214978120087
    endloop
  endfacet
  facet normal -0.6702979110062768 -0.2275354805983006 0.7063485793639863
    outer loop
      vertex -26.433531291828466 -6.145259965737716 31.191214978120087
      vertex -26.36425498151293 -6.004781505107851 31.302207768974775
      vertex -26.471465784731375 -6.033508553250126 31.191214978120087
    endloop
  endfacet
  facet normal -0.7787267522465183 -0.1548983818312334 0.6079400765220658
    outer loop
      vertex -26.563765566757105 -6.05824020530549 31.066684279623523
      vertex -26.471465784731375 -6.033508553250126 31.191214978120087
      vertex -26.589227529407 -5.93023427492864 31.066684279623523
    endloop
  endfacet
  facet normal -0.7787267522465143 -0.15489838183121832 0.6079400765220746
    outer loop
      vertex -26.589227529407 -5.93023427492864 31.066684279623523
      vertex -26.471465784731375 -6.033508553250126 31.191214978120087
      vertex -26.494489256441568 -5.917761744675625 31.191214978120087
    endloop
  endfacet
  facet normal -0.6942627593342283 -0.13809744904270327 0.7063485793639862
    outer loop
      vertex -26.471465784731375 -6.033508553250126 31.191214978120087
      vertex -26.36425498151293 -6.004781505107851 31.302207768974775
      vertex -26.384446024299148 -5.9032742783214855 31.302207768974775
    endloop
  endfacet
  facet normal -0.694262759334232 -0.13809744904269852 0.7063485793639834
    outer loop
      vertex -26.471465784731375 -6.033508553250126 31.191214978120087
      vertex -26.384446024299148 -5.9032742783214855 31.302207768974775
      vertex -26.494489256441568 -5.917761744675625 31.191214978120087
    endloop
  endfacet
  facet normal -0.546718003974394 -0.26961148298894017 0.7927225696110581
    outer loop
      vertex -26.28521227090674 -6.195607489060041 31.302207768974775
      vertex -26.215935960591207 -6.055129028430176 31.397763534763058
      vertex -26.33098732410151 -6.102784863565662 31.302207768974775
    endloop
  endfacet
  facet normal -0.6702979110062736 -0.22753548059830395 0.7063485793639884
    outer loop
      vertex -26.433531291828466 -6.145259965737716 31.191214978120087
      vertex -26.33098732410151 -6.102784863565662 31.302207768974775
      vertex -26.36425498151293 -6.004781505107851 31.302207768974775
    endloop
  endfacet
  facet normal -0.577232115914308 -0.19594390009982995 0.7927225696110579
    outer loop
      vertex -26.33098732410151 -6.102784863565662 31.302207768974775
      vertex -26.215935960591207 -6.055129028430176 31.397763534763058
      vertex -26.36425498151293 -6.004781505107851 31.302207768974775
    endloop
  endfacet
  facet normal -0.44915743783593426 -0.2214999360367463 0.8655607282983536
    outer loop
      vertex -26.1773655224577 -6.133342139811761 31.397763534763058
      vertex -26.059639889843442 -6.065373214131401 31.47624728983923
      vertex -26.215935960591207 -6.055129028430176 31.397763534763058
    endloop
  endfacet
  facet normal -0.4491574378359345 -0.2214999360367421 0.8655607282983546
    outer loop
      vertex -26.215935960591207 -6.055129028430176 31.397763534763058
      vertex -26.059639889843442 -6.065373214131401 31.47624728983923
      vertex -26.090345762025475 -6.003107864883121 31.47624728983923
    endloop
  endfacet
  facet normal -0.3187721171243589 -0.2129967190268006 0.923589050946292
    outer loop
      vertex -26.021069451709938 -6.123097954110538 31.47624728983923
      vertex -25.93404969127771 -5.992863679181896 31.53631615539413
      vertex -26.059639889843442 -6.065373214131401 31.47624728983923
    endloop
  endfacet
  facet normal -0.3438466281621233 -0.16956639193444628 0.923589050946292
    outer loop
      vertex -26.059639889843442 -6.065373214131401 31.47624728983923
      vertex -25.93404969127771 -5.992863679181896 31.53631615539413
      vertex -26.090345762025475 -6.003107864883121 31.47624728983923
    endloop
  endfacet
  facet normal -0.5978696263119454 -0.11892366275409896 0.7927225696110614
    outer loop
      vertex -26.36425498151293 -6.004781505107851 31.302207768974775
      vertex -26.260980703191443 -5.887019760432226 31.397763534763058
      vertex -26.384446024299148 -5.9032742783214855 31.302207768974775
    endloop
  endfacet
  facet normal -0.5772321159143058 -0.19594390009981164 0.7927225696110641
    outer loop
      vertex -26.215935960591207 -6.055129028430176 31.397763534763058
      vertex -26.243967563669283 -5.972550588637022 31.397763534763058
      vertex -26.36425498151293 -6.004781505107851 31.302207768974775
    endloop
  endfacet
  facet normal -0.47422637691813707 -0.16097816331019596 0.8655607282983516
    outer loop
      vertex -26.215935960591207 -6.055129028430176 31.397763534763058
      vertex -26.11266168226972 -5.9373672837545515 31.47624728983923
      vertex -26.243967563669283 -5.972550588637022 31.397763534763058
    endloop
  endfacet
  facet normal -0.5978696263119407 -0.1189236627541052 0.792722569611064
    outer loop
      vertex -26.36425498151293 -6.004781505107851 31.302207768974775
      vertex -26.243967563669283 -5.972550588637022 31.397763534763058
      vertex -26.260980703191443 -5.887019760432226 31.397763534763058
    endloop
  endfacet
  facet normal -0.49118117121086147 -0.09770200957787019 0.8655607282983512
    outer loop
      vertex -26.243967563669283 -5.972550588637022 31.397763534763058
      vertex -26.11266168226972 -5.9373672837545515 31.47624728983923
      vertex -26.260980703191443 -5.887019760432226 31.397763534763058
    endloop
  endfacet
  facet normal -0.47422637691812763 -0.16097816331020637 0.8655607282983548
    outer loop
      vertex -26.215935960591207 -6.055129028430176 31.397763534763058
      vertex -26.090345762025475 -6.003107864883121 31.47624728983923
      vertex -26.11266168226972 -5.9373672837545515 31.47624728983923
    endloop
  endfacet
  facet normal -0.343846628162124 -0.1695663919344409 0.9235890509462928
    outer loop
      vertex -26.090345762025475 -6.003107864883121 31.47624728983923
      vertex -25.93404969127771 -5.992863679181896 31.53631615539413
      vertex -25.956365611521957 -5.947611469455776 31.53631615539413
    endloop
  endfacet
  facet normal -0.36303782805974677 -0.12323473686339056 0.9235890509462923
    outer loop
      vertex -26.090345762025475 -6.003107864883121 31.47624728983923
      vertex -25.97258401734985 -5.899833586561635 31.53631615539413
      vertex -26.11266168226972 -5.9373672837545515 31.47624728983923
    endloop
  endfacet
  facet normal -0.36303782805974305 -0.12323473686339517 0.923589050946293
    outer loop
      vertex -26.090345762025475 -6.003107864883121 31.47624728983923
      vertex -25.956365611521957 -5.947611469455776 31.53631615539413
      vertex -25.97258401734985 -5.899833586561635 31.53631615539413
    endloop
  endfacet
  facet normal -0.9639958278814501 -0.06318362469878176 0.2583019035877996
    outer loop
      vertex -26.766873431640228 -5.953621801643811 30.634108386419356
      vertex -26.726594813161554 -5.948319020921724 30.785727358363797
      vertex -26.776942336483877 -5.8 30.634108386419356
    endloop
  endfacet
  facet normal -0.9639958278814499 -0.06318362469878065 0.2583019035878006
    outer loop
      vertex -26.726594813161554 -5.948319020921724 30.785727358363797
      vertex -26.736316155394128 -5.8 30.785727358363797
      vertex -26.776942336483877 -5.8 30.634108386419356
    endloop
  endfacet
  facet normal -0.9221903271536567 -0.06044354741635664 0.3819837405963223
    outer loop
      vertex -26.726594813161554 -5.948319020921724 30.785727358363797
      vertex -26.676247289839228 -5.8 30.930746428262804
      vertex -26.736316155394128 -5.8 30.785727358363797
    endloop
  endfacet
  facet normal -0.922190327153647 -0.06044354741637912 0.381983740596342
    outer loop
      vertex -26.726594813161554 -5.948319020921724 30.785727358363797
      vertex -26.66703984507859 -5.940478460629864 30.930746428262804
      vertex -26.676247289839228 -5.8 30.930746428262804
    endloop
  endfacet
  facet normal -0.864633616861438 -0.05667108131557355 0.49919645144535213
    outer loop
      vertex -26.66703984507859 -5.940478460629864 30.930746428262804
      vertex -26.589227529407 -5.93023427492864 31.066684279623523
      vertex -26.676247289839228 -5.8 30.930746428262804
    endloop
  endfacet
  facet normal -0.8646336168614291 -0.056671081315548405 0.49919645144537045
    outer loop
      vertex -26.589227529407 -5.93023427492864 31.066684279623523
      vertex -26.597763534763054 -5.8 31.066684279623523
      vertex -26.676247289839228 -5.8 30.930746428262804
    endloop
  endfacet
  facet normal -0.7922829328905985 -0.05192896695107199 0.6079400765220748
    outer loop
      vertex -26.589227529407 -5.93023427492864 31.066684279623523
      vertex -26.494489256441568 -5.917761744675625 31.191214978120087
      vertex -26.502207768974774 -5.8 31.191214978120087
    endloop
  endfacet
  facet normal -0.7063485793639717 -0.04629653184614702 0.7063485793639834
    outer loop
      vertex -26.494489256441568 -5.917761744675625 31.191214978120087
      vertex -26.384446024299148 -5.9032742783214855 31.302207768974775
      vertex -26.502207768974774 -5.8 31.191214978120087
    endloop
  endfacet
  facet normal -0.7922829328906102 -0.05192896695105115 0.6079400765220612
    outer loop
      vertex -26.589227529407 -5.93023427492864 31.066684279623523
      vertex -26.502207768974774 -5.8 31.191214978120087
      vertex -26.597763534763054 -5.8 31.066684279623523
    endloop
  endfacet
  facet normal -0.7063485793639667 -0.04629653184613494 0.7063485793639893
    outer loop
      vertex -26.384446024299148 -5.9032742783214855 31.302207768974775
      vertex -26.391214978120082 -5.8 31.302207768974775
      vertex -26.502207768974774 -5.8 31.191214978120087
    endloop
  endfacet
  facet normal -0.6082774216426219 -0.0398686085667791 0.7927225696110545
    outer loop
      vertex -26.384446024299148 -5.9032742783214855 31.302207768974775
      vertex -26.266684279623526 -5.8 31.397763534763058
      vertex -26.391214978120082 -5.8 31.302207768974775
    endloop
  endfacet
  facet normal -0.608277421642611 -0.039868608566798254 0.7927225696110618
    outer loop
      vertex -26.384446024299148 -5.9032742783214855 31.302207768974775
      vertex -26.260980703191443 -5.887019760432226 31.397763534763058
      vertex -26.266684279623526 -5.8 31.397763534763058
    endloop
  endfacet
  facet normal -0.49973171948302214 -0.032754147373544346 0.8655607282983524
    outer loop
      vertex -26.260980703191443 -5.887019760432226 31.397763534763058
      vertex -26.12620581899366 -5.869276310315536 31.47624728983923
      vertex -26.266684279623526 -5.8 31.397763534763058
    endloop
  endfacet
  facet normal -0.4997317194830143 -0.032754147373522675 0.8655607282983576
    outer loop
      vertex -26.266684279623526 -5.8 31.397763534763058
      vertex -26.12620581899366 -5.869276310315536 31.47624728983923
      vertex -26.130746428262803 -5.8 31.47624728983923
    endloop
  endfacet
  facet normal -0.4911811712108608 -0.09770200957786694 0.8655607282983521
    outer loop
      vertex -26.11266168226972 -5.9373672837545515 31.47624728983923
      vertex -26.12620581899366 -5.869276310315536 31.47624728983923
      vertex -26.260980703191443 -5.887019760432226 31.397763534763058
    endloop
  endfacet
  facet normal -0.37601735006616277 -0.07479450127748719 0.9235890509462922
    outer loop
      vertex -26.11266168226972 -5.9373672837545515 31.47624728983923
      vertex -25.97258401734985 -5.899833586561635 31.53631615539413
      vertex -26.12620581899366 -5.869276310315536 31.47624728983923
    endloop
  endfacet
  facet normal -0.37601735006616044 -0.07479450127747136 0.9235890509462945
    outer loop
      vertex -26.12620581899366 -5.869276310315536 31.47624728983923
      vertex -25.97258401734985 -5.899833586561635 31.53631615539413
      vertex -25.982427407341078 -5.850347523322325 31.53631615539413
    endloop
  endfacet
  facet normal -0.3825631109612454 -0.02507451103776462 0.9235890509462912
    outer loop
      vertex -26.12620581899366 -5.869276310315536 31.47624728983923
      vertex -25.985727358363796 -5.8 31.53631615539413
      vertex -26.130746428262803 -5.8 31.47624728983923
    endloop
  endfacet
  facet normal -0.3825631109612357 -0.025074511037787423 0.9235890509462947
    outer loop
      vertex -26.12620581899366 -5.869276310315536 31.47624728983923
      vertex -25.982427407341078 -5.850347523322325 31.53631615539413
      vertex -25.985727358363796 -5.8 31.53631615539413
    endloop
  endfacet
  facet normal -0.2527826132027747 -0.2882433267822572 0.9235890509462925
    outer loop
      vertex -25.975294398515167 -6.175294398515167 31.47624728983923
      vertex -25.834815937885303 -6.10601808819963 31.53631615539413
      vertex -25.872750430788212 -6.072750430788212 31.53631615539413
    endloop
  endfacet
  facet normal -0.2882433267822592 -0.2527826132027707 0.923589050946293
    outer loop
      vertex -26.021069451709938 -6.123097954110538 31.47624728983923
      vertex -25.872750430788212 -6.072750430788212 31.53631615539413
      vertex -25.90601808819963 -6.034815937885302 31.53631615539413
    endloop
  endfacet
  facet normal -0.14407995810549065 -0.21563089558527876 0.9657868722142638
    outer loop
      vertex -25.7928636791819 -6.134049691277709 31.53631615539413
      vertex -25.742516155859573 -5.985730670355985 31.576942336483878
      vertex -25.834815937885303 -6.10601808819963 31.53631615539413
    endloop
  endfacet
  facet normal -0.3187721171243517 -0.2129967190268058 0.9235890509462931
    outer loop
      vertex -26.021069451709938 -6.123097954110538 31.47624728983923
      vertex -25.90601808819963 -6.034815937885302 31.53631615539413
      vertex -25.93404969127771 -5.992863679181896 31.53631615539413
    endloop
  endfacet
  facet normal -0.1709928138163905 -0.1949799350747218 0.9657868722142637
    outer loop
      vertex -25.872750430788212 -6.072750430788212 31.53631615539413
      vertex -25.834815937885303 -6.10601808819963 31.53631615539413
      vertex -25.742516155859573 -5.985730670355985 31.576942336483878
    endloop
  endfacet
  facet normal -0.14407995810548516 -0.21563089558528084 0.9657868722142642
    outer loop
      vertex -25.7928636791819 -6.134049691277709 31.53631615539413
      vertex -25.717054193209677 -6.002743809878144 31.576942336483878
      vertex -25.742516155859573 -5.985730670355985 31.576942336483878
    endloop
  endfacet
  facet normal -0.19497993507472683 -0.17099281381639092 0.9657868722142626
    outer loop
      vertex -25.872750430788212 -6.072750430788212 31.53631615539413
      vertex -25.78573067035599 -5.942516155859572 31.576942336483878
      vertex -25.90601808819963 -6.034815937885302 31.53631615539413
    endloop
  endfacet
  facet normal -0.08336117009475917 -0.24557408816693732 0.9657868722142634
    outer loop
      vertex -25.699833586561635 -6.172584017349847 31.53631615539413
      vertex -25.689589400860413 -6.016287946602084 31.576942336483878
      vertex -25.747611469455777 -6.156365611521955 31.53631615539413
    endloop
  endfacet
  facet normal -0.11470185436489483 -0.23259235168819425 0.9657868722142634
    outer loop
      vertex -25.7928636791819 -6.134049691277709 31.53631615539413
      vertex -25.747611469455777 -6.156365611521955 31.53631615539413
      vertex -25.689589400860413 -6.016287946602084 31.576942336483878
    endloop
  endfacet
  facet normal -0.050594153092219124 -0.2543539839111432 0.9657868722142638
    outer loop
      vertex -25.699833586561635 -6.172584017349847 31.53631615539413
      vertex -25.6305572762461 -6.032105556719983 31.576942336483878
      vertex -25.66059170902355 -6.0261313365933145 31.576942336483878
    endloop
  endfacet
  facet normal -0.08336117009475152 -0.24557408816693793 0.9657868722142638
    outer loop
      vertex -25.699833586561635 -6.172584017349847 31.53631615539413
      vertex -25.66059170902355 -6.0261313365933145 31.576942336483878
      vertex -25.689589400860413 -6.016287946602084 31.576942336483878
    endloop
  endfacet
  facet normal -0.016961456102915225 -0.25878181247038645 0.9657868722142637
    outer loop
      vertex -25.650347523322328 -6.182427407341078 31.53631615539413
      vertex -25.6 -6.034108386419354 31.576942336483878
      vertex -25.6305572762461 -6.032105556719983 31.576942336483878
    endloop
  endfacet
  facet normal -0.11470185436490404 -0.2325923516881864 0.9657868722142641
    outer loop
      vertex -25.7928636791819 -6.134049691277709 31.53631615539413
      vertex -25.689589400860413 -6.016287946602084 31.576942336483878
      vertex -25.717054193209677 -6.002743809878144 31.576942336483878
    endloop
  endfacet
  facet normal -0.21563089558528117 -0.1440799581054953 0.9657868722142626
    outer loop
      vertex -25.90601808819963 -6.034815937885302 31.53631615539413
      vertex -25.78573067035599 -5.942516155859572 31.576942336483878
      vertex -25.93404969127771 -5.992863679181896 31.53631615539413
    endloop
  endfacet
  facet normal -0.19497993507470762 -0.17099281381640416 0.9657868722142641
    outer loop
      vertex -25.872750430788212 -6.072750430788212 31.53631615539413
      vertex -25.765539627569765 -5.965539627569766 31.576942336483878
      vertex -25.78573067035599 -5.942516155859572 31.576942336483878
    endloop
  endfacet
  facet normal -0.1709928138163916 -0.19497993507472017 0.9657868722142638
    outer loop
      vertex -25.872750430788212 -6.072750430788212 31.53631615539413
      vertex -25.742516155859573 -5.985730670355985 31.576942336483878
      vertex -25.765539627569765 -5.965539627569766 31.576942336483878
    endloop
  endfacet
  facet normal -0.23259235168819078 -0.11470185436489763 0.9657868722142637
    outer loop
      vertex -25.93404969127771 -5.992863679181896 31.53631615539413
      vertex -25.802743809878145 -5.917054193209677 31.576942336483878
      vertex -25.956365611521957 -5.947611469455776 31.53631615539413
    endloop
  endfacet
  facet normal -0.23259235168819126 -0.11470185436489524 0.965786872214264
    outer loop
      vertex -25.956365611521957 -5.947611469455776 31.53631615539413
      vertex -25.802743809878145 -5.917054193209677 31.576942336483878
      vertex -25.816287946602085 -5.889589400860411 31.576942336483878
    endloop
  endfacet
  facet normal -0.21563089558528903 -0.14407995810547317 0.9657868722142641
    outer loop
      vertex -25.93404969127771 -5.992863679181896 31.53631615539413
      vertex -25.78573067035599 -5.942516155859572 31.576942336483878
      vertex -25.802743809878145 -5.917054193209677 31.576942336483878
    endloop
  endfacet
  facet normal -0.04204475516977028 -0.12385985466953713 0.9914085812438559
    outer loop
      vertex -25.689589400860413 -6.016287946602084 31.576942336483878
      vertex -25.66059170902355 -6.0261313365933145 31.576942336483878
      vertex -25.620313090544876 -5.87580948597222 31.597430707886325
    endloop
  endfacet
  facet normal -0.05785201165973902 -0.11731227464748184 0.9914085812438558
    outer loop
      vertex -25.689589400860413 -6.016287946602084 31.576942336483878
      vertex -25.630034432777453 -5.872509534949503 31.597430707886325
      vertex -25.717054193209677 -6.002743809878144 31.576942336483878
    endloop
  endfacet
  facet normal -0.00855482556637925 -0.1305214158503248 0.9914085812438559
    outer loop
      vertex -25.6305572762461 -6.032105556719983 31.576942336483878
      vertex -25.6 -6.034108386419354 31.576942336483878
      vertex -25.6 -5.8784837550761715 31.597430707886325
    endloop
  endfacet
  facet normal -0.025518101261850692 -0.12828815823775278 0.9914085812438559
    outer loop
      vertex -25.66059170902355 -6.0261313365933145 31.576942336483878
      vertex -25.6305572762461 -6.032105556719983 31.576942336483878
      vertex -25.620313090544876 -5.87580948597222 31.597430707886325
    endloop
  endfacet
  facet normal -0.072669404190589 -0.1087574490811079 0.9914085812438558
    outer loop
      vertex -25.717054193209677 -6.002743809878144 31.576942336483878
      vertex -25.647777882894143 -5.86226534924828 31.597430707886325
      vertex -25.742516155859573 -5.985730670355985 31.576942336483878
    endloop
  endfacet
  facet normal -0.08624340306798291 -0.09834175340768758 0.9914085812438558
    outer loop
      vertex -25.765539627569765 -5.965539627569766 31.576942336483878
      vertex -25.742516155859573 -5.985730670355985 31.576942336483878
      vertex -25.647777882894143 -5.86226534924828 31.597430707886325
    endloop
  endfacet
  facet normal -0.09834175340768038 -0.08624340306798843 0.991408581243856
    outer loop
      vertex -25.765539627569765 -5.965539627569766 31.576942336483878
      vertex -25.655496395427345 -5.855496395427345 31.597430707886325
      vertex -25.78573067035599 -5.942516155859572 31.576942336483878
    endloop
  endfacet
  facet normal -0.04204475516977272 -0.12385985466953597 0.9914085812438559
    outer loop
      vertex -25.689589400860413 -6.016287946602084 31.576942336483878
      vertex -25.620313090544876 -5.87580948597222 31.597430707886325
      vertex -25.630034432777453 -5.872509534949503 31.597430707886325
    endloop
  endfacet
  facet normal -0.05785201165974239 -0.11731227464747966 0.9914085812438559
    outer loop
      vertex -25.717054193209677 -6.002743809878144 31.576942336483878
      vertex -25.630034432777453 -5.872509534949503 31.597430707886325
      vertex -25.639241877538087 -5.86796892568036 31.597430707886325
    endloop
  endfacet
  facet normal -0.07266940419057928 -0.10875744908111276 0.991408581243856
    outer loop
      vertex -25.717054193209677 -6.002743809878144 31.576942336483878
      vertex -25.639241877538087 -5.86796892568036 31.597430707886325
      vertex -25.647777882894143 -5.86226534924828 31.597430707886325
    endloop
  endfacet
  facet normal -0.0255181012618452 -0.12828815823775314 0.991408581243856
    outer loop
      vertex -25.6305572762461 -6.032105556719983 31.576942336483878
      vertex -25.610244185701227 -5.877812315671591 31.597430707886325
      vertex -25.620313090544876 -5.87580948597222 31.597430707886325
    endloop
  endfacet
  facet normal -0.008554825566380113 -0.13052141585032462 0.9914085812438559
    outer loop
      vertex -25.6305572762461 -6.032105556719983 31.576942336483878
      vertex -25.6 -5.8784837550761715 31.597430707886325
      vertex -25.610244185701227 -5.877812315671591 31.597430707886325
    endloop
  endfacet
  facet normal -0.2455740881669364 -0.08336117009476042 0.9657868722142635
    outer loop
      vertex -25.97258401734985 -5.899833586561635 31.53631615539413
      vertex -25.956365611521957 -5.947611469455776 31.53631615539413
      vertex -25.826131336593317 -5.860591709023549 31.576942336483878
    endloop
  endfacet
  facet normal -0.2455740881669308 -0.08336117009476926 0.9657868722142642
    outer loop
      vertex -25.956365611521957 -5.947611469455776 31.53631615539413
      vertex -25.816287946602085 -5.889589400860411 31.576942336483878
      vertex -25.826131336593317 -5.860591709023549 31.576942336483878
    endloop
  endfacet
  facet normal -0.2543539839111493 -0.050594153092204525 0.9657868722142631
    outer loop
      vertex -25.97258401734985 -5.899833586561635 31.53631615539413
      vertex -25.832105556719984 -5.830557276246099 31.576942336483878
      vertex -25.982427407341078 -5.850347523322325 31.53631615539413
    endloop
  endfacet
  facet normal -0.254353983911147 -0.05059415309220928 0.9657868722142634
    outer loop
      vertex -25.97258401734985 -5.899833586561635 31.53631615539413
      vertex -25.826131336593317 -5.860591709023549 31.576942336483878
      vertex -25.832105556719984 -5.830557276246099 31.576942336483878
    endloop
  endfacet
  facet normal -0.10875744908111169 -0.0726694041905827 0.9914085812438559
    outer loop
      vertex -25.78573067035599 -5.942516155859572 31.576942336483878
      vertex -25.667968925680363 -5.839241877538086 31.597430707886325
      vertex -25.802743809878145 -5.917054193209677 31.576942336483878
    endloop
  endfacet
  facet normal -0.11731227464748503 -0.057852011659734984 0.9914085812438557
    outer loop
      vertex -25.802743809878145 -5.917054193209677 31.576942336483878
      vertex -25.667968925680363 -5.839241877538086 31.597430707886325
      vertex -25.816287946602085 -5.889589400860411 31.576942336483878
    endloop
  endfacet
  facet normal -0.12385985466953373 -0.042044755169779284 0.9914085812438559
    outer loop
      vertex -25.816287946602085 -5.889589400860411 31.576942336483878
      vertex -25.672509534949505 -5.83003443277745 31.597430707886325
      vertex -25.826131336593317 -5.860591709023549 31.576942336483878
    endloop
  endfacet
  facet normal -0.258781812470388 -0.016961456102924873 0.9657868722142631
    outer loop
      vertex -25.982427407341078 -5.850347523322325 31.53631615539413
      vertex -25.832105556719984 -5.830557276246099 31.576942336483878
      vertex -25.985727358363796 -5.8 31.53631615539413
    endloop
  endfacet
  facet normal -0.2587818124703864 -0.016961456102915648 0.9657868722142637
    outer loop
      vertex -25.985727358363796 -5.8 31.53631615539413
      vertex -25.832105556719984 -5.830557276246099 31.576942336483878
      vertex -25.834108386419356 -5.8 31.576942336483878
    endloop
  endfacet
  facet normal -0.12828815823775228 -0.02551810126184529 0.9914085812438561
    outer loop
      vertex -25.826131336593317 -5.860591709023549 31.576942336483878
      vertex -25.67781231567159 -5.810244185701223 31.597430707886325
      vertex -25.832105556719984 -5.830557276246099 31.576942336483878
    endloop
  endfacet
  facet normal -0.13052141585032412 -0.008554825566379449 0.9914085812438561
    outer loop
      vertex -25.832105556719984 -5.830557276246099 31.576942336483878
      vertex -25.678483755076172 -5.8 31.597430707886325
      vertex -25.834108386419356 -5.8 31.576942336483878
    endloop
  endfacet
  facet normal -0.09834175340768755 -0.0862434030679776 0.9914085812438562
    outer loop
      vertex -25.78573067035599 -5.942516155859572 31.576942336483878
      vertex -25.655496395427345 -5.855496395427345 31.597430707886325
      vertex -25.66226534924828 -5.847777882894141 31.597430707886325
    endloop
  endfacet
  facet normal -0.08624340306799591 -0.0983417534076727 0.9914085812438561
    outer loop
      vertex -25.765539627569765 -5.965539627569766 31.576942336483878
      vertex -25.647777882894143 -5.86226534924828 31.597430707886325
      vertex -25.655496395427345 -5.855496395427345 31.597430707886325
    endloop
  endfacet
  facet normal -0.10875744908108705 -0.07266940419061102 0.9914085812438564
    outer loop
      vertex -25.78573067035599 -5.942516155859572 31.576942336483878
      vertex -25.66226534924828 -5.847777882894141 31.597430707886325
      vertex -25.667968925680363 -5.839241877538086 31.597430707886325
    endloop
  endfacet
  facet normal -0.11731227464749022 -0.057852011659719475 0.991408581243856
    outer loop
      vertex -25.816287946602085 -5.889589400860411 31.576942336483878
      vertex -25.667968925680363 -5.839241877538086 31.597430707886325
      vertex -25.672509534949505 -5.83003443277745 31.597430707886325
    endloop
  endfacet
  facet normal -0.12385985466953793 -0.04204475516975843 0.9914085812438562
    outer loop
      vertex -25.826131336593317 -5.860591709023549 31.576942336483878
      vertex -25.672509534949505 -5.83003443277745 31.597430707886325
      vertex -25.67580948597222 -5.820313090544874 31.597430707886325
    endloop
  endfacet
  facet normal -0.12828815823775017 -0.02551810126185157 0.9914085812438562
    outer loop
      vertex -25.826131336593317 -5.860591709023549 31.576942336483878
      vertex -25.67580948597222 -5.820313090544874 31.597430707886325
      vertex -25.67781231567159 -5.810244185701223 31.597430707886325
    endloop
  endfacet
  facet normal -0.13052141585032373 -0.008554825566381546 0.9914085812438561
    outer loop
      vertex -25.832105556719984 -5.830557276246099 31.576942336483878
      vertex -25.67781231567159 -5.810244185701223 31.597430707886325
      vertex -25.678483755076172 -5.8 31.597430707886325
    endloop
  endfacet
  facet normal 0 -1 0
    outer loop
      vertex -23.8 -6.997430707886324 29.6
      vertex -22.3 -6.997430707886324 29.6
      vertex -22.3 -6.997430707886324 29.650000000000002
    endloop
  endfacet
  facet normal -1 0 0
    outer loop
      vertex -26.797430707886324 -5.8 1.1215162449238285
      vertex -26.797430707886324 -5.8 30.478483755076173
      vertex -26.797430707886324 5.8 30.478483755076173
    endloop
  endfacet
  facet normal -0.9914448613738113 7.569734501604351e-20 0.1305261922200455
    outer loop
      vertex -26.797430707886324 -5.8 30.478483755076173
      vertex -26.776942336483877 -5.8 30.634108386419356
      vertex -26.776942336483877 5.8 30.634108386419356
    endloop
  endfacet
  facet normal -0.9659258262890696 1.6831519711181374e-19 0.25881904510251563
    outer loop
      vertex -26.776942336483877 -5.8 30.634108386419356
      vertex -26.736316155394128 -5.8 30.785727358363797
      vertex -26.736316155394128 5.8 30.785727358363797
    endloop
  endfacet
  facet normal -0.9238795325112882 0 0.38268343236508656
    outer loop
      vertex -26.736316155394128 -5.8 30.785727358363797
      vertex -26.676247289839228 -5.8 30.930746428262804
      vertex -26.736316155394128 5.8 30.785727358363797
    endloop
  endfacet
  facet normal -0.8660254037844279 -3.200671503986353e-19 0.5000000000000185
    outer loop
      vertex -26.676247289839228 -5.8 30.930746428262804
      vertex -26.597763534763054 -5.8 31.066684279623523
      vertex -26.597763534763054 5.8 31.066684279623523
    endloop
  endfacet
  facet normal -0.7933533402912485 0 0.6087614290087033
    outer loop
      vertex -26.597763534763054 -5.8 31.066684279623523
      vertex -26.502207768974774 -5.8 31.191214978120087
      vertex -26.597763534763054 5.8 31.066684279623523
    endloop
  endfacet
  facet normal -0.7071067811865362 2.6929849550045293e-20 0.7071067811865589
    outer loop
      vertex -26.502207768974774 -5.8 31.191214978120087
      vertex -26.391214978120082 -5.8 31.302207768974775
      vertex -26.391214978120082 5.8 31.302207768974775
    endloop
  endfacet
  facet normal -0.6087614290087393 3.7301148021491776e-19 0.7933533402912208
    outer loop
      vertex -26.391214978120082 -5.8 31.302207768974775
      vertex -26.266684279623526 -5.8 31.397763534763058
      vertex -26.266684279623526 5.8 31.397763534763058
    endloop
  endfacet
  facet normal -0.4999999999999918 0 0.8660254037844434
    outer loop
      vertex -26.266684279623526 -5.8 31.397763534763058
      vertex -26.130746428262803 -5.8 31.47624728983923
      vertex -26.266684279623526 5.8 31.397763534763058
    endloop
  endfacet
  facet normal -0.38268343236508656 -1.135800780709646e-19 0.9238795325112882
    outer loop
      vertex -26.130746428262803 -5.8 31.47624728983923
      vertex -25.985727358363796 -5.8 31.53631615539413
      vertex -25.985727358363796 5.8 31.53631615539413
    endloop
  endfacet
  facet normal -0.25881904510251563 0 0.9659258262890696
    outer loop
      vertex -25.985727358363796 -5.8 31.53631615539413
      vertex -25.834108386419356 -5.8 31.576942336483878
      vertex -25.985727358363796 5.8 31.53631615539413
    endloop
  endfacet
  facet normal -0.1305261922200455 7.569734501604351e-20 0.9914448613738113
    outer loop
      vertex -25.834108386419356 -5.8 31.576942336483878
      vertex -25.678483755076172 -5.8 31.597430707886325
      vertex -25.678483755076172 5.8 31.597430707886325
    endloop
  endfacet
  facet normal 0 -0.9914448613738105 0.13052619222005107
    outer loop
      vertex -25.6 -6.997430707886324 30.478483755076173
      vertex 25.6 -6.997430707886324 30.478483755076173
      vertex -25.6 -6.9769423364838765 30.634108386419356
    endloop
  endfacet
  facet normal 0 -0.9659258262890683 0.25881904510252096
    outer loop
      vertex -25.6 -6.9769423364838765 30.634108386419356
      vertex 25.6 -6.9769423364838765 30.634108386419356
      vertex -25.6 -6.936316155394127 30.785727358363797
    endloop
  endfacet
  facet normal 2.81783376338146e-20 -0.9238795325112861 0.3826834323650913
    outer loop
      vertex -25.6 -6.936316155394127 30.785727358363797
      vertex 25.6 -6.876247289839226 30.930746428262804
      vertex -25.6 -6.876247289839226 30.930746428262804
    endloop
  endfacet
  facet normal 0 -0.8660254037844353 0.5000000000000058
    outer loop
      vertex -25.6 -6.876247289839226 30.930746428262804
      vertex 25.6 -6.876247289839226 30.930746428262804
      vertex -25.6 -6.797763534763054 31.066684279623523
    endloop
  endfacet
  facet normal -1.0602752980388175e-19 -0.7933533402912458 0.6087614290087069
    outer loop
      vertex -25.6 -6.797763534763054 31.066684279623523
      vertex 25.6 -6.702207768974773 31.191214978120087
      vertex -25.6 -6.702207768974773 31.191214978120087
    endloop
  endfacet
  facet normal 0 -0.707106781186539 0.707106781186556
    outer loop
      vertex -25.6 -6.702207768974773 31.191214978120087
      vertex 25.6 -6.702207768974773 31.191214978120087
      vertex -25.6 -6.591214978120083 31.302207768974775
    endloop
  endfacet
  facet normal 1.9368911600116477e-20 -0.6087614290087285 0.7933533402912293
    outer loop
      vertex -25.6 -6.591214978120083 31.302207768974775
      vertex 25.6 -6.466684279623522 31.397763534763058
      vertex -25.6 -6.466684279623522 31.397763534763058
    endloop
  endfacet
  facet normal 0 -0.49999999999999656 0.8660254037844405
    outer loop
      vertex -25.6 -6.466684279623522 31.397763534763058
      vertex 25.6 -6.466684279623522 31.397763534763058
      vertex -25.6 -6.330746428262802 31.47624728983923
    endloop
  endfacet
  facet normal -7.85601100477275e-20 -0.38268343236508456 0.923879532511289
    outer loop
      vertex -25.6 -6.330746428262802 31.47624728983923
      vertex 25.6 -6.185727358363794 31.53631615539413
      vertex -25.6 -6.185727358363794 31.53631615539413
    endloop
  endfacet
  facet normal 0 -0.258819045102517 0.9659258262890693
    outer loop
      vertex -25.6 -6.185727358363794 31.53631615539413
      vertex 25.6 -6.185727358363794 31.53631615539413
      vertex -25.6 -6.034108386419354 31.576942336483878
    endloop
  endfacet
  facet normal 0 -1 0
    outer loop
      vertex -25.6 -6.997430707886324 30.478483755076173
      vertex -22.3 -6.997430707886324 29.650000000000002
      vertex 25.6 -6.997430707886324 30.478483755076173
    endloop
  endfacet
  facet normal 1.929870895713478e-20 -0.13052619222004622 0.991444861373811
    outer loop
      vertex -25.6 -6.034108386419354 31.576942336483878
      vertex 25.6 -5.8784837550761715 31.597430707886325
      vertex -25.6 -5.8784837550761715 31.597430707886325
    endloop
  endfacet
  facet normal 0 0 1
    outer loop
      vertex -25.639241877538087 -5.86796892568036 31.597430707886325
      vertex -25.630034432777453 -5.872509534949503 31.597430707886325
      vertex 25.66226534924828 -5.847777882894141 31.597430707886325
    endloop
  endfacet
  facet normal 0 0 1
    outer loop
      vertex -25.655496395427345 -5.855496395427345 31.597430707886325
      vertex 25.66226534924828 -5.847777882894141 31.597430707886325
      vertex -25.66226534924828 -5.847777882894141 31.597430707886325
    endloop
  endfacet
  facet normal 0 0 1
    outer loop
      vertex -25.655496395427345 -5.855496395427345 31.597430707886325
      vertex -25.647777882894143 -5.86226534924828 31.597430707886325
      vertex 25.66226534924828 -5.847777882894141 31.597430707886325
    endloop
  endfacet
  facet normal 0 0 1
    outer loop
      vertex -25.647777882894143 -5.86226534924828 31.597430707886325
      vertex -25.639241877538087 -5.86796892568036 31.597430707886325
      vertex 25.66226534924828 -5.847777882894141 31.597430707886325
    endloop
  endfacet
  facet normal 0 0 1
    outer loop
      vertex -25.620313090544876 -5.87580948597222 31.597430707886325
      vertex 25.66226534924828 -5.847777882894141 31.597430707886325
      vertex -25.630034432777453 -5.872509534949503 31.597430707886325
    endloop
  endfacet
  facet normal 0 0 1
    outer loop
      vertex -25.610244185701227 -5.877812315671591 31.597430707886325
      vertex 25.66226534924828 -5.847777882894141 31.597430707886325
      vertex -25.620313090544876 -5.87580948597222 31.597430707886325
    endloop
  endfacet
  facet normal 0 0 1
    outer loop
      vertex -25.6 -5.8784837550761715 31.597430707886325
      vertex 25.66226534924828 -5.847777882894141 31.597430707886325
      vertex -25.610244185701227 -5.877812315671591 31.597430707886325
    endloop
  endfacet
  facet normal 0 0 1
    outer loop
      vertex -25.66226534924828 -5.847777882894141 31.597430707886325
      vertex 25.66226534924828 -5.847777882894141 31.597430707886325
      vertex -25.667968925680363 -5.839241877538086 31.597430707886325
    endloop
  endfacet
  facet normal 0 0 1
    outer loop
      vertex -25.667968925680363 -5.839241877538086 31.597430707886325
      vertex 25.66226534924828 -5.847777882894141 31.597430707886325
      vertex -25.672509534949505 -5.83003443277745 31.597430707886325
    endloop
  endfacet
  facet normal 0 0 1
    outer loop
      vertex -25.67781231567159 -5.810244185701223 31.597430707886325
      vertex -25.67580948597222 -5.820313090544874 31.597430707886325
      vertex 25.66226534924828 -5.847777882894141 31.597430707886325
    endloop
  endfacet
  facet normal 0 0 1
    outer loop
      vertex -25.672509534949505 -5.83003443277745 31.597430707886325
      vertex 25.66226534924828 -5.847777882894141 31.597430707886325
      vertex -25.67580948597222 -5.820313090544874 31.597430707886325
    endloop
  endfacet
  facet normal 0 0 1
    outer loop
      vertex -25.67781231567159 -5.810244185701223 31.597430707886325
      vertex 25.66226534924828 -5.847777882894141 31.597430707886325
      vertex -25.678483755076172 -5.8 31.597430707886325
    endloop
  endfacet
  facet normal 0 0 1
    outer loop
      vertex -25.678483755076172 -5.8 31.597430707886325
      vertex 25.66226534924828 -5.847777882894141 31.597430707886325
      vertex -25.678483755076172 5.8 31.597430707886325
    endloop
  endfacet
  facet normal -0.7071067811865419 0 -0.7071067811865532
    outer loop
      vertex -26.502207768974774 -5.8 0.4087850218799165
      vertex -26.502207768974774 5.8 0.4087850218799165
      vertex -26.391214978120082 5.8 0.2977922310252268
    endloop
  endfacet
  facet normal -0.79335334029124 0 -0.6087614290087142
    outer loop
      vertex -26.502207768974774 -5.8 0.4087850218799165
      vertex -26.597763534763054 5.8 0.5333157203764767
      vertex -26.502207768974774 5.8 0.4087850218799165
    endloop
  endfacet
  facet normal -0.6087614290087322 0 -0.7933533402912262
    outer loop
      vertex -26.266684279623526 -5.8 0.20223646523694505
      vertex -26.391214978120082 5.8 0.2977922310252268
      vertex -26.266684279623526 5.8 0.20223646523694505
    endloop
  endfacet
  facet normal -0.5000000000000002 0 -0.8660254037844385
    outer loop
      vertex -26.130746428262803 -5.8 0.1237527101607725
      vertex -26.266684279623526 5.8 0.20223646523694505
      vertex -26.130746428262803 5.8 0.1237527101607725
    endloop
  endfacet
  facet normal -0.38268343236508656 0 -0.9238795325112882
    outer loop
      vertex -26.130746428262803 -5.8 0.1237527101607725
      vertex -26.130746428262803 5.8 0.1237527101607725
      vertex -25.985727358363796 5.8 0.06368384460587251
    endloop
  endfacet
  facet normal -0.9238795325112882 0 -0.38268343236508656
    outer loop
      vertex -26.676247289839228 -5.8 0.6692535717371975
      vertex -26.736316155394128 5.8 0.8142726416362045
      vertex -26.676247289839228 5.8 0.6692535717371975
    endloop
  endfacet
  facet normal -0.8660254037844307 0 -0.5000000000000135
    outer loop
      vertex -26.676247289839228 -5.8 0.6692535717371975
      vertex -26.676247289839228 5.8 0.6692535717371975
      vertex -26.597763534763054 5.8 0.5333157203764767
    endloop
  endfacet
  facet normal -0.9659258262890696 0 -0.25881904510251563
    outer loop
      vertex -26.776942336483877 -5.8 0.965891613580645
      vertex -26.776942336483877 5.8 0.965891613580645
      vertex -26.736316155394128 5.8 0.8142726416362045
    endloop
  endfacet
  facet normal -0.25881904510251563 0 -0.9659258262890696
    outer loop
      vertex -25.985727358363796 -5.8 0.06368384460587251
      vertex -25.985727358363796 5.8 0.06368384460587251
      vertex -25.834108386419356 5.8 0.023057663516123483
    endloop
  endfacet
  facet normal -0.1305261922200566 0 -0.9914448613738097
    outer loop
      vertex -25.678483755076172 -5.8 0.002569292113674848
      vertex -25.834108386419356 5.8 0.023057663516123483
      vertex -25.678483755076172 5.8 0.002569292113674848
    endloop
  endfacet
  facet normal -0.9914448613738113 0 -0.1305261922200455
    outer loop
      vertex -26.776942336483877 -5.8 0.965891613580645
      vertex -26.797430707886324 5.8 1.1215162449238285
      vertex -26.776942336483877 5.8 0.965891613580645
    endloop
  endfacet
  facet normal -1 0 0
    outer loop
      vertex -26.797430707886324 -5.8 1.1215162449238285
      vertex -26.797430707886324 5.8 30.478483755076173
      vertex -26.797430707886324 5.8 1.1215162449238285
    endloop
  endfacet
  facet normal -0.7063485793639722 0.0462965318461353 -0.7063485793639835
    outer loop
      vertex -26.391214978120082 5.8 0.2977922310252268
      vertex -26.502207768974774 5.8 0.4087850218799165
      vertex -26.384446024299148 5.9032742783214855 0.2977922310252268
    endloop
  endfacet
  facet normal -0.7922829328906018 0.05192896695105058 -0.6079400765220719
    outer loop
      vertex -26.502207768974774 5.8 0.4087850218799165
      vertex -26.597763534763054 5.8 0.5333157203764767
      vertex -26.589227529407 5.93023427492864 0.5333157203764767
    endloop
  endfacet
  facet normal -0.7063485793639773 0.04629653184614738 -0.7063485793639777
    outer loop
      vertex -26.502207768974774 5.8 0.4087850218799165
      vertex -26.494489256441568 5.917761744675625 0.4087850218799165
      vertex -26.384446024299148 5.9032742783214855 0.2977922310252268
    endloop
  endfacet
  facet normal -0.7922829328905899 0.05192896695107146 -0.6079400765220856
    outer loop
      vertex -26.502207768974774 5.8 0.4087850218799165
      vertex -26.589227529407 5.93023427492864 0.5333157203764767
      vertex -26.494489256441568 5.917761744675625 0.4087850218799165
    endloop
  endfacet
  facet normal -0.49973171948302286 0.03275414737352326 -0.8655607282983528
    outer loop
      vertex -26.266684279623526 5.8 0.20223646523694505
      vertex -26.12620581899366 5.869276310315536 0.1237527101607725
      vertex -26.130746428262803 5.8 0.1237527101607725
    endloop
  endfacet
  facet normal -0.6082774216426039 0.03986860856679784 -0.7927225696110674
    outer loop
      vertex -26.384446024299148 5.9032742783214855 0.2977922310252268
      vertex -26.260980703191443 5.887019760432226 0.20223646523694505
      vertex -26.266684279623526 5.8 0.20223646523694505
    endloop
  endfacet
  facet normal -0.4997317194830306 0.0327541473735449 -0.8655607282983475
    outer loop
      vertex -26.266684279623526 5.8 0.20223646523694505
      vertex -26.260980703191443 5.887019760432226 0.20223646523694505
      vertex -26.12620581899366 5.869276310315536 0.1237527101607725
    endloop
  endfacet
  facet normal -0.3825631109612454 0.02507451103776462 -0.9235890509462912
    outer loop
      vertex -26.130746428262803 5.8 0.1237527101607725
      vertex -26.12620581899366 5.869276310315536 0.1237527101607725
      vertex -25.985727358363796 5.8 0.06368384460587251
    endloop
  endfacet
  facet normal -0.38256311096123574 0.02507451103778741 -0.9235890509462947
    outer loop
      vertex -25.985727358363796 5.8 0.06368384460587251
      vertex -26.12620581899366 5.869276310315536 0.1237527101607725
      vertex -25.982427407341078 5.850347523322325 0.06368384460587251
    endloop
  endfacet
  facet normal -0.37601735006616277 0.07479450127748719 -0.9235890509462922
    outer loop
      vertex -26.12620581899366 5.869276310315536 0.1237527101607725
      vertex -26.11266168226972 5.9373672837545515 0.1237527101607725
      vertex -25.97258401734985 5.899833586561635 0.06368384460587251
    endloop
  endfacet
  facet normal -0.37601735006616044 0.07479450127747136 -0.9235890509462945
    outer loop
      vertex -26.12620581899366 5.869276310315536 0.1237527101607725
      vertex -25.97258401734985 5.899833586561635 0.06368384460587251
      vertex -25.982427407341078 5.850347523322325 0.06368384460587251
    endloop
  endfacet
  facet normal -0.49118117121086907 0.09770200957786852 -0.8655607282983471
    outer loop
      vertex -26.260980703191443 5.887019760432226 0.20223646523694505
      vertex -26.11266168226972 5.9373672837545515 0.1237527101607725
      vertex -26.12620581899366 5.869276310315536 0.1237527101607725
    endloop
  endfacet
  facet normal -0.6082774216426147 0.03986860856677864 -0.7927225696110599
    outer loop
      vertex -26.391214978120082 5.8 0.2977922310252268
      vertex -26.384446024299148 5.9032742783214855 0.2977922310252268
      vertex -26.266684279623526 5.8 0.20223646523694505
    endloop
  endfacet
  facet normal -0.8646336168614318 0.05667108131554859 -0.49919645144536556
    outer loop
      vertex -26.597763534763054 5.8 0.5333157203764767
      vertex -26.676247289839228 5.8 0.6692535717371975
      vertex -26.589227529407 5.93023427492864 0.5333157203764767
    endloop
  endfacet
  facet normal -0.8646336168614408 0.05667108131557374 -0.4991964514453472
    outer loop
      vertex -26.676247289839228 5.8 0.6692535717371975
      vertex -26.66703984507859 5.940478460629864 0.6692535717371975
      vertex -26.589227529407 5.93023427492864 0.5333157203764767
    endloop
  endfacet
  facet normal -0.922190327153647 0.060443547416379126 -0.381983740596342
    outer loop
      vertex -26.676247289839228 5.8 0.6692535717371975
      vertex -26.726594813161554 5.948319020921724 0.8142726416362045
      vertex -26.66703984507859 5.940478460629864 0.6692535717371975
    endloop
  endfacet
  facet normal -0.9221903271536567 0.060443547416356644 -0.3819837405963223
    outer loop
      vertex -26.676247289839228 5.8 0.6692535717371975
      vertex -26.736316155394128 5.8 0.8142726416362045
      vertex -26.726594813161554 5.948319020921724 0.8142726416362045
    endloop
  endfacet
  facet normal -0.9639958278814499 0.06318362469878065 -0.2583019035878006
    outer loop
      vertex -26.736316155394128 5.8 0.8142726416362045
      vertex -26.776942336483877 5.8 0.965891613580645
      vertex -26.726594813161554 5.948319020921724 0.8142726416362045
    endloop
  endfacet
  facet normal -0.9639958278814502 0.06318362469878178 -0.2583019035877996
    outer loop
      vertex -26.776942336483877 5.8 0.965891613580645
      vertex -26.766873431640228 5.953621801643811 0.965891613580645
      vertex -26.726594813161554 5.948319020921724 0.8142726416362045
    endloop
  endfacet
  facet normal -0.6942627593342375 0.13809744904269963 -0.7063485793639778
    outer loop
      vertex -26.384446024299148 5.9032742783214855 0.2977922310252268
      vertex -26.494489256441568 5.917761744675625 0.4087850218799165
      vertex -26.471465784731375 6.033508553250126 0.4087850218799165
    endloop
  endfacet
  facet normal -0.6942627593342339 0.1380974490427044 -0.7063485793639804
    outer loop
      vertex -26.384446024299148 5.9032742783214855 0.2977922310252268
      vertex -26.471465784731375 6.033508553250126 0.4087850218799165
      vertex -26.36425498151293 6.004781505107851 0.2977922310252268
    endloop
  endfacet
  facet normal -0.7787267522465061 0.15489838183121674 -0.6079400765220855
    outer loop
      vertex -26.494489256441568 5.917761744675625 0.4087850218799165
      vertex -26.589227529407 5.93023427492864 0.5333157203764767
      vertex -26.471465784731375 6.033508553250126 0.4087850218799165
    endloop
  endfacet
  facet normal -0.77872675224651 0.1548983818312317 -0.6079400765220766
    outer loop
      vertex -26.471465784731375 6.033508553250126 0.4087850218799165
      vertex -26.589227529407 5.93023427492864 0.5333157203764767
      vertex -26.563765566757105 6.05824020530549 0.5333157203764767
    endloop
  endfacet
  facet normal -0.6702979110062822 0.22753548059830245 -0.7063485793639808
    outer loop
      vertex -26.471465784731375 6.033508553250126 0.4087850218799165
      vertex -26.433531291828466 6.145259965737716 0.4087850218799165
      vertex -26.36425498151293 6.004781505107851 0.2977922310252268
    endloop
  endfacet
  facet normal -0.7518463409676444 0.25521744245230554 -0.607940076522077
    outer loop
      vertex -26.471465784731375 6.033508553250126 0.4087850218799165
      vertex -26.563765566757105 6.05824020530549 0.5333157203764767
      vertex -26.5218133080537 6.18182757417185 0.5333157203764767
    endloop
  endfacet
  facet normal -0.7518463409676424 0.2552174424523074 -0.6079400765220784
    outer loop
      vertex -26.471465784731375 6.033508553250126 0.4087850218799165
      vertex -26.5218133080537 6.18182757417185 0.5333157203764767
      vertex -26.433531291828466 6.145259965737716 0.4087850218799165
    endloop
  endfacet
  facet normal -0.5978696263119339 0.11892366275410385 -0.7927225696110695
    outer loop
      vertex -26.260980703191443 5.887019760432226 0.20223646523694505
      vertex -26.36425498151293 6.004781505107851 0.2977922310252268
      vertex -26.243967563669283 5.972550588637022 0.20223646523694505
    endloop
  endfacet
  facet normal -0.4911811712108698 0.09770200957787184 -0.8655607282983463
    outer loop
      vertex -26.260980703191443 5.887019760432226 0.20223646523694505
      vertex -26.243967563669283 5.972550588637022 0.20223646523694505
      vertex -26.11266168226972 5.9373672837545515 0.1237527101607725
    endloop
  endfacet
  facet normal -0.577232115914299 0.1959439000998094 -0.7927225696110697
    outer loop
      vertex -26.243967563669283 5.972550588637022 0.20223646523694505
      vertex -26.36425498151293 6.004781505107851 0.2977922310252268
      vertex -26.215935960591207 6.055129028430176 0.20223646523694505
    endloop
  endfacet
  facet normal -0.4742263769181451 0.16097816331019868 -0.8655607282983466
    outer loop
      vertex -26.243967563669283 5.972550588637022 0.20223646523694505
      vertex -26.215935960591207 6.055129028430176 0.20223646523694505
      vertex -26.11266168226972 5.9373672837545515 0.1237527101607725
    endloop
  endfacet
  facet normal -0.3630378280597467 0.1232347368633906 -0.9235890509462921
    outer loop
      vertex -25.97258401734985 5.899833586561635 0.06368384460587251
      vertex -26.11266168226972 5.9373672837545515 0.1237527101607725
      vertex -26.090345762025475 6.003107864883121 0.1237527101607725
    endloop
  endfacet
  facet normal -0.36303782805974305 0.12323473686339521 -0.9235890509462931
    outer loop
      vertex -25.97258401734985 5.899833586561635 0.06368384460587251
      vertex -26.090345762025475 6.003107864883121 0.1237527101607725
      vertex -25.956365611521957 5.947611469455776 0.06368384460587251
    endloop
  endfacet
  facet normal -0.343846628162124 0.1695663919344409 -0.9235890509462928
    outer loop
      vertex -26.090345762025475 6.003107864883121 0.1237527101607725
      vertex -25.93404969127771 5.992863679181896 0.06368384460587251
      vertex -25.956365611521957 5.947611469455776 0.06368384460587251
    endloop
  endfacet
  facet normal -0.4742263769181357 0.16097816331020912 -0.86556072829835
    outer loop
      vertex -26.11266168226972 5.9373672837545515 0.1237527101607725
      vertex -26.215935960591207 6.055129028430176 0.20223646523694505
      vertex -26.090345762025475 6.003107864883121 0.1237527101607725
    endloop
  endfacet
  facet normal -0.5978696263119385 0.11892366275409759 -0.7927225696110668
    outer loop
      vertex -26.384446024299148 5.9032742783214855 0.2977922310252268
      vertex -26.36425498151293 6.004781505107851 0.2977922310252268
      vertex -26.260980703191443 5.887019760432226 0.20223646523694505
    endloop
  endfacet
  facet normal -0.3438466281621233 0.16956639193444628 -0.923589050946292
    outer loop
      vertex -26.090345762025475 6.003107864883121 0.1237527101607725
      vertex -26.059639889843442 6.065373214131401 0.1237527101607725
      vertex -25.93404969127771 5.992863679181896 0.06368384460587251
    endloop
  endfacet
  facet normal -0.3187721171243589 0.2129967190268006 -0.923589050946292
    outer loop
      vertex -26.059639889843442 6.065373214131401 0.1237527101607725
      vertex -26.021069451709938 6.123097954110538 0.1237527101607725
      vertex -25.93404969127771 5.992863679181896 0.06368384460587251
    endloop
  endfacet
  facet normal -0.4491574378359421 0.22149993603674586 -0.8655607282983496
    outer loop
      vertex -26.090345762025475 6.003107864883121 0.1237527101607725
      vertex -26.215935960591207 6.055129028430176 0.20223646523694505
      vertex -26.059639889843442 6.065373214131401 0.1237527101607725
    endloop
  endfacet
  facet normal -0.44915743783594186 0.22149993603675006 -0.8655607282983486
    outer loop
      vertex -26.215935960591207 6.055129028430176 0.20223646523694505
      vertex -26.1773655224577 6.133342139811761 0.20223646523694505
      vertex -26.059639889843442 6.065373214131401 0.1237527101607725
    endloop
  endfacet
  facet normal -0.5772321159143013 0.1959439000998277 -0.7927225696110636
    outer loop
      vertex -26.36425498151293 6.004781505107851 0.2977922310252268
      vertex -26.33098732410151 6.102784863565662 0.2977922310252268
      vertex -26.215935960591207 6.055129028430176 0.20223646523694505
    endloop
  endfacet
  facet normal -0.6702979110062789 0.22753548059830578 -0.7063485793639829
    outer loop
      vertex -26.36425498151293 6.004781505107851 0.2977922310252268
      vertex -26.433531291828466 6.145259965737716 0.4087850218799165
      vertex -26.33098732410151 6.102784863565662 0.2977922310252268
    endloop
  endfacet
  facet normal -0.5467180039743876 0.26961148298893695 -0.7927225696110636
    outer loop
      vertex -26.215935960591207 6.055129028430176 0.20223646523694505
      vertex -26.33098732410151 6.102784863565662 0.2977922310252268
      vertex -26.28521227090674 6.195607489060041 0.2977922310252268
    endloop
  endfacet
  facet normal -0.8498394959552175 0.16904358603317396 -0.49919645144534713
    outer loop
      vertex -26.589227529407 5.93023427492864 0.5333157203764767
      vertex -26.66703984507859 5.940478460629864 0.6692535717371975
      vertex -26.639575052729327 6.078553295850364 0.6692535717371975
    endloop
  endfacet
  facet normal -0.9064113949765894 0.18029643639467707 -0.38198374059634205
    outer loop
      vertex -26.66703984507859 5.940478460629864 0.6692535717371975
      vertex -26.726594813161554 5.948319020921724 0.8142726416362045
      vertex -26.639575052729327 6.078553295850364 0.6692535717371975
    endloop
  endfacet
  facet normal -0.9475015919962594 0.18846978475997966 -0.25830190358779975
    outer loop
      vertex -26.726594813161554 5.948319020921724 0.8142726416362045
      vertex -26.766873431640228 5.953621801643811 0.965891613580645
      vertex -26.736838998862776 6.104615091669486 0.965891613580645
    endloop
  endfacet
  facet normal -0.8498394959552051 0.16904358603319172 -0.4991964514453619
    outer loop
      vertex -26.589227529407 5.93023427492864 0.5333157203764767
      vertex -26.639575052729327 6.078553295850364 0.6692535717371975
      vertex -26.563765566757105 6.05824020530549 0.5333157203764767
    endloop
  endfacet
  facet normal -0.8205043856531667 0.2785237081260376 -0.4991964514453614
    outer loop
      vertex -26.639575052729327 6.078553295850364 0.6692535717371975
      vertex -26.5218133080537 6.18182757417185 0.5333157203764767
      vertex -26.563765566757105 6.05824020530549 0.5333157203764767
    endloop
  endfacet
  facet normal -0.9475015919962586 0.1884697847599813 -0.2583019035878014
    outer loop
      vertex -26.726594813161554 5.948319020921724 0.8142726416362045
      vertex -26.736838998862776 6.104615091669486 0.965891613580645
      vertex -26.69759712132469 6.094100262273676 0.8142726416362045
    endloop
  endfacet
  facet normal -0.906411394976593 0.18029643639470258 -0.38198374059632134
    outer loop
      vertex -26.726594813161554 5.948319020921724 0.8142726416362045
      vertex -26.69759712132469 6.094100262273676 0.8142726416362045
      vertex -26.639575052729327 6.078553295850364 0.6692535717371975
    endloop
  endfacet
  facet normal -0.2587818124703864 0.016961456102915648 -0.9657868722142637
    outer loop
      vertex -25.985727358363796 5.8 0.06368384460587251
      vertex -25.832105556719984 5.830557276246099 0.023057663516123483
      vertex -25.834108386419356 5.8 0.023057663516123483
    endloop
  endfacet
  facet normal -0.258781812470388 0.016961456102924873 -0.9657868722142631
    outer loop
      vertex -25.985727358363796 5.8 0.06368384460587251
      vertex -25.982427407341078 5.850347523322325 0.06368384460587251
      vertex -25.832105556719984 5.830557276246099 0.023057663516123483
    endloop
  endfacet
  facet normal -0.13052141585033522 0.00855482556638018 -0.9914085812438547
    outer loop
      vertex -25.834108386419356 5.8 0.023057663516123483
      vertex -25.832105556719984 5.830557276246099 0.023057663516123483
      vertex -25.678483755076172 5.8 0.002569292113674848
    endloop
  endfacet
  facet normal -0.1282881582377632 0.025518101261847465 -0.9914085812438547
    outer loop
      vertex -25.832105556719984 5.830557276246099 0.023057663516123483
      vertex -25.826131336593317 5.860591709023549 0.023057663516123483
      vertex -25.67781231567159 5.810244185701223 0.002569292113674848
    endloop
  endfacet
  facet normal -0.2543539839111493 0.050594153092204525 -0.9657868722142631
    outer loop
      vertex -25.982427407341078 5.850347523322325 0.06368384460587251
      vertex -25.97258401734985 5.899833586561635 0.06368384460587251
      vertex -25.832105556719984 5.830557276246099 0.023057663516123483
    endloop
  endfacet
  facet normal -0.254353983911147 0.05059415309220928 -0.9657868722142634
    outer loop
      vertex -25.97258401734985 5.899833586561635 0.06368384460587251
      vertex -25.826131336593317 5.860591709023549 0.023057663516123483
      vertex -25.832105556719984 5.830557276246099 0.023057663516123483
    endloop
  endfacet
  facet normal -0.2455740881669364 0.08336117009476042 -0.9657868722142635
    outer loop
      vertex -25.97258401734985 5.899833586561635 0.06368384460587251
      vertex -25.956365611521957 5.947611469455776 0.06368384460587251
      vertex -25.826131336593317 5.860591709023549 0.023057663516123483
    endloop
  endfacet
  facet normal -0.2455740881669308 0.08336117009476923 -0.9657868722142642
    outer loop
      vertex -25.826131336593317 5.860591709023549 0.023057663516123483
      vertex -25.956365611521957 5.947611469455776 0.06368384460587251
      vertex -25.816287946602085 5.889589400860411 0.023057663516123483
    endloop
  endfacet
  facet normal -0.12385985466954427 0.04204475516978287 -0.9914085812438544
    outer loop
      vertex -25.826131336593317 5.860591709023549 0.023057663516123483
      vertex -25.816287946602085 5.889589400860411 0.023057663516123483
      vertex -25.672509534949505 5.83003443277745 0.002569292113674848
    endloop
  endfacet
  facet normal -0.11731227464749502 0.05785201165973992 -0.9914085812438542
    outer loop
      vertex -25.816287946602085 5.889589400860411 0.023057663516123483
      vertex -25.802743809878145 5.917054193209677 0.023057663516123483
      vertex -25.667968925680363 5.839241877538086 0.002569292113674848
    endloop
  endfacet
  facet normal -0.10875744908112096 0.07266940419058886 -0.9914085812438543
    outer loop
      vertex -25.667968925680363 5.839241877538086 0.002569292113674848
      vertex -25.802743809878145 5.917054193209677 0.023057663516123483
      vertex -25.78573067035599 5.942516155859572 0.023057663516123483
    endloop
  endfacet
  facet normal -0.13052141585033483 0.00855482556638228 -0.9914085812438547
    outer loop
      vertex -25.832105556719984 5.830557276246099 0.023057663516123483
      vertex -25.67781231567159 5.810244185701223 0.002569292113674848
      vertex -25.678483755076172 5.8 0.002569292113674848
    endloop
  endfacet
  facet normal -0.12828815823776116 0.025518101261853554 -0.9914085812438548
    outer loop
      vertex -25.826131336593317 5.860591709023549 0.023057663516123483
      vertex -25.67580948597222 5.820313090544874 0.002569292113674848
      vertex -25.67781231567159 5.810244185701223 0.002569292113674848
    endloop
  endfacet
  facet normal -0.1238598546695485 0.04204475516976196 -0.9914085812438548
    outer loop
      vertex -25.826131336593317 5.860591709023549 0.023057663516123483
      vertex -25.672509534949505 5.83003443277745 0.002569292113674848
      vertex -25.67580948597222 5.820313090544874 0.002569292113674848
    endloop
  endfacet
  facet normal -0.11731227464750023 0.057852011659724534 -0.9914085812438546
    outer loop
      vertex -25.816287946602085 5.889589400860411 0.023057663516123483
      vertex -25.667968925680363 5.839241877538086 0.002569292113674848
      vertex -25.672509534949505 5.83003443277745 0.002569292113674848
    endloop
  endfacet
  facet normal -0.10875744908109625 0.07266940419061718 -0.991408581243855
    outer loop
      vertex -25.66226534924828 5.847777882894141 0.002569292113674848
      vertex -25.667968925680363 5.839241877538086 0.002569292113674848
      vertex -25.78573067035599 5.942516155859572 0.023057663516123483
    endloop
  endfacet
  facet normal -0.09834175340769595 0.08624340306798507 -0.9914085812438548
    outer loop
      vertex -25.66226534924828 5.847777882894141 0.002569292113674848
      vertex -25.78573067035599 5.942516155859572 0.023057663516123483
      vertex -25.655496395427345 5.855496395427345 0.002569292113674848
    endloop
  endfacet
  facet normal -0.08624340306800328 0.09834175340768118 -0.9914085812438546
    outer loop
      vertex -25.647777882894143 5.86226534924828 0.002569292113674848
      vertex -25.655496395427345 5.855496395427345 0.002569292113674848
      vertex -25.765539627569765 5.965539627569766 0.023057663516123483
    endloop
  endfacet
  facet normal -0.23259235168819134 0.11470185436489529 -0.965786872214264
    outer loop
      vertex -25.816287946602085 5.889589400860411 0.023057663516123483
      vertex -25.956365611521957 5.947611469455776 0.06368384460587251
      vertex -25.802743809878145 5.917054193209677 0.023057663516123483
    endloop
  endfacet
  facet normal -0.23259235168819078 0.11470185436489763 -0.9657868722142637
    outer loop
      vertex -25.956365611521957 5.947611469455776 0.06368384460587251
      vertex -25.93404969127771 5.992863679181896 0.06368384460587251
      vertex -25.802743809878145 5.917054193209677 0.023057663516123483
    endloop
  endfacet
  facet normal -0.2156308955852891 0.1440799581054732 -0.9657868722142641
    outer loop
      vertex -25.802743809878145 5.917054193209677 0.023057663516123483
      vertex -25.93404969127771 5.992863679181896 0.06368384460587251
      vertex -25.78573067035599 5.942516155859572 0.023057663516123483
    endloop
  endfacet
  facet normal -0.2156308955852811 0.1440799581054953 -0.9657868722142625
    outer loop
      vertex -25.78573067035599 5.942516155859572 0.023057663516123483
      vertex -25.93404969127771 5.992863679181896 0.06368384460587251
      vertex -25.90601808819963 6.034815937885302 0.06368384460587251
    endloop
  endfacet
  facet normal -0.19497993507470765 0.17099281381640424 -0.9657868722142641
    outer loop
      vertex -25.78573067035599 5.942516155859572 0.023057663516123483
      vertex -25.872750430788212 6.072750430788212 0.06368384460587251
      vertex -25.765539627569765 5.965539627569766 0.023057663516123483
    endloop
  endfacet
  facet normal -0.17099281381639164 0.19497993507472008 -0.9657868722142638
    outer loop
      vertex -25.765539627569765 5.965539627569766 0.023057663516123483
      vertex -25.872750430788212 6.072750430788212 0.06368384460587251
      vertex -25.742516155859573 5.985730670355985 0.023057663516123483
    endloop
  endfacet
  facet normal -0.09834175340768875 0.08624340306799579 -0.9914085812438546
    outer loop
      vertex -25.655496395427345 5.855496395427345 0.002569292113674848
      vertex -25.78573067035599 5.942516155859572 0.023057663516123483
      vertex -25.765539627569765 5.965539627569766 0.023057663516123483
    endloop
  endfacet
  facet normal -0.07266940419058537 0.10875744908112206 -0.9914085812438547
    outer loop
      vertex -25.647777882894143 5.86226534924828 0.002569292113674848
      vertex -25.717054193209677 6.002743809878144 0.023057663516123483
      vertex -25.639241877538087 5.86796892568036 0.002569292113674848
    endloop
  endfacet
  facet normal -0.05785201165974731 0.11731227464748964 -0.9914085812438544
    outer loop
      vertex -25.639241877538087 5.86796892568036 0.002569292113674848
      vertex -25.717054193209677 6.002743809878144 0.023057663516123483
      vertex -25.630034432777453 5.872509534949503 0.002569292113674848
    endloop
  endfacet
  facet normal -0.04204475516977626 0.12385985466954652 -0.9914085812438543
    outer loop
      vertex -25.620313090544876 5.87580948597222 0.002569292113674848
      vertex -25.630034432777453 5.872509534949503 0.002569292113674848
      vertex -25.689589400860413 6.016287946602084 0.023057663516123483
    endloop
  endfacet
  facet normal -0.08624340306799028 0.09834175340769596 -0.9914085812438543
    outer loop
      vertex -25.647777882894143 5.86226534924828 0.002569292113674848
      vertex -25.765539627569765 5.965539627569766 0.023057663516123483
      vertex -25.742516155859573 5.985730670355985 0.023057663516123483
    endloop
  endfacet
  facet normal -0.07266940419059517 0.10875744908111715 -0.9914085812438543
    outer loop
      vertex -25.647777882894143 5.86226534924828 0.002569292113674848
      vertex -25.742516155859573 5.985730670355985 0.023057663516123483
      vertex -25.717054193209677 6.002743809878144 0.023057663516123483
    endloop
  endfacet
  facet normal -0.008554825566380765 0.1305214158503358 -0.9914085812438546
    outer loop
      vertex -25.6 5.8784837550761715 0.002569292113674848
      vertex -25.610244185701227 5.877812315671591 0.002569292113674848
      vertex -25.6305572762461 6.032105556719983 0.023057663516123483
    endloop
  endfacet
  facet normal -0.02551810126184743 0.12828815823776407 -0.9914085812438544
    outer loop
      vertex -25.620313090544876 5.87580948597222 0.002569292113674848
      vertex -25.6305572762461 6.032105556719983 0.023057663516123483
      vertex -25.610244185701227 5.877812315671591 0.002569292113674848
    endloop
  endfacet
  facet normal -0.057852011659743977 0.11731227464749185 -0.9914085812438543
    outer loop
      vertex -25.630034432777453 5.872509534949503 0.002569292113674848
      vertex -25.717054193209677 6.002743809878144 0.023057663516123483
      vertex -25.689589400860413 6.016287946602084 0.023057663516123483
    endloop
  endfacet
  facet normal -0.042044755169773816 0.12385985466954769 -0.9914085812438544
    outer loop
      vertex -25.620313090544876 5.87580948597222 0.002569292113674848
      vertex -25.689589400860413 6.016287946602084 0.023057663516123483
      vertex -25.66059170902355 6.0261313365933145 0.023057663516123483
    endloop
  endfacet
  facet normal -0.008554825566379997 0.13052141585033594 -0.9914085812438544
    outer loop
      vertex -25.6 5.8784837550761715 0.002569292113674848
      vertex -25.6305572762461 6.032105556719983 0.023057663516123483
      vertex -25.6 6.034108386419354 0.023057663516123483
    endloop
  endfacet
  facet normal -0.025518101261852832 0.1282881582377637 -0.9914085812438544
    outer loop
      vertex -25.620313090544876 5.87580948597222 0.002569292113674848
      vertex -25.66059170902355 6.0261313365933145 0.023057663516123483
      vertex -25.6305572762461 6.032105556719983 0.023057663516123483
    endloop
  endfacet
  facet normal -0.3187721171243518 0.21299671902680584 -0.9235890509462931
    outer loop
      vertex -25.93404969127771 5.992863679181896 0.06368384460587251
      vertex -26.021069451709938 6.123097954110538 0.1237527101607725
      vertex -25.90601808819963 6.034815937885302 0.06368384460587251
    endloop
  endfacet
  facet normal -0.19497993507472683 0.17099281381639103 -0.9657868722142627
    outer loop
      vertex -25.78573067035599 5.942516155859572 0.023057663516123483
      vertex -25.90601808819963 6.034815937885302 0.06368384460587251
      vertex -25.872750430788212 6.072750430788212 0.06368384460587251
    endloop
  endfacet
  facet normal -0.1709928138163905 0.19497993507472183 -0.9657868722142636
    outer loop
      vertex -25.742516155859573 5.985730670355985 0.023057663516123483
      vertex -25.872750430788212 6.072750430788212 0.06368384460587251
      vertex -25.834815937885303 6.10601808819963 0.06368384460587251
    endloop
  endfacet
  facet normal -0.14407995810548513 0.21563089558528076 -0.9657868722142642
    outer loop
      vertex -25.742516155859573 5.985730670355985 0.023057663516123483
      vertex -25.7928636791819 6.134049691277709 0.06368384460587251
      vertex -25.717054193209677 6.002743809878144 0.023057663516123483
    endloop
  endfacet
  facet normal -0.2882433267822593 0.25278261320277057 -0.923589050946293
    outer loop
      vertex -25.90601808819963 6.034815937885302 0.06368384460587251
      vertex -26.021069451709938 6.123097954110538 0.1237527101607725
      vertex -25.872750430788212 6.072750430788212 0.06368384460587251
    endloop
  endfacet
  facet normal -0.2527826132027747 0.2882433267822572 -0.9235890509462924
    outer loop
      vertex -25.872750430788212 6.072750430788212 0.06368384460587251
      vertex -25.975294398515167 6.175294398515167 0.1237527101607725
      vertex -25.834815937885303 6.10601808819963 0.06368384460587251
    endloop
  endfacet
  facet normal -0.14407995810549065 0.21563089558527876 -0.9657868722142638
    outer loop
      vertex -25.742516155859573 5.985730670355985 0.023057663516123483
      vertex -25.834815937885303 6.10601808819963 0.06368384460587251
      vertex -25.7928636791819 6.134049691277709 0.06368384460587251
    endloop
  endfacet
  facet normal -0.11470185436490402 0.23259235168818648 -0.9657868722142641
    outer loop
      vertex -25.717054193209677 6.002743809878144 0.023057663516123483
      vertex -25.7928636791819 6.134049691277709 0.06368384460587251
      vertex -25.689589400860413 6.016287946602084 0.023057663516123483
    endloop
  endfacet
  facet normal -0.08336117009475151 0.24557408816693793 -0.9657868722142638
    outer loop
      vertex -25.66059170902355 6.0261313365933145 0.023057663516123483
      vertex -25.689589400860413 6.016287946602084 0.023057663516123483
      vertex -25.699833586561635 6.172584017349847 0.06368384460587251
    endloop
  endfacet
  facet normal -0.050594153092219124 0.2543539839111433 -0.9657868722142638
    outer loop
      vertex -25.66059170902355 6.0261313365933145 0.023057663516123483
      vertex -25.699833586561635 6.172584017349847 0.06368384460587251
      vertex -25.6305572762461 6.032105556719983 0.023057663516123483
    endloop
  endfacet
  facet normal -0.1147018543648948 0.23259235168819423 -0.9657868722142633
    outer loop
      vertex -25.689589400860413 6.016287946602084 0.023057663516123483
      vertex -25.7928636791819 6.134049691277709 0.06368384460587251
      vertex -25.747611469455777 6.156365611521955 0.06368384460587251
    endloop
  endfacet
  facet normal -0.08336117009475917 0.24557408816693732 -0.9657868722142634
    outer loop
      vertex -25.689589400860413 6.016287946602084 0.023057663516123483
      vertex -25.747611469455777 6.156365611521955 0.06368384460587251
      vertex -25.699833586561635 6.172584017349847 0.06368384460587251
    endloop
  endfacet
  facet normal -0.01696145610291518 0.2587818124703864 -0.9657868722142637
    outer loop
      vertex -25.6 6.034108386419354 0.023057663516123483
      vertex -25.6305572762461 6.032105556719983 0.023057663516123483
      vertex -25.650347523322328 6.182427407341078 0.06368384460587251
    endloop
  endfacet
  facet normal -0.9893581533630934 0.06484595933589297 -0.13025147189869887
    outer loop
      vertex -26.776942336483877 5.8 0.965891613580645
      vertex -26.797430707886324 5.8 1.1215162449238285
      vertex -26.787186522185102 5.956296070747762 1.1215162449238285
    endloop
  endfacet
  facet normal -0.9893581533630929 0.06484595933589549 -0.13025147189870137
    outer loop
      vertex -26.776942336483877 5.8 0.965891613580645
      vertex -26.787186522185102 5.956296070747762 1.1215162449238285
      vertex -26.766873431640228 5.953621801643811 0.965891613580645
    endloop
  endfacet
  facet normal -0.9724299610571465 0.19342834566479206 -0.1302514718987012
    outer loop
      vertex -26.766873431640228 5.953621801643811 0.965891613580645
      vertex -26.787186522185102 5.956296070747762 1.1215162449238285
      vertex -26.756629245939003 6.1099178723915735 1.1215162449238285
    endloop
  endfacet
  facet normal -0.9724299610571457 0.1934283456647946 -0.13025147189870384
    outer loop
      vertex -26.766873431640228 5.953621801643811 0.965891613580645
      vertex -26.756629245939003 6.1099178723915735 1.1215162449238285
      vertex -26.736838998862776 6.104615091669486 0.965891613580645
    endloop
  endfacet
  facet normal -0.6348640795793186 0.31308031699611555 -0.7063485793639827
    outer loop
      vertex -26.33098732410151 6.102784863565662 0.2977922310252268
      vertex -26.433531291828466 6.145259965737716 0.4087850218799165
      vertex -26.381334847423837 6.251103884487386 0.4087850218799165
    endloop
  endfacet
  facet normal -0.7121016303436309 0.3511696618733916 -0.6079400765220786
    outer loop
      vertex -26.433531291828466 6.145259965737716 0.4087850218799165
      vertex -26.5218133080537 6.18182757417185 0.5333157203764767
      vertex -26.464088568074565 6.298881767381527 0.5333157203764767
    endloop
  endfacet
  facet normal -0.7121016303436267 0.35116966187339493 -0.6079400765220817
    outer loop
      vertex -26.433531291828466 6.145259965737716 0.4087850218799165
      vertex -26.464088568074565 6.298881767381527 0.5333157203764767
      vertex -26.381334847423837 6.251103884487386 0.4087850218799165
    endloop
  endfacet
  facet normal -0.6601726633925662 0.441113271017197 -0.6079400765220814
    outer loop
      vertex -26.381334847423837 6.251103884487386 0.4087850218799165
      vertex -26.464088568074565 6.298881767381527 0.5333157203764767
      vertex -26.391579033125062 6.4073999552351495 0.5333157203764767
    endloop
  endfacet
  facet normal -0.5467180039743754 0.26961148298894644 -0.7927225696110688
    outer loop
      vertex -26.215935960591207 6.055129028430176 0.20223646523694505
      vertex -26.28521227090674 6.195607489060041 0.2977922310252268
      vertex -26.1773655224577 6.133342139811761 0.20223646523694505
    endloop
  endfacet
  facet normal -0.5068493954076089 0.3386659386536619 -0.7927225696110687
    outer loop
      vertex -26.1773655224577 6.133342139811761 0.20223646523694505
      vertex -26.28521227090674 6.195607489060041 0.2977922310252268
      vertex -26.12891620015898 6.205851674761265 0.20223646523694505
    endloop
  endfacet
  facet normal -0.4164032904624224 0.27823178344628385 -0.8655607282983485
    outer loop
      vertex -26.059639889843442 6.065373214131401 0.1237527101607725
      vertex -26.1773655224577 6.133342139811761 0.20223646523694505
      vertex -26.12891620015898 6.205851674761265 0.20223646523694505
    endloop
  endfacet
  facet normal -0.4164032904624182 0.27823178344628663 -0.8655607282983498
    outer loop
      vertex -26.059639889843442 6.065373214131401 0.1237527101607725
      vertex -26.12891620015898 6.205851674761265 0.20223646523694505
      vertex -26.021069451709938 6.123097954110538 0.1237527101607725
    endloop
  endfacet
  facet normal -0.3765243673402733 0.3302030079006503 -0.86556072829835
    outer loop
      vertex -26.021069451709938 6.123097954110538 0.1237527101607725
      vertex -26.12891620015898 6.205851674761265 0.20223646523694505
      vertex -26.071416975032264 6.2714169750322615 0.20223646523694505
    endloop
  endfacet
  facet normal -0.3765243673402639 0.33020300790065477 -0.8655607282983523
    outer loop
      vertex -26.021069451709938 6.123097954110538 0.1237527101607725
      vertex -26.071416975032264 6.2714169750322615 0.20223646523694505
      vertex -25.975294398515167 6.175294398515167 0.1237527101607725
    endloop
  endfacet
  facet normal -0.3302030079006516 0.3765243673402676 -0.8655607282983518
    outer loop
      vertex -25.975294398515167 6.175294398515167 0.1237527101607725
      vertex -26.071416975032264 6.2714169750322615 0.20223646523694505
      vertex -25.92309795411054 6.221069451709936 0.1237527101607725
    endloop
  endfacet
  facet normal -0.634864079579316 0.31308031699611755 -0.7063485793639842
    outer loop
      vertex -26.33098732410151 6.102784863565662 0.2977922310252268
      vertex -26.381334847423837 6.251103884487386 0.4087850218799165
      vertex -26.28521227090674 6.195607489060041 0.2977922310252268
    endloop
  endfacet
  facet normal -0.5068493954076075 0.33866593865367123 -0.7927225696110655
    outer loop
      vertex -26.12891620015898 6.205851674761265 0.20223646523694505
      vertex -26.28521227090674 6.195607489060041 0.2977922310252268
      vertex -26.227713045780025 6.281661160733485 0.2977922310252268
    endloop
  endfacet
  facet normal -0.4583084531602029 0.40192572621210676 -0.7927225696110669
    outer loop
      vertex -26.12891620015898 6.205851674761265 0.20223646523694505
      vertex -26.15947347640508 6.359473476405076 0.2977922310252268
      vertex -26.071416975032264 6.2714169750322615 0.20223646523694505
    endloop
  endfacet
  facet normal -0.33020300790064944 0.3765243673402721 -0.8655607282983507
    outer loop
      vertex -26.071416975032264 6.2714169750322615 0.20223646523694505
      vertex -26.005851674761267 6.328916200158977 0.20223646523694505
      vertex -25.92309795411054 6.221069451709936 0.1237527101607725
    endloop
  endfacet
  facet normal -0.40192572621210687 0.45830845316020313 -0.7927225696110667
    outer loop
      vertex -26.071416975032264 6.2714169750322615 0.20223646523694505
      vertex -26.15947347640508 6.359473476405076 0.2977922310252268
      vertex -26.005851674761267 6.328916200158977 0.20223646523694505
    endloop
  endfacet
  facet normal -0.5885675477331813 0.39326826236785434 -0.7063485793639838
    outer loop
      vertex -26.381334847423837 6.251103884487386 0.4087850218799165
      vertex -26.227713045780025 6.281661160733485 0.2977922310252268
      vertex -26.28521227090674 6.195607489060041 0.2977922310252268
    endloop
  endfacet
  facet normal -0.4583084531602048 0.401925726212106 -0.7927225696110662
    outer loop
      vertex -26.12891620015898 6.205851674761265 0.20223646523694505
      vertex -26.227713045780025 6.281661160733485 0.2977922310252268
      vertex -26.15947347640508 6.359473476405076 0.2977922310252268
    endloop
  endfacet
  facet normal -0.5885675477331803 0.3932682623678614 -0.7063485793639803
    outer loop
      vertex -26.381334847423837 6.251103884487386 0.4087850218799165
      vertex -26.31576954715284 6.349229290703852 0.4087850218799165
      vertex -26.227713045780025 6.281661160733485 0.2977922310252268
    endloop
  endfacet
  facet normal -0.5322004619635817 0.4667272787359193 -0.7063485793639808
    outer loop
      vertex -26.227713045780025 6.281661160733485 0.2977922310252268
      vertex -26.31576954715284 6.349229290703852 0.4087850218799165
      vertex -26.15947347640508 6.359473476405076 0.2977922310252268
    endloop
  endfacet
  facet normal -0.6601726633925605 0.44111327101720027 -0.6079400765220851
    outer loop
      vertex -26.381334847423837 6.251103884487386 0.4087850218799165
      vertex -26.391579033125062 6.4073999552351495 0.5333157203764767
      vertex -26.31576954715284 6.349229290703852 0.4087850218799165
    endloop
  endfacet
  facet normal -0.8751235125267665 0.29706440335869366 -0.38198374059632156
    outer loop
      vertex -26.639575052729327 6.078553295850364 0.6692535717371975
      vertex -26.69759712132469 6.094100262273676 0.8142726416362045
      vertex -26.594322843003205 6.211862006949301 0.6692535717371975
    endloop
  endfacet
  facet normal -0.820504385653168 0.2785237081260512 -0.4991964514453521
    outer loop
      vertex -26.639575052729327 6.078553295850364 0.6692535717371975
      vertex -26.594322843003205 6.211862006949301 0.6692535717371975
      vertex -26.5218133080537 6.18182757417185 0.5333157203764767
    endloop
  endfacet
  facet normal -0.7771302178258103 0.3832382123515044 -0.4991964514453523
    outer loop
      vertex -26.594322843003205 6.211862006949301 0.6692535717371975
      vertex -26.464088568074565 6.298881767381527 0.5333157203764767
      vertex -26.5218133080537 6.18182757417185 0.5333157203764767
    endloop
  endfacet
  facet normal -0.9147953411749443 0.31053117455021456 -0.2583019035878007
    outer loop
      vertex -26.69759712132469 6.094100262273676 0.8142726416362045
      vertex -26.736838998862776 6.104615091669486 0.965891613580645
      vertex -26.687352935623466 6.250396333021438 0.965891613580645
    endloop
  endfacet
  facet normal -0.8751235125267665 0.2970644033586959 -0.38198374059631973
    outer loop
      vertex -26.69759712132469 6.094100262273676 0.8142726416362045
      vertex -26.64981923843055 6.234849366598127 0.8142726416362045
      vertex -26.594322843003205 6.211862006949301 0.6692535717371975
    endloop
  endfacet
  facet normal -0.9147953411749423 0.3105311745502176 -0.25830190358780397
    outer loop
      vertex -26.69759712132469 6.094100262273676 0.8142726416362045
      vertex -26.687352935623466 6.250396333021438 0.965891613580645
      vertex -26.64981923843055 6.234849366598127 0.8142726416362045
    endloop
  endfacet
  facet normal -0.7771302178258094 0.38323821235152267 -0.49919645144533964
    outer loop
      vertex -26.594322843003205 6.211862006949301 0.6692535717371975
      vertex -26.532057493754923 6.338123644919612 0.6692535717371975
      vertex -26.464088568074565 6.298881767381527 0.5333157203764767
    endloop
  endfacet
  facet normal -0.8288620241475235 0.4087495160194143 -0.3819837405963305
    outer loop
      vertex -26.594322843003205 6.211862006949301 0.6692535717371975
      vertex -26.58407865730198 6.368158077697063 0.8142726416362045
      vertex -26.532057493754923 6.338123644919612 0.6692535717371975
    endloop
  endfacet
  facet normal -0.8288620241475334 0.4087495160194047 -0.3819837405963195
    outer loop
      vertex -26.594322843003205 6.211862006949301 0.6692535717371975
      vertex -26.64981923843055 6.234849366598127 0.8142726416362045
      vertex -26.58407865730198 6.368158077697063 0.8142726416362045
    endloop
  endfacet
  facet normal -0.8664366884369382 0.4272792898483865 -0.25830190358781846
    outer loop
      vertex -26.64981923843055 6.234849366598127 0.8142726416362045
      vertex -26.619261962184453 6.388471168241938 0.965891613580645
      vertex -26.58407865730198 6.368158077697063 0.8142726416362045
    endloop
  endfacet
  facet normal -0.866436688436948 0.42727928984837477 -0.2583019035878046
    outer loop
      vertex -26.64981923843055 6.234849366598127 0.8142726416362045
      vertex -26.687352935623466 6.250396333021438 0.965891613580645
      vertex -26.619261962184453 6.388471168241938 0.965891613580645
    endloop
  endfacet
  facet normal -0.33866593865367606 0.5068493954076022 -0.7927225696110669
    outer loop
      vertex -26.005851674761267 6.328916200158977 0.20223646523694505
      vertex -26.081661160733486 6.427713045780024 0.2977922310252268
      vertex -25.933342139811764 6.377365522457699 0.20223646523694505
    endloop
  endfacet
  facet normal -0.5322004619635797 0.4667272787359268 -0.7063485793639772
    outer loop
      vertex -26.31576954715284 6.349229290703852 0.4087850218799165
      vertex -26.23795723148125 6.437957231481247 0.4087850218799165
      vertex -26.15947347640508 6.359473476405076 0.2977922310252268
    endloop
  endfacet
  facet normal -0.46672727873592984 0.5322004619635765 -0.7063485793639777
    outer loop
      vertex -26.23795723148125 6.437957231481247 0.4087850218799165
      vertex -26.149229290703854 6.515769547152839 0.4087850218799165
      vertex -26.15947347640508 6.359473476405076 0.2977922310252268
    endloop
  endfacet
  facet normal -0.5969479591364144 0.5235093097941923 -0.6079400765220848
    outer loop
      vertex -26.31576954715284 6.349229290703852 0.4087850218799165
      vertex -26.391579033125062 6.4073999552351495 0.5333157203764767
      vertex -26.23795723148125 6.437957231481247 0.4087850218799165
    endloop
  endfacet
  facet normal -0.5969479591364126 0.5235093097941985 -0.607940076522081
    outer loop
      vertex -26.23795723148125 6.437957231481247 0.4087850218799165
      vertex -26.391579033125062 6.4073999552351495 0.5333157203764767
      vertex -26.30552536145162 6.505525361451615 0.5333157203764767
    endloop
  endfacet
  facet normal -0.40192572621210676 0.4583084531602036 -0.7927225696110666
    outer loop
      vertex -26.005851674761267 6.328916200158977 0.20223646523694505
      vertex -26.15947347640508 6.359473476405076 0.2977922310252268
      vertex -26.081661160733486 6.427713045780024 0.2977922310252268
    endloop
  endfacet
  facet normal -0.46672727873591924 0.5322004619635793 -0.7063485793639824
    outer loop
      vertex -26.15947347640508 6.359473476405076 0.2977922310252268
      vertex -26.149229290703854 6.515769547152839 0.4087850218799165
      vertex -26.081661160733486 6.427713045780024 0.2977922310252268
    endloop
  endfacet
  facet normal -0.33866593865367445 0.5068493954076047 -0.7927225696110658
    outer loop
      vertex -26.081661160733486 6.427713045780024 0.2977922310252268
      vertex -25.995607489060042 6.48521227090674 0.2977922310252268
      vertex -25.933342139811764 6.377365522457699 0.20223646523694505
    endloop
  endfacet
  facet normal -0.523509309794198 0.5969479591364134 -0.6079400765220807
    outer loop
      vertex -26.23795723148125 6.437957231481247 0.4087850218799165
      vertex -26.30552536145162 6.505525361451615 0.5333157203764767
      vertex -26.149229290703854 6.515769547152839 0.4087850218799165
    endloop
  endfacet
  facet normal -0.5235093097941937 0.5969479591364236 -0.6079400765220745
    outer loop
      vertex -26.149229290703854 6.515769547152839 0.4087850218799165
      vertex -26.30552536145162 6.505525361451615 0.5333157203764767
      vertex -26.20739995523515 6.5915790331250586 0.5333157203764767
    endloop
  endfacet
  facet normal -0.39326826236785856 0.5885675477331785 -0.7063485793639835
    outer loop
      vertex -26.081661160733486 6.427713045780024 0.2977922310252268
      vertex -26.05110388448739 6.581334847423835 0.4087850218799165
      vertex -25.995607489060042 6.48521227090674 0.2977922310252268
    endloop
  endfacet
  facet normal -0.3932682623678616 0.5885675477331782 -0.706348579363982
    outer loop
      vertex -26.081661160733486 6.427713045780024 0.2977922310252268
      vertex -26.149229290703854 6.515769547152839 0.4087850218799165
      vertex -26.05110388448739 6.581334847423835 0.4087850218799165
    endloop
  endfacet
  facet normal -0.3130803169961157 0.6348640795793185 -0.7063485793639828
    outer loop
      vertex -25.995607489060042 6.48521227090674 0.2977922310252268
      vertex -26.05110388448739 6.581334847423835 0.4087850218799165
      vertex -25.902784863565664 6.53098732410151 0.2977922310252268
    endloop
  endfacet
  facet normal -0.7204591365102515 0.48139540450993 -0.49919645144534375
    outer loop
      vertex -26.464088568074565 6.298881767381527 0.5333157203764767
      vertex -26.45384438237334 6.4551778381292895 0.6692535717371975
      vertex -26.391579033125062 6.4073999552351495 0.5333157203764767
    endloop
  endfacet
  facet normal -0.720459136510256 0.4813954045099273 -0.49919645144534025
    outer loop
      vertex -26.464088568074565 6.298881767381527 0.5333157203764767
      vertex -26.532057493754923 6.338123644919612 0.6692535717371975
      vertex -26.45384438237334 6.4551778381292895 0.6692535717371975
    endloop
  endfacet
  facet normal -0.7684184767311653 0.5134408111342421 -0.3819837405963334
    outer loop
      vertex -26.532057493754923 6.338123644919612 0.6692535717371975
      vertex -26.501500217508827 6.491745446563424 0.8142726416362045
      vertex -26.45384438237334 6.4551778381292895 0.6692535717371975
    endloop
  endfacet
  facet normal -0.7684184767311683 0.51344081113424 -0.38198374059633067
    outer loop
      vertex -26.532057493754923 6.338123644919612 0.6692535717371975
      vertex -26.58407865730198 6.368158077697063 0.8142726416362045
      vertex -26.501500217508827 6.491745446563424 0.8142726416362045
    endloop
  endfacet
  facet normal -0.8032530637381532 0.5367165380330479 -0.2583019035878173
    outer loop
      vertex -26.619261962184453 6.388471168241938 0.965891613580645
      vertex -26.501500217508827 6.491745446563424 0.8142726416362045
      vertex -26.58407865730198 6.368158077697063 0.8142726416362045
    endloop
  endfacet
  facet normal -0.651460799619988 0.571315787829167 -0.4991964514453442
    outer loop
      vertex -26.391579033125062 6.4073999552351495 0.5333157203764767
      vertex -26.45384438237334 6.4551778381292895 0.6692535717371975
      vertex -26.361021756878962 6.56102175687896 0.6692535717371975
    endloop
  endfacet
  facet normal -0.6948270761320735 0.6093469916179013 -0.38198374059633367
    outer loop
      vertex -26.45384438237334 6.4551778381292895 0.6692535717371975
      vertex -26.501500217508827 6.491745446563424 0.8142726416362045
      vertex -26.361021756878962 6.56102175687896 0.6692535717371975
    endloop
  endfacet
  facet normal -0.803253063738149 0.5367165380330602 -0.25830190358780575
    outer loop
      vertex -26.619261962184453 6.388471168241938 0.965891613580645
      vertex -26.533731133979657 6.516477098618787 0.965891613580645
      vertex -26.501500217508827 6.491745446563424 0.8142726416362045
    endloop
  endfacet
  facet normal -0.6948270761320674 0.6093469916179165 -0.38198374059632056
    outer loop
      vertex -26.501500217508827 6.491745446563424 0.8142726416362045
      vertex -26.403496859051014 6.603496859051013 0.8142726416362045
      vertex -26.361021756878962 6.56102175687896 0.6692535717371975
    endloop
  endfacet
  facet normal -0.7263255564149693 0.636970417446055 -0.2583019035878051
    outer loop
      vertex -26.501500217508827 6.491745446563424 0.8142726416362045
      vertex -26.533731133979657 6.516477098618787 0.965891613580645
      vertex -26.43222390719329 6.632223907193288 0.965891613580645
    endloop
  endfacet
  facet normal -0.6514607996199837 0.5713157878291691 -0.49919645144534763
    outer loop
      vertex -26.391579033125062 6.4073999552351495 0.5333157203764767
      vertex -26.361021756878962 6.56102175687896 0.6692535717371975
      vertex -26.30552536145162 6.505525361451615 0.5333157203764767
    endloop
  endfacet
  facet normal -0.288243326782258 0.2527826132027737 -0.9235890509462924
    outer loop
      vertex -25.872750430788212 6.072750430788212 0.06368384460587251
      vertex -26.021069451709938 6.123097954110538 0.1237527101607725
      vertex -25.975294398515167 6.175294398515167 0.1237527101607725
    endloop
  endfacet
  facet normal -0.2527826132027721 0.2882433267822619 -0.9235890509462917
    outer loop
      vertex -25.834815937885303 6.10601808819963 0.06368384460587251
      vertex -25.975294398515167 6.175294398515167 0.1237527101607725
      vertex -25.92309795411054 6.221069451709936 0.1237527101607725
    endloop
  endfacet
  facet normal -0.21299671902680473 0.3187721171243568 -0.9235890509462916
    outer loop
      vertex -25.834815937885303 6.10601808819963 0.06368384460587251
      vertex -25.92309795411054 6.221069451709936 0.1237527101607725
      vertex -25.7928636791819 6.134049691277709 0.06368384460587251
    endloop
  endfacet
  facet normal -0.21299671902680353 0.31877211712435843 -0.9235890509462914
    outer loop
      vertex -25.7928636791819 6.134049691277709 0.06368384460587251
      vertex -25.92309795411054 6.221069451709936 0.1237527101607725
      vertex -25.865373214131402 6.259639889843441 0.1237527101607725
    endloop
  endfacet
  facet normal -0.16956639193443646 0.3438466281621287 -0.9235890509462917
    outer loop
      vertex -25.7928636791819 6.134049691277709 0.06368384460587251
      vertex -25.80310786488312 6.290345762025472 0.1237527101607725
      vertex -25.747611469455777 6.156365611521955 0.06368384460587251
    endloop
  endfacet
  facet normal -0.16956639193443906 0.34384662816212835 -0.9235890509462913
    outer loop
      vertex -25.7928636791819 6.134049691277709 0.06368384460587251
      vertex -25.865373214131402 6.259639889843441 0.1237527101607725
      vertex -25.80310786488312 6.290345762025472 0.1237527101607725
    endloop
  endfacet
  facet normal -0.05059415309221555 0.25435398391114494 -0.9657868722142636
    outer loop
      vertex -25.6305572762461 6.032105556719983 0.023057663516123483
      vertex -25.699833586561635 6.172584017349847 0.06368384460587251
      vertex -25.650347523322328 6.182427407341078 0.06368384460587251
    endloop
  endfacet
  facet normal -0.016961456102910895 0.25878181247038784 -0.9657868722142635
    outer loop
      vertex -25.6 6.034108386419354 0.023057663516123483
      vertex -25.650347523322328 6.182427407341078 0.06368384460587251
      vertex -25.6 6.185727358363794 0.06368384460587251
    endloop
  endfacet
  facet normal -0.12323473686339362 0.3630378280597451 -0.9235890509462923
    outer loop
      vertex -25.747611469455777 6.156365611521955 0.06368384460587251
      vertex -25.737367283754555 6.312661682269718 0.1237527101607725
      vertex -25.699833586561635 6.172584017349847 0.06368384460587251
    endloop
  endfacet
  facet normal -0.0747945012774893 0.37601735006616255 -0.9235890509462921
    outer loop
      vertex -25.699833586561635 6.172584017349847 0.06368384460587251
      vertex -25.737367283754555 6.312661682269718 0.1237527101607725
      vertex -25.650347523322328 6.182427407341078 0.06368384460587251
    endloop
  endfacet
  facet normal -0.12323473686339671 0.3630378280597452 -0.923589050946292
    outer loop
      vertex -25.747611469455777 6.156365611521955 0.06368384460587251
      vertex -25.80310786488312 6.290345762025472 0.1237527101607725
      vertex -25.737367283754555 6.312661682269718 0.1237527101607725
    endloop
  endfacet
  facet normal -0.27823178344628785 0.41640329046241364 -0.8655607282983516
    outer loop
      vertex -25.92309795411054 6.221069451709936 0.1237527101607725
      vertex -25.933342139811764 6.377365522457699 0.20223646523694505
      vertex -25.865373214131402 6.259639889843441 0.1237527101607725
    endloop
  endfacet
  facet normal -0.2782317834462927 0.4164032904624128 -0.8655607282983505
    outer loop
      vertex -26.005851674761267 6.328916200158977 0.20223646523694505
      vertex -25.933342139811764 6.377365522457699 0.20223646523694505
      vertex -25.92309795411054 6.221069451709936 0.1237527101607725
    endloop
  endfacet
  facet normal -0.22149993603673424 0.4491574378359443 -0.8655607282983513
    outer loop
      vertex -25.865373214131402 6.259639889843441 0.1237527101607725
      vertex -25.933342139811764 6.377365522457699 0.20223646523694505
      vertex -25.80310786488312 6.290345762025472 0.1237527101607725
    endloop
  endfacet
  facet normal -0.1609781633102165 0.47422637691813185 -0.8655607282983506
    outer loop
      vertex -25.80310786488312 6.290345762025472 0.1237527101607725
      vertex -25.855129028430177 6.415935960591204 0.20223646523694505
      vertex -25.737367283754555 6.312661682269718 0.1237527101607725
    endloop
  endfacet
  facet normal -0.07479450127748655 0.3760173500661642 -0.9235890509462916
    outer loop
      vertex -25.650347523322328 6.182427407341078 0.06368384460587251
      vertex -25.737367283754555 6.312661682269718 0.1237527101607725
      vertex -25.66927631031554 6.3262058189936585 0.1237527101607725
    endloop
  endfacet
  facet normal -0.025074511037767224 0.3825631109612434 -0.9235890509462918
    outer loop
      vertex -25.650347523322328 6.182427407341078 0.06368384460587251
      vertex -25.6 6.330746428262802 0.1237527101607725
      vertex -25.6 6.185727358363794 0.06368384460587251
    endloop
  endfacet
  facet normal -0.025074511037769094 0.38256311096124396 -0.9235890509462916
    outer loop
      vertex -25.650347523322328 6.182427407341078 0.06368384460587251
      vertex -25.66927631031554 6.3262058189936585 0.1237527101607725
      vertex -25.6 6.330746428262802 0.1237527101607725
    endloop
  endfacet
  facet normal -0.22149993603673218 0.4491574378359467 -0.8655607282983506
    outer loop
      vertex -25.80310786488312 6.290345762025472 0.1237527101607725
      vertex -25.933342139811764 6.377365522457699 0.20223646523694505
      vertex -25.855129028430177 6.415935960591204 0.20223646523694505
    endloop
  endfacet
  facet normal -0.16097816331021378 0.47422637691813435 -0.8655607282983497
    outer loop
      vertex -25.737367283754555 6.312661682269718 0.1237527101607725
      vertex -25.855129028430177 6.415935960591204 0.20223646523694505
      vertex -25.772550588637024 6.4439675636692835 0.20223646523694505
    endloop
  endfacet
  facet normal -0.2696114829889267 0.5467180039743855 -0.7927225696110687
    outer loop
      vertex -25.933342139811764 6.377365522457699 0.20223646523694505
      vertex -25.902784863565664 6.53098732410151 0.2977922310252268
      vertex -25.855129028430177 6.415935960591204 0.20223646523694505
    endloop
  endfacet
  facet normal -0.09770200957786633 0.4911811712108642 -0.8655607282983502
    outer loop
      vertex -25.737367283754555 6.312661682269718 0.1237527101607725
      vertex -25.772550588637024 6.4439675636692835 0.20223646523694505
      vertex -25.66927631031554 6.3262058189936585 0.1237527101607725
    endloop
  endfacet
  facet normal -0.0327541473735295 0.4997317194830274 -0.86556072829835
    outer loop
      vertex -25.66927631031554 6.3262058189936585 0.1237527101607725
      vertex -25.68701976043223 6.460980703191442 0.20223646523694505
      vertex -25.6 6.330746428262802 0.1237527101607725
    endloop
  endfacet
  facet normal -0.09770200957786568 0.49118117121086463 -0.86556072829835
    outer loop
      vertex -25.66927631031554 6.3262058189936585 0.1237527101607725
      vertex -25.772550588637024 6.4439675636692835 0.20223646523694505
      vertex -25.68701976043223 6.460980703191442 0.20223646523694505
    endloop
  endfacet
  facet normal -0.032754147373529094 0.4997317194830276 -0.8655607282983497
    outer loop
      vertex -25.6 6.330746428262802 0.1237527101607725
      vertex -25.68701976043223 6.460980703191442 0.20223646523694505
      vertex -25.6 6.466684279623522 0.20223646523694505
    endloop
  endfacet
  facet normal -0.19594390009983043 0.5772321159142937 -0.7927225696110682
    outer loop
      vertex -25.855129028430177 6.415935960591204 0.20223646523694505
      vertex -25.902784863565664 6.53098732410151 0.2977922310252268
      vertex -25.772550588637024 6.4439675636692835 0.20223646523694505
    endloop
  endfacet
  facet normal -0.11892366275409832 0.5978696263119373 -0.7927225696110676
    outer loop
      vertex -25.772550588637024 6.4439675636692835 0.20223646523694505
      vertex -25.804781505107854 6.564254981512928 0.2977922310252268
      vertex -25.68701976043223 6.460980703191442 0.20223646523694505
    endloop
  endfacet
  facet normal -0.03986860856677879 0.6082774216426038 -0.7927225696110682
    outer loop
      vertex -25.68701976043223 6.460980703191442 0.20223646523694505
      vertex -25.6 6.591214978120083 0.2977922310252268
      vertex -25.6 6.466684279623522 0.20223646523694505
    endloop
  endfacet
  facet normal -0.2696114829889333 0.5467180039743854 -0.7927225696110664
    outer loop
      vertex -25.995607489060042 6.48521227090674 0.2977922310252268
      vertex -25.902784863565664 6.53098732410151 0.2977922310252268
      vertex -25.933342139811764 6.377365522457699 0.20223646523694505
    endloop
  endfacet
  facet normal -0.1959439000998291 0.5772321159142951 -0.7927225696110677
    outer loop
      vertex -25.772550588637024 6.4439675636692835 0.20223646523694505
      vertex -25.902784863565664 6.53098732410151 0.2977922310252268
      vertex -25.804781505107854 6.564254981512928 0.2977922310252268
    endloop
  endfacet
  facet normal -0.11892366275409569 0.5978696263119394 -0.7927225696110666
    outer loop
      vertex -25.68701976043223 6.460980703191442 0.20223646523694505
      vertex -25.804781505107854 6.564254981512928 0.2977922310252268
      vertex -25.703274278321487 6.584446024299147 0.2977922310252268
    endloop
  endfacet
  facet normal -0.03986860856678331 0.6082774216426056 -0.7927225696110667
    outer loop
      vertex -25.68701976043223 6.460980703191442 0.20223646523694505
      vertex -25.703274278321487 6.584446024299147 0.2977922310252268
      vertex -25.6 6.591214978120083 0.2977922310252268
    endloop
  endfacet
  facet normal -0.9388632225089935 0.31870111937087603 -0.13025147189870376
    outer loop
      vertex -26.736838998862776 6.104615091669486 0.965891613580645
      vertex -26.756629245939003 6.1099178723915735 1.1215162449238285
      vertex -26.687352935623466 6.250396333021438 0.965891613580645
    endloop
  endfacet
  facet normal -0.9388632225089931 0.3187011193708773 -0.1302514718987024
    outer loop
      vertex -26.756629245939003 6.1099178723915735 1.1215162449238285
      vertex -26.706281722616676 6.258236893313297 1.1215162449238285
      vertex -26.687352935623466 6.250396333021438 0.965891613580645
    endloop
  endfacet
  facet normal -0.8892322739216588 0.43852082856386376 -0.13025147189870223
    outer loop
      vertex -26.687352935623466 6.250396333021438 0.965891613580645
      vertex -26.706281722616676 6.258236893313297 1.1215162449238285
      vertex -26.637005412301143 6.398715353943162 1.1215162449238285
    endloop
  endfacet
  facet normal -0.8892322739216582 0.43852082856386465 -0.1302514718987033
    outer loop
      vertex -26.687352935623466 6.250396333021438 0.965891613580645
      vertex -26.637005412301143 6.398715353943162 1.1215162449238285
      vertex -26.619261962184453 6.388471168241938 0.965891613580645
    endloop
  endfacet
  facet normal -0.8243863145857449 0.5508373247992135 -0.1302514718987039
    outer loop
      vertex -26.619261962184453 6.388471168241938 0.965891613580645
      vertex -26.637005412301143 6.398715353943162 1.1215162449238285
      vertex -26.533731133979657 6.516477098618787 0.965891613580645
    endloop
  endfacet
  facet normal -0.8243863145857433 0.5508373247992168 -0.1302514718987005
    outer loop
      vertex -26.533731133979657 6.516477098618787 0.965891613580645
      vertex -26.637005412301143 6.398715353943162 1.1215162449238285
      vertex -26.549985651868916 6.5289496288718025 1.1215162449238285
    endloop
  endfacet
  facet normal -0.31308031699611555 0.6348640795793186 -0.7063485793639825
    outer loop
      vertex -25.902784863565664 6.53098732410151 0.2977922310252268
      vertex -26.05110388448739 6.581334847423835 0.4087850218799165
      vertex -25.94525996573772 6.633531291828464 0.4087850218799165
    endloop
  endfacet
  facet normal -0.44111327101720627 0.6601726633925666 -0.6079400765220743
    outer loop
      vertex -26.149229290703854 6.515769547152839 0.4087850218799165
      vertex -26.20739995523515 6.5915790331250586 0.5333157203764767
      vertex -26.05110388448739 6.581334847423835 0.4087850218799165
    endloop
  endfacet
  facet normal -0.44111327101720466 0.6601726633925695 -0.6079400765220726
    outer loop
      vertex -26.05110388448739 6.581334847423835 0.4087850218799165
      vertex -26.20739995523515 6.5915790331250586 0.5333157203764767
      vertex -26.098881767381528 6.664088568074563 0.5333157203764767
    endloop
  endfacet
  facet normal -0.3511696618733976 0.712101630343632 -0.6079400765220738
    outer loop
      vertex -26.05110388448739 6.581334847423835 0.4087850218799165
      vertex -26.098881767381528 6.664088568074563 0.5333157203764767
      vertex -25.94525996573772 6.633531291828464 0.4087850218799165
    endloop
  endfacet
  facet normal -0.35116966187339754 0.7121016303436322 -0.6079400765220737
    outer loop
      vertex -26.098881767381528 6.664088568074563 0.5333157203764767
      vertex -25.981827574171852 6.721813308053699 0.5333157203764767
      vertex -25.94525996573772 6.633531291828464 0.4087850218799165
    endloop
  endfacet
  facet normal -0.7263255564149638 0.6369704174460588 -0.25830190358781113
    outer loop
      vertex -26.501500217508827 6.491745446563424 0.8142726416362045
      vertex -26.43222390719329 6.632223907193288 0.965891613580645
      vertex -26.403496859051014 6.603496859051013 0.8142726416362045
    endloop
  endfacet
  facet normal -0.6369704174460532 0.726325556414969 -0.2583019035878106
    outer loop
      vertex -26.403496859051014 6.603496859051013 0.8142726416362045
      vertex -26.43222390719329 6.632223907193288 0.965891613580645
      vertex -26.31647709861879 6.733731133979654 0.965891613580645
    endloop
  endfacet
  facet normal -0.571315787829157 0.6514607996199876 -0.4991964514453564
    outer loop
      vertex -26.30552536145162 6.505525361451615 0.5333157203764767
      vertex -26.255177838129292 6.653844382373339 0.6692535717371975
      vertex -26.20739995523515 6.5915790331250586 0.5333157203764767
    endloop
  endfacet
  facet normal -0.5713157878291687 0.6514607996199838 -0.49919645144534797
    outer loop
      vertex -26.30552536145162 6.505525361451615 0.5333157203764767
      vertex -26.361021756878962 6.56102175687896 0.6692535717371975
      vertex -26.255177838129292 6.653844382373339 0.6692535717371975
    endloop
  endfacet
  facet normal -0.4813954045099303 0.7204591365102431 -0.49919645144535574
    outer loop
      vertex -26.20739995523515 6.5915790331250586 0.5333157203764767
      vertex -26.255177838129292 6.653844382373339 0.6692535717371975
      vertex -26.098881767381528 6.664088568074563 0.5333157203764767
    endloop
  endfacet
  facet normal -0.6093469916179073 0.6948270761320736 -0.3819837405963235
    outer loop
      vertex -26.361021756878962 6.56102175687896 0.6692535717371975
      vertex -26.291745446563425 6.7015002175088245 0.8142726416362045
      vertex -26.255177838129292 6.653844382373339 0.6692535717371975
    endloop
  endfacet
  facet normal -0.60934699161791 0.6948270761320726 -0.38198374059632134
    outer loop
      vertex -26.403496859051014 6.603496859051013 0.8142726416362045
      vertex -26.291745446563425 6.7015002175088245 0.8142726416362045
      vertex -26.361021756878962 6.56102175687896 0.6692535717371975
    endloop
  endfacet
  facet normal -0.5134408111342458 0.768418476731165 -0.3819837405963291
    outer loop
      vertex -26.255177838129292 6.653844382373339 0.6692535717371975
      vertex -26.168158077697065 6.784078657301979 0.8142726416362045
      vertex -26.138123644919613 6.732057493754923 0.6692535717371975
    endloop
  endfacet
  facet normal -0.38323821235150946 0.7771302178258087 -0.49919645144535085
    outer loop
      vertex -26.098881767381528 6.664088568074563 0.5333157203764767
      vertex -26.138123644919613 6.732057493754923 0.6692535717371975
      vertex -25.981827574171852 6.721813308053699 0.5333157203764767
    endloop
  endfacet
  facet normal -0.48139540450992635 0.7204591365102492 -0.49919645144535063
    outer loop
      vertex -26.255177838129292 6.653844382373339 0.6692535717371975
      vertex -26.138123644919613 6.732057493754923 0.6692535717371975
      vertex -26.098881767381528 6.664088568074563 0.5333157203764767
    endloop
  endfacet
  facet normal -0.4087495160194031 0.8288620241475302 -0.381983740596328
    outer loop
      vertex -26.138123644919613 6.732057493754923 0.6692535717371975
      vertex -26.168158077697065 6.784078657301979 0.8142726416362045
      vertex -26.0118620069493 6.794322843003203 0.6692535717371975
    endloop
  endfacet
  facet normal -0.383238212351509 0.7771302178258093 -0.49919645144535035
    outer loop
      vertex -25.981827574171852 6.721813308053699 0.5333157203764767
      vertex -26.138123644919613 6.732057493754923 0.6692535717371975
      vertex -26.0118620069493 6.794322843003203 0.6692535717371975
    endloop
  endfacet
  facet normal -0.6369704174460522 0.7263255564149694 -0.2583019035878116
    outer loop
      vertex -26.403496859051014 6.603496859051013 0.8142726416362045
      vertex -26.31647709861879 6.733731133979654 0.965891613580645
      vertex -26.291745446563425 6.7015002175088245 0.8142726416362045
    endloop
  endfacet
  facet normal -0.5134408111342518 0.7684184767311635 -0.3819837405963243
    outer loop
      vertex -26.255177838129292 6.653844382373339 0.6692535717371975
      vertex -26.291745446563425 6.7015002175088245 0.8142726416362045
      vertex -26.168158077697065 6.784078657301979 0.8142726416362045
    endloop
  endfacet
  facet normal -0.5367165380330596 0.8032530637381478 -0.25830190358781013
    outer loop
      vertex -26.291745446563425 6.7015002175088245 0.8142726416362045
      vertex -26.31647709861879 6.733731133979654 0.965891613580645
      vertex -26.168158077697065 6.784078657301979 0.8142726416362045
    endloop
  endfacet
  facet normal -0.5367165380330551 0.8032530637381528 -0.2583019035878041
    outer loop
      vertex -26.31647709861879 6.733731133979654 0.965891613580645
      vertex -26.18847116824194 6.8192619621844495 0.965891613580645
      vertex -26.168158077697065 6.784078657301979 0.8142726416362045
    endloop
  endfacet
  facet normal -0.4087495160194013 0.828862024147532 -0.381983740596326
    outer loop
      vertex -26.0118620069493 6.794322843003203 0.6692535717371975
      vertex -26.168158077697065 6.784078657301979 0.8142726416362045
      vertex -26.034849366598127 6.849819238430548 0.8142726416362045
    endloop
  endfacet
  facet normal -0.42727928984838603 0.8664366884369427 -0.25830190358780425
    outer loop
      vertex -26.18847116824194 6.8192619621844495 0.965891613580645
      vertex -26.05039633302144 6.887352935623465 0.965891613580645
      vertex -26.168158077697065 6.784078657301979 0.8142726416362045
    endloop
  endfacet
  facet normal -0.4272792898483858 0.8664366884369427 -0.25830190358780436
    outer loop
      vertex -26.168158077697065 6.784078657301979 0.8142726416362045
      vertex -26.05039633302144 6.887352935623465 0.965891613580645
      vertex -26.034849366598127 6.849819238430548 0.8142726416362045
    endloop
  endfacet
  facet normal -0.29706440335869344 0.8751235125267646 -0.3819837405963258
    outer loop
      vertex -26.0118620069493 6.794322843003203 0.6692535717371975
      vertex -26.034849366598127 6.849819238430548 0.8142726416362045
      vertex -25.89410026227368 6.897597121324689 0.8142726416362045
    endloop
  endfacet
  facet normal -0.310531174550216 0.9147953411749429 -0.25830190358780397
    outer loop
      vertex -26.034849366598127 6.849819238430548 0.8142726416362045
      vertex -26.05039633302144 6.887352935623465 0.965891613580645
      vertex -25.89410026227368 6.897597121324689 0.8142726416362045
    endloop
  endfacet
  facet normal -0.22753548059830966 0.6702979110062783 -0.7063485793639821
    outer loop
      vertex -25.902784863565664 6.53098732410151 0.2977922310252268
      vertex -25.94525996573772 6.633531291828464 0.4087850218799165
      vertex -25.804781505107854 6.564254981512928 0.2977922310252268
    endloop
  endfacet
  facet normal -0.22753548059830322 0.6702979110062848 -0.7063485793639779
    outer loop
      vertex -25.804781505107854 6.564254981512928 0.2977922310252268
      vertex -25.94525996573772 6.633531291828464 0.4087850218799165
      vertex -25.833508553250127 6.6714657847313745 0.4087850218799165
    endloop
  endfacet
  facet normal -0.1380974490427066 0.6942627593342351 -0.7063485793639789
    outer loop
      vertex -25.804781505107854 6.564254981512928 0.2977922310252268
      vertex -25.833508553250127 6.6714657847313745 0.4087850218799165
      vertex -25.717761744675627 6.694489256441568 0.4087850218799165
    endloop
  endfacet
  facet normal -0.13809744904270196 0.6942627593342336 -0.7063485793639809
    outer loop
      vertex -25.804781505107854 6.564254981512928 0.2977922310252268
      vertex -25.717761744675627 6.694489256441568 0.4087850218799165
      vertex -25.703274278321487 6.584446024299147 0.2977922310252268
    endloop
  endfacet
  facet normal -0.04629653184614159 0.706348579363975 -0.7063485793639807
    outer loop
      vertex -25.703274278321487 6.584446024299147 0.2977922310252268
      vertex -25.717761744675627 6.694489256441568 0.4087850218799165
      vertex -25.6 6.702207768974773 0.4087850218799165
    endloop
  endfacet
  facet normal -0.046296531846141555 0.706348579363975 -0.7063485793639807
    outer loop
      vertex -25.703274278321487 6.584446024299147 0.2977922310252268
      vertex -25.6 6.702207768974773 0.4087850218799165
      vertex -25.6 6.591214978120083 0.2977922310252268
    endloop
  endfacet
  facet normal -0.25521744245230715 0.751846340967642 -0.6079400765220793
    outer loop
      vertex -25.94525996573772 6.633531291828464 0.4087850218799165
      vertex -25.858240205305492 6.763765566757105 0.5333157203764767
      vertex -25.833508553250127 6.6714657847313745 0.4087850218799165
    endloop
  endfacet
  facet normal -0.255217442452316 0.7518463409676431 -0.6079400765220743
    outer loop
      vertex -25.981827574171852 6.721813308053699 0.5333157203764767
      vertex -25.858240205305492 6.763765566757105 0.5333157203764767
      vertex -25.94525996573772 6.633531291828464 0.4087850218799165
    endloop
  endfacet
  facet normal -0.1548983818312259 0.7787267522465102 -0.6079400765220779
    outer loop
      vertex -25.833508553250127 6.6714657847313745 0.4087850218799165
      vertex -25.858240205305492 6.763765566757105 0.5333157203764767
      vertex -25.717761744675627 6.694489256441568 0.4087850218799165
    endloop
  endfacet
  facet normal -0.15489838183122445 0.7787267522465113 -0.6079400765220768
    outer loop
      vertex -25.717761744675627 6.694489256441568 0.4087850218799165
      vertex -25.858240205305492 6.763765566757105 0.5333157203764767
      vertex -25.73023427492864 6.7892275294069995 0.5333157203764767
    endloop
  endfacet
  facet normal -0.05192896695106552 0.7922829328905964 -0.6079400765220778
    outer loop
      vertex -25.717761744675627 6.694489256441568 0.4087850218799165
      vertex -25.73023427492864 6.7892275294069995 0.5333157203764767
      vertex -25.6 6.702207768974773 0.4087850218799165
    endloop
  endfacet
  facet normal -0.051928966951061556 0.7922829328905987 -0.6079400765220753
    outer loop
      vertex -25.6 6.702207768974773 0.4087850218799165
      vertex -25.73023427492864 6.7892275294069995 0.5333157203764767
      vertex -25.6 6.797763534763054 0.5333157203764767
    endloop
  endfacet
  facet normal -0.2785237081260496 0.8205043856531677 -0.499196451445353
    outer loop
      vertex -25.981827574171852 6.721813308053699 0.5333157203764767
      vertex -25.878553295850367 6.839575052729325 0.6692535717371975
      vertex -25.858240205305492 6.763765566757105 0.5333157203764767
    endloop
  endfacet
  facet normal -0.16904358603318473 0.8498394959552116 -0.49919645144535335
    outer loop
      vertex -25.858240205305492 6.763765566757105 0.5333157203764767
      vertex -25.878553295850367 6.839575052729325 0.6692535717371975
      vertex -25.73023427492864 6.7892275294069995 0.5333157203764767
    endloop
  endfacet
  facet normal -0.2785237081260514 0.820504385653168 -0.4991964514453519
    outer loop
      vertex -25.981827574171852 6.721813308053699 0.5333157203764767
      vertex -26.0118620069493 6.794322843003203 0.6692535717371975
      vertex -25.878553295850367 6.839575052729325 0.6692535717371975
    endloop
  endfacet
  facet normal -0.16904358603318387 0.8498394959552122 -0.49919645144535263
    outer loop
      vertex -25.878553295850367 6.839575052729325 0.6692535717371975
      vertex -25.740478460629866 6.86703984507859 0.6692535717371975
      vertex -25.73023427492864 6.7892275294069995 0.5333157203764767
    endloop
  endfacet
  facet normal -0.29706440335869316 0.8751235125267647 -0.3819837405963262
    outer loop
      vertex -26.0118620069493 6.794322843003203 0.6692535717371975
      vertex -25.89410026227368 6.897597121324689 0.8142726416362045
      vertex -25.878553295850367 6.839575052729325 0.6692535717371975
    endloop
  endfacet
  facet normal -0.18029643639468937 0.9064113949765926 -0.3819837405963285
    outer loop
      vertex -25.878553295850367 6.839575052729325 0.6692535717371975
      vertex -25.748319020921727 6.926594813161551 0.8142726416362045
      vertex -25.740478460629866 6.86703984507859 0.6692535717371975
    endloop
  endfacet
  facet normal -0.05667108131556123 0.8646336168614386 -0.4991964514453526
    outer loop
      vertex -25.73023427492864 6.7892275294069995 0.5333157203764767
      vertex -25.6 6.876247289839226 0.6692535717371975
      vertex -25.6 6.797763534763054 0.5333157203764767
    endloop
  endfacet
  facet normal -0.05667108131556231 0.8646336168614389 -0.4991964514453517
    outer loop
      vertex -25.73023427492864 6.7892275294069995 0.5333157203764767
      vertex -25.740478460629866 6.86703984507859 0.6692535717371975
      vertex -25.6 6.876247289839226 0.6692535717371975
    endloop
  endfacet
  facet normal -0.18029643639469262 0.9064113949765932 -0.3819837405963259
    outer loop
      vertex -25.878553295850367 6.839575052729325 0.6692535717371975
      vertex -25.89410026227368 6.897597121324689 0.8142726416362045
      vertex -25.748319020921727 6.926594813161551 0.8142726416362045
    endloop
  endfacet
  facet normal -0.060443547416367524 0.9221903271536537 -0.3819837405963275
    outer loop
      vertex -25.740478460629866 6.86703984507859 0.6692535717371975
      vertex -25.748319020921727 6.926594813161551 0.8142726416362045
      vertex -25.6 6.876247289839226 0.6692535717371975
    endloop
  endfacet
  facet normal -0.18846978475997114 0.9475015919962598 -0.258301903587804
    outer loop
      vertex -25.89410026227368 6.897597121324689 0.8142726416362045
      vertex -25.753621801643813 6.966873431640225 0.965891613580645
      vertex -25.748319020921727 6.926594813161551 0.8142726416362045
    endloop
  endfacet
  facet normal -0.3105311745502114 0.9147953411749458 -0.25830190358779903
    outer loop
      vertex -26.05039633302144 6.887352935623465 0.965891613580645
      vertex -25.904615091669488 6.9368389988627746 0.965891613580645
      vertex -25.89410026227368 6.897597121324689 0.8142726416362045
    endloop
  endfacet
  facet normal -0.18846978475997533 0.9475015919962602 -0.25830190358780025
    outer loop
      vertex -25.89410026227368 6.897597121324689 0.8142726416362045
      vertex -25.904615091669488 6.9368389988627746 0.965891613580645
      vertex -25.753621801643813 6.966873431640225 0.965891613580645
    endloop
  endfacet
  facet normal -0.06044354741636678 0.9221903271536541 -0.38198374059632695
    outer loop
      vertex -25.6 6.876247289839226 0.6692535717371975
      vertex -25.748319020921727 6.926594813161551 0.8142726416362045
      vertex -25.6 6.936316155394127 0.8142726416362045
    endloop
  endfacet
  facet normal -0.06318362469879132 0.963995827881448 -0.2583019035878057
    outer loop
      vertex -25.748319020921727 6.926594813161551 0.8142726416362045
      vertex -25.6 6.9769423364838765 0.965891613580645
      vertex -25.6 6.936316155394127 0.8142726416362045
    endloop
  endfacet
  facet normal -0.06318362469879242 0.9639958278814482 -0.25830190358780475
    outer loop
      vertex -25.753621801643813 6.966873431640225 0.965891613580645
      vertex -25.6 6.9769423364838765 0.965891613580645
      vertex -25.748319020921727 6.926594813161551 0.8142726416362045
    endloop
  endfacet
  facet normal -0.7454348768442093 0.6537288416862763 -0.1302514718987009
    outer loop
      vertex -26.533731133979657 6.516477098618787 0.965891613580645
      vertex -26.549985651868916 6.5289496288718025 1.1215162449238285
      vertex -26.44671137354743 6.6467113735474275 1.1215162449238285
    endloop
  endfacet
  facet normal -0.7454348768442043 0.6537288416862808 -0.1302514718987075
    outer loop
      vertex -26.533731133979657 6.516477098618787 0.965891613580645
      vertex -26.44671137354743 6.6467113735474275 1.1215162449238285
      vertex -26.43222390719329 6.632223907193288 0.965891613580645
    endloop
  endfacet
  facet normal -0.65372884168628 0.745434876844205 -0.130251471898707
    outer loop
      vertex -26.43222390719329 6.632223907193288 0.965891613580645
      vertex -26.44671137354743 6.6467113735474275 1.1215162449238285
      vertex -26.31647709861879 6.733731133979654 0.965891613580645
    endloop
  endfacet
  facet normal -0.6537288416862738 0.7454348768442121 -0.13025147189869776
    outer loop
      vertex -26.31647709861879 6.733731133979654 0.965891613580645
      vertex -26.44671137354743 6.6467113735474275 1.1215162449238285
      vertex -26.328949628871804 6.749985651868913 1.1215162449238285
    endloop
  endfacet
  facet normal -0.5508373247992195 0.8243863145857417 -0.13025147189869898
    outer loop
      vertex -26.31647709861879 6.733731133979654 0.965891613580645
      vertex -26.328949628871804 6.749985651868913 1.1215162449238285
      vertex -26.198715353943165 6.83700541230114 1.1215162449238285
    endloop
  endfacet
  facet normal -0.5508373247992079 0.8243863145857476 -0.13025147189871172
    outer loop
      vertex -26.31647709861879 6.733731133979654 0.965891613580645
      vertex -26.198715353943165 6.83700541230114 1.1215162449238285
      vertex -26.18847116824194 6.8192619621844495 0.965891613580645
    endloop
  endfacet
  facet normal -0.4385208285638757 0.8892322739216516 -0.13025147189871086
    outer loop
      vertex -26.18847116824194 6.8192619621844495 0.965891613580645
      vertex -26.198715353943165 6.83700541230114 1.1215162449238285
      vertex -26.05039633302144 6.887352935623465 0.965891613580645
    endloop
  endfacet
  facet normal -0.4385208285638724 0.8892322739216537 -0.13025147189870703
    outer loop
      vertex -26.05039633302144 6.887352935623465 0.965891613580645
      vertex -26.198715353943165 6.83700541230114 1.1215162449238285
      vertex -26.0582368933133 6.906281722616676 1.1215162449238285
    endloop
  endfacet
  facet normal -0.31870111937087375 0.938863222508994 -0.13025147189870598
    outer loop
      vertex -26.05039633302144 6.887352935623465 0.965891613580645
      vertex -26.0582368933133 6.906281722616676 1.1215162449238285
      vertex -25.909917872391574 6.956629245939002 1.1215162449238285
    endloop
  endfacet
  facet normal -0.3187011193708725 0.9388632225089941 -0.13025147189870728
    outer loop
      vertex -26.05039633302144 6.887352935623465 0.965891613580645
      vertex -25.909917872391574 6.956629245939002 1.1215162449238285
      vertex -25.904615091669488 6.9368389988627746 0.965891613580645
    endloop
  endfacet
  facet normal -0.19342834566479009 0.972429961057146 -0.13025147189870817
    outer loop
      vertex -25.904615091669488 6.9368389988627746 0.965891613580645
      vertex -25.909917872391574 6.956629245939002 1.1215162449238285
      vertex -25.753621801643813 6.966873431640225 0.965891613580645
    endloop
  endfacet
  facet normal -0.19342834566478448 0.9724299610571481 -0.13025147189870237
    outer loop
      vertex -25.753621801643813 6.966873431640225 0.965891613580645
      vertex -25.909917872391574 6.956629245939002 1.1215162449238285
      vertex -25.756296070747766 6.9871865221851 1.1215162449238285
    endloop
  endfacet
  facet normal -0.06484595933590648 0.9893581533630916 -0.1302514718987043
    outer loop
      vertex -25.753621801643813 6.966873431640225 0.965891613580645
      vertex -25.6 6.997430707886324 1.1215162449238285
      vertex -25.6 6.9769423364838765 0.965891613580645
    endloop
  endfacet
  facet normal -0.06484595933590899 0.9893581533630919 -0.13025147189870184
    outer loop
      vertex -25.753621801643813 6.966873431640225 0.965891613580645
      vertex -25.756296070747766 6.9871865221851 1.1215162449238285
      vertex -25.6 6.997430707886324 1.1215162449238285
    endloop
  endfacet
  facet normal -0.9978589232386044 0.06540312923012931 -7.875224345753918e-21
    outer loop
      vertex -26.797430707886324 5.8 1.1215162449238285
      vertex -26.787186522185102 5.956296070747762 30.478483755076173
      vertex -26.787186522185102 5.956296070747762 1.1215162449238285
    endloop
  endfacet
  facet normal -0.9807852804032292 0.19509032201613447 0
    outer loop
      vertex -26.787186522185102 5.956296070747762 1.1215162449238285
      vertex -26.787186522185102 5.956296070747762 30.478483755076173
      vertex -26.756629245939003 6.1099178723915735 1.1215162449238285
    endloop
  endfacet
  facet normal -0.9469301294951037 0.3214394653031673 0
    outer loop
      vertex -26.756629245939003 6.1099178723915735 1.1215162449238285
      vertex -26.756629245939003 6.1099178723915735 30.478483755076173
      vertex -26.706281722616676 6.258236893313297 1.1215162449238285
    endloop
  endfacet
  facet normal -0.8968727415326955 0.4422886902189866 -1.0471988010338758e-19
    outer loop
      vertex -26.706281722616676 6.258236893313297 1.1215162449238285
      vertex -26.637005412301143 6.398715353943162 30.478483755076173
      vertex -26.637005412301143 6.398715353943162 1.1215162449238285
    endloop
  endfacet
  facet normal -0.8314696123025433 0.5555702330196051 7.583714653006022e-20
    outer loop
      vertex -26.637005412301143 6.398715353943162 1.1215162449238285
      vertex -26.549985651868916 6.5289496288718025 30.478483755076173
      vertex -26.549985651868916 6.5289496288718025 1.1215162449238285
    endloop
  endfacet
  facet normal -0.7518398074789772 0.659345815100069 0
    outer loop
      vertex -26.549985651868916 6.5289496288718025 1.1215162449238285
      vertex -26.549985651868916 6.5289496288718025 30.478483755076173
      vertex -26.44671137354743 6.6467113735474275 1.1215162449238285
    endloop
  endfacet
  facet normal -0.6593458151000663 0.7518398074789798 0
    outer loop
      vertex -26.44671137354743 6.6467113735474275 1.1215162449238285
      vertex -26.44671137354743 6.6467113735474275 30.478483755076173
      vertex -26.328949628871804 6.749985651868913 1.1215162449238285
    endloop
  endfacet
  facet normal -0.5555702330196076 0.8314696123025416 -1.3320886727947648e-19
    outer loop
      vertex -26.328949628871804 6.749985651868913 1.1215162449238285
      vertex -26.198715353943165 6.83700541230114 30.478483755076173
      vertex -26.198715353943165 6.83700541230114 1.1215162449238285
    endloop
  endfacet
  facet normal -0.4422886902189958 0.8968727415326911 0
    outer loop
      vertex -26.198715353943165 6.83700541230114 1.1215162449238285
      vertex -26.198715353943165 6.83700541230114 30.478483755076173
      vertex -26.0582368933133 6.906281722616676 1.1215162449238285
    endloop
  endfacet
  facet normal -0.32143946530316386 0.9469301294951048 -8.418257737681921e-21
    outer loop
      vertex -26.0582368933133 6.906281722616676 1.1215162449238285
      vertex -25.909917872391574 6.956629245939002 30.478483755076173
      vertex -25.909917872391574 6.956629245939002 1.1215162449238285
    endloop
  endfacet
  facet normal -0.19509032201612683 0.9807852804032308 1.9040275858667106e-20
    outer loop
      vertex -25.909917872391574 6.956629245939002 1.1215162449238285
      vertex -25.756296070747766 6.9871865221851 30.478483755076173
      vertex -25.756296070747766 6.9871865221851 1.1215162449238285
    endloop
  endfacet
  facet normal -0.06540312923014552 0.9978589232386034 0
    outer loop
      vertex -25.756296070747766 6.9871865221851 1.1215162449238285
      vertex -25.756296070747766 6.9871865221851 30.478483755076173
      vertex -25.6 6.997430707886324 1.1215162449238285
    endloop
  endfacet
  facet normal 0 1 0
    outer loop
      vertex -25.6 6.997430707886324 1.1215162449238285
      vertex -25.6 6.997430707886324 30.478483755076173
      vertex -23.8 6.997430707886324 2
    endloop
  endfacet
  facet normal 0 0 -1
    outer loop
      vertex -25.678483755076172 5.8 0.002569292113674848
      vertex -25.67781231567159 5.810244185701223 0.002569292113674848
      vertex 25.639241877538087 -5.86796892568036 0.002569292113674848
    endloop
  endfacet
  facet normal 0 0 -1
    outer loop
      vertex -25.67781231567159 5.810244185701223 0.002569292113674848
      vertex -25.67580948597222 5.820313090544874 0.002569292113674848
      vertex 25.639241877538087 -5.86796892568036 0.002569292113674848
    endloop
  endfacet
  facet normal 0 0 -1
    outer loop
      vertex -25.67580948597222 5.820313090544874 0.002569292113674848
      vertex -25.672509534949505 5.83003443277745 0.002569292113674848
      vertex 25.639241877538087 -5.86796892568036 0.002569292113674848
    endloop
  endfacet
  facet normal 0 0 -1
    outer loop
      vertex -25.66226534924828 5.847777882894141 0.002569292113674848
      vertex 25.639241877538087 -5.86796892568036 0.002569292113674848
      vertex -25.667968925680363 5.839241877538086 0.002569292113674848
    endloop
  endfacet
  facet normal 0 0 -1
    outer loop
      vertex -25.672509534949505 5.83003443277745 0.002569292113674848
      vertex -25.667968925680363 5.839241877538086 0.002569292113674848
      vertex 25.639241877538087 -5.86796892568036 0.002569292113674848
    endloop
  endfacet
  facet normal 0 0 -1
    outer loop
      vertex -25.66226534924828 5.847777882894141 0.002569292113674848
      vertex -25.655496395427345 5.855496395427345 0.002569292113674848
      vertex 25.639241877538087 -5.86796892568036 0.002569292113674848
    endloop
  endfacet
  facet normal 0 0 -1
    outer loop
      vertex -25.647777882894143 5.86226534924828 0.002569292113674848
      vertex -25.639241877538087 5.86796892568036 0.002569292113674848
      vertex 25.639241877538087 -5.86796892568036 0.002569292113674848
    endloop
  endfacet
  facet normal 0 0 -1
    outer loop
      vertex -25.647777882894143 5.86226534924828 0.002569292113674848
      vertex 25.639241877538087 -5.86796892568036 0.002569292113674848
      vertex -25.655496395427345 5.855496395427345 0.002569292113674848
    endloop
  endfacet
  facet normal 0 0 -1
    outer loop
      vertex -25.639241877538087 5.86796892568036 0.002569292113674848
      vertex -25.630034432777453 5.872509534949503 0.002569292113674848
      vertex 25.639241877538087 -5.86796892568036 0.002569292113674848
    endloop
  endfacet
  facet normal 0 0 -1
    outer loop
      vertex -25.620313090544876 5.87580948597222 0.002569292113674848
      vertex 25.639241877538087 -5.86796892568036 0.002569292113674848
      vertex -25.630034432777453 5.872509534949503 0.002569292113674848
    endloop
  endfacet
  facet normal 0 0 -1
    outer loop
      vertex -25.620313090544876 5.87580948597222 0.002569292113674848
      vertex -25.610244185701227 5.877812315671591 0.002569292113674848
      vertex 25.639241877538087 -5.86796892568036 0.002569292113674848
    endloop
  endfacet
  facet normal 0 0 -1
    outer loop
      vertex -25.6 5.8784837550761715 0.002569292113674848
      vertex 25.639241877538087 -5.86796892568036 0.002569292113674848
      vertex -25.610244185701227 5.877812315671591 0.002569292113674848
    endloop
  endfacet
  facet normal 0 0.13052619222005735 -0.9914448613738097
    outer loop
      vertex -25.6 5.8784837550761715 0.002569292113674848
      vertex -25.6 6.034108386419354 0.023057663516123483
      vertex 25.6 5.8784837550761715 0.002569292113674848
    endloop
  endfacet
  facet normal -2.6751388292679197e-20 0.258819045102517 -0.9659258262890693
    outer loop
      vertex -25.6 6.034108386419354 0.023057663516123483
      vertex -25.6 6.185727358363794 0.06368384460587251
      vertex 25.6 6.185727358363794 0.06368384460587251
    endloop
  endfacet
  facet normal 0 0.38268343236508456 -0.923879532511289
    outer loop
      vertex -25.6 6.185727358363794 0.06368384460587251
      vertex -25.6 6.330746428262802 0.1237527101607725
      vertex 25.6 6.185727358363794 0.06368384460587251
    endloop
  endfacet
  facet normal -3.646722397140167e-20 0.5000000000000052 -0.8660254037844357
    outer loop
      vertex -25.6 6.330746428262802 0.1237527101607725
      vertex -25.6 6.466684279623522 0.20223646523694505
      vertex 25.6 6.466684279623522 0.20223646523694505
    endloop
  endfacet
  facet normal 0 0.6087614290087213 -0.7933533402912345
    outer loop
      vertex -25.6 6.466684279623522 0.20223646523694505
      vertex -25.6 6.591214978120083 0.2977922310252268
      vertex 25.6 6.466684279623522 0.20223646523694505
    endloop
  endfacet
  facet normal 0 0.7071067811865447 -0.7071067811865503
    outer loop
      vertex -25.6 6.591214978120083 0.2977922310252268
      vertex -25.6 6.702207768974773 0.4087850218799165
      vertex 25.6 6.591214978120083 0.2977922310252268
    endloop
  endfacet
  facet normal -4.088602791663078e-20 0.7933533402912374 -0.6087614290087178
    outer loop
      vertex -25.6 6.702207768974773 0.4087850218799165
      vertex -25.6 6.797763534763054 0.5333157203764767
      vertex 25.6 6.797763534763054 0.5333157203764767
    endloop
  endfacet
  facet normal 0 0.8660254037844382 -0.5000000000000009
    outer loop
      vertex -25.6 6.797763534763054 0.5333157203764767
      vertex -25.6 6.876247289839226 0.6692535717371975
      vertex 25.6 6.797763534763054 0.5333157203764767
    endloop
  endfacet
  facet normal 2.81783376338146e-20 0.9238795325112861 -0.3826834323650913
    outer loop
      vertex -25.6 6.876247289839226 0.6692535717371975
      vertex -25.6 6.936316155394127 0.8142726416362045
      vertex 25.6 6.936316155394127 0.8142726416362045
    endloop
  endfacet
  facet normal -4.196479817604029e-20 0.9659258262890683 -0.25881904510252096
    outer loop
      vertex -25.6 6.936316155394127 0.8142726416362045
      vertex -25.6 6.9769423364838765 0.965891613580645
      vertex 25.6 6.9769423364838765 0.965891613580645
    endloop
  endfacet
  facet normal 0 0.9914448613738105 -0.13052619222005107
    outer loop
      vertex -25.6 6.9769423364838765 0.965891613580645
      vertex -25.6 6.997430707886324 1.1215162449238285
      vertex 25.6 6.9769423364838765 0.965891613580645
    endloop
  endfacet
  facet normal 0 1 0
    outer loop
      vertex -25.6 6.997430707886324 1.1215162449238285
      vertex -23.8 6.997430707886324 2
      vertex 25.6 6.997430707886324 1.1215162449238285
    endloop
  endfacet
  facet normal -0.9914448613738113 0 0.1305261922200455
    outer loop
      vertex -26.797430707886324 -5.8 30.478483755076173
      vertex -26.776942336483877 5.8 30.634108386419356
      vertex -26.797430707886324 5.8 30.478483755076173
    endloop
  endfacet
  facet normal -0.9659258262890696 0 0.25881904510251563
    outer loop
      vertex -26.776942336483877 -5.8 30.634108386419356
      vertex -26.736316155394128 5.8 30.785727358363797
      vertex -26.776942336483877 5.8 30.634108386419356
    endloop
  endfacet
  facet normal -0.9238795325112882 0 0.38268343236508656
    outer loop
      vertex -26.676247289839228 -5.8 30.930746428262804
      vertex -26.676247289839228 5.8 30.930746428262804
      vertex -26.736316155394128 5.8 30.785727358363797
    endloop
  endfacet
  facet normal -0.8660254037844279 0 0.5000000000000185
    outer loop
      vertex -26.676247289839228 -5.8 30.930746428262804
      vertex -26.597763534763054 5.8 31.066684279623523
      vertex -26.676247289839228 5.8 30.930746428262804
    endloop
  endfacet
  facet normal -0.7933533402912485 0 0.6087614290087033
    outer loop
      vertex -26.502207768974774 -5.8 31.191214978120087
      vertex -26.502207768974774 5.8 31.191214978120087
      vertex -26.597763534763054 5.8 31.066684279623523
    endloop
  endfacet
  facet normal -0.7071067811865362 0 0.7071067811865589
    outer loop
      vertex -26.502207768974774 -5.8 31.191214978120087
      vertex -26.391214978120082 5.8 31.302207768974775
      vertex -26.502207768974774 5.8 31.191214978120087
    endloop
  endfacet
  facet normal -0.6087614290087393 0 0.7933533402912208
    outer loop
      vertex -26.391214978120082 -5.8 31.302207768974775
      vertex -26.266684279623526 5.8 31.397763534763058
      vertex -26.391214978120082 5.8 31.302207768974775
    endloop
  endfacet
  facet normal -0.4999999999999918 0 0.8660254037844434
    outer loop
      vertex -26.130746428262803 -5.8 31.47624728983923
      vertex -26.130746428262803 5.8 31.47624728983923
      vertex -26.266684279623526 5.8 31.397763534763058
    endloop
  endfacet
  facet normal -0.38268343236508656 0 0.9238795325112882
    outer loop
      vertex -26.130746428262803 -5.8 31.47624728983923
      vertex -25.985727358363796 5.8 31.53631615539413
      vertex -26.130746428262803 5.8 31.47624728983923
    endloop
  endfacet
  facet normal -0.25881904510251563 0 0.9659258262890696
    outer loop
      vertex -25.834108386419356 -5.8 31.576942336483878
      vertex -25.834108386419356 5.8 31.576942336483878
      vertex -25.985727358363796 5.8 31.53631615539413
    endloop
  endfacet
  facet normal -0.1305261922200455 0 0.9914448613738113
    outer loop
      vertex -25.834108386419356 -5.8 31.576942336483878
      vertex -25.678483755076172 5.8 31.597430707886325
      vertex -25.834108386419356 5.8 31.576942336483878
    endloop
  endfacet
  facet normal -0.9978589232386044 0.06540312923012931 0
    outer loop
      vertex -26.797430707886324 5.8 1.1215162449238285
      vertex -26.797430707886324 5.8 30.478483755076173
      vertex -26.787186522185102 5.956296070747762 30.478483755076173
    endloop
  endfacet
  facet normal -0.9807852804032292 0.19509032201613447 0
    outer loop
      vertex -26.756629245939003 6.1099178723915735 1.1215162449238285
      vertex -26.787186522185102 5.956296070747762 30.478483755076173
      vertex -26.756629245939003 6.1099178723915735 30.478483755076173
    endloop
  endfacet
  facet normal -0.9469301294951037 0.3214394653031673 0
    outer loop
      vertex -26.706281722616676 6.258236893313297 1.1215162449238285
      vertex -26.756629245939003 6.1099178723915735 30.478483755076173
      vertex -26.706281722616676 6.258236893313297 30.478483755076173
    endloop
  endfacet
  facet normal -0.8968727415326955 0.4422886902189866 0
    outer loop
      vertex -26.706281722616676 6.258236893313297 1.1215162449238285
      vertex -26.706281722616676 6.258236893313297 30.478483755076173
      vertex -26.637005412301143 6.398715353943162 30.478483755076173
    endloop
  endfacet
  facet normal -0.8314696123025433 0.5555702330196051 0
    outer loop
      vertex -26.637005412301143 6.398715353943162 1.1215162449238285
      vertex -26.637005412301143 6.398715353943162 30.478483755076173
      vertex -26.549985651868916 6.5289496288718025 30.478483755076173
    endloop
  endfacet
  facet normal -0.7518398074789772 0.659345815100069 0
    outer loop
      vertex -26.44671137354743 6.6467113735474275 1.1215162449238285
      vertex -26.549985651868916 6.5289496288718025 30.478483755076173
      vertex -26.44671137354743 6.6467113735474275 30.478483755076173
    endloop
  endfacet
  facet normal -0.6593458151000663 0.7518398074789798 0
    outer loop
      vertex -26.328949628871804 6.749985651868913 1.1215162449238285
      vertex -26.44671137354743 6.6467113735474275 30.478483755076173
      vertex -26.328949628871804 6.749985651868913 30.478483755076173
    endloop
  endfacet
  facet normal -0.5555702330196076 0.8314696123025416 0
    outer loop
      vertex -26.328949628871804 6.749985651868913 1.1215162449238285
      vertex -26.328949628871804 6.749985651868913 30.478483755076173
      vertex -26.198715353943165 6.83700541230114 30.478483755076173
    endloop
  endfacet
  facet normal -0.4422886902189958 0.8968727415326911 0
    outer loop
      vertex -26.0582368933133 6.906281722616676 1.1215162449238285
      vertex -26.198715353943165 6.83700541230114 30.478483755076173
      vertex -26.0582368933133 6.906281722616676 30.478483755076173
    endloop
  endfacet
  facet normal -0.32143946530316386 0.9469301294951048 0
    outer loop
      vertex -26.0582368933133 6.906281722616676 1.1215162449238285
      vertex -26.0582368933133 6.906281722616676 30.478483755076173
      vertex -25.909917872391574 6.956629245939002 30.478483755076173
    endloop
  endfacet
  facet normal -0.19509032201612683 0.9807852804032308 0
    outer loop
      vertex -25.909917872391574 6.956629245939002 1.1215162449238285
      vertex -25.909917872391574 6.956629245939002 30.478483755076173
      vertex -25.756296070747766 6.9871865221851 30.478483755076173
    endloop
  endfacet
  facet normal -0.06540312923014552 0.9978589232386034 0
    outer loop
      vertex -25.6 6.997430707886324 1.1215162449238285
      vertex -25.756296070747766 6.9871865221851 30.478483755076173
      vertex -25.6 6.997430707886324 30.478483755076173
    endloop
  endfacet
  facet normal 0 1 0
    outer loop
      vertex -25.6 6.997430707886324 30.478483755076173
      vertex -23.8 6.997430707886324 29.6
      vertex -23.8 6.997430707886324 2
    endloop
  endfacet
  facet normal -0.9893581533630934 0.06484595933589297 0.13025147189869887
    outer loop
      vertex -26.797430707886324 5.8 30.478483755076173
      vertex -26.776942336483877 5.8 30.634108386419356
      vertex -26.787186522185102 5.956296070747762 30.478483755076173
    endloop
  endfacet
  facet normal -0.9893581533630929 0.0648459593358955 0.13025147189870134
    outer loop
      vertex -26.787186522185102 5.956296070747762 30.478483755076173
      vertex -26.776942336483877 5.8 30.634108386419356
      vertex -26.766873431640228 5.953621801643811 30.634108386419356
    endloop
  endfacet
  facet normal -0.9724299610571465 0.19342834566479206 0.1302514718987012
    outer loop
      vertex -26.787186522185102 5.956296070747762 30.478483755076173
      vertex -26.766873431640228 5.953621801643811 30.634108386419356
      vertex -26.756629245939003 6.1099178723915735 30.478483755076173
    endloop
  endfacet
  facet normal -0.9724299610571457 0.1934283456647946 0.13025147189870384
    outer loop
      vertex -26.756629245939003 6.1099178723915735 30.478483755076173
      vertex -26.766873431640228 5.953621801643811 30.634108386419356
      vertex -26.736838998862776 6.104615091669486 30.634108386419356
    endloop
  endfacet
  facet normal -0.9639958278814501 0.06318362469878176 0.2583019035877996
    outer loop
      vertex -26.776942336483877 5.8 30.634108386419356
      vertex -26.726594813161554 5.948319020921724 30.785727358363797
      vertex -26.766873431640228 5.953621801643811 30.634108386419356
    endloop
  endfacet
  facet normal -0.9639958278814499 0.06318362469878067 0.2583019035878006
    outer loop
      vertex -26.776942336483877 5.8 30.634108386419356
      vertex -26.736316155394128 5.8 30.785727358363797
      vertex -26.726594813161554 5.948319020921724 30.785727358363797
    endloop
  endfacet
  facet normal -0.9221903271536567 0.06044354741635664 0.3819837405963223
    outer loop
      vertex -26.736316155394128 5.8 30.785727358363797
      vertex -26.676247289839228 5.8 30.930746428262804
      vertex -26.726594813161554 5.948319020921724 30.785727358363797
    endloop
  endfacet
  facet normal -0.8646336168614291 0.056671081315548384 0.49919645144537045
    outer loop
      vertex -26.676247289839228 5.8 30.930746428262804
      vertex -26.597763534763054 5.8 31.066684279623523
      vertex -26.589227529407 5.93023427492864 31.066684279623523
    endloop
  endfacet
  facet normal -0.922190327153647 0.060443547416379126 0.381983740596342
    outer loop
      vertex -26.676247289839228 5.8 30.930746428262804
      vertex -26.66703984507859 5.940478460629864 30.930746428262804
      vertex -26.726594813161554 5.948319020921724 30.785727358363797
    endloop
  endfacet
  facet normal -0.864633616861438 0.05667108131557355 0.49919645144535213
    outer loop
      vertex -26.676247289839228 5.8 30.930746428262804
      vertex -26.589227529407 5.93023427492864 31.066684279623523
      vertex -26.66703984507859 5.940478460629864 30.930746428262804
    endloop
  endfacet
  facet normal -0.7922829328906102 0.05192896695105115 0.6079400765220612
    outer loop
      vertex -26.597763534763054 5.8 31.066684279623523
      vertex -26.502207768974774 5.8 31.191214978120087
      vertex -26.589227529407 5.93023427492864 31.066684279623523
    endloop
  endfacet
  facet normal -0.7063485793639667 0.04629653184613494 0.7063485793639893
    outer loop
      vertex -26.502207768974774 5.8 31.191214978120087
      vertex -26.391214978120082 5.8 31.302207768974775
      vertex -26.384446024299148 5.9032742783214855 31.302207768974775
    endloop
  endfacet
  facet normal -0.7922829328905985 0.05192896695107202 0.6079400765220747
    outer loop
      vertex -26.502207768974774 5.8 31.191214978120087
      vertex -26.494489256441568 5.917761744675625 31.191214978120087
      vertex -26.589227529407 5.93023427492864 31.066684279623523
    endloop
  endfacet
  facet normal -0.7063485793639717 0.04629653184614702 0.7063485793639834
    outer loop
      vertex -26.502207768974774 5.8 31.191214978120087
      vertex -26.384446024299148 5.9032742783214855 31.302207768974775
      vertex -26.494489256441568 5.917761744675625 31.191214978120087
    endloop
  endfacet
  facet normal -0.6082774216426219 0.0398686085667791 0.7927225696110545
    outer loop
      vertex -26.391214978120082 5.8 31.302207768974775
      vertex -26.266684279623526 5.8 31.397763534763058
      vertex -26.384446024299148 5.9032742783214855 31.302207768974775
    endloop
  endfacet
  facet normal -0.4997317194830143 0.03275414737352266 0.8655607282983576
    outer loop
      vertex -26.266684279623526 5.8 31.397763534763058
      vertex -26.130746428262803 5.8 31.47624728983923
      vertex -26.12620581899366 5.869276310315536 31.47624728983923
    endloop
  endfacet
  facet normal -0.608277421642611 0.03986860856679823 0.7927225696110618
    outer loop
      vertex -26.384446024299148 5.9032742783214855 31.302207768974775
      vertex -26.266684279623526 5.8 31.397763534763058
      vertex -26.260980703191443 5.887019760432226 31.397763534763058
    endloop
  endfacet
  facet normal -0.49973171948302214 0.032754147373544346 0.8655607282983524
    outer loop
      vertex -26.266684279623526 5.8 31.397763534763058
      vertex -26.12620581899366 5.869276310315536 31.47624728983923
      vertex -26.260980703191443 5.887019760432226 31.397763534763058
    endloop
  endfacet
  facet normal -0.3825631109612454 0.02507451103776462 0.9235890509462912
    outer loop
      vertex -26.130746428262803 5.8 31.47624728983923
      vertex -25.985727358363796 5.8 31.53631615539413
      vertex -26.12620581899366 5.869276310315536 31.47624728983923
    endloop
  endfacet
  facet normal -0.38256311096123574 0.02507451103778741 0.9235890509462947
    outer loop
      vertex -25.985727358363796 5.8 31.53631615539413
      vertex -25.982427407341078 5.850347523322325 31.53631615539413
      vertex -26.12620581899366 5.869276310315536 31.47624728983923
    endloop
  endfacet
  facet normal -0.49118117121086075 0.09770200957786694 0.8655607282983521
    outer loop
      vertex -26.260980703191443 5.887019760432226 31.397763534763058
      vertex -26.12620581899366 5.869276310315536 31.47624728983923
      vertex -26.11266168226972 5.9373672837545515 31.47624728983923
    endloop
  endfacet
  facet normal -0.37601735006616277 0.07479450127748719 0.9235890509462922
    outer loop
      vertex -26.12620581899366 5.869276310315536 31.47624728983923
      vertex -25.97258401734985 5.899833586561635 31.53631615539413
      vertex -26.11266168226972 5.9373672837545515 31.47624728983923
    endloop
  endfacet
  facet normal -0.37601735006616044 0.07479450127747134 0.9235890509462945
    outer loop
      vertex -26.12620581899366 5.869276310315536 31.47624728983923
      vertex -25.982427407341078 5.850347523322325 31.53631615539413
      vertex -25.97258401734985 5.899833586561635 31.53631615539413
    endloop
  endfacet
  facet normal -0.9475015919962594 0.18846978475997966 0.25830190358779975
    outer loop
      vertex -26.766873431640228 5.953621801643811 30.634108386419356
      vertex -26.726594813161554 5.948319020921724 30.785727358363797
      vertex -26.736838998862776 6.104615091669486 30.634108386419356
    endloop
  endfacet
  facet normal -0.8498394959552148 0.1690435860331734 0.49919645144535196
    outer loop
      vertex -26.66703984507859 5.940478460629864 30.930746428262804
      vertex -26.589227529407 5.93023427492864 31.066684279623523
      vertex -26.639575052729327 6.078553295850364 30.930746428262804
    endloop
  endfacet
  facet normal -0.9064113949765894 0.18029643639467707 0.38198374059634205
    outer loop
      vertex -26.726594813161554 5.948319020921724 30.785727358363797
      vertex -26.66703984507859 5.940478460629864 30.930746428262804
      vertex -26.639575052729327 6.078553295850364 30.930746428262804
    endloop
  endfacet
  facet normal -0.9475015919962586 0.1884697847599813 0.2583019035878014
    outer loop
      vertex -26.726594813161554 5.948319020921724 30.785727358363797
      vertex -26.69759712132469 6.094100262273676 30.785727358363797
      vertex -26.736838998862776 6.104615091669486 30.634108386419356
    endloop
  endfacet
  facet normal -0.906411394976593 0.18029643639470258 0.38198374059632134
    outer loop
      vertex -26.726594813161554 5.948319020921724 30.785727358363797
      vertex -26.639575052729327 6.078553295850364 30.930746428262804
      vertex -26.69759712132469 6.094100262273676 30.785727358363797
    endloop
  endfacet
  facet normal -0.8498394959552025 0.1690435860331912 0.4991964514453668
    outer loop
      vertex -26.589227529407 5.93023427492864 31.066684279623523
      vertex -26.563765566757105 6.05824020530549 31.066684279623523
      vertex -26.639575052729327 6.078553295850364 30.930746428262804
    endloop
  endfacet
  facet normal -0.8205043856531642 0.2785237081260366 0.4991964514453663
    outer loop
      vertex -26.639575052729327 6.078553295850364 30.930746428262804
      vertex -26.563765566757105 6.05824020530549 31.066684279623523
      vertex -26.5218133080537 6.18182757417185 31.066684279623523
    endloop
  endfacet
  facet normal -0.694262759334232 0.13809744904269852 0.7063485793639833
    outer loop
      vertex -26.384446024299148 5.9032742783214855 31.302207768974775
      vertex -26.471465784731375 6.033508553250126 31.191214978120087
      vertex -26.494489256441568 5.917761744675625 31.191214978120087
    endloop
  endfacet
  facet normal -0.7787267522465143 0.1548983818312184 0.6079400765220746
    outer loop
      vertex -26.589227529407 5.93023427492864 31.066684279623523
      vertex -26.494489256441568 5.917761744675625 31.191214978120087
      vertex -26.471465784731375 6.033508553250126 31.191214978120087
    endloop
  endfacet
  facet normal -0.7787267522465183 0.1548983818312334 0.6079400765220658
    outer loop
      vertex -26.589227529407 5.93023427492864 31.066684279623523
      vertex -26.471465784731375 6.033508553250126 31.191214978120087
      vertex -26.563765566757105 6.05824020530549 31.066684279623523
    endloop
  endfacet
  facet normal -0.6942627593342283 0.1380974490427033 0.7063485793639861
    outer loop
      vertex -26.384446024299148 5.9032742783214855 31.302207768974775
      vertex -26.36425498151293 6.004781505107851 31.302207768974775
      vertex -26.471465784731375 6.033508553250126 31.191214978120087
    endloop
  endfacet
  facet normal -0.6702979110062768 0.2275354805983006 0.7063485793639863
    outer loop
      vertex -26.471465784731375 6.033508553250126 31.191214978120087
      vertex -26.36425498151293 6.004781505107851 31.302207768974775
      vertex -26.433531291828466 6.145259965737716 31.191214978120087
    endloop
  endfacet
  facet normal -0.7518463409676521 0.25521744245230826 0.607940076522066
    outer loop
      vertex -26.563765566757105 6.05824020530549 31.066684279623523
      vertex -26.471465784731375 6.033508553250126 31.191214978120087
      vertex -26.5218133080537 6.18182757417185 31.066684279623523
    endloop
  endfacet
  facet normal -0.7518463409676505 0.2552174424523101 0.6079400765220676
    outer loop
      vertex -26.471465784731375 6.033508553250126 31.191214978120087
      vertex -26.433531291828466 6.145259965737716 31.191214978120087
      vertex -26.5218133080537 6.18182757417185 31.066684279623523
    endloop
  endfacet
  facet normal -0.5978696263119454 0.11892366275409896 0.7927225696110614
    outer loop
      vertex -26.384446024299148 5.9032742783214855 31.302207768974775
      vertex -26.260980703191443 5.887019760432226 31.397763534763058
      vertex -26.36425498151293 6.004781505107851 31.302207768974775
    endloop
  endfacet
  facet normal -0.5978696263119407 0.11892366275410524 0.792722569611064
    outer loop
      vertex -26.260980703191443 5.887019760432226 31.397763534763058
      vertex -26.243967563669283 5.972550588637022 31.397763534763058
      vertex -26.36425498151293 6.004781505107851 31.302207768974775
    endloop
  endfacet
  facet normal -0.49118117121086147 0.09770200957787019 0.8655607282983512
    outer loop
      vertex -26.260980703191443 5.887019760432226 31.397763534763058
      vertex -26.11266168226972 5.9373672837545515 31.47624728983923
      vertex -26.243967563669283 5.972550588637022 31.397763534763058
    endloop
  endfacet
  facet normal -0.5772321159143058 0.1959439000998117 0.7927225696110641
    outer loop
      vertex -26.36425498151293 6.004781505107851 31.302207768974775
      vertex -26.243967563669283 5.972550588637022 31.397763534763058
      vertex -26.215935960591207 6.055129028430176 31.397763534763058
    endloop
  endfacet
  facet normal -0.47422637691813707 0.16097816331019596 0.8655607282983516
    outer loop
      vertex -26.243967563669283 5.972550588637022 31.397763534763058
      vertex -26.11266168226972 5.9373672837545515 31.47624728983923
      vertex -26.215935960591207 6.055129028430176 31.397763534763058
    endloop
  endfacet
  facet normal -0.36303782805974677 0.12323473686339058 0.9235890509462923
    outer loop
      vertex -25.97258401734985 5.899833586561635 31.53631615539413
      vertex -26.090345762025475 6.003107864883121 31.47624728983923
      vertex -26.11266168226972 5.9373672837545515 31.47624728983923
    endloop
  endfacet
  facet normal -0.36303782805974305 0.12323473686339521 0.9235890509462931
    outer loop
      vertex -25.97258401734985 5.899833586561635 31.53631615539413
      vertex -25.956365611521957 5.947611469455776 31.53631615539413
      vertex -26.090345762025475 6.003107864883121 31.47624728983923
    endloop
  endfacet
  facet normal -0.47422637691812763 0.16097816331020637 0.8655607282983548
    outer loop
      vertex -26.11266168226972 5.9373672837545515 31.47624728983923
      vertex -26.090345762025475 6.003107864883121 31.47624728983923
      vertex -26.215935960591207 6.055129028430176 31.397763534763058
    endloop
  endfacet
  facet normal -0.343846628162124 0.16956639193444084 0.9235890509462928
    outer loop
      vertex -26.090345762025475 6.003107864883121 31.47624728983923
      vertex -25.956365611521957 5.947611469455776 31.53631615539413
      vertex -25.93404969127771 5.992863679181896 31.53631615539413
    endloop
  endfacet
  facet normal -0.577232115914308 0.19594390009982995 0.7927225696110579
    outer loop
      vertex -26.36425498151293 6.004781505107851 31.302207768974775
      vertex -26.215935960591207 6.055129028430176 31.397763534763058
      vertex -26.33098732410151 6.102784863565662 31.302207768974775
    endloop
  endfacet
  facet normal -0.6702979110062736 0.22753548059830395 0.7063485793639885
    outer loop
      vertex -26.36425498151293 6.004781505107851 31.302207768974775
      vertex -26.33098732410151 6.102784863565662 31.302207768974775
      vertex -26.433531291828466 6.145259965737716 31.191214978120087
    endloop
  endfacet
  facet normal -0.546718003974394 0.26961148298894017 0.7927225696110581
    outer loop
      vertex -26.33098732410151 6.102784863565662 31.302207768974775
      vertex -26.215935960591207 6.055129028430176 31.397763534763058
      vertex -26.28521227090674 6.195607489060041 31.302207768974775
    endloop
  endfacet
  facet normal -0.4491574378359345 0.2214999360367421 0.8655607282983546
    outer loop
      vertex -26.090345762025475 6.003107864883121 31.47624728983923
      vertex -26.059639889843442 6.065373214131401 31.47624728983923
      vertex -26.215935960591207 6.055129028430176 31.397763534763058
    endloop
  endfacet
  facet normal -0.3438466281621233 0.16956639193444628 0.923589050946292
    outer loop
      vertex -26.090345762025475 6.003107864883121 31.47624728983923
      vertex -25.93404969127771 5.992863679181896 31.53631615539413
      vertex -26.059639889843442 6.065373214131401 31.47624728983923
    endloop
  endfacet
  facet normal -0.3187721171243589 0.2129967190268006 0.923589050946292
    outer loop
      vertex -26.059639889843442 6.065373214131401 31.47624728983923
      vertex -25.93404969127771 5.992863679181896 31.53631615539413
      vertex -26.021069451709938 6.123097954110538 31.47624728983923
    endloop
  endfacet
  facet normal -0.44915743783593426 0.2214999360367463 0.8655607282983536
    outer loop
      vertex -26.215935960591207 6.055129028430176 31.397763534763058
      vertex -26.059639889843442 6.065373214131401 31.47624728983923
      vertex -26.1773655224577 6.133342139811761 31.397763534763058
    endloop
  endfacet
  facet normal -0.2587818124703864 0.01696145610291573 0.9657868722142637
    outer loop
      vertex -25.985727358363796 5.8 31.53631615539413
      vertex -25.834108386419356 5.8 31.576942336483878
      vertex -25.832105556719984 5.830557276246099 31.576942336483878
    endloop
  endfacet
  facet normal -0.258781812470388 0.016961456102924873 0.9657868722142631
    outer loop
      vertex -25.985727358363796 5.8 31.53631615539413
      vertex -25.832105556719984 5.830557276246099 31.576942336483878
      vertex -25.982427407341078 5.850347523322325 31.53631615539413
    endloop
  endfacet
  facet normal -0.13052141585032412 0.008554825566379449 0.9914085812438561
    outer loop
      vertex -25.834108386419356 5.8 31.576942336483878
      vertex -25.678483755076172 5.8 31.597430707886325
      vertex -25.832105556719984 5.830557276246099 31.576942336483878
    endloop
  endfacet
  facet normal -0.12828815823775228 0.02551810126184529 0.9914085812438561
    outer loop
      vertex -25.832105556719984 5.830557276246099 31.576942336483878
      vertex -25.67781231567159 5.810244185701223 31.597430707886325
      vertex -25.826131336593317 5.860591709023549 31.576942336483878
    endloop
  endfacet
  facet normal -0.2543539839111493 0.050594153092204525 0.9657868722142631
    outer loop
      vertex -25.982427407341078 5.850347523322325 31.53631615539413
      vertex -25.832105556719984 5.830557276246099 31.576942336483878
      vertex -25.97258401734985 5.899833586561635 31.53631615539413
    endloop
  endfacet
  facet normal -0.254353983911147 0.05059415309220931 0.9657868722142634
    outer loop
      vertex -25.97258401734985 5.899833586561635 31.53631615539413
      vertex -25.832105556719984 5.830557276246099 31.576942336483878
      vertex -25.826131336593317 5.860591709023549 31.576942336483878
    endloop
  endfacet
  facet normal -0.24557408816693646 0.08336117009476043 0.9657868722142635
    outer loop
      vertex -25.97258401734985 5.899833586561635 31.53631615539413
      vertex -25.826131336593317 5.860591709023549 31.576942336483878
      vertex -25.956365611521957 5.947611469455776 31.53631615539413
    endloop
  endfacet
  facet normal -0.24557408816693074 0.08336117009476922 0.9657868722142642
    outer loop
      vertex -25.826131336593317 5.860591709023549 31.576942336483878
      vertex -25.816287946602085 5.889589400860411 31.576942336483878
      vertex -25.956365611521957 5.947611469455776 31.53631615539413
    endloop
  endfacet
  facet normal -0.12385985466953373 0.042044755169779284 0.9914085812438559
    outer loop
      vertex -25.826131336593317 5.860591709023549 31.576942336483878
      vertex -25.672509534949505 5.83003443277745 31.597430707886325
      vertex -25.816287946602085 5.889589400860411 31.576942336483878
    endloop
  endfacet
  facet normal -0.11731227464748503 0.057852011659734984 0.9914085812438557
    outer loop
      vertex -25.816287946602085 5.889589400860411 31.576942336483878
      vertex -25.667968925680363 5.839241877538086 31.597430707886325
      vertex -25.802743809878145 5.917054193209677 31.576942336483878
    endloop
  endfacet
  facet normal -0.10875744908111168 0.07266940419058268 0.9914085812438557
    outer loop
      vertex -25.667968925680363 5.839241877538086 31.597430707886325
      vertex -25.78573067035599 5.942516155859572 31.576942336483878
      vertex -25.802743809878145 5.917054193209677 31.576942336483878
    endloop
  endfacet
  facet normal -0.13052141585032367 0.008554825566381416 0.9914085812438561
    outer loop
      vertex -25.832105556719984 5.830557276246099 31.576942336483878
      vertex -25.678483755076172 5.8 31.597430707886325
      vertex -25.67781231567159 5.810244185701223 31.597430707886325
    endloop
  endfacet
  facet normal -0.12828815823775017 0.025518101261851528 0.9914085812438562
    outer loop
      vertex -25.826131336593317 5.860591709023549 31.576942336483878
      vertex -25.67781231567159 5.810244185701223 31.597430707886325
      vertex -25.67580948597222 5.820313090544874 31.597430707886325
    endloop
  endfacet
  facet normal -0.1238598546695379 0.0420447551697583 0.9914085812438563
    outer loop
      vertex -25.826131336593317 5.860591709023549 31.576942336483878
      vertex -25.67580948597222 5.820313090544874 31.597430707886325
      vertex -25.672509534949505 5.83003443277745 31.597430707886325
    endloop
  endfacet
  facet normal -0.11731227464749042 0.05785201165971958 0.9914085812438561
    outer loop
      vertex -25.816287946602085 5.889589400860411 31.576942336483878
      vertex -25.672509534949505 5.83003443277745 31.597430707886325
      vertex -25.667968925680363 5.839241877538086 31.597430707886325
    endloop
  endfacet
  facet normal -0.10875744908108696 0.07266940419061099 0.9914085812438564
    outer loop
      vertex -25.667968925680363 5.839241877538086 31.597430707886325
      vertex -25.66226534924828 5.847777882894141 31.597430707886325
      vertex -25.78573067035599 5.942516155859572 31.576942336483878
    endloop
  endfacet
  facet normal -0.09834175340768757 0.08624340306797772 0.9914085812438562
    outer loop
      vertex -25.66226534924828 5.847777882894141 31.597430707886325
      vertex -25.655496395427345 5.855496395427345 31.597430707886325
      vertex -25.78573067035599 5.942516155859572 31.576942336483878
    endloop
  endfacet
  facet normal -0.08624340306799594 0.0983417534076728 0.9914085812438561
    outer loop
      vertex -25.647777882894143 5.86226534924828 31.597430707886325
      vertex -25.765539627569765 5.965539627569766 31.576942336483878
      vertex -25.655496395427345 5.855496395427345 31.597430707886325
    endloop
  endfacet
  facet normal -0.23259235168819134 0.11470185436489529 0.965786872214264
    outer loop
      vertex -25.816287946602085 5.889589400860411 31.576942336483878
      vertex -25.802743809878145 5.917054193209677 31.576942336483878
      vertex -25.956365611521957 5.947611469455776 31.53631615539413
    endloop
  endfacet
  facet normal -0.23259235168819078 0.11470185436489763 0.9657868722142637
    outer loop
      vertex -25.956365611521957 5.947611469455776 31.53631615539413
      vertex -25.802743809878145 5.917054193209677 31.576942336483878
      vertex -25.93404969127771 5.992863679181896 31.53631615539413
    endloop
  endfacet
  facet normal -0.21563089558528908 0.14407995810547317 0.9657868722142641
    outer loop
      vertex -25.802743809878145 5.917054193209677 31.576942336483878
      vertex -25.78573067035599 5.942516155859572 31.576942336483878
      vertex -25.93404969127771 5.992863679181896 31.53631615539413
    endloop
  endfacet
  facet normal -0.21563089558528115 0.1440799581054952 0.9657868722142625
    outer loop
      vertex -25.78573067035599 5.942516155859572 31.576942336483878
      vertex -25.90601808819963 6.034815937885302 31.53631615539413
      vertex -25.93404969127771 5.992863679181896 31.53631615539413
    endloop
  endfacet
  facet normal -0.19497993507470765 0.17099281381640424 0.9657868722142641
    outer loop
      vertex -25.78573067035599 5.942516155859572 31.576942336483878
      vertex -25.765539627569765 5.965539627569766 31.576942336483878
      vertex -25.872750430788212 6.072750430788212 31.53631615539413
    endloop
  endfacet
  facet normal -0.1709928138163917 0.1949799350747201 0.9657868722142638
    outer loop
      vertex -25.765539627569765 5.965539627569766 31.576942336483878
      vertex -25.742516155859573 5.985730670355985 31.576942336483878
      vertex -25.872750430788212 6.072750430788212 31.53631615539413
    endloop
  endfacet
  facet normal -0.09834175340768037 0.08624340306798846 0.991408581243856
    outer loop
      vertex -25.655496395427345 5.855496395427345 31.597430707886325
      vertex -25.765539627569765 5.965539627569766 31.576942336483878
      vertex -25.78573067035599 5.942516155859572 31.576942336483878
    endloop
  endfacet
  facet normal -0.07266940419057917 0.10875744908111279 0.991408581243856
    outer loop
      vertex -25.647777882894143 5.86226534924828 31.597430707886325
      vertex -25.639241877538087 5.86796892568036 31.597430707886325
      vertex -25.717054193209677 6.002743809878144 31.576942336483878
    endloop
  endfacet
  facet normal -0.05785201165974238 0.11731227464747963 0.9914085812438559
    outer loop
      vertex -25.630034432777453 5.872509534949503 31.597430707886325
      vertex -25.717054193209677 6.002743809878144 31.576942336483878
      vertex -25.639241877538087 5.86796892568036 31.597430707886325
    endloop
  endfacet
  facet normal -0.042044755169772685 0.12385985466953599 0.991408581243856
    outer loop
      vertex -25.630034432777453 5.872509534949503 31.597430707886325
      vertex -25.620313090544876 5.87580948597222 31.597430707886325
      vertex -25.689589400860413 6.016287946602084 31.576942336483878
    endloop
  endfacet
  facet normal -0.08624340306798288 0.09834175340768758 0.9914085812438558
    outer loop
      vertex -25.647777882894143 5.86226534924828 31.597430707886325
      vertex -25.742516155859573 5.985730670355985 31.576942336483878
      vertex -25.765539627569765 5.965539627569766 31.576942336483878
    endloop
  endfacet
  facet normal -0.07266940419058901 0.1087574490811079 0.9914085812438558
    outer loop
      vertex -25.647777882894143 5.86226534924828 31.597430707886325
      vertex -25.717054193209677 6.002743809878144 31.576942336483878
      vertex -25.742516155859573 5.985730670355985 31.576942336483878
    endloop
  endfacet
  facet normal -0.008554825566380037 0.1305214158503247 0.9914085812438561
    outer loop
      vertex -25.610244185701227 5.877812315671591 31.597430707886325
      vertex -25.6 5.8784837550761715 31.597430707886325
      vertex -25.6305572762461 6.032105556719983 31.576942336483878
    endloop
  endfacet
  facet normal -0.025518101261845255 0.12828815823775316 0.991408581243856
    outer loop
      vertex -25.620313090544876 5.87580948597222 31.597430707886325
      vertex -25.610244185701227 5.877812315671591 31.597430707886325
      vertex -25.6305572762461 6.032105556719983 31.576942336483878
    endloop
  endfacet
  facet normal -0.05785201165973901 0.11731227464748187 0.991408581243856
    outer loop
      vertex -25.630034432777453 5.872509534949503 31.597430707886325
      vertex -25.689589400860413 6.016287946602084 31.576942336483878
      vertex -25.717054193209677 6.002743809878144 31.576942336483878
    endloop
  endfacet
  facet normal -0.042044755169770257 0.12385985466953715 0.9914085812438559
    outer loop
      vertex -25.620313090544876 5.87580948597222 31.597430707886325
      vertex -25.66059170902355 6.0261313365933145 31.576942336483878
      vertex -25.689589400860413 6.016287946602084 31.576942336483878
    endloop
  endfacet
  facet normal -0.008554825566379239 0.1305214158503248 0.9914085812438559
    outer loop
      vertex -25.6 5.8784837550761715 31.597430707886325
      vertex -25.6 6.034108386419354 31.576942336483878
      vertex -25.6305572762461 6.032105556719983 31.576942336483878
    endloop
  endfacet
  facet normal -0.02551810126185067 0.12828815823775278 0.9914085812438559
    outer loop
      vertex -25.620313090544876 5.87580948597222 31.597430707886325
      vertex -25.6305572762461 6.032105556719983 31.576942336483878
      vertex -25.66059170902355 6.0261313365933145 31.576942336483878
    endloop
  endfacet
  facet normal -0.3187721171243518 0.21299671902680584 0.9235890509462932
    outer loop
      vertex -25.93404969127771 5.992863679181896 31.53631615539413
      vertex -25.90601808819963 6.034815937885302 31.53631615539413
      vertex -26.021069451709938 6.123097954110538 31.47624728983923
    endloop
  endfacet
  facet normal -0.19497993507472688 0.170992813816391 0.9657868722142627
    outer loop
      vertex -25.78573067035599 5.942516155859572 31.576942336483878
      vertex -25.872750430788212 6.072750430788212 31.53631615539413
      vertex -25.90601808819963 6.034815937885302 31.53631615539413
    endloop
  endfacet
  facet normal -0.1709928138163905 0.19497993507472178 0.9657868722142637
    outer loop
      vertex -25.742516155859573 5.985730670355985 31.576942336483878
      vertex -25.834815937885303 6.10601808819963 31.53631615539413
      vertex -25.872750430788212 6.072750430788212 31.53631615539413
    endloop
  endfacet
  facet normal -0.14407995810548513 0.21563089558528076 0.9657868722142642
    outer loop
      vertex -25.742516155859573 5.985730670355985 31.576942336483878
      vertex -25.717054193209677 6.002743809878144 31.576942336483878
      vertex -25.7928636791819 6.134049691277709 31.53631615539413
    endloop
  endfacet
  facet normal -0.2882433267822593 0.25278261320277057 0.923589050946293
    outer loop
      vertex -25.90601808819963 6.034815937885302 31.53631615539413
      vertex -25.872750430788212 6.072750430788212 31.53631615539413
      vertex -26.021069451709938 6.123097954110538 31.47624728983923
    endloop
  endfacet
  facet normal -0.25278261320277473 0.2882433267822573 0.9235890509462925
    outer loop
      vertex -25.872750430788212 6.072750430788212 31.53631615539413
      vertex -25.834815937885303 6.10601808819963 31.53631615539413
      vertex -25.975294398515167 6.175294398515167 31.47624728983923
    endloop
  endfacet
  facet normal -0.14407995810549065 0.21563089558527876 0.9657868722142637
    outer loop
      vertex -25.742516155859573 5.985730670355985 31.576942336483878
      vertex -25.7928636791819 6.134049691277709 31.53631615539413
      vertex -25.834815937885303 6.10601808819963 31.53631615539413
    endloop
  endfacet
  facet normal -0.11470185436490402 0.23259235168818648 0.9657868722142641
    outer loop
      vertex -25.717054193209677 6.002743809878144 31.576942336483878
      vertex -25.689589400860413 6.016287946602084 31.576942336483878
      vertex -25.7928636791819 6.134049691277709 31.53631615539413
    endloop
  endfacet
  facet normal -0.05059415309221912 0.2543539839111432 0.9657868722142638
    outer loop
      vertex -25.66059170902355 6.0261313365933145 31.576942336483878
      vertex -25.6305572762461 6.032105556719983 31.576942336483878
      vertex -25.699833586561635 6.172584017349847 31.53631615539413
    endloop
  endfacet
  facet normal -0.08336117009475151 0.24557408816693793 0.9657868722142638
    outer loop
      vertex -25.689589400860413 6.016287946602084 31.576942336483878
      vertex -25.66059170902355 6.0261313365933145 31.576942336483878
      vertex -25.699833586561635 6.172584017349847 31.53631615539413
    endloop
  endfacet
  facet normal -0.11470185436489479 0.23259235168819423 0.9657868722142633
    outer loop
      vertex -25.689589400860413 6.016287946602084 31.576942336483878
      vertex -25.747611469455777 6.156365611521955 31.53631615539413
      vertex -25.7928636791819 6.134049691277709 31.53631615539413
    endloop
  endfacet
  facet normal -0.0833611700947592 0.24557408816693732 0.9657868722142633
    outer loop
      vertex -25.689589400860413 6.016287946602084 31.576942336483878
      vertex -25.699833586561635 6.172584017349847 31.53631615539413
      vertex -25.747611469455777 6.156365611521955 31.53631615539413
    endloop
  endfacet
  facet normal -0.01696145610291518 0.2587818124703864 0.9657868722142637
    outer loop
      vertex -25.6 6.034108386419354 31.576942336483878
      vertex -25.650347523322328 6.182427407341078 31.53631615539413
      vertex -25.6305572762461 6.032105556719983 31.576942336483878
    endloop
  endfacet
  facet normal -0.9388632225089935 0.31870111937087603 0.13025147189870376
    outer loop
      vertex -26.756629245939003 6.1099178723915735 30.478483755076173
      vertex -26.736838998862776 6.104615091669486 30.634108386419356
      vertex -26.687352935623466 6.250396333021438 30.634108386419356
    endloop
  endfacet
  facet normal -0.9388632225089931 0.3187011193708773 0.13025147189870243
    outer loop
      vertex -26.756629245939003 6.1099178723915735 30.478483755076173
      vertex -26.687352935623466 6.250396333021438 30.634108386419356
      vertex -26.706281722616676 6.258236893313297 30.478483755076173
    endloop
  endfacet
  facet normal -0.8892322739216588 0.43852082856386376 0.13025147189870223
    outer loop
      vertex -26.706281722616676 6.258236893313297 30.478483755076173
      vertex -26.687352935623466 6.250396333021438 30.634108386419356
      vertex -26.637005412301143 6.398715353943162 30.478483755076173
    endloop
  endfacet
  facet normal -0.8892322739216582 0.43852082856386465 0.1302514718987033
    outer loop
      vertex -26.637005412301143 6.398715353943162 30.478483755076173
      vertex -26.687352935623466 6.250396333021438 30.634108386419356
      vertex -26.619261962184453 6.388471168241938 30.634108386419356
    endloop
  endfacet
  facet normal -0.824386314585745 0.5508373247992137 0.13025147189870395
    outer loop
      vertex -26.637005412301143 6.398715353943162 30.478483755076173
      vertex -26.619261962184453 6.388471168241938 30.634108386419356
      vertex -26.533731133979657 6.516477098618787 30.634108386419356
    endloop
  endfacet
  facet normal -0.8243863145857433 0.5508373247992168 0.13025147189870054
    outer loop
      vertex -26.637005412301143 6.398715353943162 30.478483755076173
      vertex -26.533731133979657 6.516477098618787 30.634108386419356
      vertex -26.549985651868916 6.5289496288718025 30.478483755076173
    endloop
  endfacet
  facet normal -0.9147953411749443 0.31053117455021456 0.2583019035878007
    outer loop
      vertex -26.736838998862776 6.104615091669486 30.634108386419356
      vertex -26.69759712132469 6.094100262273676 30.785727358363797
      vertex -26.687352935623466 6.250396333021438 30.634108386419356
    endloop
  endfacet
  facet normal -0.9147953411749423 0.3105311745502176 0.25830190358780397
    outer loop
      vertex -26.69759712132469 6.094100262273676 30.785727358363797
      vertex -26.64981923843055 6.234849366598127 30.785727358363797
      vertex -26.687352935623466 6.250396333021438 30.634108386419356
    endloop
  endfacet
  facet normal -0.8751235125267665 0.2970644033586959 0.38198374059631973
    outer loop
      vertex -26.69759712132469 6.094100262273676 30.785727358363797
      vertex -26.594322843003205 6.211862006949301 30.930746428262804
      vertex -26.64981923843055 6.234849366598127 30.785727358363797
    endloop
  endfacet
  facet normal -0.8751235125267665 0.29706440335869366 0.38198374059632156
    outer loop
      vertex -26.69759712132469 6.094100262273676 30.785727358363797
      vertex -26.639575052729327 6.078553295850364 30.930746428262804
      vertex -26.594322843003205 6.211862006949301 30.930746428262804
    endloop
  endfacet
  facet normal -0.8205043856531653 0.2785237081260503 0.49919645144535685
    outer loop
      vertex -26.639575052729327 6.078553295850364 30.930746428262804
      vertex -26.5218133080537 6.18182757417185 31.066684279623523
      vertex -26.594322843003205 6.211862006949301 30.930746428262804
    endloop
  endfacet
  facet normal -0.7771302178258077 0.38323821235150324 0.49919645144535724
    outer loop
      vertex -26.594322843003205 6.211862006949301 30.930746428262804
      vertex -26.5218133080537 6.18182757417185 31.066684279623523
      vertex -26.464088568074565 6.298881767381527 31.066684279623523
    endloop
  endfacet
  facet normal -0.8288620241475334 0.4087495160194047 0.3819837405963194
    outer loop
      vertex -26.594322843003205 6.211862006949301 30.930746428262804
      vertex -26.58407865730198 6.368158077697063 30.785727358363797
      vertex -26.64981923843055 6.234849366598127 30.785727358363797
    endloop
  endfacet
  facet normal -0.8664366884369482 0.4272792898483747 0.2583019035878046
    outer loop
      vertex -26.687352935623466 6.250396333021438 30.634108386419356
      vertex -26.64981923843055 6.234849366598127 30.785727358363797
      vertex -26.619261962184453 6.388471168241938 30.634108386419356
    endloop
  endfacet
  facet normal -0.8664366884369382 0.4272792898483865 0.25830190358781846
    outer loop
      vertex -26.64981923843055 6.234849366598127 30.785727358363797
      vertex -26.58407865730198 6.368158077697063 30.785727358363797
      vertex -26.619261962184453 6.388471168241938 30.634108386419356
    endloop
  endfacet
  facet normal -0.7771302178258067 0.38323821235152145 0.4991964514453446
    outer loop
      vertex -26.594322843003205 6.211862006949301 30.930746428262804
      vertex -26.464088568074565 6.298881767381527 31.066684279623523
      vertex -26.532057493754923 6.338123644919612 30.930746428262804
    endloop
  endfacet
  facet normal -0.8288620241475235 0.4087495160194143 0.38198374059633056
    outer loop
      vertex -26.594322843003205 6.211862006949301 30.930746428262804
      vertex -26.532057493754923 6.338123644919612 30.930746428262804
      vertex -26.58407865730198 6.368158077697063 30.785727358363797
    endloop
  endfacet
  facet normal -0.6348640795793135 0.3130803169961131 0.7063485793639883
    outer loop
      vertex -26.33098732410151 6.102784863565662 31.302207768974775
      vertex -26.381334847423837 6.251103884487386 31.191214978120087
      vertex -26.433531291828466 6.145259965737716 31.191214978120087
    endloop
  endfacet
  facet normal -0.7121016303436384 0.3511696618733952 0.6079400765220676
    outer loop
      vertex -26.5218133080537 6.18182757417185 31.066684279623523
      vertex -26.433531291828466 6.145259965737716 31.191214978120087
      vertex -26.464088568074565 6.298881767381527 31.066684279623523
    endloop
  endfacet
  facet normal -0.7121016303436342 0.3511696618733986 0.6079400765220706
    outer loop
      vertex -26.464088568074565 6.298881767381527 31.066684279623523
      vertex -26.433531291828466 6.145259965737716 31.191214978120087
      vertex -26.381334847423837 6.251103884487386 31.191214978120087
    endloop
  endfacet
  facet normal -0.6601726633925732 0.4411132710172017 0.6079400765220706
    outer loop
      vertex -26.464088568074565 6.298881767381527 31.066684279623523
      vertex -26.381334847423837 6.251103884487386 31.191214978120087
      vertex -26.391579033125062 6.4073999552351495 31.066684279623523
    endloop
  endfacet
  facet normal -0.6348640795793109 0.313080316996115 0.7063485793639898
    outer loop
      vertex -26.33098732410151 6.102784863565662 31.302207768974775
      vertex -26.28521227090674 6.195607489060041 31.302207768974775
      vertex -26.381334847423837 6.251103884487386 31.191214978120087
    endloop
  endfacet
  facet normal -0.5068493954076134 0.33866593865367517 0.79272256961106
    outer loop
      vertex -26.28521227090674 6.195607489060041 31.302207768974775
      vertex -26.12891620015898 6.205851674761265 31.397763534763058
      vertex -26.227713045780025 6.281661160733485 31.302207768974775
    endloop
  endfacet
  facet normal -0.5467180039743819 0.26961148298894966 0.7927225696110634
    outer loop
      vertex -26.215935960591207 6.055129028430176 31.397763534763058
      vertex -26.1773655224577 6.133342139811761 31.397763534763058
      vertex -26.28521227090674 6.195607489060041 31.302207768974775
    endloop
  endfacet
  facet normal -0.5068493954076148 0.33866593865366584 0.792722569611063
    outer loop
      vertex -26.28521227090674 6.195607489060041 31.302207768974775
      vertex -26.1773655224577 6.133342139811761 31.397763534763058
      vertex -26.12891620015898 6.205851674761265 31.397763534763058
    endloop
  endfacet
  facet normal -0.4164032904624153 0.2782317834462791 0.8655607282983536
    outer loop
      vertex -26.059639889843442 6.065373214131401 31.47624728983923
      vertex -26.12891620015898 6.205851674761265 31.397763534763058
      vertex -26.1773655224577 6.133342139811761 31.397763534763058
    endloop
  endfacet
  facet normal -0.4164032904624111 0.27823178344628186 0.8655607282983546
    outer loop
      vertex -26.059639889843442 6.065373214131401 31.47624728983923
      vertex -26.021069451709938 6.123097954110538 31.47624728983923
      vertex -26.12891620015898 6.205851674761265 31.397763534763058
    endloop
  endfacet
  facet normal -0.3765243673402669 0.3302030079006448 0.8655607282983548
    outer loop
      vertex -26.021069451709938 6.123097954110538 31.47624728983923
      vertex -26.071416975032264 6.2714169750322615 31.397763534763058
      vertex -26.12891620015898 6.205851674761265 31.397763534763058
    endloop
  endfacet
  facet normal -0.3765243673402575 0.33020300790064916 0.8655607282983572
    outer loop
      vertex -26.021069451709938 6.123097954110538 31.47624728983923
      vertex -25.975294398515167 6.175294398515167 31.47624728983923
      vertex -26.071416975032264 6.2714169750322615 31.397763534763058
    endloop
  endfacet
  facet normal -0.330203007900646 0.3765243673402612 0.8655607282983568
    outer loop
      vertex -25.975294398515167 6.175294398515167 31.47624728983923
      vertex -25.92309795411054 6.221069451709936 31.47624728983923
      vertex -26.071416975032264 6.2714169750322615 31.397763534763058
    endloop
  endfacet
  facet normal -0.5885675477331765 0.39326826236785106 0.7063485793639894
    outer loop
      vertex -26.381334847423837 6.251103884487386 31.191214978120087
      vertex -26.28521227090674 6.195607489060041 31.302207768974775
      vertex -26.227713045780025 6.281661160733485 31.302207768974775
    endloop
  endfacet
  facet normal -0.45830845316021007 0.4019257262121106 0.7927225696110607
    outer loop
      vertex -26.12891620015898 6.205851674761265 31.397763534763058
      vertex -26.15947347640508 6.359473476405076 31.302207768974775
      vertex -26.227713045780025 6.281661160733485 31.302207768974775
    endloop
  endfacet
  facet normal -0.6601726633925676 0.44111327101720504 0.6079400765220743
    outer loop
      vertex -26.381334847423837 6.251103884487386 31.191214978120087
      vertex -26.31576954715284 6.349229290703852 31.191214978120087
      vertex -26.391579033125062 6.4073999552351495 31.066684279623523
    endloop
  endfacet
  facet normal -0.5885675477331757 0.3932682623678583 0.7063485793639861
    outer loop
      vertex -26.381334847423837 6.251103884487386 31.191214978120087
      vertex -26.227713045780025 6.281661160733485 31.302207768974775
      vertex -26.31576954715284 6.349229290703852 31.191214978120087
    endloop
  endfacet
  facet normal -0.5322004619635775 0.46672727873591546 0.7063485793639863
    outer loop
      vertex -26.227713045780025 6.281661160733485 31.302207768974775
      vertex -26.15947347640508 6.359473476405076 31.302207768974775
      vertex -26.31576954715284 6.349229290703852 31.191214978120087
    endloop
  endfacet
  facet normal -0.4583084531602083 0.40192572621211137 0.7927225696110614
    outer loop
      vertex -26.12891620015898 6.205851674761265 31.397763534763058
      vertex -26.071416975032264 6.2714169750322615 31.397763534763058
      vertex -26.15947347640508 6.359473476405076 31.302207768974775
    endloop
  endfacet
  facet normal -0.33020300790064383 0.3765243673402658 0.8655607282983556
    outer loop
      vertex -26.071416975032264 6.2714169750322615 31.397763534763058
      vertex -25.92309795411054 6.221069451709936 31.47624728983923
      vertex -26.005851674761267 6.328916200158977 31.397763534763058
    endloop
  endfacet
  facet normal -0.40192572621211153 0.4583084531602085 0.7927225696110611
    outer loop
      vertex -26.071416975032264 6.2714169750322615 31.397763534763058
      vertex -26.005851674761267 6.328916200158977 31.397763534763058
      vertex -26.15947347640508 6.359473476405076 31.302207768974775
    endloop
  endfacet
  facet normal -0.8032530637381532 0.536716538033048 0.2583019035878174
    outer loop
      vertex -26.619261962184453 6.388471168241938 30.634108386419356
      vertex -26.58407865730198 6.368158077697063 30.785727358363797
      vertex -26.501500217508827 6.491745446563424 30.785727358363797
    endloop
  endfacet
  facet normal -0.7684184767311681 0.51344081113424 0.3819837405963305
    outer loop
      vertex -26.532057493754923 6.338123644919612 30.930746428262804
      vertex -26.501500217508827 6.491745446563424 30.785727358363797
      vertex -26.58407865730198 6.368158077697063 30.785727358363797
    endloop
  endfacet
  facet normal -0.7204591365102536 0.48139540450992574 0.49919645144534514
    outer loop
      vertex -26.532057493754923 6.338123644919612 30.930746428262804
      vertex -26.464088568074565 6.298881767381527 31.066684279623523
      vertex -26.45384438237334 6.4551778381292895 30.930746428262804
    endloop
  endfacet
  facet normal -0.7204591365102492 0.48139540450992846 0.4991964514453487
    outer loop
      vertex -26.464088568074565 6.298881767381527 31.066684279623523
      vertex -26.391579033125062 6.4073999552351495 31.066684279623523
      vertex -26.45384438237334 6.4551778381292895 30.930746428262804
    endloop
  endfacet
  facet normal -0.7684184767311653 0.5134408111342421 0.3819837405963334
    outer loop
      vertex -26.532057493754923 6.338123644919612 30.930746428262804
      vertex -26.45384438237334 6.4551778381292895 30.930746428262804
      vertex -26.501500217508827 6.491745446563424 30.785727358363797
    endloop
  endfacet
  facet normal -0.803253063738149 0.5367165380330602 0.25830190358780575
    outer loop
      vertex -26.619261962184453 6.388471168241938 30.634108386419356
      vertex -26.501500217508827 6.491745446563424 30.785727358363797
      vertex -26.533731133979657 6.516477098618787 30.634108386419356
    endloop
  endfacet
  facet normal -0.7263255564149693 0.636970417446055 0.2583019035878051
    outer loop
      vertex -26.501500217508827 6.491745446563424 30.785727358363797
      vertex -26.43222390719329 6.632223907193288 30.634108386419356
      vertex -26.533731133979657 6.516477098618787 30.634108386419356
    endloop
  endfacet
  facet normal -0.6948270761320674 0.6093469916179165 0.38198374059632056
    outer loop
      vertex -26.501500217508827 6.491745446563424 30.785727358363797
      vertex -26.361021756878962 6.56102175687896 30.930746428262804
      vertex -26.403496859051014 6.603496859051013 30.785727358363797
    endloop
  endfacet
  facet normal -0.6514607996199859 0.5713157878291651 0.49919645144534913
    outer loop
      vertex -26.391579033125062 6.4073999552351495 31.066684279623523
      vertex -26.361021756878962 6.56102175687896 30.930746428262804
      vertex -26.45384438237334 6.4551778381292895 30.930746428262804
    endloop
  endfacet
  facet normal -0.6948270761320735 0.6093469916179013 0.38198374059633367
    outer loop
      vertex -26.501500217508827 6.491745446563424 30.785727358363797
      vertex -26.45384438237334 6.4551778381292895 30.930746428262804
      vertex -26.361021756878962 6.56102175687896 30.930746428262804
    endloop
  endfacet
  facet normal -0.6514607996199815 0.5713157878291673 0.49919645144535246
    outer loop
      vertex -26.391579033125062 6.4073999552351495 31.066684279623523
      vertex -26.30552536145162 6.505525361451615 31.066684279623523
      vertex -26.361021756878962 6.56102175687896 30.930746428262804
    endloop
  endfacet
  facet normal -0.5322004619635756 0.466727278735923 0.7063485793639829
    outer loop
      vertex -26.31576954715284 6.349229290703852 31.191214978120087
      vertex -26.15947347640508 6.359473476405076 31.302207768974775
      vertex -26.23795723148125 6.437957231481247 31.191214978120087
    endloop
  endfacet
  facet normal -0.5969479591364206 0.5235093097941976 0.6079400765220737
    outer loop
      vertex -26.391579033125062 6.4073999552351495 31.066684279623523
      vertex -26.31576954715284 6.349229290703852 31.191214978120087
      vertex -26.23795723148125 6.437957231481247 31.191214978120087
    endloop
  endfacet
  facet normal -0.5969479591364188 0.523509309794204 0.60794007652207
    outer loop
      vertex -26.391579033125062 6.4073999552351495 31.066684279623523
      vertex -26.23795723148125 6.437957231481247 31.191214978120087
      vertex -26.30552536145162 6.505525361451615 31.066684279623523
    endloop
  endfacet
  facet normal -0.4667272787359262 0.5322004619635723 0.7063485793639833
    outer loop
      vertex -26.23795723148125 6.437957231481247 31.191214978120087
      vertex -26.15947347640508 6.359473476405076 31.302207768974775
      vertex -26.149229290703854 6.515769547152839 31.191214978120087
    endloop
  endfacet
  facet normal -0.40192572621211137 0.45830845316020885 0.792722569611061
    outer loop
      vertex -26.005851674761267 6.328916200158977 31.397763534763058
      vertex -26.081661160733486 6.427713045780024 31.302207768974775
      vertex -26.15947347640508 6.359473476405076 31.302207768974775
    endloop
  endfacet
  facet normal -0.4667272787359155 0.532200461963575 0.7063485793639881
    outer loop
      vertex -26.15947347640508 6.359473476405076 31.302207768974775
      vertex -26.081661160733486 6.427713045780024 31.302207768974775
      vertex -26.149229290703854 6.515769547152839 31.191214978120087
    endloop
  endfacet
  facet normal -0.3386659386536785 0.5068493954076106 0.7927225696110605
    outer loop
      vertex -26.081661160733486 6.427713045780024 31.302207768974775
      vertex -25.933342139811764 6.377365522457699 31.397763534763058
      vertex -25.995607489060042 6.48521227090674 31.302207768974775
    endloop
  endfacet
  facet normal -0.33866593865368 0.506849395407608 0.7927225696110614
    outer loop
      vertex -26.005851674761267 6.328916200158977 31.397763534763058
      vertex -25.933342139811764 6.377365522457699 31.397763534763058
      vertex -26.081661160733486 6.427713045780024 31.302207768974775
    endloop
  endfacet
  facet normal -0.5235093097942035 0.5969479591364197 0.6079400765220696
    outer loop
      vertex -26.30552536145162 6.505525361451615 31.066684279623523
      vertex -26.23795723148125 6.437957231481247 31.191214978120087
      vertex -26.149229290703854 6.515769547152839 31.191214978120087
    endloop
  endfacet
  facet normal -0.5235093097941992 0.5969479591364298 0.6079400765220634
    outer loop
      vertex -26.30552536145162 6.505525361451615 31.066684279623523
      vertex -26.149229290703854 6.515769547152839 31.191214978120087
      vertex -26.20739995523515 6.5915790331250586 31.066684279623523
    endloop
  endfacet
  facet normal -0.3932682623678554 0.588567547733174 0.7063485793639892
    outer loop
      vertex -26.081661160733486 6.427713045780024 31.302207768974775
      vertex -25.995607489060042 6.48521227090674 31.302207768974775
      vertex -26.05110388448739 6.581334847423835 31.191214978120087
    endloop
  endfacet
  facet normal -0.3932682623678586 0.5885675477331734 0.7063485793639876
    outer loop
      vertex -26.081661160733486 6.427713045780024 31.302207768974775
      vertex -26.05110388448739 6.581334847423835 31.191214978120087
      vertex -26.149229290703854 6.515769547152839 31.191214978120087
    endloop
  endfacet
  facet normal -0.31308031699611316 0.6348640795793133 0.7063485793639883
    outer loop
      vertex -25.995607489060042 6.48521227090674 31.302207768974775
      vertex -25.902784863565664 6.53098732410151 31.302207768974775
      vertex -26.05110388448739 6.581334847423835 31.191214978120087
    endloop
  endfacet
  facet normal -0.28824332678225806 0.2527826132027736 0.9235890509462924
    outer loop
      vertex -25.872750430788212 6.072750430788212 31.53631615539413
      vertex -25.975294398515167 6.175294398515167 31.47624728983923
      vertex -26.021069451709938 6.123097954110538 31.47624728983923
    endloop
  endfacet
  facet normal -0.2527826132027722 0.288243326782262 0.9235890509462917
    outer loop
      vertex -25.834815937885303 6.10601808819963 31.53631615539413
      vertex -25.92309795411054 6.221069451709936 31.47624728983923
      vertex -25.975294398515167 6.175294398515167 31.47624728983923
    endloop
  endfacet
  facet normal -0.21299671902680473 0.3187721171243568 0.9235890509462916
    outer loop
      vertex -25.834815937885303 6.10601808819963 31.53631615539413
      vertex -25.7928636791819 6.134049691277709 31.53631615539413
      vertex -25.92309795411054 6.221069451709936 31.47624728983923
    endloop
  endfacet
  facet normal -0.2129967190268036 0.3187721171243583 0.9235890509462914
    outer loop
      vertex -25.7928636791819 6.134049691277709 31.53631615539413
      vertex -25.865373214131402 6.259639889843441 31.47624728983923
      vertex -25.92309795411054 6.221069451709936 31.47624728983923
    endloop
  endfacet
  facet normal -0.1695663919344365 0.34384662816212874 0.9235890509462917
    outer loop
      vertex -25.7928636791819 6.134049691277709 31.53631615539413
      vertex -25.747611469455777 6.156365611521955 31.53631615539413
      vertex -25.80310786488312 6.290345762025472 31.47624728983923
    endloop
  endfacet
  facet normal -0.16956639193443906 0.3438466281621284 0.9235890509462913
    outer loop
      vertex -25.7928636791819 6.134049691277709 31.53631615539413
      vertex -25.80310786488312 6.290345762025472 31.47624728983923
      vertex -25.865373214131402 6.259639889843441 31.47624728983923
    endloop
  endfacet
  facet normal -0.050594153092215495 0.25435398391114494 0.9657868722142636
    outer loop
      vertex -25.6305572762461 6.032105556719983 31.576942336483878
      vertex -25.650347523322328 6.182427407341078 31.53631615539413
      vertex -25.699833586561635 6.172584017349847 31.53631615539413
    endloop
  endfacet
  facet normal -0.016961456102910864 0.25878181247038784 0.9657868722142635
    outer loop
      vertex -25.6 6.034108386419354 31.576942336483878
      vertex -25.6 6.185727358363794 31.53631615539413
      vertex -25.650347523322328 6.182427407341078 31.53631615539413
    endloop
  endfacet
  facet normal -0.12323473686339362 0.3630378280597451 0.9235890509462923
    outer loop
      vertex -25.747611469455777 6.156365611521955 31.53631615539413
      vertex -25.699833586561635 6.172584017349847 31.53631615539413
      vertex -25.737367283754555 6.312661682269718 31.47624728983923
    endloop
  endfacet
  facet normal -0.0747945012774893 0.37601735006616255 0.9235890509462921
    outer loop
      vertex -25.699833586561635 6.172584017349847 31.53631615539413
      vertex -25.650347523322328 6.182427407341078 31.53631615539413
      vertex -25.737367283754555 6.312661682269718 31.47624728983923
    endloop
  endfacet
  facet normal -0.2782317834462832 0.41640329046240665 0.8655607282983564
    outer loop
      vertex -25.92309795411054 6.221069451709936 31.47624728983923
      vertex -25.865373214131402 6.259639889843441 31.47624728983923
      vertex -25.933342139811764 6.377365522457699 31.397763534763058
    endloop
  endfacet
  facet normal -0.12323473686339675 0.3630378280597452 0.923589050946292
    outer loop
      vertex -25.747611469455777 6.156365611521955 31.53631615539413
      vertex -25.737367283754555 6.312661682269718 31.47624728983923
      vertex -25.80310786488312 6.290345762025472 31.47624728983923
    endloop
  endfacet
  facet normal -0.27823178344628796 0.41640329046240565 0.8655607282983554
    outer loop
      vertex -26.005851674761267 6.328916200158977 31.397763534763058
      vertex -25.92309795411054 6.221069451709936 31.47624728983923
      vertex -25.933342139811764 6.377365522457699 31.397763534763058
    endloop
  endfacet
  facet normal -0.22149993603673046 0.4491574378359367 0.8655607282983563
    outer loop
      vertex -25.865373214131402 6.259639889843441 31.47624728983923
      vertex -25.80310786488312 6.290345762025472 31.47624728983923
      vertex -25.933342139811764 6.377365522457699 31.397763534763058
    endloop
  endfacet
  facet normal -0.16097816331021378 0.47422637691812386 0.8655607282983555
    outer loop
      vertex -25.80310786488312 6.290345762025472 31.47624728983923
      vertex -25.737367283754555 6.312661682269718 31.47624728983923
      vertex -25.855129028430177 6.415935960591204 31.397763534763058
    endloop
  endfacet
  facet normal -0.07479450127748656 0.3760173500661642 0.9235890509462916
    outer loop
      vertex -25.650347523322328 6.182427407341078 31.53631615539413
      vertex -25.66927631031554 6.3262058189936585 31.47624728983923
      vertex -25.737367283754555 6.312661682269718 31.47624728983923
    endloop
  endfacet
  facet normal -0.025074511037767224 0.3825631109612434 0.9235890509462918
    outer loop
      vertex -25.650347523322328 6.182427407341078 31.53631615539413
      vertex -25.6 6.185727358363794 31.53631615539413
      vertex -25.6 6.330746428262802 31.47624728983923
    endloop
  endfacet
  facet normal -0.025074511037769052 0.3825631109612439 0.9235890509462916
    outer loop
      vertex -25.650347523322328 6.182427407341078 31.53631615539413
      vertex -25.6 6.330746428262802 31.47624728983923
      vertex -25.66927631031554 6.3262058189936585 31.47624728983923
    endloop
  endfacet
  facet normal -0.22149993603672838 0.4491574378359392 0.8655607282983556
    outer loop
      vertex -25.80310786488312 6.290345762025472 31.47624728983923
      vertex -25.855129028430177 6.415935960591204 31.397763534763058
      vertex -25.933342139811764 6.377365522457699 31.397763534763058
    endloop
  endfacet
  facet normal -0.16097816331021103 0.4742263769181263 0.8655607282983547
    outer loop
      vertex -25.737367283754555 6.312661682269718 31.47624728983923
      vertex -25.772550588637024 6.4439675636692835 31.397763534763058
      vertex -25.855129028430177 6.415935960591204 31.397763534763058
    endloop
  endfacet
  facet normal -0.2696114829889298 0.5467180039743919 0.7927225696110631
    outer loop
      vertex -25.933342139811764 6.377365522457699 31.397763534763058
      vertex -25.855129028430177 6.415935960591204 31.397763534763058
      vertex -25.902784863565664 6.53098732410151 31.302207768974775
    endloop
  endfacet
  facet normal -0.09770200957786468 0.4911811712108559 0.865560728298355
    outer loop
      vertex -25.737367283754555 6.312661682269718 31.47624728983923
      vertex -25.66927631031554 6.3262058189936585 31.47624728983923
      vertex -25.772550588637024 6.4439675636692835 31.397763534763058
    endloop
  endfacet
  facet normal -0.03275414737352895 0.4997317194830189 0.8655607282983547
    outer loop
      vertex -25.66927631031554 6.3262058189936585 31.47624728983923
      vertex -25.6 6.330746428262802 31.47624728983923
      vertex -25.68701976043223 6.460980703191442 31.397763534763058
    endloop
  endfacet
  facet normal -0.09770200957786411 0.4911811712108563 0.8655607282983548
    outer loop
      vertex -25.66927631031554 6.3262058189936585 31.47624728983923
      vertex -25.68701976043223 6.460980703191442 31.397763534763058
      vertex -25.772550588637024 6.4439675636692835 31.397763534763058
    endloop
  endfacet
  facet normal -0.03275414737352857 0.49973171948301914 0.8655607282983547
    outer loop
      vertex -25.6 6.330746428262802 31.47624728983923
      vertex -25.6 6.466684279623522 31.397763534763058
      vertex -25.68701976043223 6.460980703191442 31.397763534763058
    endloop
  endfacet
  facet normal -0.26961148298893645 0.5467180039743919 0.792722569611061
    outer loop
      vertex -25.995607489060042 6.48521227090674 31.302207768974775
      vertex -25.933342139811764 6.377365522457699 31.397763534763058
      vertex -25.902784863565664 6.53098732410151 31.302207768974775
    endloop
  endfacet
  facet normal -0.1959439000998314 0.5772321159143018 0.7927225696110622
    outer loop
      vertex -25.772550588637024 6.4439675636692835 31.397763534763058
      vertex -25.804781505107854 6.564254981512928 31.302207768974775
      vertex -25.902784863565664 6.53098732410151 31.302207768974775
    endloop
  endfacet
  facet normal -0.11892366275409706 0.5978696263119464 0.792722569611061
    outer loop
      vertex -25.68701976043223 6.460980703191442 31.397763534763058
      vertex -25.703274278321487 6.584446024299147 31.302207768974775
      vertex -25.804781505107854 6.564254981512928 31.302207768974775
    endloop
  endfacet
  facet normal -0.03986860856678377 0.6082774216426128 0.7927225696110612
    outer loop
      vertex -25.68701976043223 6.460980703191442 31.397763534763058
      vertex -25.6 6.591214978120083 31.302207768974775
      vertex -25.703274278321487 6.584446024299147 31.302207768974775
    endloop
  endfacet
  facet normal -0.1959439000998327 0.5772321159143005 0.7927225696110628
    outer loop
      vertex -25.855129028430177 6.415935960591204 31.397763534763058
      vertex -25.772550588637024 6.4439675636692835 31.397763534763058
      vertex -25.902784863565664 6.53098732410151 31.302207768974775
    endloop
  endfacet
  facet normal -0.11892366275409973 0.5978696263119443 0.7927225696110621
    outer loop
      vertex -25.772550588637024 6.4439675636692835 31.397763534763058
      vertex -25.68701976043223 6.460980703191442 31.397763534763058
      vertex -25.804781505107854 6.564254981512928 31.302207768974775
    endloop
  endfacet
  facet normal -0.03986860856677925 0.6082774216426109 0.7927225696110628
    outer loop
      vertex -25.68701976043223 6.460980703191442 31.397763534763058
      vertex -25.6 6.466684279623522 31.397763534763058
      vertex -25.6 6.591214978120083 31.302207768974775
    endloop
  endfacet
  facet normal -0.7454348768442093 0.6537288416862763 0.1302514718987009
    outer loop
      vertex -26.549985651868916 6.5289496288718025 30.478483755076173
      vertex -26.533731133979657 6.516477098618787 30.634108386419356
      vertex -26.44671137354743 6.6467113735474275 30.478483755076173
    endloop
  endfacet
  facet normal -0.7454348768442043 0.6537288416862808 0.1302514718987075
    outer loop
      vertex -26.533731133979657 6.516477098618787 30.634108386419356
      vertex -26.43222390719329 6.632223907193288 30.634108386419356
      vertex -26.44671137354743 6.6467113735474275 30.478483755076173
    endloop
  endfacet
  facet normal -0.65372884168628 0.7454348768442048 0.13025147189870698
    outer loop
      vertex -26.44671137354743 6.6467113735474275 30.478483755076173
      vertex -26.43222390719329 6.632223907193288 30.634108386419356
      vertex -26.31647709861879 6.733731133979654 30.634108386419356
    endloop
  endfacet
  facet normal -0.6537288416862738 0.7454348768442121 0.13025147189869773
    outer loop
      vertex -26.44671137354743 6.6467113735474275 30.478483755076173
      vertex -26.31647709861879 6.733731133979654 30.634108386419356
      vertex -26.328949628871804 6.749985651868913 30.478483755076173
    endloop
  endfacet
  facet normal -0.5508373247992194 0.8243863145857417 0.13025147189869898
    outer loop
      vertex -26.328949628871804 6.749985651868913 30.478483755076173
      vertex -26.31647709861879 6.733731133979654 30.634108386419356
      vertex -26.198715353943165 6.83700541230114 30.478483755076173
    endloop
  endfacet
  facet normal -0.5508373247992079 0.8243863145857476 0.13025147189871172
    outer loop
      vertex -26.198715353943165 6.83700541230114 30.478483755076173
      vertex -26.31647709861879 6.733731133979654 30.634108386419356
      vertex -26.18847116824194 6.8192619621844495 30.634108386419356
    endloop
  endfacet
  facet normal -0.4385208285638757 0.8892322739216516 0.13025147189871086
    outer loop
      vertex -26.198715353943165 6.83700541230114 30.478483755076173
      vertex -26.18847116824194 6.8192619621844495 30.634108386419356
      vertex -26.05039633302144 6.887352935623465 30.634108386419356
    endloop
  endfacet
  facet normal -0.4385208285638725 0.8892322739216537 0.13025147189870703
    outer loop
      vertex -26.198715353943165 6.83700541230114 30.478483755076173
      vertex -26.05039633302144 6.887352935623465 30.634108386419356
      vertex -26.0582368933133 6.906281722616676 30.478483755076173
    endloop
  endfacet
  facet normal -0.31870111937087375 0.938863222508994 0.13025147189870595
    outer loop
      vertex -26.0582368933133 6.906281722616676 30.478483755076173
      vertex -26.05039633302144 6.887352935623465 30.634108386419356
      vertex -25.909917872391574 6.956629245939002 30.478483755076173
    endloop
  endfacet
  facet normal -0.3187011193708725 0.9388632225089941 0.13025147189870726
    outer loop
      vertex -25.909917872391574 6.956629245939002 30.478483755076173
      vertex -26.05039633302144 6.887352935623465 30.634108386419356
      vertex -25.904615091669488 6.9368389988627746 30.634108386419356
    endloop
  endfacet
  facet normal -0.19342834566479009 0.972429961057146 0.13025147189870814
    outer loop
      vertex -25.909917872391574 6.956629245939002 30.478483755076173
      vertex -25.904615091669488 6.9368389988627746 30.634108386419356
      vertex -25.753621801643813 6.966873431640225 30.634108386419356
    endloop
  endfacet
  facet normal -0.19342834566478448 0.9724299610571481 0.13025147189870237
    outer loop
      vertex -25.909917872391574 6.956629245939002 30.478483755076173
      vertex -25.753621801643813 6.966873431640225 30.634108386419356
      vertex -25.756296070747766 6.9871865221851 30.478483755076173
    endloop
  endfacet
  facet normal -0.064845959335909 0.9893581533630919 0.13025147189870184
    outer loop
      vertex -25.756296070747766 6.9871865221851 30.478483755076173
      vertex -25.753621801643813 6.966873431640225 30.634108386419356
      vertex -25.6 6.997430707886324 30.478483755076173
    endloop
  endfacet
  facet normal -0.06484595933590648 0.9893581533630916 0.13025147189870429
    outer loop
      vertex -25.6 6.997430707886324 30.478483755076173
      vertex -25.753621801643813 6.966873431640225 30.634108386419356
      vertex -25.6 6.9769423364838765 30.634108386419356
    endloop
  endfacet
  facet normal -0.7263255564149638 0.6369704174460588 0.2583019035878112
    outer loop
      vertex -26.501500217508827 6.491745446563424 30.785727358363797
      vertex -26.403496859051014 6.603496859051013 30.785727358363797
      vertex -26.43222390719329 6.632223907193288 30.634108386419356
    endloop
  endfacet
  facet normal -0.6369704174460532 0.726325556414969 0.2583019035878106
    outer loop
      vertex -26.403496859051014 6.603496859051013 30.785727358363797
      vertex -26.31647709861879 6.733731133979654 30.634108386419356
      vertex -26.43222390719329 6.632223907193288 30.634108386419356
    endloop
  endfacet
  facet normal -0.60934699161791 0.6948270761320726 0.38198374059632123
    outer loop
      vertex -26.403496859051014 6.603496859051013 30.785727358363797
      vertex -26.361021756878962 6.56102175687896 30.930746428262804
      vertex -26.291745446563425 6.7015002175088245 30.785727358363797
    endloop
  endfacet
  facet normal -0.5713157878291668 0.6514607996199817 0.4991964514453529
    outer loop
      vertex -26.30552536145162 6.505525361451615 31.066684279623523
      vertex -26.255177838129292 6.653844382373339 30.930746428262804
      vertex -26.361021756878962 6.56102175687896 30.930746428262804
    endloop
  endfacet
  facet normal -0.5713157878291552 0.6514607996199854 0.4991964514453614
    outer loop
      vertex -26.30552536145162 6.505525361451615 31.066684279623523
      vertex -26.20739995523515 6.5915790331250586 31.066684279623523
      vertex -26.255177838129292 6.653844382373339 30.930746428262804
    endloop
  endfacet
  facet normal -0.6093469916179073 0.6948270761320736 0.3819837405963235
    outer loop
      vertex -26.361021756878962 6.56102175687896 30.930746428262804
      vertex -26.255177838129292 6.653844382373339 30.930746428262804
      vertex -26.291745446563425 6.7015002175088245 30.785727358363797
    endloop
  endfacet
  facet normal -0.4813954045099288 0.7204591365102407 0.4991964514453606
    outer loop
      vertex -26.20739995523515 6.5915790331250586 31.066684279623523
      vertex -26.098881767381528 6.664088568074563 31.066684279623523
      vertex -26.255177838129292 6.653844382373339 30.930746428262804
    endloop
  endfacet
  facet normal -0.6369704174460522 0.7263255564149694 0.2583019035878116
    outer loop
      vertex -26.403496859051014 6.603496859051013 30.785727358363797
      vertex -26.291745446563425 6.7015002175088245 30.785727358363797
      vertex -26.31647709861879 6.733731133979654 30.634108386419356
    endloop
  endfacet
  facet normal -0.5134408111342517 0.7684184767311635 0.38198374059632423
    outer loop
      vertex -26.255177838129292 6.653844382373339 30.930746428262804
      vertex -26.168158077697065 6.784078657301979 30.785727358363797
      vertex -26.291745446563425 6.7015002175088245 30.785727358363797
    endloop
  endfacet
  facet normal -0.5367165380330596 0.8032530637381478 0.25830190358781013
    outer loop
      vertex -26.291745446563425 6.7015002175088245 30.785727358363797
      vertex -26.168158077697065 6.784078657301979 30.785727358363797
      vertex -26.31647709861879 6.733731133979654 30.634108386419356
    endloop
  endfacet
  facet normal -0.5134408111342458 0.768418476731165 0.3819837405963291
    outer loop
      vertex -26.255177838129292 6.653844382373339 30.930746428262804
      vertex -26.138123644919613 6.732057493754923 30.930746428262804
      vertex -26.168158077697065 6.784078657301979 30.785727358363797
    endloop
  endfacet
  facet normal -0.48139540450992485 0.720459136510247 0.4991964514453557
    outer loop
      vertex -26.255177838129292 6.653844382373339 30.930746428262804
      vertex -26.098881767381528 6.664088568074563 31.066684279623523
      vertex -26.138123644919613 6.732057493754923 30.930746428262804
    endloop
  endfacet
  facet normal -0.38323821235150823 0.7771302178258062 0.4991964514453558
    outer loop
      vertex -26.098881767381528 6.664088568074563 31.066684279623523
      vertex -25.981827574171852 6.721813308053699 31.066684279623523
      vertex -26.138123644919613 6.732057493754923 30.930746428262804
    endloop
  endfacet
  facet normal -0.4087495160194031 0.8288620241475302 0.38198374059632806
    outer loop
      vertex -26.138123644919613 6.732057493754923 30.930746428262804
      vertex -26.0118620069493 6.794322843003203 30.930746428262804
      vertex -26.168158077697065 6.784078657301979 30.785727358363797
    endloop
  endfacet
  facet normal -0.38323821235150773 0.7771302178258067 0.4991964514453553
    outer loop
      vertex -25.981827574171852 6.721813308053699 31.066684279623523
      vertex -26.0118620069493 6.794322843003203 30.930746428262804
      vertex -26.138123644919613 6.732057493754923 30.930746428262804
    endloop
  endfacet
  facet normal -0.441113271017211 0.6601726633925736 0.6079400765220634
    outer loop
      vertex -26.149229290703854 6.515769547152839 31.191214978120087
      vertex -26.05110388448739 6.581334847423835 31.191214978120087
      vertex -26.20739995523515 6.5915790331250586 31.066684279623523
    endloop
  endfacet
  facet normal -0.4411132710172093 0.6601726633925765 0.6079400765220615
    outer loop
      vertex -26.20739995523515 6.5915790331250586 31.066684279623523
      vertex -26.05110388448739 6.581334847423835 31.191214978120087
      vertex -26.098881767381528 6.664088568074563 31.066684279623523
    endloop
  endfacet
  facet normal -0.31308031699611305 0.6348640795793135 0.7063485793639883
    outer loop
      vertex -25.902784863565664 6.53098732410151 31.302207768974775
      vertex -25.94525996573772 6.633531291828464 31.191214978120087
      vertex -26.05110388448739 6.581334847423835 31.191214978120087
    endloop
  endfacet
  facet normal -0.3511696618734013 0.7121016303436396 0.6079400765220628
    outer loop
      vertex -26.098881767381528 6.664088568074563 31.066684279623523
      vertex -26.05110388448739 6.581334847423835 31.191214978120087
      vertex -25.94525996573772 6.633531291828464 31.191214978120087
    endloop
  endfacet
  facet normal -0.35116966187340126 0.7121016303436397 0.6079400765220627
    outer loop
      vertex -26.098881767381528 6.664088568074563 31.066684279623523
      vertex -25.94525996573772 6.633531291828464 31.191214978120087
      vertex -25.981827574171852 6.721813308053699 31.066684279623523
    endloop
  endfacet
  facet normal -0.5367165380330551 0.8032530637381528 0.2583019035878041
    outer loop
      vertex -26.31647709861879 6.733731133979654 30.634108386419356
      vertex -26.168158077697065 6.784078657301979 30.785727358363797
      vertex -26.18847116824194 6.8192619621844495 30.634108386419356
    endloop
  endfacet
  facet normal -0.42727928984838603 0.8664366884369427 0.25830190358780425
    outer loop
      vertex -26.18847116824194 6.8192619621844495 30.634108386419356
      vertex -26.168158077697065 6.784078657301979 30.785727358363797
      vertex -26.05039633302144 6.887352935623465 30.634108386419356
    endloop
  endfacet
  facet normal -0.4087495160194013 0.828862024147532 0.381983740596326
    outer loop
      vertex -26.168158077697065 6.784078657301979 30.785727358363797
      vertex -26.0118620069493 6.794322843003203 30.930746428262804
      vertex -26.034849366598127 6.849819238430548 30.785727358363797
    endloop
  endfacet
  facet normal -0.4272792898483858 0.8664366884369427 0.25830190358780436
    outer loop
      vertex -26.168158077697065 6.784078657301979 30.785727358363797
      vertex -26.034849366598127 6.849819238430548 30.785727358363797
      vertex -26.05039633302144 6.887352935623465 30.634108386419356
    endloop
  endfacet
  facet normal -0.29706440335869344 0.8751235125267646 0.3819837405963258
    outer loop
      vertex -26.034849366598127 6.849819238430548 30.785727358363797
      vertex -26.0118620069493 6.794322843003203 30.930746428262804
      vertex -25.89410026227368 6.897597121324689 30.785727358363797
    endloop
  endfacet
  facet normal -0.310531174550216 0.9147953411749429 0.25830190358780397
    outer loop
      vertex -26.05039633302144 6.887352935623465 30.634108386419356
      vertex -26.034849366598127 6.849819238430548 30.785727358363797
      vertex -25.89410026227368 6.897597121324689 30.785727358363797
    endloop
  endfacet
  facet normal -0.27852370812604876 0.8205043856531651 0.4991964514453579
    outer loop
      vertex -25.981827574171852 6.721813308053699 31.066684279623523
      vertex -25.858240205305492 6.763765566757105 31.066684279623523
      vertex -25.878553295850367 6.839575052729325 30.930746428262804
    endloop
  endfacet
  facet normal -0.2275354805983079 0.6702979110062729 0.7063485793639878
    outer loop
      vertex -25.902784863565664 6.53098732410151 31.302207768974775
      vertex -25.804781505107854 6.564254981512928 31.302207768974775
      vertex -25.94525996573772 6.633531291828464 31.191214978120087
    endloop
  endfacet
  facet normal -0.22753548059830142 0.6702979110062794 0.7063485793639837
    outer loop
      vertex -25.804781505107854 6.564254981512928 31.302207768974775
      vertex -25.833508553250127 6.6714657847313745 31.191214978120087
      vertex -25.94525996573772 6.633531291828464 31.191214978120087
    endloop
  endfacet
  facet normal -0.1380974490427055 0.6942627593342294 0.7063485793639844
    outer loop
      vertex -25.804781505107854 6.564254981512928 31.302207768974775
      vertex -25.717761744675627 6.694489256441568 31.191214978120087
      vertex -25.833508553250127 6.6714657847313745 31.191214978120087
    endloop
  endfacet
  facet normal -0.13809744904270085 0.6942627593342282 0.7063485793639867
    outer loop
      vertex -25.804781505107854 6.564254981512928 31.302207768974775
      vertex -25.703274278321487 6.584446024299147 31.302207768974775
      vertex -25.717761744675627 6.694489256441568 31.191214978120087
    endloop
  endfacet
  facet normal -0.046296531846141194 0.7063485793639692 0.7063485793639862
    outer loop
      vertex -25.703274278321487 6.584446024299147 31.302207768974775
      vertex -25.6 6.702207768974773 31.191214978120087
      vertex -25.717761744675627 6.694489256441568 31.191214978120087
    endloop
  endfacet
  facet normal -0.04629653184614118 0.7063485793639692 0.7063485793639862
    outer loop
      vertex -25.703274278321487 6.584446024299147 31.302207768974775
      vertex -25.6 6.591214978120083 31.302207768974775
      vertex -25.6 6.702207768974773 31.191214978120087
    endloop
  endfacet
  facet normal -0.2552174424523099 0.7518463409676499 0.6079400765220683
    outer loop
      vertex -25.858240205305492 6.763765566757105 31.066684279623523
      vertex -25.94525996573772 6.633531291828464 31.191214978120087
      vertex -25.833508553250127 6.6714657847313745 31.191214978120087
    endloop
  endfacet
  facet normal -0.25521744245231864 0.7518463409676509 0.6079400765220633
    outer loop
      vertex -25.981827574171852 6.721813308053699 31.066684279623523
      vertex -25.94525996573772 6.633531291828464 31.191214978120087
      vertex -25.858240205305492 6.763765566757105 31.066684279623523
    endloop
  endfacet
  facet normal -0.1548983818312275 0.7787267522465184 0.6079400765220669
    outer loop
      vertex -25.858240205305492 6.763765566757105 31.066684279623523
      vertex -25.833508553250127 6.6714657847313745 31.191214978120087
      vertex -25.717761744675627 6.694489256441568 31.191214978120087
    endloop
  endfacet
  facet normal -0.1548983818312261 0.7787267522465197 0.607940076522066
    outer loop
      vertex -25.858240205305492 6.763765566757105 31.066684279623523
      vertex -25.717761744675627 6.694489256441568 31.191214978120087
      vertex -25.73023427492864 6.7892275294069995 31.066684279623523
    endloop
  endfacet
  facet normal -0.05192896695106606 0.7922829328906047 0.6079400765220668
    outer loop
      vertex -25.717761744675627 6.694489256441568 31.191214978120087
      vertex -25.6 6.702207768974773 31.191214978120087
      vertex -25.73023427492864 6.7892275294069995 31.066684279623523
    endloop
  endfacet
  facet normal -0.05192896695106208 0.792282932890607 0.6079400765220643
    outer loop
      vertex -25.6 6.702207768974773 31.191214978120087
      vertex -25.6 6.797763534763054 31.066684279623523
      vertex -25.73023427492864 6.7892275294069995 31.066684279623523
    endloop
  endfacet
  facet normal -0.18029643639469267 0.906411394976593 0.3819837405963259
    outer loop
      vertex -25.878553295850367 6.839575052729325 30.930746428262804
      vertex -25.748319020921727 6.926594813161551 30.785727358363797
      vertex -25.89410026227368 6.897597121324689 30.785727358363797
    endloop
  endfacet
  facet normal -0.2785237081260504 0.8205043856531653 0.49919645144535674
    outer loop
      vertex -25.981827574171852 6.721813308053699 31.066684279623523
      vertex -25.878553295850367 6.839575052729325 30.930746428262804
      vertex -26.0118620069493 6.794322843003203 30.930746428262804
    endloop
  endfacet
  facet normal -0.16904358603318326 0.8498394959552095 0.49919645144535746
    outer loop
      vertex -25.878553295850367 6.839575052729325 30.930746428262804
      vertex -25.73023427492864 6.7892275294069995 31.066684279623523
      vertex -25.740478460629866 6.86703984507859 30.930746428262804
    endloop
  endfacet
  facet normal -0.1690435860331842 0.8498394959552089 0.49919645144535835
    outer loop
      vertex -25.858240205305492 6.763765566757105 31.066684279623523
      vertex -25.73023427492864 6.7892275294069995 31.066684279623523
      vertex -25.878553295850367 6.839575052729325 30.930746428262804
    endloop
  endfacet
  facet normal -0.29706440335869316 0.8751235125267647 0.3819837405963262
    outer loop
      vertex -26.0118620069493 6.794322843003203 30.930746428262804
      vertex -25.878553295850367 6.839575052729325 30.930746428262804
      vertex -25.89410026227368 6.897597121324689 30.785727358363797
    endloop
  endfacet
  facet normal -0.18029643639468937 0.9064113949765926 0.3819837405963285
    outer loop
      vertex -25.878553295850367 6.839575052729325 30.930746428262804
      vertex -25.740478460629866 6.86703984507859 30.930746428262804
      vertex -25.748319020921727 6.926594813161551 30.785727358363797
    endloop
  endfacet
  facet normal -0.056671081315561034 0.8646336168614358 0.4991964514453574
    outer loop
      vertex -25.73023427492864 6.7892275294069995 31.066684279623523
      vertex -25.6 6.797763534763054 31.066684279623523
      vertex -25.6 6.876247289839226 30.930746428262804
    endloop
  endfacet
  facet normal -0.056671081315562116 0.864633616861436 0.4991964514453565
    outer loop
      vertex -25.73023427492864 6.7892275294069995 31.066684279623523
      vertex -25.6 6.876247289839226 30.930746428262804
      vertex -25.740478460629866 6.86703984507859 30.930746428262804
    endloop
  endfacet
  facet normal -0.3105311745502114 0.9147953411749458 0.25830190358779903
    outer loop
      vertex -26.05039633302144 6.887352935623465 30.634108386419356
      vertex -25.89410026227368 6.897597121324689 30.785727358363797
      vertex -25.904615091669488 6.9368389988627746 30.634108386419356
    endloop
  endfacet
  facet normal -0.18846978475997536 0.9475015919962602 0.25830190358780025
    outer loop
      vertex -25.904615091669488 6.9368389988627746 30.634108386419356
      vertex -25.89410026227368 6.897597121324689 30.785727358363797
      vertex -25.753621801643813 6.966873431640225 30.634108386419356
    endloop
  endfacet
  facet normal -0.18846978475997114 0.9475015919962598 0.258301903587804
    outer loop
      vertex -25.89410026227368 6.897597121324689 30.785727358363797
      vertex -25.748319020921727 6.926594813161551 30.785727358363797
      vertex -25.753621801643813 6.966873431640225 30.634108386419356
    endloop
  endfacet
  facet normal -0.06044354741636678 0.9221903271536541 0.38198374059632695
    outer loop
      vertex -25.6 6.876247289839226 30.930746428262804
      vertex -25.6 6.936316155394127 30.785727358363797
      vertex -25.748319020921727 6.926594813161551 30.785727358363797
    endloop
  endfacet
  facet normal -0.06318362469879242 0.9639958278814482 0.25830190358780475
    outer loop
      vertex -25.753621801643813 6.966873431640225 30.634108386419356
      vertex -25.748319020921727 6.926594813161551 30.785727358363797
      vertex -25.6 6.9769423364838765 30.634108386419356
    endloop
  endfacet
  facet normal -0.06318362469879132 0.963995827881448 0.2583019035878057
    outer loop
      vertex -25.748319020921727 6.926594813161551 30.785727358363797
      vertex -25.6 6.936316155394127 30.785727358363797
      vertex -25.6 6.9769423364838765 30.634108386419356
    endloop
  endfacet
  facet normal -0.060443547416367524 0.9221903271536537 0.3819837405963275
    outer loop
      vertex -25.740478460629866 6.86703984507859 30.930746428262804
      vertex -25.6 6.876247289839226 30.930746428262804
      vertex -25.748319020921727 6.926594813161551 30.785727358363797
    endloop
  endfacet
  facet normal 0 1 0
    outer loop
      vertex -25.6 6.997430707886324 30.478483755076173
      vertex -22.3 6.997430707886324 29.650000000000002
      vertex -23.8 6.997430707886324 29.6
    endloop
  endfacet
  facet normal 0 1 0
    outer loop
      vertex -23.8 6.997430707886324 29.6
      vertex -22.3 6.997430707886324 29.650000000000002
      vertex -22.3 6.997430707886324 29.6
    endloop
  endfacet
  facet normal 0 0 1
    outer loop
      vertex -25.678483755076172 5.8 31.597430707886325
      vertex 25.66226534924828 -5.847777882894141 31.597430707886325
      vertex -25.67781231567159 5.810244185701223 31.597430707886325
    endloop
  endfacet
  facet normal 0 0 1
    outer loop
      vertex -25.67580948597222 5.820313090544874 31.597430707886325
      vertex 25.66226534924828 -5.847777882894141 31.597430707886325
      vertex -25.672509534949505 5.83003443277745 31.597430707886325
    endloop
  endfacet
  facet normal 0 0 1
    outer loop
      vertex -25.67781231567159 5.810244185701223 31.597430707886325
      vertex 25.66226534924828 -5.847777882894141 31.597430707886325
      vertex -25.67580948597222 5.820313090544874 31.597430707886325
    endloop
  endfacet
  facet normal 0 0 1
    outer loop
      vertex -25.672509534949505 5.83003443277745 31.597430707886325
      vertex 25.66226534924828 -5.847777882894141 31.597430707886325
      vertex -25.667968925680363 5.839241877538086 31.597430707886325
    endloop
  endfacet
  facet normal 0 0 1
    outer loop
      vertex -25.667968925680363 5.839241877538086 31.597430707886325
      vertex 25.66226534924828 -5.847777882894141 31.597430707886325
      vertex -25.66226534924828 5.847777882894141 31.597430707886325
    endloop
  endfacet
  facet normal 0 0 1
    outer loop
      vertex -25.66226534924828 5.847777882894141 31.597430707886325
      vertex 25.66226534924828 -5.847777882894141 31.597430707886325
      vertex -25.655496395427345 5.855496395427345 31.597430707886325
    endloop
  endfacet
  facet normal 0 0 1
    outer loop
      vertex -25.630034432777453 5.872509534949503 31.597430707886325
      vertex -25.639241877538087 5.86796892568036 31.597430707886325
      vertex 25.66226534924828 -5.847777882894141 31.597430707886325
    endloop
  endfacet
  facet normal 0 0 1
    outer loop
      vertex -25.647777882894143 5.86226534924828 31.597430707886325
      vertex 25.66226534924828 -5.847777882894141 31.597430707886325
      vertex -25.639241877538087 5.86796892568036 31.597430707886325
    endloop
  endfacet
  facet normal 0 0 1
    outer loop
      vertex -25.647777882894143 5.86226534924828 31.597430707886325
      vertex -25.655496395427345 5.855496395427345 31.597430707886325
      vertex 25.66226534924828 -5.847777882894141 31.597430707886325
    endloop
  endfacet
  facet normal 0 0 1
    outer loop
      vertex -25.630034432777453 5.872509534949503 31.597430707886325
      vertex 25.66226534924828 -5.847777882894141 31.597430707886325
      vertex -25.620313090544876 5.87580948597222 31.597430707886325
    endloop
  endfacet
  facet normal 0 0 1
    outer loop
      vertex -25.620313090544876 5.87580948597222 31.597430707886325
      vertex 25.66226534924828 -5.847777882894141 31.597430707886325
      vertex -25.610244185701227 5.877812315671591 31.597430707886325
    endloop
  endfacet
  facet normal 0 0 1
    outer loop
      vertex -25.610244185701227 5.877812315671591 31.597430707886325
      vertex 25.66226534924828 -5.847777882894141 31.597430707886325
      vertex -25.6 5.8784837550761715 31.597430707886325
    endloop
  endfacet
  facet normal -1.929870895713478e-20 0.13052619222004622 0.991444861373811
    outer loop
      vertex -25.6 5.8784837550761715 31.597430707886325
      vertex 25.6 6.034108386419354 31.576942336483878
      vertex -25.6 6.034108386419354 31.576942336483878
    endloop
  endfacet
  facet normal 2.6751388292679197e-20 0.258819045102517 0.9659258262890693
    outer loop
      vertex -25.6 6.034108386419354 31.576942336483878
      vertex 25.6 6.185727358363794 31.53631615539413
      vertex -25.6 6.185727358363794 31.53631615539413
    endloop
  endfacet
  facet normal 7.85601100477275e-20 0.38268343236508456 0.923879532511289
    outer loop
      vertex -25.6 6.185727358363794 31.53631615539413
      vertex 25.6 6.330746428262802 31.47624728983923
      vertex -25.6 6.330746428262802 31.47624728983923
    endloop
  endfacet
  facet normal 0 0.49999999999999656 0.8660254037844405
    outer loop
      vertex -25.6 6.330746428262802 31.47624728983923
      vertex 25.6 6.330746428262802 31.47624728983923
      vertex -25.6 6.466684279623522 31.397763534763058
    endloop
  endfacet
  facet normal -1.9368911600116477e-20 0.6087614290087285 0.7933533402912293
    outer loop
      vertex -25.6 6.466684279623522 31.397763534763058
      vertex 25.6 6.591214978120083 31.302207768974775
      vertex -25.6 6.591214978120083 31.302207768974775
    endloop
  endfacet
  facet normal 0 1 0
    outer loop
      vertex -25.6 6.997430707886324 30.478483755076173
      vertex 22.3 6.997430707886324 29.650000000000002
      vertex -22.3 6.997430707886324 29.650000000000002
    endloop
  endfacet
  facet normal -1.999990838587264e-21 0.9914448613738105 0.13052619222005107
    outer loop
      vertex -25.6 6.997430707886324 30.478483755076173
      vertex -25.6 6.9769423364838765 30.634108386419356
      vertex 25.6 6.9769423364838765 30.634108386419356
    endloop
  endfacet
  facet normal 0 0.707106781186539 0.707106781186556
    outer loop
      vertex -25.6 6.591214978120083 31.302207768974775
      vertex 25.6 6.591214978120083 31.302207768974775
      vertex -25.6 6.702207768974773 31.191214978120087
    endloop
  endfacet
  facet normal 1.0602752980388175e-19 0.7933533402912458 0.6087614290087069
    outer loop
      vertex -25.6 6.702207768974773 31.191214978120087
      vertex 25.6 6.797763534763054 31.066684279623523
      vertex -25.6 6.797763534763054 31.066684279623523
    endloop
  endfacet
  facet normal 0 0.8660254037844353 0.5000000000000058
    outer loop
      vertex -25.6 6.797763534763054 31.066684279623523
      vertex 25.6 6.797763534763054 31.066684279623523
      vertex -25.6 6.876247289839226 30.930746428262804
    endloop
  endfacet
  facet normal 4.196479817604029e-20 0.9659258262890683 0.25881904510252096
    outer loop
      vertex -25.6 6.936316155394127 30.785727358363797
      vertex 25.6 6.9769423364838765 30.634108386419356
      vertex -25.6 6.9769423364838765 30.634108386419356
    endloop
  endfacet
  facet normal 0 0.9238795325112861 0.3826834323650913
    outer loop
      vertex -25.6 6.876247289839226 30.930746428262804
      vertex 25.6 6.876247289839226 30.930746428262804
      vertex -25.6 6.936316155394127 30.785727358363797
    endloop
  endfacet
  facet normal 0 -0.9659258262890683 -0.25881904510252096
    outer loop
      vertex -25.6 -6.9769423364838765 0.965891613580645
      vertex 25.6 -6.936316155394127 0.8142726416362045
      vertex 25.6 -6.9769423364838765 0.965891613580645
    endloop
  endfacet
  facet normal 0 -0.9238795325112861 -0.3826834323650913
    outer loop
      vertex -25.6 -6.936316155394127 0.8142726416362045
      vertex 25.6 -6.876247289839226 0.6692535717371975
      vertex 25.6 -6.936316155394127 0.8142726416362045
    endloop
  endfacet
  facet normal 0 -0.8660254037844382 -0.5000000000000009
    outer loop
      vertex -25.6 -6.797763534763054 0.5333157203764767
      vertex 25.6 -6.797763534763054 0.5333157203764767
      vertex 25.6 -6.876247289839226 0.6692535717371975
    endloop
  endfacet
  facet normal 0 -0.7933533402912374 -0.6087614290087178
    outer loop
      vertex -25.6 -6.797763534763054 0.5333157203764767
      vertex 25.6 -6.702207768974773 0.4087850218799165
      vertex 25.6 -6.797763534763054 0.5333157203764767
    endloop
  endfacet
  facet normal 0 -0.7071067811865447 -0.7071067811865503
    outer loop
      vertex -25.6 -6.591214978120083 0.2977922310252268
      vertex 25.6 -6.591214978120083 0.2977922310252268
      vertex 25.6 -6.702207768974773 0.4087850218799165
    endloop
  endfacet
  facet normal 0 -0.9914448613738105 -0.13052619222005107
    outer loop
      vertex -25.6 -6.997430707886324 1.1215162449238285
      vertex 25.6 -6.9769423364838765 0.965891613580645
      vertex 25.6 -6.997430707886324 1.1215162449238285
    endloop
  endfacet
  facet normal 0 -1 0
    outer loop
      vertex 25.6 -6.997430707886324 1.1215162449238285
      vertex 23.8 -6.997430707886324 2
      vertex -23.8 -6.997430707886324 2
    endloop
  endfacet
  facet normal 0 -0.6087614290087213 -0.7933533402912345
    outer loop
      vertex -25.6 -6.466684279623522 0.20223646523694505
      vertex 25.6 -6.466684279623522 0.20223646523694505
      vertex 25.6 -6.591214978120083 0.2977922310252268
    endloop
  endfacet
  facet normal 0 -0.5000000000000052 -0.8660254037844357
    outer loop
      vertex -25.6 -6.466684279623522 0.20223646523694505
      vertex 25.6 -6.330746428262802 0.1237527101607725
      vertex 25.6 -6.466684279623522 0.20223646523694505
    endloop
  endfacet
  facet normal 0 -0.38268343236508456 -0.923879532511289
    outer loop
      vertex -25.6 -6.185727358363794 0.06368384460587251
      vertex 25.6 -6.185727358363794 0.06368384460587251
      vertex 25.6 -6.330746428262802 0.1237527101607725
    endloop
  endfacet
  facet normal 0 -0.258819045102517 -0.9659258262890693
    outer loop
      vertex -25.6 -6.185727358363794 0.06368384460587251
      vertex 25.6 -6.034108386419354 0.023057663516123483
      vertex 25.6 -6.185727358363794 0.06368384460587251
    endloop
  endfacet
  facet normal 0 -0.13052619222005735 -0.9914448613738097
    outer loop
      vertex -25.6 -5.8784837550761715 0.002569292113674848
      vertex 25.6 -5.8784837550761715 0.002569292113674848
      vertex 25.6 -6.034108386419354 0.023057663516123483
    endloop
  endfacet
  facet normal 0 0 -1
    outer loop
      vertex -25.6 -5.8784837550761715 0.002569292113674848
      vertex 25.639241877538087 -5.86796892568036 0.002569292113674848
      vertex 25.6 -5.8784837550761715 0.002569292113674848
    endloop
  endfacet
  facet normal 0.060443547416367496 -0.9221903271536537 -0.3819837405963275
    outer loop
      vertex 25.748319020921727 -6.926594813161551 0.8142726416362045
      vertex 25.6 -6.876247289839226 0.6692535717371975
      vertex 25.740478460629866 -6.86703984507859 0.6692535717371975
    endloop
  endfacet
  facet normal 0.06318362469879131 -0.963995827881448 -0.2583019035878057
    outer loop
      vertex 25.6 -6.9769423364838765 0.965891613580645
      vertex 25.6 -6.936316155394127 0.8142726416362045
      vertex 25.748319020921727 -6.926594813161551 0.8142726416362045
    endloop
  endfacet
  facet normal 0.06318362469879242 -0.9639958278814482 -0.25830190358780475
    outer loop
      vertex 25.6 -6.9769423364838765 0.965891613580645
      vertex 25.748319020921727 -6.926594813161551 0.8142726416362045
      vertex 25.753621801643813 -6.966873431640225 0.965891613580645
    endloop
  endfacet
  facet normal 0.06044354741636679 -0.9221903271536541 -0.38198374059632695
    outer loop
      vertex 25.6 -6.936316155394127 0.8142726416362045
      vertex 25.6 -6.876247289839226 0.6692535717371975
      vertex 25.748319020921727 -6.926594813161551 0.8142726416362045
    endloop
  endfacet
  facet normal 0.18846978475997114 -0.9475015919962598 -0.258301903587804
    outer loop
      vertex 25.748319020921727 -6.926594813161551 0.8142726416362045
      vertex 25.89410026227368 -6.897597121324689 0.8142726416362045
      vertex 25.753621801643813 -6.966873431640225 0.965891613580645
    endloop
  endfacet
  facet normal 0.18846978475997536 -0.9475015919962602 -0.2583019035878003
    outer loop
      vertex 25.753621801643813 -6.966873431640225 0.965891613580645
      vertex 25.89410026227368 -6.897597121324689 0.8142726416362045
      vertex 25.904615091669488 -6.9368389988627746 0.965891613580645
    endloop
  endfacet
  facet normal 0.3105311745502114 -0.9147953411749458 -0.25830190358779903
    outer loop
      vertex 25.89410026227368 -6.897597121324689 0.8142726416362045
      vertex 26.05039633302144 -6.887352935623465 0.965891613580645
      vertex 25.904615091669488 -6.9368389988627746 0.965891613580645
    endloop
  endfacet
  facet normal 0.056671081315562324 -0.8646336168614389 -0.4991964514453517
    outer loop
      vertex 25.6 -6.876247289839226 0.6692535717371975
      vertex 25.73023427492864 -6.7892275294069995 0.5333157203764767
      vertex 25.740478460629866 -6.86703984507859 0.6692535717371975
    endloop
  endfacet
  facet normal 0.05667108131556121 -0.8646336168614386 -0.4991964514453526
    outer loop
      vertex 25.6 -6.876247289839226 0.6692535717371975
      vertex 25.6 -6.797763534763054 0.5333157203764767
      vertex 25.73023427492864 -6.7892275294069995 0.5333157203764767
    endloop
  endfacet
  facet normal 0.18029643639468934 -0.9064113949765926 -0.3819837405963285
    outer loop
      vertex 25.748319020921727 -6.926594813161551 0.8142726416362045
      vertex 25.740478460629866 -6.86703984507859 0.6692535717371975
      vertex 25.878553295850367 -6.839575052729325 0.6692535717371975
    endloop
  endfacet
  facet normal 0.2970644033586932 -0.8751235125267647 -0.3819837405963262
    outer loop
      vertex 25.89410026227368 -6.897597121324689 0.8142726416362045
      vertex 25.878553295850367 -6.839575052729325 0.6692535717371975
      vertex 26.0118620069493 -6.794322843003203 0.6692535717371975
    endloop
  endfacet
  facet normal 0.16904358603318473 -0.8498394959552116 -0.49919645144535335
    outer loop
      vertex 25.73023427492864 -6.7892275294069995 0.5333157203764767
      vertex 25.858240205305492 -6.763765566757105 0.5333157203764767
      vertex 25.878553295850367 -6.839575052729325 0.6692535717371975
    endloop
  endfacet
  facet normal 0.16904358603318387 -0.8498394959552122 -0.4991964514453527
    outer loop
      vertex 25.740478460629866 -6.86703984507859 0.6692535717371975
      vertex 25.73023427492864 -6.7892275294069995 0.5333157203764767
      vertex 25.878553295850367 -6.839575052729325 0.6692535717371975
    endloop
  endfacet
  facet normal 0.2785237081260513 -0.820504385653168 -0.4991964514453519
    outer loop
      vertex 25.878553295850367 -6.839575052729325 0.6692535717371975
      vertex 25.981827574171852 -6.721813308053699 0.5333157203764767
      vertex 26.0118620069493 -6.794322843003203 0.6692535717371975
    endloop
  endfacet
  facet normal 0.18029643639469267 -0.9064113949765932 -0.3819837405963259
    outer loop
      vertex 25.748319020921727 -6.926594813161551 0.8142726416362045
      vertex 25.878553295850367 -6.839575052729325 0.6692535717371975
      vertex 25.89410026227368 -6.897597121324689 0.8142726416362045
    endloop
  endfacet
  facet normal 0.05192896695106154 -0.7922829328905987 -0.6079400765220753
    outer loop
      vertex 25.6 -6.797763534763054 0.5333157203764767
      vertex 25.6 -6.702207768974773 0.4087850218799165
      vertex 25.73023427492864 -6.7892275294069995 0.5333157203764767
    endloop
  endfacet
  facet normal 0.051928966951065546 -0.7922829328905964 -0.6079400765220778
    outer loop
      vertex 25.73023427492864 -6.7892275294069995 0.5333157203764767
      vertex 25.6 -6.702207768974773 0.4087850218799165
      vertex 25.717761744675627 -6.694489256441568 0.4087850218799165
    endloop
  endfacet
  facet normal 0.15489838183122442 -0.7787267522465113 -0.6079400765220768
    outer loop
      vertex 25.73023427492864 -6.7892275294069995 0.5333157203764767
      vertex 25.717761744675627 -6.694489256441568 0.4087850218799165
      vertex 25.858240205305492 -6.763765566757105 0.5333157203764767
    endloop
  endfacet
  facet normal 0.1548983818312259 -0.7787267522465102 -0.6079400765220779
    outer loop
      vertex 25.717761744675627 -6.694489256441568 0.4087850218799165
      vertex 25.833508553250127 -6.6714657847313745 0.4087850218799165
      vertex 25.858240205305492 -6.763765566757105 0.5333157203764767
    endloop
  endfacet
  facet normal 0.2552174424523159 -0.751846340967643 -0.6079400765220742
    outer loop
      vertex 25.94525996573772 -6.633531291828464 0.4087850218799165
      vertex 25.981827574171852 -6.721813308053699 0.5333157203764767
      vertex 25.858240205305492 -6.763765566757105 0.5333157203764767
    endloop
  endfacet
  facet normal 0.25521744245230715 -0.751846340967642 -0.6079400765220793
    outer loop
      vertex 25.833508553250127 -6.6714657847313745 0.4087850218799165
      vertex 25.94525996573772 -6.633531291828464 0.4087850218799165
      vertex 25.858240205305492 -6.763765566757105 0.5333157203764767
    endloop
  endfacet
  facet normal 0.04629653184614158 -0.706348579363975 -0.7063485793639807
    outer loop
      vertex 25.6 -6.702207768974773 0.4087850218799165
      vertex 25.6 -6.591214978120083 0.2977922310252268
      vertex 25.703274278321487 -6.584446024299147 0.2977922310252268
    endloop
  endfacet
  facet normal 0.046296531846141555 -0.706348579363975 -0.7063485793639807
    outer loop
      vertex 25.6 -6.702207768974773 0.4087850218799165
      vertex 25.703274278321487 -6.584446024299147 0.2977922310252268
      vertex 25.717761744675627 -6.694489256441568 0.4087850218799165
    endloop
  endfacet
  facet normal 0.138097449042702 -0.6942627593342336 -0.7063485793639809
    outer loop
      vertex 25.717761744675627 -6.694489256441568 0.4087850218799165
      vertex 25.703274278321487 -6.584446024299147 0.2977922310252268
      vertex 25.804781505107854 -6.564254981512928 0.2977922310252268
    endloop
  endfacet
  facet normal 0.13809744904270657 -0.6942627593342351 -0.7063485793639789
    outer loop
      vertex 25.717761744675627 -6.694489256441568 0.4087850218799165
      vertex 25.804781505107854 -6.564254981512928 0.2977922310252268
      vertex 25.833508553250127 -6.6714657847313745 0.4087850218799165
    endloop
  endfacet
  facet normal 0.22753548059830328 -0.6702979110062848 -0.706348579363978
    outer loop
      vertex 25.833508553250127 -6.6714657847313745 0.4087850218799165
      vertex 25.804781505107854 -6.564254981512928 0.2977922310252268
      vertex 25.94525996573772 -6.633531291828464 0.4087850218799165
    endloop
  endfacet
  facet normal 0.22753548059830964 -0.6702979110062783 -0.706348579363982
    outer loop
      vertex 25.94525996573772 -6.633531291828464 0.4087850218799165
      vertex 25.804781505107854 -6.564254981512928 0.2977922310252268
      vertex 25.902784863565664 -6.53098732410151 0.2977922310252268
    endloop
  endfacet
  facet normal 0.2785237081260497 -0.8205043856531677 -0.499196451445353
    outer loop
      vertex 25.878553295850367 -6.839575052729325 0.6692535717371975
      vertex 25.858240205305492 -6.763765566757105 0.5333157203764767
      vertex 25.981827574171852 -6.721813308053699 0.5333157203764767
    endloop
  endfacet
  facet normal 0.310531174550216 -0.9147953411749429 -0.25830190358780397
    outer loop
      vertex 25.89410026227368 -6.897597121324689 0.8142726416362045
      vertex 26.034849366598127 -6.849819238430548 0.8142726416362045
      vertex 26.05039633302144 -6.887352935623465 0.965891613580645
    endloop
  endfacet
  facet normal 0.29706440335869344 -0.8751235125267646 -0.3819837405963258
    outer loop
      vertex 25.89410026227368 -6.897597121324689 0.8142726416362045
      vertex 26.0118620069493 -6.794322843003203 0.6692535717371975
      vertex 26.034849366598127 -6.849819238430548 0.8142726416362045
    endloop
  endfacet
  facet normal 0.4272792898483858 -0.8664366884369427 -0.25830190358780436
    outer loop
      vertex 26.034849366598127 -6.849819238430548 0.8142726416362045
      vertex 26.168158077697065 -6.784078657301979 0.8142726416362045
      vertex 26.05039633302144 -6.887352935623465 0.965891613580645
    endloop
  endfacet
  facet normal 0.4087495160194013 -0.828862024147532 -0.381983740596326
    outer loop
      vertex 26.0118620069493 -6.794322843003203 0.6692535717371975
      vertex 26.168158077697065 -6.784078657301979 0.8142726416362045
      vertex 26.034849366598127 -6.849819238430548 0.8142726416362045
    endloop
  endfacet
  facet normal 0.42727928984838603 -0.8664366884369427 -0.25830190358780425
    outer loop
      vertex 26.05039633302144 -6.887352935623465 0.965891613580645
      vertex 26.168158077697065 -6.784078657301979 0.8142726416362045
      vertex 26.18847116824194 -6.8192619621844495 0.965891613580645
    endloop
  endfacet
  facet normal 0.5367165380330551 -0.8032530637381528 -0.258301903587804
    outer loop
      vertex 26.168158077697065 -6.784078657301979 0.8142726416362045
      vertex 26.31647709861879 -6.733731133979654 0.965891613580645
      vertex 26.18847116824194 -6.8192619621844495 0.965891613580645
    endloop
  endfacet
  facet normal 0.35116966187339754 -0.7121016303436322 -0.6079400765220737
    outer loop
      vertex 25.94525996573772 -6.633531291828464 0.4087850218799165
      vertex 26.098881767381528 -6.664088568074563 0.5333157203764767
      vertex 25.981827574171852 -6.721813308053699 0.5333157203764767
    endloop
  endfacet
  facet normal 0.3511696618733976 -0.712101630343632 -0.6079400765220737
    outer loop
      vertex 25.94525996573772 -6.633531291828464 0.4087850218799165
      vertex 26.05110388448739 -6.581334847423835 0.4087850218799165
      vertex 26.098881767381528 -6.664088568074563 0.5333157203764767
    endloop
  endfacet
  facet normal 0.3130803169961156 -0.6348640795793185 -0.7063485793639825
    outer loop
      vertex 25.94525996573772 -6.633531291828464 0.4087850218799165
      vertex 25.902784863565664 -6.53098732410151 0.2977922310252268
      vertex 26.05110388448739 -6.581334847423835 0.4087850218799165
    endloop
  endfacet
  facet normal 0.44111327101720466 -0.6601726633925695 -0.6079400765220726
    outer loop
      vertex 26.05110388448739 -6.581334847423835 0.4087850218799165
      vertex 26.20739995523515 -6.5915790331250586 0.5333157203764767
      vertex 26.098881767381528 -6.664088568074563 0.5333157203764767
    endloop
  endfacet
  facet normal 0.44111327101720627 -0.6601726633925666 -0.6079400765220743
    outer loop
      vertex 26.05110388448739 -6.581334847423835 0.4087850218799165
      vertex 26.149229290703854 -6.515769547152839 0.4087850218799165
      vertex 26.20739995523515 -6.5915790331250586 0.5333157203764767
    endloop
  endfacet
  facet normal 0.38323821235150907 -0.7771302178258093 -0.4991964514453504
    outer loop
      vertex 26.0118620069493 -6.794322843003203 0.6692535717371975
      vertex 25.981827574171852 -6.721813308053699 0.5333157203764767
      vertex 26.138123644919613 -6.732057493754923 0.6692535717371975
    endloop
  endfacet
  facet normal 0.4087495160194031 -0.8288620241475302 -0.38198374059632806
    outer loop
      vertex 26.0118620069493 -6.794322843003203 0.6692535717371975
      vertex 26.138123644919613 -6.732057493754923 0.6692535717371975
      vertex 26.168158077697065 -6.784078657301979 0.8142726416362045
    endloop
  endfacet
  facet normal 0.3832382123515094 -0.7771302178258087 -0.4991964514453508
    outer loop
      vertex 26.138123644919613 -6.732057493754923 0.6692535717371975
      vertex 25.981827574171852 -6.721813308053699 0.5333157203764767
      vertex 26.098881767381528 -6.664088568074563 0.5333157203764767
    endloop
  endfacet
  facet normal 0.48139540450992635 -0.7204591365102492 -0.49919645144535074
    outer loop
      vertex 26.138123644919613 -6.732057493754923 0.6692535717371975
      vertex 26.098881767381528 -6.664088568074563 0.5333157203764767
      vertex 26.255177838129292 -6.653844382373339 0.6692535717371975
    endloop
  endfacet
  facet normal 0.5134408111342459 -0.768418476731165 -0.3819837405963291
    outer loop
      vertex 26.168158077697065 -6.784078657301979 0.8142726416362045
      vertex 26.138123644919613 -6.732057493754923 0.6692535717371975
      vertex 26.255177838129292 -6.653844382373339 0.6692535717371975
    endloop
  endfacet
  facet normal 0.5367165380330596 -0.8032530637381478 -0.25830190358781013
    outer loop
      vertex 26.168158077697065 -6.784078657301979 0.8142726416362045
      vertex 26.291745446563425 -6.7015002175088245 0.8142726416362045
      vertex 26.31647709861879 -6.733731133979654 0.965891613580645
    endloop
  endfacet
  facet normal 0.5134408111342517 -0.7684184767311635 -0.38198374059632423
    outer loop
      vertex 26.168158077697065 -6.784078657301979 0.8142726416362045
      vertex 26.255177838129292 -6.653844382373339 0.6692535717371975
      vertex 26.291745446563425 -6.7015002175088245 0.8142726416362045
    endloop
  endfacet
  facet normal 0.6369704174460521 -0.7263255564149694 -0.2583019035878116
    outer loop
      vertex 26.31647709861879 -6.733731133979654 0.965891613580645
      vertex 26.291745446563425 -6.7015002175088245 0.8142726416362045
      vertex 26.403496859051014 -6.603496859051013 0.8142726416362045
    endloop
  endfacet
  facet normal 0.4813954045099303 -0.7204591365102431 -0.49919645144535574
    outer loop
      vertex 26.098881767381528 -6.664088568074563 0.5333157203764767
      vertex 26.20739995523515 -6.5915790331250586 0.5333157203764767
      vertex 26.255177838129292 -6.653844382373339 0.6692535717371975
    endloop
  endfacet
  facet normal 0.6093469916179073 -0.6948270761320736 -0.3819837405963235
    outer loop
      vertex 26.291745446563425 -6.7015002175088245 0.8142726416362045
      vertex 26.255177838129292 -6.653844382373339 0.6692535717371975
      vertex 26.361021756878962 -6.56102175687896 0.6692535717371975
    endloop
  endfacet
  facet normal 0.571315787829157 -0.6514607996199876 -0.49919645144535646
    outer loop
      vertex 26.255177838129292 -6.653844382373339 0.6692535717371975
      vertex 26.20739995523515 -6.5915790331250586 0.5333157203764767
      vertex 26.30552536145162 -6.505525361451615 0.5333157203764767
    endloop
  endfacet
  facet normal 0.5713157878291688 -0.6514607996199838 -0.49919645144534797
    outer loop
      vertex 26.255177838129292 -6.653844382373339 0.6692535717371975
      vertex 26.30552536145162 -6.505525361451615 0.5333157203764767
      vertex 26.361021756878962 -6.56102175687896 0.6692535717371975
    endloop
  endfacet
  facet normal 0.60934699161791 -0.6948270761320726 -0.38198374059632134
    outer loop
      vertex 26.291745446563425 -6.7015002175088245 0.8142726416362045
      vertex 26.361021756878962 -6.56102175687896 0.6692535717371975
      vertex 26.403496859051014 -6.603496859051013 0.8142726416362045
    endloop
  endfacet
  facet normal 0.6369704174460532 -0.726325556414969 -0.2583019035878106
    outer loop
      vertex 26.31647709861879 -6.733731133979654 0.965891613580645
      vertex 26.403496859051014 -6.603496859051013 0.8142726416362045
      vertex 26.43222390719329 -6.632223907193288 0.965891613580645
    endloop
  endfacet
  facet normal 0.7263255564149638 -0.6369704174460588 -0.2583019035878112
    outer loop
      vertex 26.43222390719329 -6.632223907193288 0.965891613580645
      vertex 26.403496859051014 -6.603496859051013 0.8142726416362045
      vertex 26.501500217508827 -6.491745446563424 0.8142726416362045
    endloop
  endfacet
  facet normal 0.06484595933590648 -0.9893581533630916 -0.13025147189870429
    outer loop
      vertex 25.6 -6.9769423364838765 0.965891613580645
      vertex 25.753621801643813 -6.966873431640225 0.965891613580645
      vertex 25.6 -6.997430707886324 1.1215162449238285
    endloop
  endfacet
  facet normal 0.06484595933590899 -0.9893581533630919 -0.13025147189870184
    outer loop
      vertex 25.753621801643813 -6.966873431640225 0.965891613580645
      vertex 25.756296070747766 -6.9871865221851 1.1215162449238285
      vertex 25.6 -6.997430707886324 1.1215162449238285
    endloop
  endfacet
  facet normal 0.19342834566478448 -0.9724299610571481 -0.13025147189870237
    outer loop
      vertex 25.753621801643813 -6.966873431640225 0.965891613580645
      vertex 25.909917872391574 -6.956629245939002 1.1215162449238285
      vertex 25.756296070747766 -6.9871865221851 1.1215162449238285
    endloop
  endfacet
  facet normal 0.19342834566479009 -0.972429961057146 -0.13025147189870817
    outer loop
      vertex 25.753621801643813 -6.966873431640225 0.965891613580645
      vertex 25.904615091669488 -6.9368389988627746 0.965891613580645
      vertex 25.909917872391574 -6.956629245939002 1.1215162449238285
    endloop
  endfacet
  facet normal 0.3187011193708725 -0.9388632225089941 -0.13025147189870726
    outer loop
      vertex 25.904615091669488 -6.9368389988627746 0.965891613580645
      vertex 26.05039633302144 -6.887352935623465 0.965891613580645
      vertex 25.909917872391574 -6.956629245939002 1.1215162449238285
    endloop
  endfacet
  facet normal 0.31870111937087375 -0.938863222508994 -0.13025147189870598
    outer loop
      vertex 26.05039633302144 -6.887352935623465 0.965891613580645
      vertex 26.0582368933133 -6.906281722616676 1.1215162449238285
      vertex 25.909917872391574 -6.956629245939002 1.1215162449238285
    endloop
  endfacet
  facet normal 0.4385208285638724 -0.8892322739216537 -0.13025147189870703
    outer loop
      vertex 26.05039633302144 -6.887352935623465 0.965891613580645
      vertex 26.198715353943165 -6.83700541230114 1.1215162449238285
      vertex 26.0582368933133 -6.906281722616676 1.1215162449238285
    endloop
  endfacet
  facet normal 0.4385208285638757 -0.8892322739216516 -0.1302514718987109
    outer loop
      vertex 26.05039633302144 -6.887352935623465 0.965891613580645
      vertex 26.18847116824194 -6.8192619621844495 0.965891613580645
      vertex 26.198715353943165 -6.83700541230114 1.1215162449238285
    endloop
  endfacet
  facet normal 0.5508373247992079 -0.8243863145857476 -0.1302514718987117
    outer loop
      vertex 26.18847116824194 -6.8192619621844495 0.965891613580645
      vertex 26.31647709861879 -6.733731133979654 0.965891613580645
      vertex 26.198715353943165 -6.83700541230114 1.1215162449238285
    endloop
  endfacet
  facet normal 0.5508373247992195 -0.8243863145857417 -0.13025147189869898
    outer loop
      vertex 26.31647709861879 -6.733731133979654 0.965891613580645
      vertex 26.328949628871804 -6.749985651868913 1.1215162449238285
      vertex 26.198715353943165 -6.83700541230114 1.1215162449238285
    endloop
  endfacet
  facet normal 0.6537288416862738 -0.7454348768442121 -0.13025147189869776
    outer loop
      vertex 26.31647709861879 -6.733731133979654 0.965891613580645
      vertex 26.44671137354743 -6.6467113735474275 1.1215162449238285
      vertex 26.328949628871804 -6.749985651868913 1.1215162449238285
    endloop
  endfacet
  facet normal 0.65372884168628 -0.745434876844205 -0.13025147189870703
    outer loop
      vertex 26.31647709861879 -6.733731133979654 0.965891613580645
      vertex 26.43222390719329 -6.632223907193288 0.965891613580645
      vertex 26.44671137354743 -6.6467113735474275 1.1215162449238285
    endloop
  endfacet
  facet normal 0.7454348768442043 -0.6537288416862808 -0.13025147189870753
    outer loop
      vertex 26.43222390719329 -6.632223907193288 0.965891613580645
      vertex 26.533731133979657 -6.516477098618787 0.965891613580645
      vertex 26.44671137354743 -6.6467113735474275 1.1215162449238285
    endloop
  endfacet
  facet normal 0.7454348768442093 -0.6537288416862763 -0.13025147189870093
    outer loop
      vertex 26.44671137354743 -6.6467113735474275 1.1215162449238285
      vertex 26.533731133979657 -6.516477098618787 0.965891613580645
      vertex 26.549985651868916 -6.5289496288718025 1.1215162449238285
    endloop
  endfacet
  facet normal 0.039868608566778825 -0.6082774216426038 -0.7927225696110684
    outer loop
      vertex 25.6 -6.591214978120083 0.2977922310252268
      vertex 25.6 -6.466684279623522 0.20223646523694505
      vertex 25.68701976043223 -6.460980703191442 0.20223646523694505
    endloop
  endfacet
  facet normal 0.11892366275409828 -0.5978696263119373 -0.7927225696110676
    outer loop
      vertex 25.804781505107854 -6.564254981512928 0.2977922310252268
      vertex 25.68701976043223 -6.460980703191442 0.20223646523694505
      vertex 25.772550588637024 -6.4439675636692835 0.20223646523694505
    endloop
  endfacet
  facet normal 0.1959439000998304 -0.5772321159142938 -0.7927225696110682
    outer loop
      vertex 25.902784863565664 -6.53098732410151 0.2977922310252268
      vertex 25.772550588637024 -6.4439675636692835 0.20223646523694505
      vertex 25.855129028430177 -6.415935960591204 0.20223646523694505
    endloop
  endfacet
  facet normal 0.03986860856678327 -0.6082774216426056 -0.7927225696110667
    outer loop
      vertex 25.6 -6.591214978120083 0.2977922310252268
      vertex 25.68701976043223 -6.460980703191442 0.20223646523694505
      vertex 25.703274278321487 -6.584446024299147 0.2977922310252268
    endloop
  endfacet
  facet normal 0.11892366275409567 -0.5978696263119394 -0.7927225696110666
    outer loop
      vertex 25.703274278321487 -6.584446024299147 0.2977922310252268
      vertex 25.68701976043223 -6.460980703191442 0.20223646523694505
      vertex 25.804781505107854 -6.564254981512928 0.2977922310252268
    endloop
  endfacet
  facet normal 0.19594390009982912 -0.5772321159142951 -0.7927225696110677
    outer loop
      vertex 25.804781505107854 -6.564254981512928 0.2977922310252268
      vertex 25.772550588637024 -6.4439675636692835 0.20223646523694505
      vertex 25.902784863565664 -6.53098732410151 0.2977922310252268
    endloop
  endfacet
  facet normal 0.2696114829889333 -0.5467180039743854 -0.7927225696110664
    outer loop
      vertex 25.902784863565664 -6.53098732410151 0.2977922310252268
      vertex 25.933342139811764 -6.377365522457699 0.20223646523694505
      vertex 25.995607489060042 -6.48521227090674 0.2977922310252268
    endloop
  endfacet
  facet normal 0.03275414737352907 -0.4997317194830276 -0.8655607282983497
    outer loop
      vertex 25.6 -6.466684279623522 0.20223646523694505
      vertex 25.6 -6.330746428262802 0.1237527101607725
      vertex 25.68701976043223 -6.460980703191442 0.20223646523694505
    endloop
  endfacet
  facet normal 0.0977020095778657 -0.49118117121086463 -0.8655607282983498
    outer loop
      vertex 25.68701976043223 -6.460980703191442 0.20223646523694505
      vertex 25.66927631031554 -6.3262058189936585 0.1237527101607725
      vertex 25.772550588637024 -6.4439675636692835 0.20223646523694505
    endloop
  endfacet
  facet normal 0.032754147373529434 -0.4997317194830274 -0.86556072829835
    outer loop
      vertex 25.68701976043223 -6.460980703191442 0.20223646523694505
      vertex 25.6 -6.330746428262802 0.1237527101607725
      vertex 25.66927631031554 -6.3262058189936585 0.1237527101607725
    endloop
  endfacet
  facet normal 0.09770200957786633 -0.49118117121086424 -0.8655607282983502
    outer loop
      vertex 25.772550588637024 -6.4439675636692835 0.20223646523694505
      vertex 25.66927631031554 -6.3262058189936585 0.1237527101607725
      vertex 25.737367283754555 -6.312661682269718 0.1237527101607725
    endloop
  endfacet
  facet normal 0.26961148298892673 -0.5467180039743855 -0.7927225696110686
    outer loop
      vertex 25.902784863565664 -6.53098732410151 0.2977922310252268
      vertex 25.855129028430177 -6.415935960591204 0.20223646523694505
      vertex 25.933342139811764 -6.377365522457699 0.20223646523694505
    endloop
  endfacet
  facet normal 0.1609781633102138 -0.4742263769181343 -0.8655607282983497
    outer loop
      vertex 25.772550588637024 -6.4439675636692835 0.20223646523694505
      vertex 25.737367283754555 -6.312661682269718 0.1237527101607725
      vertex 25.855129028430177 -6.415935960591204 0.20223646523694505
    endloop
  endfacet
  facet normal 0.22149993603673213 -0.44915743783594675 -0.8655607282983506
    outer loop
      vertex 25.855129028430177 -6.415935960591204 0.20223646523694505
      vertex 25.80310786488312 -6.290345762025472 0.1237527101607725
      vertex 25.933342139811764 -6.377365522457699 0.20223646523694505
    endloop
  endfacet
  facet normal 0.025074511037769108 -0.38256311096124396 -0.9235890509462916
    outer loop
      vertex 25.6 -6.330746428262802 0.1237527101607725
      vertex 25.650347523322328 -6.182427407341078 0.06368384460587251
      vertex 25.66927631031554 -6.3262058189936585 0.1237527101607725
    endloop
  endfacet
  facet normal 0.025074511037767203 -0.3825631109612434 -0.9235890509462918
    outer loop
      vertex 25.6 -6.330746428262802 0.1237527101607725
      vertex 25.6 -6.185727358363794 0.06368384460587251
      vertex 25.650347523322328 -6.182427407341078 0.06368384460587251
    endloop
  endfacet
  facet normal 0.0747945012774865 -0.3760173500661642 -0.9235890509462916
    outer loop
      vertex 25.66927631031554 -6.3262058189936585 0.1237527101607725
      vertex 25.650347523322328 -6.182427407341078 0.06368384460587251
      vertex 25.737367283754555 -6.312661682269718 0.1237527101607725
    endloop
  endfacet
  facet normal 0.16097816331021658 -0.47422637691813185 -0.8655607282983507
    outer loop
      vertex 25.855129028430177 -6.415935960591204 0.20223646523694505
      vertex 25.737367283754555 -6.312661682269718 0.1237527101607725
      vertex 25.80310786488312 -6.290345762025472 0.1237527101607725
    endloop
  endfacet
  facet normal 0.22149993603673418 -0.44915743783594425 -0.8655607282983514
    outer loop
      vertex 25.933342139811764 -6.377365522457699 0.20223646523694505
      vertex 25.80310786488312 -6.290345762025472 0.1237527101607725
      vertex 25.865373214131402 -6.259639889843441 0.1237527101607725
    endloop
  endfacet
  facet normal 0.2782317834462927 -0.4164032904624128 -0.8655607282983505
    outer loop
      vertex 25.933342139811764 -6.377365522457699 0.20223646523694505
      vertex 25.92309795411054 -6.221069451709936 0.1237527101607725
      vertex 26.005851674761267 -6.328916200158977 0.20223646523694505
    endloop
  endfacet
  facet normal 0.1232347368633967 -0.3630378280597452 -0.923589050946292
    outer loop
      vertex 25.737367283754555 -6.312661682269718 0.1237527101607725
      vertex 25.747611469455777 -6.156365611521955 0.06368384460587251
      vertex 25.80310786488312 -6.290345762025472 0.1237527101607725
    endloop
  endfacet
  facet normal 0.2782317834462879 -0.41640329046241364 -0.8655607282983515
    outer loop
      vertex 25.933342139811764 -6.377365522457699 0.20223646523694505
      vertex 25.865373214131402 -6.259639889843441 0.1237527101607725
      vertex 25.92309795411054 -6.221069451709936 0.1237527101607725
    endloop
  endfacet
  facet normal 0.07479450127748932 -0.3760173500661625 -0.9235890509462921
    outer loop
      vertex 25.737367283754555 -6.312661682269718 0.1237527101607725
      vertex 25.650347523322328 -6.182427407341078 0.06368384460587251
      vertex 25.699833586561635 -6.172584017349847 0.06368384460587251
    endloop
  endfacet
  facet normal 0.12323473686339363 -0.3630378280597451 -0.9235890509462923
    outer loop
      vertex 25.737367283754555 -6.312661682269718 0.1237527101607725
      vertex 25.699833586561635 -6.172584017349847 0.06368384460587251
      vertex 25.747611469455777 -6.156365611521955 0.06368384460587251
    endloop
  endfacet
  facet normal 0.016961456102910867 -0.25878181247038784 -0.9657868722142635
    outer loop
      vertex 25.6 -6.185727358363794 0.06368384460587251
      vertex 25.6 -6.034108386419354 0.023057663516123483
      vertex 25.650347523322328 -6.182427407341078 0.06368384460587251
    endloop
  endfacet
  facet normal 0.05059415309221552 -0.25435398391114494 -0.9657868722142636
    outer loop
      vertex 25.650347523322328 -6.182427407341078 0.06368384460587251
      vertex 25.6305572762461 -6.032105556719983 0.023057663516123483
      vertex 25.699833586561635 -6.172584017349847 0.06368384460587251
    endloop
  endfacet
  facet normal 0.1695663919344391 -0.34384662816212846 -0.9235890509462914
    outer loop
      vertex 25.80310786488312 -6.290345762025472 0.1237527101607725
      vertex 25.7928636791819 -6.134049691277709 0.06368384460587251
      vertex 25.865373214131402 -6.259639889843441 0.1237527101607725
    endloop
  endfacet
  facet normal 0.16956639193443654 -0.34384662816212874 -0.9235890509462917
    outer loop
      vertex 25.80310786488312 -6.290345762025472 0.1237527101607725
      vertex 25.747611469455777 -6.156365611521955 0.06368384460587251
      vertex 25.7928636791819 -6.134049691277709 0.06368384460587251
    endloop
  endfacet
  facet normal 0.21299671902680353 -0.3187721171243584 -0.9235890509462914
    outer loop
      vertex 25.865373214131402 -6.259639889843441 0.1237527101607725
      vertex 25.7928636791819 -6.134049691277709 0.06368384460587251
      vertex 25.92309795411054 -6.221069451709936 0.1237527101607725
    endloop
  endfacet
  facet normal 0.2129967190268047 -0.3187721171243569 -0.9235890509462916
    outer loop
      vertex 25.92309795411054 -6.221069451709936 0.1237527101607725
      vertex 25.7928636791819 -6.134049691277709 0.06368384460587251
      vertex 25.834815937885303 -6.10601808819963 0.06368384460587251
    endloop
  endfacet
  facet normal 0.2527826132027721 -0.28824332678226194 -0.9235890509462917
    outer loop
      vertex 25.92309795411054 -6.221069451709936 0.1237527101607725
      vertex 25.834815937885303 -6.10601808819963 0.06368384460587251
      vertex 25.975294398515167 -6.175294398515167 0.1237527101607725
    endloop
  endfacet
  facet normal 0.28824332678225806 -0.2527826132027736 -0.9235890509462924
    outer loop
      vertex 25.975294398515167 -6.175294398515167 0.1237527101607725
      vertex 25.872750430788212 -6.072750430788212 0.06368384460587251
      vertex 26.021069451709938 -6.123097954110538 0.1237527101607725
    endloop
  endfacet
  facet normal 0.31308031699611566 -0.6348640795793185 -0.7063485793639825
    outer loop
      vertex 26.05110388448739 -6.581334847423835 0.4087850218799165
      vertex 25.902784863565664 -6.53098732410151 0.2977922310252268
      vertex 25.995607489060042 -6.48521227090674 0.2977922310252268
    endloop
  endfacet
  facet normal 0.3932682623678617 -0.5885675477331782 -0.706348579363982
    outer loop
      vertex 26.05110388448739 -6.581334847423835 0.4087850218799165
      vertex 26.081661160733486 -6.427713045780024 0.2977922310252268
      vertex 26.149229290703854 -6.515769547152839 0.4087850218799165
    endloop
  endfacet
  facet normal 0.39326826236785845 -0.5885675477331785 -0.7063485793639835
    outer loop
      vertex 26.05110388448739 -6.581334847423835 0.4087850218799165
      vertex 25.995607489060042 -6.48521227090674 0.2977922310252268
      vertex 26.081661160733486 -6.427713045780024 0.2977922310252268
    endloop
  endfacet
  facet normal 0.5235093097941937 -0.5969479591364236 -0.6079400765220745
    outer loop
      vertex 26.20739995523515 -6.5915790331250586 0.5333157203764767
      vertex 26.149229290703854 -6.515769547152839 0.4087850218799165
      vertex 26.30552536145162 -6.505525361451615 0.5333157203764767
    endloop
  endfacet
  facet normal 0.523509309794198 -0.5969479591364134 -0.6079400765220807
    outer loop
      vertex 26.149229290703854 -6.515769547152839 0.4087850218799165
      vertex 26.23795723148125 -6.437957231481247 0.4087850218799165
      vertex 26.30552536145162 -6.505525361451615 0.5333157203764767
    endloop
  endfacet
  facet normal 0.33866593865367606 -0.5068493954076022 -0.7927225696110669
    outer loop
      vertex 25.933342139811764 -6.377365522457699 0.20223646523694505
      vertex 26.005851674761267 -6.328916200158977 0.20223646523694505
      vertex 26.081661160733486 -6.427713045780024 0.2977922310252268
    endloop
  endfacet
  facet normal 0.33866593865367456 -0.5068493954076048 -0.7927225696110659
    outer loop
      vertex 25.933342139811764 -6.377365522457699 0.20223646523694505
      vertex 26.081661160733486 -6.427713045780024 0.2977922310252268
      vertex 25.995607489060042 -6.48521227090674 0.2977922310252268
    endloop
  endfacet
  facet normal 0.46672727873591924 -0.5322004619635793 -0.7063485793639824
    outer loop
      vertex 26.149229290703854 -6.515769547152839 0.4087850218799165
      vertex 26.081661160733486 -6.427713045780024 0.2977922310252268
      vertex 26.15947347640508 -6.359473476405076 0.2977922310252268
    endloop
  endfacet
  facet normal 0.4019257262121068 -0.4583084531602035 -0.7927225696110666
    outer loop
      vertex 26.081661160733486 -6.427713045780024 0.2977922310252268
      vertex 26.005851674761267 -6.328916200158977 0.20223646523694505
      vertex 26.15947347640508 -6.359473476405076 0.2977922310252268
    endloop
  endfacet
  facet normal 0.46672727873592984 -0.5322004619635765 -0.7063485793639777
    outer loop
      vertex 26.149229290703854 -6.515769547152839 0.4087850218799165
      vertex 26.15947347640508 -6.359473476405076 0.2977922310252268
      vertex 26.23795723148125 -6.437957231481247 0.4087850218799165
    endloop
  endfacet
  facet normal 0.5969479591364126 -0.5235093097941985 -0.607940076522081
    outer loop
      vertex 26.23795723148125 -6.437957231481247 0.4087850218799165
      vertex 26.391579033125062 -6.4073999552351495 0.5333157203764767
      vertex 26.30552536145162 -6.505525361451615 0.5333157203764767
    endloop
  endfacet
  facet normal 0.5969479591364144 -0.5235093097941923 -0.6079400765220848
    outer loop
      vertex 26.23795723148125 -6.437957231481247 0.4087850218799165
      vertex 26.31576954715284 -6.349229290703852 0.4087850218799165
      vertex 26.391579033125062 -6.4073999552351495 0.5333157203764767
    endloop
  endfacet
  facet normal 0.5322004619635797 -0.4667272787359268 -0.7063485793639772
    outer loop
      vertex 26.15947347640508 -6.359473476405076 0.2977922310252268
      vertex 26.31576954715284 -6.349229290703852 0.4087850218799165
      vertex 26.23795723148125 -6.437957231481247 0.4087850218799165
    endloop
  endfacet
  facet normal 0.6514607996199837 -0.5713157878291691 -0.4991964514453476
    outer loop
      vertex 26.361021756878962 -6.56102175687896 0.6692535717371975
      vertex 26.30552536145162 -6.505525361451615 0.5333157203764767
      vertex 26.391579033125062 -6.4073999552351495 0.5333157203764767
    endloop
  endfacet
  facet normal 0.6948270761320735 -0.6093469916179013 -0.38198374059633367
    outer loop
      vertex 26.361021756878962 -6.56102175687896 0.6692535717371975
      vertex 26.45384438237334 -6.4551778381292895 0.6692535717371975
      vertex 26.501500217508827 -6.491745446563424 0.8142726416362045
    endloop
  endfacet
  facet normal 0.651460799619988 -0.571315787829167 -0.4991964514453443
    outer loop
      vertex 26.361021756878962 -6.56102175687896 0.6692535717371975
      vertex 26.391579033125062 -6.4073999552351495 0.5333157203764767
      vertex 26.45384438237334 -6.4551778381292895 0.6692535717371975
    endloop
  endfacet
  facet normal 0.6948270761320674 -0.6093469916179165 -0.38198374059632056
    outer loop
      vertex 26.361021756878962 -6.56102175687896 0.6692535717371975
      vertex 26.501500217508827 -6.491745446563424 0.8142726416362045
      vertex 26.403496859051014 -6.603496859051013 0.8142726416362045
    endloop
  endfacet
  facet normal 0.7263255564149693 -0.636970417446055 -0.2583019035878051
    outer loop
      vertex 26.43222390719329 -6.632223907193288 0.965891613580645
      vertex 26.501500217508827 -6.491745446563424 0.8142726416362045
      vertex 26.533731133979657 -6.516477098618787 0.965891613580645
    endloop
  endfacet
  facet normal 0.803253063738149 -0.5367165380330602 -0.25830190358780575
    outer loop
      vertex 26.533731133979657 -6.516477098618787 0.965891613580645
      vertex 26.501500217508827 -6.491745446563424 0.8142726416362045
      vertex 26.619261962184453 -6.388471168241938 0.965891613580645
    endloop
  endfacet
  facet normal 0.7684184767311653 -0.5134408111342421 -0.3819837405963334
    outer loop
      vertex 26.45384438237334 -6.4551778381292895 0.6692535717371975
      vertex 26.532057493754923 -6.338123644919612 0.6692535717371975
      vertex 26.501500217508827 -6.491745446563424 0.8142726416362045
    endloop
  endfacet
  facet normal 0.7204591365102515 -0.48139540450993007 -0.49919645144534386
    outer loop
      vertex 26.45384438237334 -6.4551778381292895 0.6692535717371975
      vertex 26.391579033125062 -6.4073999552351495 0.5333157203764767
      vertex 26.464088568074565 -6.298881767381527 0.5333157203764767
    endloop
  endfacet
  facet normal 0.720459136510256 -0.4813954045099273 -0.49919645144534025
    outer loop
      vertex 26.45384438237334 -6.4551778381292895 0.6692535717371975
      vertex 26.464088568074565 -6.298881767381527 0.5333157203764767
      vertex 26.532057493754923 -6.338123644919612 0.6692535717371975
    endloop
  endfacet
  facet normal 0.7684184767311683 -0.51344081113424 -0.38198374059633067
    outer loop
      vertex 26.501500217508827 -6.491745446563424 0.8142726416362045
      vertex 26.532057493754923 -6.338123644919612 0.6692535717371975
      vertex 26.58407865730198 -6.368158077697063 0.8142726416362045
    endloop
  endfacet
  facet normal 0.8032530637381532 -0.5367165380330479 -0.2583019035878173
    outer loop
      vertex 26.501500217508827 -6.491745446563424 0.8142726416362045
      vertex 26.58407865730198 -6.368158077697063 0.8142726416362045
      vertex 26.619261962184453 -6.388471168241938 0.965891613580645
    endloop
  endfacet
  facet normal 0.40192572621210676 -0.45830845316020313 -0.7927225696110666
    outer loop
      vertex 26.15947347640508 -6.359473476405076 0.2977922310252268
      vertex 26.005851674761267 -6.328916200158977 0.20223646523694505
      vertex 26.071416975032264 -6.2714169750322615 0.20223646523694505
    endloop
  endfacet
  facet normal 0.33020300790064944 -0.3765243673402721 -0.8655607282983507
    outer loop
      vertex 25.92309795411054 -6.221069451709936 0.1237527101607725
      vertex 26.071416975032264 -6.2714169750322615 0.20223646523694505
      vertex 26.005851674761267 -6.328916200158977 0.20223646523694505
    endloop
  endfacet
  facet normal 0.458308453160203 -0.40192572621210665 -0.7927225696110669
    outer loop
      vertex 26.15947347640508 -6.359473476405076 0.2977922310252268
      vertex 26.071416975032264 -6.2714169750322615 0.20223646523694505
      vertex 26.12891620015898 -6.205851674761265 0.20223646523694505
    endloop
  endfacet
  facet normal 0.5322004619635817 -0.4667272787359193 -0.7063485793639808
    outer loop
      vertex 26.15947347640508 -6.359473476405076 0.2977922310252268
      vertex 26.227713045780025 -6.281661160733485 0.2977922310252268
      vertex 26.31576954715284 -6.349229290703852 0.4087850218799165
    endloop
  endfacet
  facet normal 0.5885675477331803 -0.3932682623678614 -0.7063485793639803
    outer loop
      vertex 26.31576954715284 -6.349229290703852 0.4087850218799165
      vertex 26.227713045780025 -6.281661160733485 0.2977922310252268
      vertex 26.381334847423837 -6.251103884487386 0.4087850218799165
    endloop
  endfacet
  facet normal 0.6601726633925605 -0.44111327101720027 -0.6079400765220851
    outer loop
      vertex 26.31576954715284 -6.349229290703852 0.4087850218799165
      vertex 26.381334847423837 -6.251103884487386 0.4087850218799165
      vertex 26.391579033125062 -6.4073999552351495 0.5333157203764767
    endloop
  endfacet
  facet normal 0.45830845316020474 -0.4019257262121059 -0.7927225696110662
    outer loop
      vertex 26.15947347640508 -6.359473476405076 0.2977922310252268
      vertex 26.12891620015898 -6.205851674761265 0.20223646523694505
      vertex 26.227713045780025 -6.281661160733485 0.2977922310252268
    endloop
  endfacet
  facet normal 0.5885675477331812 -0.3932682623678542 -0.7063485793639837
    outer loop
      vertex 26.227713045780025 -6.281661160733485 0.2977922310252268
      vertex 26.28521227090674 -6.195607489060041 0.2977922310252268
      vertex 26.381334847423837 -6.251103884487386 0.4087850218799165
    endloop
  endfacet
  facet normal 0.3302030079006516 -0.3765243673402676 -0.8655607282983518
    outer loop
      vertex 25.92309795411054 -6.221069451709936 0.1237527101607725
      vertex 25.975294398515167 -6.175294398515167 0.1237527101607725
      vertex 26.071416975032264 -6.2714169750322615 0.20223646523694505
    endloop
  endfacet
  facet normal 0.37652436734026395 -0.3302030079006548 -0.8655607282983524
    outer loop
      vertex 26.071416975032264 -6.2714169750322615 0.20223646523694505
      vertex 25.975294398515167 -6.175294398515167 0.1237527101607725
      vertex 26.021069451709938 -6.123097954110538 0.1237527101607725
    endloop
  endfacet
  facet normal 0.37652436734027317 -0.3302030079006504 -0.86556072829835
    outer loop
      vertex 26.071416975032264 -6.2714169750322615 0.20223646523694505
      vertex 26.021069451709938 -6.123097954110538 0.1237527101607725
      vertex 26.12891620015898 -6.205851674761265 0.20223646523694505
    endloop
  endfacet
  facet normal 0.41640329046241825 -0.2782317834462866 -0.8655607282983498
    outer loop
      vertex 26.12891620015898 -6.205851674761265 0.20223646523694505
      vertex 26.021069451709938 -6.123097954110538 0.1237527101607725
      vertex 26.059639889843442 -6.065373214131401 0.1237527101607725
    endloop
  endfacet
  facet normal 0.4164032904624224 -0.27823178344628385 -0.8655607282983486
    outer loop
      vertex 26.12891620015898 -6.205851674761265 0.20223646523694505
      vertex 26.059639889843442 -6.065373214131401 0.1237527101607725
      vertex 26.1773655224577 -6.133342139811761 0.20223646523694505
    endloop
  endfacet
  facet normal 0.5068493954076089 -0.3386659386536619 -0.7927225696110687
    outer loop
      vertex 26.12891620015898 -6.205851674761265 0.20223646523694505
      vertex 26.1773655224577 -6.133342139811761 0.20223646523694505
      vertex 26.28521227090674 -6.195607489060041 0.2977922310252268
    endloop
  endfacet
  facet normal 0.5467180039743755 -0.2696114829889465 -0.7927225696110688
    outer loop
      vertex 26.1773655224577 -6.133342139811761 0.20223646523694505
      vertex 26.215935960591207 -6.055129028430176 0.20223646523694505
      vertex 26.28521227090674 -6.195607489060041 0.2977922310252268
    endloop
  endfacet
  facet normal 0.5068493954076075 -0.33866593865367123 -0.7927225696110655
    outer loop
      vertex 26.227713045780025 -6.281661160733485 0.2977922310252268
      vertex 26.12891620015898 -6.205851674761265 0.20223646523694505
      vertex 26.28521227090674 -6.195607489060041 0.2977922310252268
    endloop
  endfacet
  facet normal 0.634864079579316 -0.31308031699611755 -0.7063485793639841
    outer loop
      vertex 26.28521227090674 -6.195607489060041 0.2977922310252268
      vertex 26.33098732410151 -6.102784863565662 0.2977922310252268
      vertex 26.381334847423837 -6.251103884487386 0.4087850218799165
    endloop
  endfacet
  facet normal 0.6601726633925662 -0.441113271017197 -0.6079400765220814
    outer loop
      vertex 26.391579033125062 -6.4073999552351495 0.5333157203764767
      vertex 26.381334847423837 -6.251103884487386 0.4087850218799165
      vertex 26.464088568074565 -6.298881767381527 0.5333157203764767
    endloop
  endfacet
  facet normal 0.7121016303436266 -0.3511696618733949 -0.6079400765220817
    outer loop
      vertex 26.381334847423837 -6.251103884487386 0.4087850218799165
      vertex 26.433531291828466 -6.145259965737716 0.4087850218799165
      vertex 26.464088568074565 -6.298881767381527 0.5333157203764767
    endloop
  endfacet
  facet normal 0.7121016303436309 -0.3511696618733916 -0.6079400765220786
    outer loop
      vertex 26.433531291828466 -6.145259965737716 0.4087850218799165
      vertex 26.5218133080537 -6.18182757417185 0.5333157203764767
      vertex 26.464088568074565 -6.298881767381527 0.5333157203764767
    endloop
  endfacet
  facet normal 0.6348640795793185 -0.3130803169961156 -0.7063485793639827
    outer loop
      vertex 26.381334847423837 -6.251103884487386 0.4087850218799165
      vertex 26.33098732410151 -6.102784863565662 0.2977922310252268
      vertex 26.433531291828466 -6.145259965737716 0.4087850218799165
    endloop
  endfacet
  facet normal 0.8288620241475235 -0.4087495160194143 -0.38198374059633056
    outer loop
      vertex 26.58407865730198 -6.368158077697063 0.8142726416362045
      vertex 26.532057493754923 -6.338123644919612 0.6692535717371975
      vertex 26.594322843003205 -6.211862006949301 0.6692535717371975
    endloop
  endfacet
  facet normal 0.7771302178258094 -0.3832382123515226 -0.4991964514453397
    outer loop
      vertex 26.464088568074565 -6.298881767381527 0.5333157203764767
      vertex 26.594322843003205 -6.211862006949301 0.6692535717371975
      vertex 26.532057493754923 -6.338123644919612 0.6692535717371975
    endloop
  endfacet
  facet normal 0.8664366884369382 -0.4272792898483865 -0.25830190358781846
    outer loop
      vertex 26.58407865730198 -6.368158077697063 0.8142726416362045
      vertex 26.64981923843055 -6.234849366598127 0.8142726416362045
      vertex 26.619261962184453 -6.388471168241938 0.965891613580645
    endloop
  endfacet
  facet normal 0.8664366884369482 -0.4272792898483747 -0.2583019035878046
    outer loop
      vertex 26.619261962184453 -6.388471168241938 0.965891613580645
      vertex 26.64981923843055 -6.234849366598127 0.8142726416362045
      vertex 26.687352935623466 -6.250396333021438 0.965891613580645
    endloop
  endfacet
  facet normal 0.8288620241475334 -0.4087495160194047 -0.3819837405963195
    outer loop
      vertex 26.58407865730198 -6.368158077697063 0.8142726416362045
      vertex 26.594322843003205 -6.211862006949301 0.6692535717371975
      vertex 26.64981923843055 -6.234849366598127 0.8142726416362045
    endloop
  endfacet
  facet normal 0.7771302178258103 -0.3832382123515044 -0.4991964514453523
    outer loop
      vertex 26.464088568074565 -6.298881767381527 0.5333157203764767
      vertex 26.5218133080537 -6.18182757417185 0.5333157203764767
      vertex 26.594322843003205 -6.211862006949301 0.6692535717371975
    endloop
  endfacet
  facet normal 0.820504385653168 -0.27852370812605126 -0.49919645144535196
    outer loop
      vertex 26.5218133080537 -6.18182757417185 0.5333157203764767
      vertex 26.639575052729327 -6.078553295850364 0.6692535717371975
      vertex 26.594322843003205 -6.211862006949301 0.6692535717371975
    endloop
  endfacet
  facet normal 0.8751235125267665 -0.29706440335869366 -0.38198374059632156
    outer loop
      vertex 26.594322843003205 -6.211862006949301 0.6692535717371975
      vertex 26.639575052729327 -6.078553295850364 0.6692535717371975
      vertex 26.69759712132469 -6.094100262273676 0.8142726416362045
    endloop
  endfacet
  facet normal 0.8751235125267665 -0.2970644033586959 -0.38198374059631973
    outer loop
      vertex 26.64981923843055 -6.234849366598127 0.8142726416362045
      vertex 26.594322843003205 -6.211862006949301 0.6692535717371975
      vertex 26.69759712132469 -6.094100262273676 0.8142726416362045
    endloop
  endfacet
  facet normal 0.9147953411749423 -0.3105311745502176 -0.25830190358780397
    outer loop
      vertex 26.64981923843055 -6.234849366598127 0.8142726416362045
      vertex 26.69759712132469 -6.094100262273676 0.8142726416362045
      vertex 26.687352935623466 -6.250396333021438 0.965891613580645
    endloop
  endfacet
  facet normal 0.9147953411749443 -0.31053117455021456 -0.25830190358780064
    outer loop
      vertex 26.687352935623466 -6.250396333021438 0.965891613580645
      vertex 26.69759712132469 -6.094100262273676 0.8142726416362045
      vertex 26.736838998862776 -6.104615091669486 0.965891613580645
    endloop
  endfacet
  facet normal 0.8243863145857433 -0.5508373247992168 -0.1302514718987005
    outer loop
      vertex 26.533731133979657 -6.516477098618787 0.965891613580645
      vertex 26.637005412301143 -6.398715353943162 1.1215162449238285
      vertex 26.549985651868916 -6.5289496288718025 1.1215162449238285
    endloop
  endfacet
  facet normal 0.824386314585745 -0.5508373247992137 -0.1302514718987039
    outer loop
      vertex 26.533731133979657 -6.516477098618787 0.965891613580645
      vertex 26.619261962184453 -6.388471168241938 0.965891613580645
      vertex 26.637005412301143 -6.398715353943162 1.1215162449238285
    endloop
  endfacet
  facet normal 0.8892322739216582 -0.43852082856386465 -0.1302514718987033
    outer loop
      vertex 26.619261962184453 -6.388471168241938 0.965891613580645
      vertex 26.687352935623466 -6.250396333021438 0.965891613580645
      vertex 26.637005412301143 -6.398715353943162 1.1215162449238285
    endloop
  endfacet
  facet normal 0.8892322739216588 -0.43852082856386376 -0.13025147189870223
    outer loop
      vertex 26.687352935623466 -6.250396333021438 0.965891613580645
      vertex 26.706281722616676 -6.258236893313297 1.1215162449238285
      vertex 26.637005412301143 -6.398715353943162 1.1215162449238285
    endloop
  endfacet
  facet normal 0.9388632225089931 -0.3187011193708773 -0.13025147189870243
    outer loop
      vertex 26.687352935623466 -6.250396333021438 0.965891613580645
      vertex 26.756629245939003 -6.1099178723915735 1.1215162449238285
      vertex 26.706281722616676 -6.258236893313297 1.1215162449238285
    endloop
  endfacet
  facet normal 0.9388632225089935 -0.31870111937087603 -0.13025147189870376
    outer loop
      vertex 26.687352935623466 -6.250396333021438 0.965891613580645
      vertex 26.736838998862776 -6.104615091669486 0.965891613580645
      vertex 26.756629245939003 -6.1099178723915735 1.1215162449238285
    endloop
  endfacet
  facet normal 0.016961456102915225 -0.25878181247038645 -0.9657868722142637
    outer loop
      vertex 25.650347523322328 -6.182427407341078 0.06368384460587251
      vertex 25.6 -6.034108386419354 0.023057663516123483
      vertex 25.6305572762461 -6.032105556719983 0.023057663516123483
    endloop
  endfacet
  facet normal 0.08336117009475917 -0.24557408816693732 -0.9657868722142634
    outer loop
      vertex 25.699833586561635 -6.172584017349847 0.06368384460587251
      vertex 25.689589400860413 -6.016287946602084 0.023057663516123483
      vertex 25.747611469455777 -6.156365611521955 0.06368384460587251
    endloop
  endfacet
  facet normal 0.11470185436489483 -0.23259235168819425 -0.9657868722142633
    outer loop
      vertex 25.747611469455777 -6.156365611521955 0.06368384460587251
      vertex 25.689589400860413 -6.016287946602084 0.023057663516123483
      vertex 25.7928636791819 -6.134049691277709 0.06368384460587251
    endloop
  endfacet
  facet normal 0.08336117009475152 -0.24557408816693793 -0.9657868722142638
    outer loop
      vertex 25.699833586561635 -6.172584017349847 0.06368384460587251
      vertex 25.66059170902355 -6.0261313365933145 0.023057663516123483
      vertex 25.689589400860413 -6.016287946602084 0.023057663516123483
    endloop
  endfacet
  facet normal 0.050594153092219124 -0.2543539839111432 -0.9657868722142638
    outer loop
      vertex 25.699833586561635 -6.172584017349847 0.06368384460587251
      vertex 25.6305572762461 -6.032105556719983 0.023057663516123483
      vertex 25.66059170902355 -6.0261313365933145 0.023057663516123483
    endloop
  endfacet
  facet normal 0.11470185436490404 -0.2325923516881864 -0.9657868722142641
    outer loop
      vertex 25.7928636791819 -6.134049691277709 0.06368384460587251
      vertex 25.689589400860413 -6.016287946602084 0.023057663516123483
      vertex 25.717054193209677 -6.002743809878144 0.023057663516123483
    endloop
  endfacet
  facet normal 0.14407995810549065 -0.21563089558527876 -0.9657868722142638
    outer loop
      vertex 25.7928636791819 -6.134049691277709 0.06368384460587251
      vertex 25.742516155859573 -5.985730670355985 0.023057663516123483
      vertex 25.834815937885303 -6.10601808819963 0.06368384460587251
    endloop
  endfacet
  facet normal 0.2527826132027747 -0.2882433267822572 -0.9235890509462925
    outer loop
      vertex 25.975294398515167 -6.175294398515167 0.1237527101607725
      vertex 25.834815937885303 -6.10601808819963 0.06368384460587251
      vertex 25.872750430788212 -6.072750430788212 0.06368384460587251
    endloop
  endfacet
  facet normal 0.2882433267822592 -0.2527826132027707 -0.923589050946293
    outer loop
      vertex 26.021069451709938 -6.123097954110538 0.1237527101607725
      vertex 25.872750430788212 -6.072750430788212 0.06368384460587251
      vertex 25.90601808819963 -6.034815937885302 0.06368384460587251
    endloop
  endfacet
  facet normal 0.14407995810548516 -0.21563089558528084 -0.9657868722142642
    outer loop
      vertex 25.7928636791819 -6.134049691277709 0.06368384460587251
      vertex 25.717054193209677 -6.002743809878144 0.023057663516123483
      vertex 25.742516155859573 -5.985730670355985 0.023057663516123483
    endloop
  endfacet
  facet normal 0.1709928138163905 -0.1949799350747218 -0.9657868722142637
    outer loop
      vertex 25.834815937885303 -6.10601808819963 0.06368384460587251
      vertex 25.742516155859573 -5.985730670355985 0.023057663516123483
      vertex 25.872750430788212 -6.072750430788212 0.06368384460587251
    endloop
  endfacet
  facet normal 0.19497993507472683 -0.17099281381639092 -0.9657868722142626
    outer loop
      vertex 25.872750430788212 -6.072750430788212 0.06368384460587251
      vertex 25.78573067035599 -5.942516155859572 0.023057663516123483
      vertex 25.90601808819963 -6.034815937885302 0.06368384460587251
    endloop
  endfacet
  facet normal 0.3187721171243517 -0.2129967190268058 -0.9235890509462931
    outer loop
      vertex 26.021069451709938 -6.123097954110538 0.1237527101607725
      vertex 25.90601808819963 -6.034815937885302 0.06368384460587251
      vertex 25.93404969127771 -5.992863679181896 0.06368384460587251
    endloop
  endfacet
  facet normal 0.025518101261852867 -0.1282881582377637 -0.9914085812438544
    outer loop
      vertex 25.6305572762461 -6.032105556719983 0.023057663516123483
      vertex 25.620313090544876 -5.87580948597222 0.002569292113674848
      vertex 25.66059170902355 -6.0261313365933145 0.023057663516123483
    endloop
  endfacet
  facet normal 0.008554825566379978 -0.13052141585033594 -0.9914085812438544
    outer loop
      vertex 25.6 -6.034108386419354 0.023057663516123483
      vertex 25.6 -5.8784837550761715 0.002569292113674848
      vertex 25.6305572762461 -6.032105556719983 0.023057663516123483
    endloop
  endfacet
  facet normal 0.04204475516977386 -0.12385985466954769 -0.9914085812438544
    outer loop
      vertex 25.66059170902355 -6.0261313365933145 0.023057663516123483
      vertex 25.620313090544876 -5.87580948597222 0.002569292113674848
      vertex 25.689589400860413 -6.016287946602084 0.023057663516123483
    endloop
  endfacet
  facet normal 0.057852011659743956 -0.11731227464749185 -0.9914085812438543
    outer loop
      vertex 25.689589400860413 -6.016287946602084 0.023057663516123483
      vertex 25.630034432777453 -5.872509534949503 0.002569292113674848
      vertex 25.717054193209677 -6.002743809878144 0.023057663516123483
    endloop
  endfacet
  facet normal 0.008554825566380847 -0.13052141585033578 -0.9914085812438546
    outer loop
      vertex 25.6305572762461 -6.032105556719983 0.023057663516123483
      vertex 25.6 -5.8784837550761715 0.002569292113674848
      vertex 25.610244185701227 -5.877812315671591 0.002569292113674848
    endloop
  endfacet
  facet normal 0.025518101261847323 -0.1282881582377641 -0.9914085812438544
    outer loop
      vertex 25.6305572762461 -6.032105556719983 0.023057663516123483
      vertex 25.610244185701227 -5.877812315671591 0.002569292113674848
      vertex 25.620313090544876 -5.87580948597222 0.002569292113674848
    endloop
  endfacet
  facet normal 0.07266940419059519 -0.10875744908111717 -0.9914085812438543
    outer loop
      vertex 25.717054193209677 -6.002743809878144 0.023057663516123483
      vertex 25.647777882894143 -5.86226534924828 0.002569292113674848
      vertex 25.742516155859573 -5.985730670355985 0.023057663516123483
    endloop
  endfacet
  facet normal 0.08624340306799026 -0.09834175340769598 -0.9914085812438543
    outer loop
      vertex 25.742516155859573 -5.985730670355985 0.023057663516123483
      vertex 25.647777882894143 -5.86226534924828 0.002569292113674848
      vertex 25.765539627569765 -5.965539627569766 0.023057663516123483
    endloop
  endfacet
  facet normal 0.04204475516977632 -0.12385985466954645 -0.9914085812438543
    outer loop
      vertex 25.689589400860413 -6.016287946602084 0.023057663516123483
      vertex 25.620313090544876 -5.87580948597222 0.002569292113674848
      vertex 25.630034432777453 -5.872509534949503 0.002569292113674848
    endloop
  endfacet
  facet normal 0.07266940419058536 -0.10875744908112212 -0.9914085812438544
    outer loop
      vertex 25.717054193209677 -6.002743809878144 0.023057663516123483
      vertex 25.639241877538087 -5.86796892568036 0.002569292113674848
      vertex 25.647777882894143 -5.86226534924828 0.002569292113674848
    endloop
  endfacet
  facet normal 0.05785201165974731 -0.11731227464748968 -0.9914085812438544
    outer loop
      vertex 25.717054193209677 -6.002743809878144 0.023057663516123483
      vertex 25.630034432777453 -5.872509534949503 0.002569292113674848
      vertex 25.639241877538087 -5.86796892568036 0.002569292113674848
    endloop
  endfacet
  facet normal 0.09834175340768876 -0.08624340306799579 -0.9914085812438546
    outer loop
      vertex 25.765539627569765 -5.965539627569766 0.023057663516123483
      vertex 25.655496395427345 -5.855496395427345 0.002569292113674848
      vertex 25.78573067035599 -5.942516155859572 0.023057663516123483
    endloop
  endfacet
  facet normal 0.1709928138163916 -0.19497993507472017 -0.9657868722142638
    outer loop
      vertex 25.872750430788212 -6.072750430788212 0.06368384460587251
      vertex 25.742516155859573 -5.985730670355985 0.023057663516123483
      vertex 25.765539627569765 -5.965539627569766 0.023057663516123483
    endloop
  endfacet
  facet normal 0.19497993507470762 -0.17099281381640416 -0.9657868722142641
    outer loop
      vertex 25.872750430788212 -6.072750430788212 0.06368384460587251
      vertex 25.765539627569765 -5.965539627569766 0.023057663516123483
      vertex 25.78573067035599 -5.942516155859572 0.023057663516123483
    endloop
  endfacet
  facet normal 0.21563089558528117 -0.1440799581054953 -0.9657868722142626
    outer loop
      vertex 25.90601808819963 -6.034815937885302 0.06368384460587251
      vertex 25.78573067035599 -5.942516155859572 0.023057663516123483
      vertex 25.93404969127771 -5.992863679181896 0.06368384460587251
    endloop
  endfacet
  facet normal 0.21563089558528903 -0.14407995810547317 -0.9657868722142641
    outer loop
      vertex 25.93404969127771 -5.992863679181896 0.06368384460587251
      vertex 25.78573067035599 -5.942516155859572 0.023057663516123483
      vertex 25.802743809878145 -5.917054193209677 0.023057663516123483
    endloop
  endfacet
  facet normal 0.23259235168819078 -0.11470185436489763 -0.9657868722142637
    outer loop
      vertex 25.93404969127771 -5.992863679181896 0.06368384460587251
      vertex 25.802743809878145 -5.917054193209677 0.023057663516123483
      vertex 25.956365611521957 -5.947611469455776 0.06368384460587251
    endloop
  endfacet
  facet normal 0.23259235168819134 -0.11470185436489529 -0.965786872214264
    outer loop
      vertex 25.802743809878145 -5.917054193209677 0.023057663516123483
      vertex 25.816287946602085 -5.889589400860411 0.023057663516123483
      vertex 25.956365611521957 -5.947611469455776 0.06368384460587251
    endloop
  endfacet
  facet normal 0 0 -1
    outer loop
      vertex 25.620313090544876 -5.87580948597222 0.002569292113674848
      vertex 25.639241877538087 -5.86796892568036 0.002569292113674848
      vertex 25.630034432777453 -5.872509534949503 0.002569292113674848
    endloop
  endfacet
  facet normal 0 0 -1
    outer loop
      vertex 25.610244185701227 -5.877812315671591 0.002569292113674848
      vertex 25.639241877538087 -5.86796892568036 0.002569292113674848
      vertex 25.620313090544876 -5.87580948597222 0.002569292113674848
    endloop
  endfacet
  facet normal 0 0 -1
    outer loop
      vertex 25.6 -5.8784837550761715 0.002569292113674848
      vertex 25.639241877538087 -5.86796892568036 0.002569292113674848
      vertex 25.610244185701227 -5.877812315671591 0.002569292113674848
    endloop
  endfacet
  facet normal 0.08624340306800334 -0.09834175340768125 -0.9914085812438546
    outer loop
      vertex 25.765539627569765 -5.965539627569766 0.023057663516123483
      vertex 25.647777882894143 -5.86226534924828 0.002569292113674848
      vertex 25.655496395427345 -5.855496395427345 0.002569292113674848
    endloop
  endfacet
  facet normal 0.09834175340769592 -0.08624340306798511 -0.9914085812438548
    outer loop
      vertex 25.78573067035599 -5.942516155859572 0.023057663516123483
      vertex 25.655496395427345 -5.855496395427345 0.002569292113674848
      vertex 25.66226534924828 -5.847777882894141 0.002569292113674848
    endloop
  endfacet
  facet normal 0 0 -1
    outer loop
      vertex 25.639241877538087 -5.86796892568036 0.002569292113674848
      vertex 25.66226534924828 -5.847777882894141 0.002569292113674848
      vertex 25.655496395427345 -5.855496395427345 0.002569292113674848
    endloop
  endfacet
  facet normal 0 0 -1
    outer loop
      vertex 25.639241877538087 -5.86796892568036 0.002569292113674848
      vertex 25.667968925680363 -5.839241877538086 0.002569292113674848
      vertex 25.66226534924828 -5.847777882894141 0.002569292113674848
    endloop
  endfacet
  facet normal 0 0 -1
    outer loop
      vertex 25.639241877538087 -5.86796892568036 0.002569292113674848
      vertex 25.655496395427345 -5.855496395427345 0.002569292113674848
      vertex 25.647777882894143 -5.86226534924828 0.002569292113674848
    endloop
  endfacet
  facet normal 0.10875744908109632 -0.07266940419061729 -0.991408581243855
    outer loop
      vertex 25.78573067035599 -5.942516155859572 0.023057663516123483
      vertex 25.66226534924828 -5.847777882894141 0.002569292113674848
      vertex 25.667968925680363 -5.839241877538086 0.002569292113674848
    endloop
  endfacet
  facet normal 0.11731227464750033 -0.05785201165972453 -0.9914085812438547
    outer loop
      vertex 25.667968925680363 -5.839241877538086 0.002569292113674848
      vertex 25.672509534949505 -5.83003443277745 0.002569292113674848
      vertex 25.816287946602085 -5.889589400860411 0.023057663516123483
    endloop
  endfacet
  facet normal 0 0 -1
    outer loop
      vertex 25.639241877538087 -5.86796892568036 0.002569292113674848
      vertex 25.672509534949505 -5.83003443277745 0.002569292113674848
      vertex 25.667968925680363 -5.839241877538086 0.002569292113674848
    endloop
  endfacet
  facet normal 0 0 -1
    outer loop
      vertex 25.639241877538087 -5.86796892568036 0.002569292113674848
      vertex 25.67580948597222 -5.820313090544874 0.002569292113674848
      vertex 25.672509534949505 -5.83003443277745 0.002569292113674848
    endloop
  endfacet
  facet normal 0 0 -1
    outer loop
      vertex 25.639241877538087 -5.86796892568036 0.002569292113674848
      vertex 25.67781231567159 -5.810244185701223 0.002569292113674848
      vertex 25.67580948597222 -5.820313090544874 0.002569292113674848
    endloop
  endfacet
  facet normal 0 0 -1
    outer loop
      vertex 25.639241877538087 -5.86796892568036 0.002569292113674848
      vertex 25.678483755076172 -5.8 0.002569292113674848
      vertex 25.67781231567159 -5.810244185701223 0.002569292113674848
    endloop
  endfacet
  facet normal 0.12385985466954849 -0.04204475516976198 -0.9914085812438548
    outer loop
      vertex 25.672509534949505 -5.83003443277745 0.002569292113674848
      vertex 25.67580948597222 -5.820313090544874 0.002569292113674848
      vertex 25.826131336593317 -5.860591709023549 0.023057663516123483
    endloop
  endfacet
  facet normal 0.12828815823776113 -0.025518101261853658 -0.9914085812438548
    outer loop
      vertex 25.67580948597222 -5.820313090544874 0.002569292113674848
      vertex 25.67781231567159 -5.810244185701223 0.002569292113674848
      vertex 25.826131336593317 -5.860591709023549 0.023057663516123483
    endloop
  endfacet
  facet normal 0.13052141585033483 -0.008554825566382184 -0.9914085812438547
    outer loop
      vertex 25.67781231567159 -5.810244185701223 0.002569292113674848
      vertex 25.678483755076172 -5.8 0.002569292113674848
      vertex 25.832105556719984 -5.830557276246099 0.023057663516123483
    endloop
  endfacet
  facet normal 0.10875744908112095 -0.07266940419058887 -0.9914085812438543
    outer loop
      vertex 25.78573067035599 -5.942516155859572 0.023057663516123483
      vertex 25.667968925680363 -5.839241877538086 0.002569292113674848
      vertex 25.802743809878145 -5.917054193209677 0.023057663516123483
    endloop
  endfacet
  facet normal 0.11731227464749502 -0.05785201165973992 -0.9914085812438542
    outer loop
      vertex 25.802743809878145 -5.917054193209677 0.023057663516123483
      vertex 25.667968925680363 -5.839241877538086 0.002569292113674848
      vertex 25.816287946602085 -5.889589400860411 0.023057663516123483
    endloop
  endfacet
  facet normal 0.12385985466954427 -0.042044755169782864 -0.9914085812438544
    outer loop
      vertex 25.672509534949505 -5.83003443277745 0.002569292113674848
      vertex 25.826131336593317 -5.860591709023549 0.023057663516123483
      vertex 25.816287946602085 -5.889589400860411 0.023057663516123483
    endloop
  endfacet
  facet normal 0.2455740881669308 -0.08336117009476926 -0.9657868722142642
    outer loop
      vertex 25.956365611521957 -5.947611469455776 0.06368384460587251
      vertex 25.816287946602085 -5.889589400860411 0.023057663516123483
      vertex 25.826131336593317 -5.860591709023549 0.023057663516123483
    endloop
  endfacet
  facet normal 0.2455740881669364 -0.08336117009476042 -0.9657868722142635
    outer loop
      vertex 25.956365611521957 -5.947611469455776 0.06368384460587251
      vertex 25.826131336593317 -5.860591709023549 0.023057663516123483
      vertex 25.97258401734985 -5.899833586561635 0.06368384460587251
    endloop
  endfacet
  facet normal 0.254353983911147 -0.05059415309220934 -0.9657868722142634
    outer loop
      vertex 25.826131336593317 -5.860591709023549 0.023057663516123483
      vertex 25.832105556719984 -5.830557276246099 0.023057663516123483
      vertex 25.97258401734985 -5.899833586561635 0.06368384460587251
    endloop
  endfacet
  facet normal 0.2543539839111493 -0.05059415309220458 -0.9657868722142631
    outer loop
      vertex 25.832105556719984 -5.830557276246099 0.023057663516123483
      vertex 25.982427407341078 -5.850347523322325 0.06368384460587251
      vertex 25.97258401734985 -5.899833586561635 0.06368384460587251
    endloop
  endfacet
  facet normal 0.1282881582377632 -0.025518101261847496 -0.9914085812438547
    outer loop
      vertex 25.67781231567159 -5.810244185701223 0.002569292113674848
      vertex 25.832105556719984 -5.830557276246099 0.023057663516123483
      vertex 25.826131336593317 -5.860591709023549 0.023057663516123483
    endloop
  endfacet
  facet normal 0.13052141585033522 -0.0085548255663802 -0.9914085812438547
    outer loop
      vertex 25.678483755076172 -5.8 0.002569292113674848
      vertex 25.834108386419356 -5.8 0.023057663516123483
      vertex 25.832105556719984 -5.830557276246099 0.023057663516123483
    endloop
  endfacet
  facet normal 0.25878181247038806 -0.016961456102924863 -0.9657868722142631
    outer loop
      vertex 25.832105556719984 -5.830557276246099 0.023057663516123483
      vertex 25.985727358363796 -5.8 0.06368384460587251
      vertex 25.982427407341078 -5.850347523322325 0.06368384460587251
    endloop
  endfacet
  facet normal 0.2587818124703864 -0.01696145610291567 -0.9657868722142637
    outer loop
      vertex 25.832105556719984 -5.830557276246099 0.023057663516123483
      vertex 25.834108386419356 -5.8 0.023057663516123483
      vertex 25.985727358363796 -5.8 0.06368384460587251
    endloop
  endfacet
  facet normal 0.44915743783594186 -0.22149993603675006 -0.8655607282983486
    outer loop
      vertex 26.1773655224577 -6.133342139811761 0.20223646523694505
      vertex 26.059639889843442 -6.065373214131401 0.1237527101607725
      vertex 26.215935960591207 -6.055129028430176 0.20223646523694505
    endloop
  endfacet
  facet normal 0.3187721171243589 -0.2129967190268006 -0.923589050946292
    outer loop
      vertex 26.021069451709938 -6.123097954110538 0.1237527101607725
      vertex 25.93404969127771 -5.992863679181896 0.06368384460587251
      vertex 26.059639889843442 -6.065373214131401 0.1237527101607725
    endloop
  endfacet
  facet normal 0.3438466281621233 -0.16956639193444634 -0.923589050946292
    outer loop
      vertex 25.93404969127771 -5.992863679181896 0.06368384460587251
      vertex 26.090345762025475 -6.003107864883121 0.1237527101607725
      vertex 26.059639889843442 -6.065373214131401 0.1237527101607725
    endloop
  endfacet
  facet normal 0.4491574378359421 -0.22149993603674586 -0.8655607282983496
    outer loop
      vertex 26.059639889843442 -6.065373214131401 0.1237527101607725
      vertex 26.090345762025475 -6.003107864883121 0.1237527101607725
      vertex 26.215935960591207 -6.055129028430176 0.20223646523694505
    endloop
  endfacet
  facet normal 0.5467180039743875 -0.269611482988937 -0.7927225696110636
    outer loop
      vertex 26.28521227090674 -6.195607489060041 0.2977922310252268
      vertex 26.215935960591207 -6.055129028430176 0.20223646523694505
      vertex 26.33098732410151 -6.102784863565662 0.2977922310252268
    endloop
  endfacet
  facet normal 0.6702979110062789 -0.22753548059830572 -0.7063485793639827
    outer loop
      vertex 26.433531291828466 -6.145259965737716 0.4087850218799165
      vertex 26.33098732410151 -6.102784863565662 0.2977922310252268
      vertex 26.36425498151293 -6.004781505107851 0.2977922310252268
    endloop
  endfacet
  facet normal 0.5772321159143013 -0.1959439000998277 -0.7927225696110636
    outer loop
      vertex 26.215935960591207 -6.055129028430176 0.20223646523694505
      vertex 26.36425498151293 -6.004781505107851 0.2977922310252268
      vertex 26.33098732410151 -6.102784863565662 0.2977922310252268
    endloop
  endfacet
  facet normal 0.343846628162124 -0.1695663919344408 -0.9235890509462928
    outer loop
      vertex 25.93404969127771 -5.992863679181896 0.06368384460587251
      vertex 25.956365611521957 -5.947611469455776 0.06368384460587251
      vertex 26.090345762025475 -6.003107864883121 0.1237527101607725
    endloop
  endfacet
  facet normal 0.4742263769181358 -0.16097816331020917 -0.86556072829835
    outer loop
      vertex 26.215935960591207 -6.055129028430176 0.20223646523694505
      vertex 26.090345762025475 -6.003107864883121 0.1237527101607725
      vertex 26.11266168226972 -5.9373672837545515 0.1237527101607725
    endloop
  endfacet
  facet normal 0.36303782805974305 -0.12323473686339521 -0.9235890509462931
    outer loop
      vertex 25.956365611521957 -5.947611469455776 0.06368384460587251
      vertex 25.97258401734985 -5.899833586561635 0.06368384460587251
      vertex 26.090345762025475 -6.003107864883121 0.1237527101607725
    endloop
  endfacet
  facet normal 0.36303782805974677 -0.12323473686339056 -0.9235890509462923
    outer loop
      vertex 26.090345762025475 -6.003107864883121 0.1237527101607725
      vertex 25.97258401734985 -5.899833586561635 0.06368384460587251
      vertex 26.11266168226972 -5.9373672837545515 0.1237527101607725
    endloop
  endfacet
  facet normal 0.4742263769181451 -0.16097816331019868 -0.8655607282983466
    outer loop
      vertex 26.215935960591207 -6.055129028430176 0.20223646523694505
      vertex 26.11266168226972 -5.9373672837545515 0.1237527101607725
      vertex 26.243967563669283 -5.972550588637022 0.20223646523694505
    endloop
  endfacet
  facet normal 0.577232115914299 -0.1959439000998094 -0.7927225696110697
    outer loop
      vertex 26.215935960591207 -6.055129028430176 0.20223646523694505
      vertex 26.243967563669283 -5.972550588637022 0.20223646523694505
      vertex 26.36425498151293 -6.004781505107851 0.2977922310252268
    endloop
  endfacet
  facet normal 0.4911811712108698 -0.0977020095778718 -0.8655607282983463
    outer loop
      vertex 26.11266168226972 -5.9373672837545515 0.1237527101607725
      vertex 26.260980703191443 -5.887019760432226 0.20223646523694505
      vertex 26.243967563669283 -5.972550588637022 0.20223646523694505
    endloop
  endfacet
  facet normal 0.5978696263119337 -0.11892366275410383 -0.7927225696110695
    outer loop
      vertex 26.243967563669283 -5.972550588637022 0.20223646523694505
      vertex 26.260980703191443 -5.887019760432226 0.20223646523694505
      vertex 26.36425498151293 -6.004781505107851 0.2977922310252268
    endloop
  endfacet
  facet normal 0.5978696263119385 -0.11892366275409759 -0.7927225696110669
    outer loop
      vertex 26.36425498151293 -6.004781505107851 0.2977922310252268
      vertex 26.260980703191443 -5.887019760432226 0.20223646523694505
      vertex 26.384446024299148 -5.9032742783214855 0.2977922310252268
    endloop
  endfacet
  facet normal 0.7518463409676424 -0.2552174424523074 -0.6079400765220784
    outer loop
      vertex 26.433531291828466 -6.145259965737716 0.4087850218799165
      vertex 26.471465784731375 -6.033508553250126 0.4087850218799165
      vertex 26.5218133080537 -6.18182757417185 0.5333157203764767
    endloop
  endfacet
  facet normal 0.7518463409676442 -0.2552174424523056 -0.607940076522077
    outer loop
      vertex 26.5218133080537 -6.18182757417185 0.5333157203764767
      vertex 26.471465784731375 -6.033508553250126 0.4087850218799165
      vertex 26.563765566757105 -6.05824020530549 0.5333157203764767
    endloop
  endfacet
  facet normal 0.6702979110062822 -0.22753548059830245 -0.7063485793639808
    outer loop
      vertex 26.433531291828466 -6.145259965737716 0.4087850218799165
      vertex 26.36425498151293 -6.004781505107851 0.2977922310252268
      vertex 26.471465784731375 -6.033508553250126 0.4087850218799165
    endloop
  endfacet
  facet normal 0.6942627593342339 -0.1380974490427044 -0.7063485793639803
    outer loop
      vertex 26.36425498151293 -6.004781505107851 0.2977922310252268
      vertex 26.384446024299148 -5.9032742783214855 0.2977922310252268
      vertex 26.471465784731375 -6.033508553250126 0.4087850218799165
    endloop
  endfacet
  facet normal 0.77872675224651 -0.1548983818312317 -0.6079400765220766
    outer loop
      vertex 26.471465784731375 -6.033508553250126 0.4087850218799165
      vertex 26.589227529407 -5.93023427492864 0.5333157203764767
      vertex 26.563765566757105 -6.05824020530549 0.5333157203764767
    endloop
  endfacet
  facet normal 0.7787267522465061 -0.15489838183121674 -0.6079400765220854
    outer loop
      vertex 26.471465784731375 -6.033508553250126 0.4087850218799165
      vertex 26.494489256441568 -5.917761744675625 0.4087850218799165
      vertex 26.589227529407 -5.93023427492864 0.5333157203764767
    endloop
  endfacet
  facet normal 0.6942627593342375 -0.13809744904269963 -0.7063485793639778
    outer loop
      vertex 26.471465784731375 -6.033508553250126 0.4087850218799165
      vertex 26.384446024299148 -5.9032742783214855 0.2977922310252268
      vertex 26.494489256441568 -5.917761744675625 0.4087850218799165
    endloop
  endfacet
  facet normal 0.8205043856531669 -0.27852370812603755 -0.4991964514453614
    outer loop
      vertex 26.5218133080537 -6.18182757417185 0.5333157203764767
      vertex 26.563765566757105 -6.05824020530549 0.5333157203764767
      vertex 26.639575052729327 -6.078553295850364 0.6692535717371975
    endloop
  endfacet
  facet normal 0.8498394959552051 -0.16904358603319172 -0.499196451445362
    outer loop
      vertex 26.563765566757105 -6.05824020530549 0.5333157203764767
      vertex 26.589227529407 -5.93023427492864 0.5333157203764767
      vertex 26.639575052729327 -6.078553295850364 0.6692535717371975
    endloop
  endfacet
  facet normal 0.906411394976593 -0.18029643639470258 -0.38198374059632134
    outer loop
      vertex 26.639575052729327 -6.078553295850364 0.6692535717371975
      vertex 26.726594813161554 -5.948319020921724 0.8142726416362045
      vertex 26.69759712132469 -6.094100262273676 0.8142726416362045
    endloop
  endfacet
  facet normal 0.9475015919962586 -0.1884697847599813 -0.25830190358780136
    outer loop
      vertex 26.69759712132469 -6.094100262273676 0.8142726416362045
      vertex 26.726594813161554 -5.948319020921724 0.8142726416362045
      vertex 26.736838998862776 -6.104615091669486 0.965891613580645
    endloop
  endfacet
  facet normal 0.9064113949765894 -0.18029643639467707 -0.38198374059634205
    outer loop
      vertex 26.639575052729327 -6.078553295850364 0.6692535717371975
      vertex 26.66703984507859 -5.940478460629864 0.6692535717371975
      vertex 26.726594813161554 -5.948319020921724 0.8142726416362045
    endloop
  endfacet
  facet normal 0.8498394959552175 -0.16904358603317396 -0.49919645144534713
    outer loop
      vertex 26.639575052729327 -6.078553295850364 0.6692535717371975
      vertex 26.589227529407 -5.93023427492864 0.5333157203764767
      vertex 26.66703984507859 -5.940478460629864 0.6692535717371975
    endloop
  endfacet
  facet normal 0.9475015919962594 -0.18846978475997966 -0.25830190358779975
    outer loop
      vertex 26.736838998862776 -6.104615091669486 0.965891613580645
      vertex 26.726594813161554 -5.948319020921724 0.8142726416362045
      vertex 26.766873431640228 -5.953621801643811 0.965891613580645
    endloop
  endfacet
  facet normal 0.37601735006616044 -0.07479450127747135 -0.9235890509462944
    outer loop
      vertex 25.97258401734985 -5.899833586561635 0.06368384460587251
      vertex 25.982427407341078 -5.850347523322325 0.06368384460587251
      vertex 26.12620581899366 -5.869276310315536 0.1237527101607725
    endloop
  endfacet
  facet normal 0.37601735006616277 -0.07479450127748719 -0.9235890509462922
    outer loop
      vertex 26.11266168226972 -5.9373672837545515 0.1237527101607725
      vertex 25.97258401734985 -5.899833586561635 0.06368384460587251
      vertex 26.12620581899366 -5.869276310315536 0.1237527101607725
    endloop
  endfacet
  facet normal 0.4911811712108691 -0.09770200957786859 -0.8655607282983471
    outer loop
      vertex 26.11266168226972 -5.9373672837545515 0.1237527101607725
      vertex 26.12620581899366 -5.869276310315536 0.1237527101607725
      vertex 26.260980703191443 -5.887019760432226 0.20223646523694505
    endloop
  endfacet
  facet normal 0.38256311096123574 -0.02507451103778741 -0.9235890509462947
    outer loop
      vertex 25.982427407341078 -5.850347523322325 0.06368384460587251
      vertex 25.985727358363796 -5.8 0.06368384460587251
      vertex 26.12620581899366 -5.869276310315536 0.1237527101607725
    endloop
  endfacet
  facet normal 0.3825631109612454 -0.02507451103776462 -0.9235890509462912
    outer loop
      vertex 26.12620581899366 -5.869276310315536 0.1237527101607725
      vertex 25.985727358363796 -5.8 0.06368384460587251
      vertex 26.130746428262803 -5.8 0.1237527101607725
    endloop
  endfacet
  facet normal 0.4997317194830306 -0.032754147373544935 -0.8655607282983475
    outer loop
      vertex 26.12620581899366 -5.869276310315536 0.1237527101607725
      vertex 26.266684279623526 -5.8 0.20223646523694505
      vertex 26.260980703191443 -5.887019760432226 0.20223646523694505
    endloop
  endfacet
  facet normal 0.6082774216426039 -0.03986860856679782 -0.7927225696110672
    outer loop
      vertex 26.260980703191443 -5.887019760432226 0.20223646523694505
      vertex 26.266684279623526 -5.8 0.20223646523694505
      vertex 26.384446024299148 -5.9032742783214855 0.2977922310252268
    endloop
  endfacet
  facet normal 0.49973171948302286 -0.03275414737352322 -0.8655607282983528
    outer loop
      vertex 26.12620581899366 -5.869276310315536 0.1237527101607725
      vertex 26.130746428262803 -5.8 0.1237527101607725
      vertex 26.266684279623526 -5.8 0.20223646523694505
    endloop
  endfacet
  facet normal 0.6082774216426147 -0.03986860856677865 -0.7927225696110599
    outer loop
      vertex 26.266684279623526 -5.8 0.20223646523694505
      vertex 26.391214978120082 -5.8 0.2977922310252268
      vertex 26.384446024299148 -5.9032742783214855 0.2977922310252268
    endloop
  endfacet
  facet normal 0.7063485793639773 -0.04629653184614738 -0.7063485793639777
    outer loop
      vertex 26.494489256441568 -5.917761744675625 0.4087850218799165
      vertex 26.384446024299148 -5.9032742783214855 0.2977922310252268
      vertex 26.502207768974774 -5.8 0.4087850218799165
    endloop
  endfacet
  facet normal 0.7922829328905899 -0.05192896695107146 -0.6079400765220856
    outer loop
      vertex 26.494489256441568 -5.917761744675625 0.4087850218799165
      vertex 26.502207768974774 -5.8 0.4087850218799165
      vertex 26.589227529407 -5.93023427492864 0.5333157203764767
    endloop
  endfacet
  facet normal 0.7063485793639722 -0.0462965318461353 -0.7063485793639835
    outer loop
      vertex 26.384446024299148 -5.9032742783214855 0.2977922310252268
      vertex 26.391214978120082 -5.8 0.2977922310252268
      vertex 26.502207768974774 -5.8 0.4087850218799165
    endloop
  endfacet
  facet normal 0.7922829328906018 -0.051928966951050586 -0.6079400765220719
    outer loop
      vertex 26.589227529407 -5.93023427492864 0.5333157203764767
      vertex 26.502207768974774 -5.8 0.4087850218799165
      vertex 26.597763534763054 -5.8 0.5333157203764767
    endloop
  endfacet
  facet normal 0.8646336168614408 -0.05667108131557375 -0.4991964514453472
    outer loop
      vertex 26.589227529407 -5.93023427492864 0.5333157203764767
      vertex 26.676247289839228 -5.8 0.6692535717371975
      vertex 26.66703984507859 -5.940478460629864 0.6692535717371975
    endloop
  endfacet
  facet normal 0.922190327153647 -0.060443547416379126 -0.381983740596342
    outer loop
      vertex 26.66703984507859 -5.940478460629864 0.6692535717371975
      vertex 26.676247289839228 -5.8 0.6692535717371975
      vertex 26.726594813161554 -5.948319020921724 0.8142726416362045
    endloop
  endfacet
  facet normal 0.8646336168614318 -0.05667108131554859 -0.49919645144536556
    outer loop
      vertex 26.589227529407 -5.93023427492864 0.5333157203764767
      vertex 26.597763534763054 -5.8 0.5333157203764767
      vertex 26.676247289839228 -5.8 0.6692535717371975
    endloop
  endfacet
  facet normal 0.9221903271536567 -0.06044354741635664 -0.3819837405963223
    outer loop
      vertex 26.726594813161554 -5.948319020921724 0.8142726416362045
      vertex 26.676247289839228 -5.8 0.6692535717371975
      vertex 26.736316155394128 -5.8 0.8142726416362045
    endloop
  endfacet
  facet normal 0.9639958278814499 -0.06318362469878065 -0.2583019035878006
    outer loop
      vertex 26.726594813161554 -5.948319020921724 0.8142726416362045
      vertex 26.736316155394128 -5.8 0.8142726416362045
      vertex 26.776942336483877 -5.8 0.965891613580645
    endloop
  endfacet
  facet normal 0.9639958278814501 -0.06318362469878175 -0.2583019035877996
    outer loop
      vertex 26.726594813161554 -5.948319020921724 0.8142726416362045
      vertex 26.776942336483877 -5.8 0.965891613580645
      vertex 26.766873431640228 -5.953621801643811 0.965891613580645
    endloop
  endfacet
  facet normal 0.9724299610571457 -0.1934283456647946 -0.13025147189870384
    outer loop
      vertex 26.736838998862776 -6.104615091669486 0.965891613580645
      vertex 26.766873431640228 -5.953621801643811 0.965891613580645
      vertex 26.756629245939003 -6.1099178723915735 1.1215162449238285
    endloop
  endfacet
  facet normal 0.9724299610571465 -0.19342834566479206 -0.1302514718987012
    outer loop
      vertex 26.766873431640228 -5.953621801643811 0.965891613580645
      vertex 26.787186522185102 -5.956296070747762 1.1215162449238285
      vertex 26.756629245939003 -6.1099178723915735 1.1215162449238285
    endloop
  endfacet
  facet normal 0.9893581533630929 -0.06484595933589549 -0.13025147189870134
    outer loop
      vertex 26.766873431640228 -5.953621801643811 0.965891613580645
      vertex 26.776942336483877 -5.8 0.965891613580645
      vertex 26.787186522185102 -5.956296070747762 1.1215162449238285
    endloop
  endfacet
  facet normal 0.9893581533630934 -0.06484595933589297 -0.13025147189869887
    outer loop
      vertex 26.776942336483877 -5.8 0.965891613580645
      vertex 26.797430707886324 -5.8 1.1215162449238285
      vertex 26.787186522185102 -5.956296070747762 1.1215162449238285
    endloop
  endfacet
  facet normal 0 -1 0
    outer loop
      vertex 25.6 -6.997430707886324 1.1215162449238285
      vertex 25.6 -6.997430707886324 30.478483755076173
      vertex 23.8 -6.997430707886324 2
    endloop
  endfacet
  facet normal 0.06540312923014552 -0.9978589232386034 0
    outer loop
      vertex 25.6 -6.997430707886324 1.1215162449238285
      vertex 25.756296070747766 -6.9871865221851 1.1215162449238285
      vertex 25.6 -6.997430707886324 30.478483755076173
    endloop
  endfacet
  facet normal 0.19509032201612683 -0.9807852804032308 1.9040275858667106e-20
    outer loop
      vertex 25.756296070747766 -6.9871865221851 1.1215162449238285
      vertex 25.909917872391574 -6.956629245939002 1.1215162449238285
      vertex 25.909917872391574 -6.956629245939002 30.478483755076173
    endloop
  endfacet
  facet normal 0.32143946530316386 -0.9469301294951048 -8.418257737681921e-21
    outer loop
      vertex 25.909917872391574 -6.956629245939002 1.1215162449238285
      vertex 26.0582368933133 -6.906281722616676 1.1215162449238285
      vertex 26.0582368933133 -6.906281722616676 30.478483755076173
    endloop
  endfacet
  facet normal 0.4422886902189958 -0.8968727415326911 0
    outer loop
      vertex 26.0582368933133 -6.906281722616676 1.1215162449238285
      vertex 26.198715353943165 -6.83700541230114 1.1215162449238285
      vertex 26.0582368933133 -6.906281722616676 30.478483755076173
    endloop
  endfacet
  facet normal 0.5555702330196076 -0.8314696123025416 -1.3320886727947648e-19
    outer loop
      vertex 26.198715353943165 -6.83700541230114 1.1215162449238285
      vertex 26.328949628871804 -6.749985651868913 1.1215162449238285
      vertex 26.328949628871804 -6.749985651868913 30.478483755076173
    endloop
  endfacet
  facet normal 0.6593458151000663 -0.7518398074789798 0
    outer loop
      vertex 26.328949628871804 -6.749985651868913 1.1215162449238285
      vertex 26.44671137354743 -6.6467113735474275 1.1215162449238285
      vertex 26.328949628871804 -6.749985651868913 30.478483755076173
    endloop
  endfacet
  facet normal 0.7518398074789772 -0.659345815100069 0
    outer loop
      vertex 26.44671137354743 -6.6467113735474275 1.1215162449238285
      vertex 26.549985651868916 -6.5289496288718025 1.1215162449238285
      vertex 26.44671137354743 -6.6467113735474275 30.478483755076173
    endloop
  endfacet
  facet normal 0.8314696123025433 -0.5555702330196051 7.583714653006022e-20
    outer loop
      vertex 26.549985651868916 -6.5289496288718025 1.1215162449238285
      vertex 26.637005412301143 -6.398715353943162 1.1215162449238285
      vertex 26.637005412301143 -6.398715353943162 30.478483755076173
    endloop
  endfacet
  facet normal 0.8968727415326955 -0.4422886902189866 0
    outer loop
      vertex 26.637005412301143 -6.398715353943162 1.1215162449238285
      vertex 26.706281722616676 -6.258236893313297 1.1215162449238285
      vertex 26.637005412301143 -6.398715353943162 30.478483755076173
    endloop
  endfacet
  facet normal 0.9469301294951037 -0.3214394653031673 -2.949343620729404e-20
    outer loop
      vertex 26.706281722616676 -6.258236893313297 1.1215162449238285
      vertex 26.756629245939003 -6.1099178723915735 1.1215162449238285
      vertex 26.756629245939003 -6.1099178723915735 30.478483755076173
    endloop
  endfacet
  facet normal 0.9807852804032292 -0.19509032201613447 -7.727361483463122e-20
    outer loop
      vertex 26.756629245939003 -6.1099178723915735 1.1215162449238285
      vertex 26.787186522185102 -5.956296070747762 1.1215162449238285
      vertex 26.787186522185102 -5.956296070747762 30.478483755076173
    endloop
  endfacet
  facet normal 0.9978589232386044 -0.06540312923012931 0
    outer loop
      vertex 26.787186522185102 -5.956296070747762 1.1215162449238285
      vertex 26.797430707886324 -5.8 1.1215162449238285
      vertex 26.787186522185102 -5.956296070747762 30.478483755076173
    endloop
  endfacet
  facet normal 0 0 -1
    outer loop
      vertex 25.639241877538087 -5.86796892568036 0.002569292113674848
      vertex 25.678483755076172 5.8 0.002569292113674848
      vertex 25.678483755076172 -5.8 0.002569292113674848
    endloop
  endfacet
  facet normal 0.1305261922200566 0 -0.9914448613738097
    outer loop
      vertex 25.678483755076172 -5.8 0.002569292113674848
      vertex 25.678483755076172 5.8 0.002569292113674848
      vertex 25.834108386419356 -5.8 0.023057663516123483
    endloop
  endfacet
  facet normal 0.25881904510251563 0 -0.9659258262890696
    outer loop
      vertex 25.834108386419356 -5.8 0.023057663516123483
      vertex 25.834108386419356 5.8 0.023057663516123483
      vertex 25.985727358363796 -5.8 0.06368384460587251
    endloop
  endfacet
  facet normal 0.38268343236508656 -1.135800780709646e-19 -0.9238795325112882
    outer loop
      vertex 25.985727358363796 -5.8 0.06368384460587251
      vertex 26.130746428262803 5.8 0.1237527101607725
      vertex 26.130746428262803 -5.8 0.1237527101607725
    endloop
  endfacet
  facet normal 0.5000000000000002 0 -0.8660254037844385
    outer loop
      vertex 26.130746428262803 -5.8 0.1237527101607725
      vertex 26.130746428262803 5.8 0.1237527101607725
      vertex 26.266684279623526 -5.8 0.20223646523694505
    endloop
  endfacet
  facet normal 0.6087614290087322 -1.2186170752191048e-19 -0.7933533402912262
    outer loop
      vertex 26.266684279623526 -5.8 0.20223646523694505
      vertex 26.391214978120082 5.8 0.2977922310252268
      vertex 26.391214978120082 -5.8 0.2977922310252268
    endloop
  endfacet
  facet normal 0.7071067811865419 0 -0.7071067811865532
    outer loop
      vertex 26.391214978120082 -5.8 0.2977922310252268
      vertex 26.391214978120082 5.8 0.2977922310252268
      vertex 26.502207768974774 -5.8 0.4087850218799165
    endloop
  endfacet
  facet normal 0.79335334029124 0 -0.6087614290087142
    outer loop
      vertex 26.502207768974774 -5.8 0.4087850218799165
      vertex 26.502207768974774 5.8 0.4087850218799165
      vertex 26.597763534763054 -5.8 0.5333157203764767
    endloop
  endfacet
  facet normal 0.8660254037844307 2.9926776531130503e-20 -0.5000000000000135
    outer loop
      vertex 26.597763534763054 -5.8 0.5333157203764767
      vertex 26.676247289839228 5.8 0.6692535717371975
      vertex 26.676247289839228 -5.8 0.6692535717371975
    endloop
  endfacet
  facet normal 0.9238795325112882 0 -0.38268343236508656
    outer loop
      vertex 26.676247289839228 -5.8 0.6692535717371975
      vertex 26.676247289839228 5.8 0.6692535717371975
      vertex 26.736316155394128 -5.8 0.8142726416362045
    endloop
  endfacet
  facet normal 0.9659258262890696 1.6831519711181374e-19 -0.25881904510251563
    outer loop
      vertex 26.736316155394128 -5.8 0.8142726416362045
      vertex 26.776942336483877 5.8 0.965891613580645
      vertex 26.776942336483877 -5.8 0.965891613580645
    endloop
  endfacet
  facet normal 0.9914448613738113 7.569734501604351e-20 -0.1305261922200455
    outer loop
      vertex 26.776942336483877 -5.8 0.965891613580645
      vertex 26.797430707886324 5.8 1.1215162449238285
      vertex 26.797430707886324 -5.8 1.1215162449238285
    endloop
  endfacet
  facet normal 0 -1 0
    outer loop
      vertex 25.6 -6.997430707886324 30.478483755076173
      vertex -22.3 -6.997430707886324 29.650000000000002
      vertex 22.3 -6.997430707886324 29.650000000000002
    endloop
  endfacet
  facet normal 0 -0.9914448613738105 0.13052619222005107
    outer loop
      vertex -25.6 -6.9769423364838765 30.634108386419356
      vertex 25.6 -6.997430707886324 30.478483755076173
      vertex 25.6 -6.9769423364838765 30.634108386419356
    endloop
  endfacet
  facet normal 0 -0.9659258262890683 0.25881904510252096
    outer loop
      vertex -25.6 -6.936316155394127 30.785727358363797
      vertex 25.6 -6.9769423364838765 30.634108386419356
      vertex 25.6 -6.936316155394127 30.785727358363797
    endloop
  endfacet
  facet normal 0 -0.9238795325112861 0.3826834323650913
    outer loop
      vertex -25.6 -6.936316155394127 30.785727358363797
      vertex 25.6 -6.936316155394127 30.785727358363797
      vertex 25.6 -6.876247289839226 30.930746428262804
    endloop
  endfacet
  facet normal 0 -0.8660254037844353 0.5000000000000058
    outer loop
      vertex -25.6 -6.797763534763054 31.066684279623523
      vertex 25.6 -6.876247289839226 30.930746428262804
      vertex 25.6 -6.797763534763054 31.066684279623523
    endloop
  endfacet
  facet normal 0 -0.7933533402912458 0.6087614290087069
    outer loop
      vertex -25.6 -6.797763534763054 31.066684279623523
      vertex 25.6 -6.797763534763054 31.066684279623523
      vertex 25.6 -6.702207768974773 31.191214978120087
    endloop
  endfacet
  facet normal 0 -0.707106781186539 0.707106781186556
    outer loop
      vertex -25.6 -6.591214978120083 31.302207768974775
      vertex 25.6 -6.702207768974773 31.191214978120087
      vertex 25.6 -6.591214978120083 31.302207768974775
    endloop
  endfacet
  facet normal 0 -0.6087614290087285 0.7933533402912293
    outer loop
      vertex -25.6 -6.591214978120083 31.302207768974775
      vertex 25.6 -6.591214978120083 31.302207768974775
      vertex 25.6 -6.466684279623522 31.397763534763058
    endloop
  endfacet
  facet normal 0 -0.49999999999999656 0.8660254037844405
    outer loop
      vertex -25.6 -6.330746428262802 31.47624728983923
      vertex 25.6 -6.466684279623522 31.397763534763058
      vertex 25.6 -6.330746428262802 31.47624728983923
    endloop
  endfacet
  facet normal 0 -0.38268343236508456 0.923879532511289
    outer loop
      vertex -25.6 -6.330746428262802 31.47624728983923
      vertex 25.6 -6.330746428262802 31.47624728983923
      vertex 25.6 -6.185727358363794 31.53631615539413
    endloop
  endfacet
  facet normal 0 -0.258819045102517 0.9659258262890693
    outer loop
      vertex -25.6 -6.034108386419354 31.576942336483878
      vertex 25.6 -6.185727358363794 31.53631615539413
      vertex 25.6 -6.034108386419354 31.576942336483878
    endloop
  endfacet
  facet normal 0 -0.13052619222004622 0.991444861373811
    outer loop
      vertex -25.6 -6.034108386419354 31.576942336483878
      vertex 25.6 -6.034108386419354 31.576942336483878
      vertex 25.6 -5.8784837550761715 31.597430707886325
    endloop
  endfacet
  facet normal 0 0 1
    outer loop
      vertex -25.6 -5.8784837550761715 31.597430707886325
      vertex 25.6 -5.8784837550761715 31.597430707886325
      vertex 25.66226534924828 -5.847777882894141 31.597430707886325
    endloop
  endfacet
  facet normal 0 -1 0
    outer loop
      vertex 25.6 -6.997430707886324 30.478483755076173
      vertex 23.8 -6.997430707886324 29.6
      vertex 23.8 -6.997430707886324 2
    endloop
  endfacet
  facet normal 0.06540312923014552 -0.9978589232386034 0
    outer loop
      vertex 25.756296070747766 -6.9871865221851 1.1215162449238285
      vertex 25.756296070747766 -6.9871865221851 30.478483755076173
      vertex 25.6 -6.997430707886324 30.478483755076173
    endloop
  endfacet
  facet normal 0.19509032201612683 -0.9807852804032308 0
    outer loop
      vertex 25.756296070747766 -6.9871865221851 1.1215162449238285
      vertex 25.909917872391574 -6.956629245939002 30.478483755076173
      vertex 25.756296070747766 -6.9871865221851 30.478483755076173
    endloop
  endfacet
  facet normal 0.32143946530316386 -0.9469301294951048 0
    outer loop
      vertex 25.909917872391574 -6.956629245939002 1.1215162449238285
      vertex 26.0582368933133 -6.906281722616676 30.478483755076173
      vertex 25.909917872391574 -6.956629245939002 30.478483755076173
    endloop
  endfacet
  facet normal 0.4422886902189958 -0.8968727415326911 0
    outer loop
      vertex 26.198715353943165 -6.83700541230114 1.1215162449238285
      vertex 26.198715353943165 -6.83700541230114 30.478483755076173
      vertex 26.0582368933133 -6.906281722616676 30.478483755076173
    endloop
  endfacet
  facet normal 0.5555702330196076 -0.8314696123025416 0
    outer loop
      vertex 26.198715353943165 -6.83700541230114 1.1215162449238285
      vertex 26.328949628871804 -6.749985651868913 30.478483755076173
      vertex 26.198715353943165 -6.83700541230114 30.478483755076173
    endloop
  endfacet
  facet normal 0.6593458151000663 -0.7518398074789798 0
    outer loop
      vertex 26.44671137354743 -6.6467113735474275 1.1215162449238285
      vertex 26.44671137354743 -6.6467113735474275 30.478483755076173
      vertex 26.328949628871804 -6.749985651868913 30.478483755076173
    endloop
  endfacet
  facet normal 0.7518398074789772 -0.659345815100069 0
    outer loop
      vertex 26.549985651868916 -6.5289496288718025 1.1215162449238285
      vertex 26.549985651868916 -6.5289496288718025 30.478483755076173
      vertex 26.44671137354743 -6.6467113735474275 30.478483755076173
    endloop
  endfacet
  facet normal 0.8314696123025433 -0.5555702330196051 0
    outer loop
      vertex 26.549985651868916 -6.5289496288718025 1.1215162449238285
      vertex 26.637005412301143 -6.398715353943162 30.478483755076173
      vertex 26.549985651868916 -6.5289496288718025 30.478483755076173
    endloop
  endfacet
  facet normal 0.8968727415326955 -0.4422886902189866 0
    outer loop
      vertex 26.706281722616676 -6.258236893313297 1.1215162449238285
      vertex 26.706281722616676 -6.258236893313297 30.478483755076173
      vertex 26.637005412301143 -6.398715353943162 30.478483755076173
    endloop
  endfacet
  facet normal 0.9469301294951037 -0.3214394653031673 0
    outer loop
      vertex 26.706281722616676 -6.258236893313297 1.1215162449238285
      vertex 26.756629245939003 -6.1099178723915735 30.478483755076173
      vertex 26.706281722616676 -6.258236893313297 30.478483755076173
    endloop
  endfacet
  facet normal 0.9807852804032292 -0.19509032201613447 0
    outer loop
      vertex 26.756629245939003 -6.1099178723915735 1.1215162449238285
      vertex 26.787186522185102 -5.956296070747762 30.478483755076173
      vertex 26.756629245939003 -6.1099178723915735 30.478483755076173
    endloop
  endfacet
  facet normal 0.9978589232386044 -0.06540312923012931 0
    outer loop
      vertex 26.797430707886324 -5.8 1.1215162449238285
      vertex 26.797430707886324 -5.8 30.478483755076173
      vertex 26.787186522185102 -5.956296070747762 30.478483755076173
    endloop
  endfacet
  facet normal 0 -1 0
    outer loop
      vertex 23.8 -6.997430707886324 29.6
      vertex 22.3 -6.997430707886324 29.650000000000002
      vertex 22.3 -6.997430707886324 29.6
    endloop
  endfacet
  facet normal 0 -1 0
    outer loop
      vertex 25.6 -6.997430707886324 30.478483755076173
      vertex 22.3 -6.997430707886324 29.650000000000002
      vertex 23.8 -6.997430707886324 29.6
    endloop
  endfacet
  facet normal 0.064845959335909 -0.9893581533630919 0.13025147189870184
    outer loop
      vertex 25.6 -6.997430707886324 30.478483755076173
      vertex 25.756296070747766 -6.9871865221851 30.478483755076173
      vertex 25.753621801643813 -6.966873431640225 30.634108386419356
    endloop
  endfacet
  facet normal 0.06484595933590648 -0.9893581533630916 0.13025147189870429
    outer loop
      vertex 25.6 -6.997430707886324 30.478483755076173
      vertex 25.753621801643813 -6.966873431640225 30.634108386419356
      vertex 25.6 -6.9769423364838765 30.634108386419356
    endloop
  endfacet
  facet normal 0.19342834566478448 -0.9724299610571481 0.13025147189870237
    outer loop
      vertex 25.756296070747766 -6.9871865221851 30.478483755076173
      vertex 25.909917872391574 -6.956629245939002 30.478483755076173
      vertex 25.753621801643813 -6.966873431640225 30.634108386419356
    endloop
  endfacet
  facet normal 0.19342834566479009 -0.972429961057146 0.13025147189870814
    outer loop
      vertex 25.909917872391574 -6.956629245939002 30.478483755076173
      vertex 25.904615091669488 -6.9368389988627746 30.634108386419356
      vertex 25.753621801643813 -6.966873431640225 30.634108386419356
    endloop
  endfacet
  facet normal 0.3187011193708725 -0.9388632225089941 0.13025147189870726
    outer loop
      vertex 25.909917872391574 -6.956629245939002 30.478483755076173
      vertex 26.05039633302144 -6.887352935623465 30.634108386419356
      vertex 25.904615091669488 -6.9368389988627746 30.634108386419356
    endloop
  endfacet
  facet normal 0.31870111937087375 -0.938863222508994 0.13025147189870598
    outer loop
      vertex 25.909917872391574 -6.956629245939002 30.478483755076173
      vertex 26.0582368933133 -6.906281722616676 30.478483755076173
      vertex 26.05039633302144 -6.887352935623465 30.634108386419356
    endloop
  endfacet
  facet normal 0.4385208285638725 -0.8892322739216537 0.13025147189870706
    outer loop
      vertex 26.0582368933133 -6.906281722616676 30.478483755076173
      vertex 26.198715353943165 -6.83700541230114 30.478483755076173
      vertex 26.05039633302144 -6.887352935623465 30.634108386419356
    endloop
  endfacet
  facet normal 0.4385208285638757 -0.8892322739216516 0.13025147189871086
    outer loop
      vertex 26.198715353943165 -6.83700541230114 30.478483755076173
      vertex 26.18847116824194 -6.8192619621844495 30.634108386419356
      vertex 26.05039633302144 -6.887352935623465 30.634108386419356
    endloop
  endfacet
  facet normal 0.5508373247992079 -0.8243863145857476 0.13025147189871172
    outer loop
      vertex 26.198715353943165 -6.83700541230114 30.478483755076173
      vertex 26.31647709861879 -6.733731133979654 30.634108386419356
      vertex 26.18847116824194 -6.8192619621844495 30.634108386419356
    endloop
  endfacet
  facet normal 0.5508373247992194 -0.8243863145857417 0.13025147189869898
    outer loop
      vertex 26.198715353943165 -6.83700541230114 30.478483755076173
      vertex 26.328949628871804 -6.749985651868913 30.478483755076173
      vertex 26.31647709861879 -6.733731133979654 30.634108386419356
    endloop
  endfacet
  facet normal 0.6537288416862738 -0.7454348768442121 0.13025147189869776
    outer loop
      vertex 26.328949628871804 -6.749985651868913 30.478483755076173
      vertex 26.44671137354743 -6.6467113735474275 30.478483755076173
      vertex 26.31647709861879 -6.733731133979654 30.634108386419356
    endloop
  endfacet
  facet normal 0.65372884168628 -0.7454348768442048 0.13025147189870698
    outer loop
      vertex 26.44671137354743 -6.6467113735474275 30.478483755076173
      vertex 26.43222390719329 -6.632223907193288 30.634108386419356
      vertex 26.31647709861879 -6.733731133979654 30.634108386419356
    endloop
  endfacet
  facet normal 0.7454348768442043 -0.6537288416862808 0.13025147189870753
    outer loop
      vertex 26.44671137354743 -6.6467113735474275 30.478483755076173
      vertex 26.533731133979657 -6.516477098618787 30.634108386419356
      vertex 26.43222390719329 -6.632223907193288 30.634108386419356
    endloop
  endfacet
  facet normal 0.7454348768442093 -0.6537288416862763 0.13025147189870093
    outer loop
      vertex 26.44671137354743 -6.6467113735474275 30.478483755076173
      vertex 26.549985651868916 -6.5289496288718025 30.478483755076173
      vertex 26.533731133979657 -6.516477098618787 30.634108386419356
    endloop
  endfacet
  facet normal 0.06318362469879242 -0.9639958278814482 0.25830190358780475
    outer loop
      vertex 25.6 -6.9769423364838765 30.634108386419356
      vertex 25.753621801643813 -6.966873431640225 30.634108386419356
      vertex 25.748319020921727 -6.926594813161551 30.785727358363797
    endloop
  endfacet
  facet normal 0.0631836246987913 -0.963995827881448 0.2583019035878057
    outer loop
      vertex 25.6 -6.9769423364838765 30.634108386419356
      vertex 25.748319020921727 -6.926594813161551 30.785727358363797
      vertex 25.6 -6.936316155394127 30.785727358363797
    endloop
  endfacet
  facet normal 0.06044354741636679 -0.9221903271536541 0.38198374059632695
    outer loop
      vertex 25.6 -6.936316155394127 30.785727358363797
      vertex 25.748319020921727 -6.926594813161551 30.785727358363797
      vertex 25.6 -6.876247289839226 30.930746428262804
    endloop
  endfacet
  facet normal 0.18846978475997536 -0.9475015919962602 0.25830190358780025
    outer loop
      vertex 25.753621801643813 -6.966873431640225 30.634108386419356
      vertex 25.904615091669488 -6.9368389988627746 30.634108386419356
      vertex 25.89410026227368 -6.897597121324689 30.785727358363797
    endloop
  endfacet
  facet normal 0.3105311745502114 -0.9147953411749458 0.25830190358779903
    outer loop
      vertex 25.904615091669488 -6.9368389988627746 30.634108386419356
      vertex 26.05039633302144 -6.887352935623465 30.634108386419356
      vertex 25.89410026227368 -6.897597121324689 30.785727358363797
    endloop
  endfacet
  facet normal 0.18846978475997114 -0.9475015919962598 0.258301903587804
    outer loop
      vertex 25.748319020921727 -6.926594813161551 30.785727358363797
      vertex 25.753621801643813 -6.966873431640225 30.634108386419356
      vertex 25.89410026227368 -6.897597121324689 30.785727358363797
    endloop
  endfacet
  facet normal 0.06044354741636752 -0.9221903271536537 0.3819837405963275
    outer loop
      vertex 25.748319020921727 -6.926594813161551 30.785727358363797
      vertex 25.740478460629866 -6.86703984507859 30.930746428262804
      vertex 25.6 -6.876247289839226 30.930746428262804
    endloop
  endfacet
  facet normal 0.18029643639469267 -0.9064113949765932 0.3819837405963259
    outer loop
      vertex 25.748319020921727 -6.926594813161551 30.785727358363797
      vertex 25.89410026227368 -6.897597121324689 30.785727358363797
      vertex 25.878553295850367 -6.839575052729325 30.930746428262804
    endloop
  endfacet
  facet normal 0.05667108131556214 -0.864633616861436 0.4991964514453565
    outer loop
      vertex 25.6 -6.876247289839226 30.930746428262804
      vertex 25.740478460629866 -6.86703984507859 30.930746428262804
      vertex 25.73023427492864 -6.7892275294069995 31.066684279623523
    endloop
  endfacet
  facet normal 0.05667108131556102 -0.8646336168614358 0.4991964514453574
    outer loop
      vertex 25.6 -6.876247289839226 30.930746428262804
      vertex 25.73023427492864 -6.7892275294069995 31.066684279623523
      vertex 25.6 -6.797763534763054 31.066684279623523
    endloop
  endfacet
  facet normal 0.18029643639468945 -0.9064113949765926 0.3819837405963286
    outer loop
      vertex 25.748319020921727 -6.926594813161551 30.785727358363797
      vertex 25.878553295850367 -6.839575052729325 30.930746428262804
      vertex 25.740478460629866 -6.86703984507859 30.930746428262804
    endloop
  endfacet
  facet normal 0.2970644033586932 -0.8751235125267647 0.3819837405963262
    outer loop
      vertex 25.89410026227368 -6.897597121324689 30.785727358363797
      vertex 26.0118620069493 -6.794322843003203 30.930746428262804
      vertex 25.878553295850367 -6.839575052729325 30.930746428262804
    endloop
  endfacet
  facet normal 0.16904358603318326 -0.8498394959552095 0.49919645144535746
    outer loop
      vertex 25.740478460629866 -6.86703984507859 30.930746428262804
      vertex 25.878553295850367 -6.839575052729325 30.930746428262804
      vertex 25.73023427492864 -6.7892275294069995 31.066684279623523
    endloop
  endfacet
  facet normal 0.27852370812605043 -0.8205043856531653 0.49919645144535674
    outer loop
      vertex 25.878553295850367 -6.839575052729325 30.930746428262804
      vertex 26.0118620069493 -6.794322843003203 30.930746428262804
      vertex 25.981827574171852 -6.721813308053699 31.066684279623523
    endloop
  endfacet
  facet normal 0.1690435860331842 -0.8498394959552089 0.49919645144535824
    outer loop
      vertex 25.73023427492864 -6.7892275294069995 31.066684279623523
      vertex 25.878553295850367 -6.839575052729325 30.930746428262804
      vertex 25.858240205305492 -6.763765566757105 31.066684279623523
    endloop
  endfacet
  facet normal 0.2785237081260487 -0.8205043856531651 0.4991964514453579
    outer loop
      vertex 25.878553295850367 -6.839575052729325 30.930746428262804
      vertex 25.981827574171852 -6.721813308053699 31.066684279623523
      vertex 25.858240205305492 -6.763765566757105 31.066684279623523
    endloop
  endfacet
  facet normal 0.05192896695106208 -0.792282932890607 0.6079400765220643
    outer loop
      vertex 25.6 -6.797763534763054 31.066684279623523
      vertex 25.73023427492864 -6.7892275294069995 31.066684279623523
      vertex 25.6 -6.702207768974773 31.191214978120087
    endloop
  endfacet
  facet normal 0.05192896695106606 -0.7922829328906047 0.6079400765220669
    outer loop
      vertex 25.73023427492864 -6.7892275294069995 31.066684279623523
      vertex 25.717761744675627 -6.694489256441568 31.191214978120087
      vertex 25.6 -6.702207768974773 31.191214978120087
    endloop
  endfacet
  facet normal 0.1548983818312261 -0.7787267522465197 0.607940076522066
    outer loop
      vertex 25.73023427492864 -6.7892275294069995 31.066684279623523
      vertex 25.858240205305492 -6.763765566757105 31.066684279623523
      vertex 25.717761744675627 -6.694489256441568 31.191214978120087
    endloop
  endfacet
  facet normal 0.1548983818312275 -0.7787267522465184 0.6079400765220669
    outer loop
      vertex 25.858240205305492 -6.763765566757105 31.066684279623523
      vertex 25.833508553250127 -6.6714657847313745 31.191214978120087
      vertex 25.717761744675627 -6.694489256441568 31.191214978120087
    endloop
  endfacet
  facet normal 0.25521744245231864 -0.7518463409676509 0.6079400765220632
    outer loop
      vertex 25.858240205305492 -6.763765566757105 31.066684279623523
      vertex 25.981827574171852 -6.721813308053699 31.066684279623523
      vertex 25.94525996573772 -6.633531291828464 31.191214978120087
    endloop
  endfacet
  facet normal 0.2552174424523099 -0.7518463409676499 0.6079400765220683
    outer loop
      vertex 25.858240205305492 -6.763765566757105 31.066684279623523
      vertex 25.94525996573772 -6.633531291828464 31.191214978120087
      vertex 25.833508553250127 -6.6714657847313745 31.191214978120087
    endloop
  endfacet
  facet normal 0.0462965318461412 -0.7063485793639692 0.7063485793639862
    outer loop
      vertex 25.6 -6.702207768974773 31.191214978120087
      vertex 25.703274278321487 -6.584446024299147 31.302207768974775
      vertex 25.6 -6.591214978120083 31.302207768974775
    endloop
  endfacet
  facet normal 0.04629653184614119 -0.7063485793639692 0.7063485793639862
    outer loop
      vertex 25.6 -6.702207768974773 31.191214978120087
      vertex 25.717761744675627 -6.694489256441568 31.191214978120087
      vertex 25.703274278321487 -6.584446024299147 31.302207768974775
    endloop
  endfacet
  facet normal 0.13809744904270088 -0.6942627593342282 0.7063485793639867
    outer loop
      vertex 25.717761744675627 -6.694489256441568 31.191214978120087
      vertex 25.804781505107854 -6.564254981512928 31.302207768974775
      vertex 25.703274278321487 -6.584446024299147 31.302207768974775
    endloop
  endfacet
  facet normal 0.13809744904270546 -0.6942627593342294 0.7063485793639844
    outer loop
      vertex 25.717761744675627 -6.694489256441568 31.191214978120087
      vertex 25.833508553250127 -6.6714657847313745 31.191214978120087
      vertex 25.804781505107854 -6.564254981512928 31.302207768974775
    endloop
  endfacet
  facet normal 0.22753548059830142 -0.6702979110062794 0.7063485793639837
    outer loop
      vertex 25.833508553250127 -6.6714657847313745 31.191214978120087
      vertex 25.94525996573772 -6.633531291828464 31.191214978120087
      vertex 25.804781505107854 -6.564254981512928 31.302207768974775
    endloop
  endfacet
  facet normal 0.22753548059830792 -0.6702979110062729 0.7063485793639878
    outer loop
      vertex 25.94525996573772 -6.633531291828464 31.191214978120087
      vertex 25.902784863565664 -6.53098732410151 31.302207768974775
      vertex 25.804781505107854 -6.564254981512928 31.302207768974775
    endloop
  endfacet
  facet normal 0.310531174550216 -0.9147953411749429 0.25830190358780397
    outer loop
      vertex 25.89410026227368 -6.897597121324689 30.785727358363797
      vertex 26.05039633302144 -6.887352935623465 30.634108386419356
      vertex 26.034849366598127 -6.849819238430548 30.785727358363797
    endloop
  endfacet
  facet normal 0.29706440335869344 -0.8751235125267646 0.3819837405963258
    outer loop
      vertex 25.89410026227368 -6.897597121324689 30.785727358363797
      vertex 26.034849366598127 -6.849819238430548 30.785727358363797
      vertex 26.0118620069493 -6.794322843003203 30.930746428262804
    endloop
  endfacet
  facet normal 0.4272792898483858 -0.8664366884369427 0.25830190358780436
    outer loop
      vertex 26.05039633302144 -6.887352935623465 30.634108386419356
      vertex 26.168158077697065 -6.784078657301979 30.785727358363797
      vertex 26.034849366598127 -6.849819238430548 30.785727358363797
    endloop
  endfacet
  facet normal 0.42727928984838603 -0.8664366884369427 0.25830190358780425
    outer loop
      vertex 26.05039633302144 -6.887352935623465 30.634108386419356
      vertex 26.18847116824194 -6.8192619621844495 30.634108386419356
      vertex 26.168158077697065 -6.784078657301979 30.785727358363797
    endloop
  endfacet
  facet normal 0.4087495160194013 -0.828862024147532 0.381983740596326
    outer loop
      vertex 26.034849366598127 -6.849819238430548 30.785727358363797
      vertex 26.168158077697065 -6.784078657301979 30.785727358363797
      vertex 26.0118620069493 -6.794322843003203 30.930746428262804
    endloop
  endfacet
  facet normal 0.5367165380330551 -0.8032530637381528 0.2583019035878041
    outer loop
      vertex 26.168158077697065 -6.784078657301979 30.785727358363797
      vertex 26.18847116824194 -6.8192619621844495 30.634108386419356
      vertex 26.31647709861879 -6.733731133979654 30.634108386419356
    endloop
  endfacet
  facet normal 0.5367165380330596 -0.8032530637381478 0.25830190358781013
    outer loop
      vertex 26.168158077697065 -6.784078657301979 30.785727358363797
      vertex 26.31647709861879 -6.733731133979654 30.634108386419356
      vertex 26.291745446563425 -6.7015002175088245 30.785727358363797
    endloop
  endfacet
  facet normal 0.5134408111342517 -0.7684184767311635 0.3819837405963243
    outer loop
      vertex 26.168158077697065 -6.784078657301979 30.785727358363797
      vertex 26.291745446563425 -6.7015002175088245 30.785727358363797
      vertex 26.255177838129292 -6.653844382373339 30.930746428262804
    endloop
  endfacet
  facet normal 0.6369704174460522 -0.7263255564149694 0.2583019035878116
    outer loop
      vertex 26.31647709861879 -6.733731133979654 30.634108386419356
      vertex 26.403496859051014 -6.603496859051013 30.785727358363797
      vertex 26.291745446563425 -6.7015002175088245 30.785727358363797
    endloop
  endfacet
  facet normal 0.38323821235150773 -0.7771302178258067 0.4991964514453553
    outer loop
      vertex 26.0118620069493 -6.794322843003203 30.930746428262804
      vertex 26.138123644919613 -6.732057493754923 30.930746428262804
      vertex 25.981827574171852 -6.721813308053699 31.066684279623523
    endloop
  endfacet
  facet normal 0.4087495160194031 -0.8288620241475302 0.38198374059632806
    outer loop
      vertex 26.168158077697065 -6.784078657301979 30.785727358363797
      vertex 26.138123644919613 -6.732057493754923 30.930746428262804
      vertex 26.0118620069493 -6.794322843003203 30.930746428262804
    endloop
  endfacet
  facet normal 0.48139540450992485 -0.720459136510247 0.4991964514453557
    outer loop
      vertex 26.138123644919613 -6.732057493754923 30.930746428262804
      vertex 26.255177838129292 -6.653844382373339 30.930746428262804
      vertex 26.098881767381528 -6.664088568074563 31.066684279623523
    endloop
  endfacet
  facet normal 0.38323821235150823 -0.7771302178258062 0.4991964514453558
    outer loop
      vertex 26.138123644919613 -6.732057493754923 30.930746428262804
      vertex 26.098881767381528 -6.664088568074563 31.066684279623523
      vertex 25.981827574171852 -6.721813308053699 31.066684279623523
    endloop
  endfacet
  facet normal 0.5134408111342458 -0.768418476731165 0.3819837405963291
    outer loop
      vertex 26.168158077697065 -6.784078657301979 30.785727358363797
      vertex 26.255177838129292 -6.653844382373339 30.930746428262804
      vertex 26.138123644919613 -6.732057493754923 30.930746428262804
    endloop
  endfacet
  facet normal 0.60934699161791 -0.6948270761320726 0.38198374059632123
    outer loop
      vertex 26.291745446563425 -6.7015002175088245 30.785727358363797
      vertex 26.403496859051014 -6.603496859051013 30.785727358363797
      vertex 26.361021756878962 -6.56102175687896 30.930746428262804
    endloop
  endfacet
  facet normal 0.6093469916179073 -0.6948270761320737 0.38198374059632356
    outer loop
      vertex 26.291745446563425 -6.7015002175088245 30.785727358363797
      vertex 26.361021756878962 -6.56102175687896 30.930746428262804
      vertex 26.255177838129292 -6.653844382373339 30.930746428262804
    endloop
  endfacet
  facet normal 0.4813954045099288 -0.7204591365102407 0.4991964514453606
    outer loop
      vertex 26.098881767381528 -6.664088568074563 31.066684279623523
      vertex 26.255177838129292 -6.653844382373339 30.930746428262804
      vertex 26.20739995523515 -6.5915790331250586 31.066684279623523
    endloop
  endfacet
  facet normal 0.5713157878291668 -0.6514607996199817 0.4991964514453529
    outer loop
      vertex 26.255177838129292 -6.653844382373339 30.930746428262804
      vertex 26.361021756878962 -6.56102175687896 30.930746428262804
      vertex 26.30552536145162 -6.505525361451615 31.066684279623523
    endloop
  endfacet
  facet normal 0.5713157878291552 -0.6514607996199854 0.4991964514453614
    outer loop
      vertex 26.255177838129292 -6.653844382373339 30.930746428262804
      vertex 26.30552536145162 -6.505525361451615 31.066684279623523
      vertex 26.20739995523515 -6.5915790331250586 31.066684279623523
    endloop
  endfacet
  facet normal 0.6369704174460532 -0.726325556414969 0.2583019035878106
    outer loop
      vertex 26.31647709861879 -6.733731133979654 30.634108386419356
      vertex 26.43222390719329 -6.632223907193288 30.634108386419356
      vertex 26.403496859051014 -6.603496859051013 30.785727358363797
    endloop
  endfacet
  facet normal 0.7263255564149638 -0.6369704174460588 0.2583019035878112
    outer loop
      vertex 26.43222390719329 -6.632223907193288 30.634108386419356
      vertex 26.501500217508827 -6.491745446563424 30.785727358363797
      vertex 26.403496859051014 -6.603496859051013 30.785727358363797
    endloop
  endfacet
  facet normal 0.35116966187340126 -0.7121016303436397 0.6079400765220627
    outer loop
      vertex 25.94525996573772 -6.633531291828464 31.191214978120087
      vertex 25.981827574171852 -6.721813308053699 31.066684279623523
      vertex 26.098881767381528 -6.664088568074563 31.066684279623523
    endloop
  endfacet
  facet normal 0.3511696618734013 -0.7121016303436396 0.6079400765220627
    outer loop
      vertex 25.94525996573772 -6.633531291828464 31.191214978120087
      vertex 26.098881767381528 -6.664088568074563 31.066684279623523
      vertex 26.05110388448739 -6.581334847423835 31.191214978120087
    endloop
  endfacet
  facet normal 0.4411132710172093 -0.6601726633925765 0.6079400765220615
    outer loop
      vertex 26.098881767381528 -6.664088568074563 31.066684279623523
      vertex 26.20739995523515 -6.5915790331250586 31.066684279623523
      vertex 26.05110388448739 -6.581334847423835 31.191214978120087
    endloop
  endfacet
  facet normal 0.441113271017211 -0.6601726633925736 0.6079400765220634
    outer loop
      vertex 26.20739995523515 -6.5915790331250586 31.066684279623523
      vertex 26.149229290703854 -6.515769547152839 31.191214978120087
      vertex 26.05110388448739 -6.581334847423835 31.191214978120087
    endloop
  endfacet
  facet normal 0.3130803169961131 -0.6348640795793135 0.7063485793639883
    outer loop
      vertex 25.94525996573772 -6.633531291828464 31.191214978120087
      vertex 26.05110388448739 -6.581334847423835 31.191214978120087
      vertex 25.902784863565664 -6.53098732410151 31.302207768974775
    endloop
  endfacet
  facet normal 0.8243863145857433 -0.5508373247992168 0.1302514718987005
    outer loop
      vertex 26.549985651868916 -6.5289496288718025 30.478483755076173
      vertex 26.637005412301143 -6.398715353943162 30.478483755076173
      vertex 26.533731133979657 -6.516477098618787 30.634108386419356
    endloop
  endfacet
  facet normal 0.824386314585745 -0.5508373247992137 0.13025147189870395
    outer loop
      vertex 26.637005412301143 -6.398715353943162 30.478483755076173
      vertex 26.619261962184453 -6.388471168241938 30.634108386419356
      vertex 26.533731133979657 -6.516477098618787 30.634108386419356
    endloop
  endfacet
  facet normal 0.8892322739216582 -0.43852082856386465 0.1302514718987033
    outer loop
      vertex 26.637005412301143 -6.398715353943162 30.478483755076173
      vertex 26.687352935623466 -6.250396333021438 30.634108386419356
      vertex 26.619261962184453 -6.388471168241938 30.634108386419356
    endloop
  endfacet
  facet normal 0.8892322739216588 -0.43852082856386376 0.1302514718987022
    outer loop
      vertex 26.637005412301143 -6.398715353943162 30.478483755076173
      vertex 26.706281722616676 -6.258236893313297 30.478483755076173
      vertex 26.687352935623466 -6.250396333021438 30.634108386419356
    endloop
  endfacet
  facet normal 0.9388632225089931 -0.3187011193708773 0.13025147189870243
    outer loop
      vertex 26.706281722616676 -6.258236893313297 30.478483755076173
      vertex 26.756629245939003 -6.1099178723915735 30.478483755076173
      vertex 26.687352935623466 -6.250396333021438 30.634108386419356
    endloop
  endfacet
  facet normal 0.9388632225089935 -0.31870111937087603 0.13025147189870376
    outer loop
      vertex 26.687352935623466 -6.250396333021438 30.634108386419356
      vertex 26.756629245939003 -6.1099178723915735 30.478483755076173
      vertex 26.736838998862776 -6.104615091669486 30.634108386419356
    endloop
  endfacet
  facet normal 0.03986860856678374 -0.6082774216426128 0.7927225696110612
    outer loop
      vertex 25.6 -6.591214978120083 31.302207768974775
      vertex 25.703274278321487 -6.584446024299147 31.302207768974775
      vertex 25.68701976043223 -6.460980703191442 31.397763534763058
    endloop
  endfacet
  facet normal 0.11892366275409706 -0.5978696263119463 0.792722569611061
    outer loop
      vertex 25.703274278321487 -6.584446024299147 31.302207768974775
      vertex 25.804781505107854 -6.564254981512928 31.302207768974775
      vertex 25.68701976043223 -6.460980703191442 31.397763534763058
    endloop
  endfacet
  facet normal 0.19594390009983143 -0.5772321159143018 0.7927225696110622
    outer loop
      vertex 25.804781505107854 -6.564254981512928 31.302207768974775
      vertex 25.902784863565664 -6.53098732410151 31.302207768974775
      vertex 25.772550588637024 -6.4439675636692835 31.397763534763058
    endloop
  endfacet
  facet normal 0.26961148298893645 -0.5467180039743919 0.7927225696110609
    outer loop
      vertex 25.902784863565664 -6.53098732410151 31.302207768974775
      vertex 25.995607489060042 -6.48521227090674 31.302207768974775
      vertex 25.933342139811764 -6.377365522457699 31.397763534763058
    endloop
  endfacet
  facet normal 0.03986860856677926 -0.6082774216426109 0.7927225696110628
    outer loop
      vertex 25.6 -6.591214978120083 31.302207768974775
      vertex 25.68701976043223 -6.460980703191442 31.397763534763058
      vertex 25.6 -6.466684279623522 31.397763534763058
    endloop
  endfacet
  facet normal 0.11892366275409971 -0.5978696263119444 0.792722569611062
    outer loop
      vertex 25.804781505107854 -6.564254981512928 31.302207768974775
      vertex 25.772550588637024 -6.4439675636692835 31.397763534763058
      vertex 25.68701976043223 -6.460980703191442 31.397763534763058
    endloop
  endfacet
  facet normal 0.19594390009983267 -0.5772321159143006 0.7927225696110628
    outer loop
      vertex 25.902784863565664 -6.53098732410151 31.302207768974775
      vertex 25.855129028430177 -6.415935960591204 31.397763534763058
      vertex 25.772550588637024 -6.4439675636692835 31.397763534763058
    endloop
  endfacet
  facet normal 0.03275414737352852 -0.49973171948301914 0.8655607282983547
    outer loop
      vertex 25.6 -6.466684279623522 31.397763534763058
      vertex 25.68701976043223 -6.460980703191442 31.397763534763058
      vertex 25.6 -6.330746428262802 31.47624728983923
    endloop
  endfacet
  facet normal 0.09770200957786405 -0.4911811712108563 0.8655607282983548
    outer loop
      vertex 25.68701976043223 -6.460980703191442 31.397763534763058
      vertex 25.772550588637024 -6.4439675636692835 31.397763534763058
      vertex 25.66927631031554 -6.3262058189936585 31.47624728983923
    endloop
  endfacet
  facet normal 0.032754147373529004 -0.49973171948301887 0.8655607282983548
    outer loop
      vertex 25.68701976043223 -6.460980703191442 31.397763534763058
      vertex 25.66927631031554 -6.3262058189936585 31.47624728983923
      vertex 25.6 -6.330746428262802 31.47624728983923
    endloop
  endfacet
  facet normal 0.09770200957786475 -0.4911811712108559 0.865560728298355
    outer loop
      vertex 25.772550588637024 -6.4439675636692835 31.397763534763058
      vertex 25.737367283754555 -6.312661682269718 31.47624728983923
      vertex 25.66927631031554 -6.3262058189936585 31.47624728983923
    endloop
  endfacet
  facet normal 0.26961148298892984 -0.5467180039743919 0.7927225696110631
    outer loop
      vertex 25.902784863565664 -6.53098732410151 31.302207768974775
      vertex 25.933342139811764 -6.377365522457699 31.397763534763058
      vertex 25.855129028430177 -6.415935960591204 31.397763534763058
    endloop
  endfacet
  facet normal 0.1609781633102111 -0.4742263769181263 0.8655607282983547
    outer loop
      vertex 25.772550588637024 -6.4439675636692835 31.397763534763058
      vertex 25.855129028430177 -6.415935960591204 31.397763534763058
      vertex 25.737367283754555 -6.312661682269718 31.47624728983923
    endloop
  endfacet
  facet normal 0.22149993603672838 -0.44915743783593914 0.8655607282983556
    outer loop
      vertex 25.855129028430177 -6.415935960591204 31.397763534763058
      vertex 25.933342139811764 -6.377365522457699 31.397763534763058
      vertex 25.80310786488312 -6.290345762025472 31.47624728983923
    endloop
  endfacet
  facet normal 0.025074511037769105 -0.3825631109612439 0.9235890509462916
    outer loop
      vertex 25.6 -6.330746428262802 31.47624728983923
      vertex 25.66927631031554 -6.3262058189936585 31.47624728983923
      vertex 25.650347523322328 -6.182427407341078 31.53631615539413
    endloop
  endfacet
  facet normal 0.025074511037767148 -0.3825631109612434 0.9235890509462918
    outer loop
      vertex 25.6 -6.330746428262802 31.47624728983923
      vertex 25.650347523322328 -6.182427407341078 31.53631615539413
      vertex 25.6 -6.185727358363794 31.53631615539413
    endloop
  endfacet
  facet normal 0.0747945012774865 -0.3760173500661642 0.9235890509462916
    outer loop
      vertex 25.66927631031554 -6.3262058189936585 31.47624728983923
      vertex 25.737367283754555 -6.312661682269718 31.47624728983923
      vertex 25.650347523322328 -6.182427407341078 31.53631615539413
    endloop
  endfacet
  facet normal 0.16097816331021372 -0.4742263769181239 0.8655607282983555
    outer loop
      vertex 25.855129028430177 -6.415935960591204 31.397763534763058
      vertex 25.80310786488312 -6.290345762025472 31.47624728983923
      vertex 25.737367283754555 -6.312661682269718 31.47624728983923
    endloop
  endfacet
  facet normal 0.2214999360367305 -0.44915743783593676 0.8655607282983563
    outer loop
      vertex 25.933342139811764 -6.377365522457699 31.397763534763058
      vertex 25.865373214131402 -6.259639889843441 31.47624728983923
      vertex 25.80310786488312 -6.290345762025472 31.47624728983923
    endloop
  endfacet
  facet normal 0.27823178344628796 -0.4164032904624057 0.8655607282983553
    outer loop
      vertex 25.933342139811764 -6.377365522457699 31.397763534763058
      vertex 26.005851674761267 -6.328916200158977 31.397763534763058
      vertex 25.92309795411054 -6.221069451709936 31.47624728983923
    endloop
  endfacet
  facet normal 0.2782317834462831 -0.41640329046240654 0.8655607282983564
    outer loop
      vertex 25.933342139811764 -6.377365522457699 31.397763534763058
      vertex 25.92309795411054 -6.221069451709936 31.47624728983923
      vertex 25.865373214131402 -6.259639889843441 31.47624728983923
    endloop
  endfacet
  facet normal 0.1232347368633967 -0.3630378280597452 0.923589050946292
    outer loop
      vertex 25.737367283754555 -6.312661682269718 31.47624728983923
      vertex 25.80310786488312 -6.290345762025472 31.47624728983923
      vertex 25.747611469455777 -6.156365611521955 31.53631615539413
    endloop
  endfacet
  facet normal 0.07479450127748939 -0.3760173500661626 0.9235890509462922
    outer loop
      vertex 25.737367283754555 -6.312661682269718 31.47624728983923
      vertex 25.699833586561635 -6.172584017349847 31.53631615539413
      vertex 25.650347523322328 -6.182427407341078 31.53631615539413
    endloop
  endfacet
  facet normal 0.12323473686339359 -0.3630378280597451 0.9235890509462923
    outer loop
      vertex 25.737367283754555 -6.312661682269718 31.47624728983923
      vertex 25.747611469455777 -6.156365611521955 31.53631615539413
      vertex 25.699833586561635 -6.172584017349847 31.53631615539413
    endloop
  endfacet
  facet normal 0.016961456102910867 -0.25878181247038784 0.9657868722142635
    outer loop
      vertex 25.6 -6.185727358363794 31.53631615539413
      vertex 25.650347523322328 -6.182427407341078 31.53631615539413
      vertex 25.6 -6.034108386419354 31.576942336483878
    endloop
  endfacet
  facet normal 0.05059415309221552 -0.25435398391114494 0.9657868722142636
    outer loop
      vertex 25.650347523322328 -6.182427407341078 31.53631615539413
      vertex 25.699833586561635 -6.172584017349847 31.53631615539413
      vertex 25.6305572762461 -6.032105556719983 31.576942336483878
    endloop
  endfacet
  facet normal 0.1695663919344391 -0.34384662816212846 0.9235890509462914
    outer loop
      vertex 25.80310786488312 -6.290345762025472 31.47624728983923
      vertex 25.865373214131402 -6.259639889843441 31.47624728983923
      vertex 25.7928636791819 -6.134049691277709 31.53631615539413
    endloop
  endfacet
  facet normal 0.16956639193443654 -0.3438466281621287 0.9235890509462917
    outer loop
      vertex 25.80310786488312 -6.290345762025472 31.47624728983923
      vertex 25.7928636791819 -6.134049691277709 31.53631615539413
      vertex 25.747611469455777 -6.156365611521955 31.53631615539413
    endloop
  endfacet
  facet normal 0.21299671902680353 -0.3187721171243584 0.9235890509462914
    outer loop
      vertex 25.865373214131402 -6.259639889843441 31.47624728983923
      vertex 25.92309795411054 -6.221069451709936 31.47624728983923
      vertex 25.7928636791819 -6.134049691277709 31.53631615539413
    endloop
  endfacet
  facet normal 0.21299671902680478 -0.3187721171243568 0.9235890509462916
    outer loop
      vertex 25.92309795411054 -6.221069451709936 31.47624728983923
      vertex 25.834815937885303 -6.10601808819963 31.53631615539413
      vertex 25.7928636791819 -6.134049691277709 31.53631615539413
    endloop
  endfacet
  facet normal 0.2527826132027721 -0.28824332678226194 0.9235890509462917
    outer loop
      vertex 25.92309795411054 -6.221069451709936 31.47624728983923
      vertex 25.975294398515167 -6.175294398515167 31.47624728983923
      vertex 25.834815937885303 -6.10601808819963 31.53631615539413
    endloop
  endfacet
  facet normal 0.28824332678225806 -0.2527826132027736 0.9235890509462924
    outer loop
      vertex 25.975294398515167 -6.175294398515167 31.47624728983923
      vertex 26.021069451709938 -6.123097954110538 31.47624728983923
      vertex 25.872750430788212 -6.072750430788212 31.53631615539413
    endloop
  endfacet
  facet normal 0.6514607996199816 -0.5713157878291673 0.4991964514453526
    outer loop
      vertex 26.361021756878962 -6.56102175687896 30.930746428262804
      vertex 26.391579033125062 -6.4073999552351495 31.066684279623523
      vertex 26.30552536145162 -6.505525361451615 31.066684279623523
    endloop
  endfacet
  facet normal 0.7263255564149693 -0.636970417446055 0.2583019035878051
    outer loop
      vertex 26.43222390719329 -6.632223907193288 30.634108386419356
      vertex 26.533731133979657 -6.516477098618787 30.634108386419356
      vertex 26.501500217508827 -6.491745446563424 30.785727358363797
    endloop
  endfacet
  facet normal 0.6948270761320674 -0.6093469916179164 0.38198374059632056
    outer loop
      vertex 26.361021756878962 -6.56102175687896 30.930746428262804
      vertex 26.403496859051014 -6.603496859051013 30.785727358363797
      vertex 26.501500217508827 -6.491745446563424 30.785727358363797
    endloop
  endfacet
  facet normal 0.803253063738149 -0.5367165380330602 0.25830190358780575
    outer loop
      vertex 26.533731133979657 -6.516477098618787 30.634108386419356
      vertex 26.619261962184453 -6.388471168241938 30.634108386419356
      vertex 26.501500217508827 -6.491745446563424 30.785727358363797
    endloop
  endfacet
  facet normal 0.6948270761320735 -0.6093469916179013 0.3819837405963337
    outer loop
      vertex 26.361021756878962 -6.56102175687896 30.930746428262804
      vertex 26.501500217508827 -6.491745446563424 30.785727358363797
      vertex 26.45384438237334 -6.4551778381292895 30.930746428262804
    endloop
  endfacet
  facet normal 0.6514607996199859 -0.5713157878291651 0.4991964514453491
    outer loop
      vertex 26.361021756878962 -6.56102175687896 30.930746428262804
      vertex 26.45384438237334 -6.4551778381292895 30.930746428262804
      vertex 26.391579033125062 -6.4073999552351495 31.066684279623523
    endloop
  endfacet
  facet normal 0.8032530637381532 -0.5367165380330479 0.2583019035878173
    outer loop
      vertex 26.501500217508827 -6.491745446563424 30.785727358363797
      vertex 26.619261962184453 -6.388471168241938 30.634108386419356
      vertex 26.58407865730198 -6.368158077697063 30.785727358363797
    endloop
  endfacet
  facet normal 0.7684184767311683 -0.51344081113424 0.38198374059633067
    outer loop
      vertex 26.501500217508827 -6.491745446563424 30.785727358363797
      vertex 26.58407865730198 -6.368158077697063 30.785727358363797
      vertex 26.532057493754923 -6.338123644919612 30.930746428262804
    endloop
  endfacet
  facet normal 0.7684184767311653 -0.5134408111342421 0.3819837405963334
    outer loop
      vertex 26.501500217508827 -6.491745446563424 30.785727358363797
      vertex 26.532057493754923 -6.338123644919612 30.930746428262804
      vertex 26.45384438237334 -6.4551778381292895 30.930746428262804
    endloop
  endfacet
  facet normal 0.7204591365102536 -0.48139540450992574 0.49919645144534514
    outer loop
      vertex 26.45384438237334 -6.4551778381292895 30.930746428262804
      vertex 26.532057493754923 -6.338123644919612 30.930746428262804
      vertex 26.464088568074565 -6.298881767381527 31.066684279623523
    endloop
  endfacet
  facet normal 0.7204591365102492 -0.48139540450992846 0.4991964514453487
    outer loop
      vertex 26.45384438237334 -6.4551778381292895 30.930746428262804
      vertex 26.464088568074565 -6.298881767381527 31.066684279623523
      vertex 26.391579033125062 -6.4073999552351495 31.066684279623523
    endloop
  endfacet
  facet normal 0.31308031699611316 -0.6348640795793135 0.7063485793639883
    outer loop
      vertex 26.05110388448739 -6.581334847423835 31.191214978120087
      vertex 25.995607489060042 -6.48521227090674 31.302207768974775
      vertex 25.902784863565664 -6.53098732410151 31.302207768974775
    endloop
  endfacet
  facet normal 0.3932682623678586 -0.5885675477331734 0.7063485793639878
    outer loop
      vertex 26.05110388448739 -6.581334847423835 31.191214978120087
      vertex 26.149229290703854 -6.515769547152839 31.191214978120087
      vertex 26.081661160733486 -6.427713045780024 31.302207768974775
    endloop
  endfacet
  facet normal 0.3932682623678554 -0.588567547733174 0.7063485793639892
    outer loop
      vertex 26.05110388448739 -6.581334847423835 31.191214978120087
      vertex 26.081661160733486 -6.427713045780024 31.302207768974775
      vertex 25.995607489060042 -6.48521227090674 31.302207768974775
    endloop
  endfacet
  facet normal 0.5235093097941992 -0.5969479591364298 0.6079400765220634
    outer loop
      vertex 26.20739995523515 -6.5915790331250586 31.066684279623523
      vertex 26.30552536145162 -6.505525361451615 31.066684279623523
      vertex 26.149229290703854 -6.515769547152839 31.191214978120087
    endloop
  endfacet
  facet normal 0.5235093097942035 -0.5969479591364197 0.6079400765220696
    outer loop
      vertex 26.30552536145162 -6.505525361451615 31.066684279623523
      vertex 26.23795723148125 -6.437957231481247 31.191214978120087
      vertex 26.149229290703854 -6.515769547152839 31.191214978120087
    endloop
  endfacet
  facet normal 0.3386659386536785 -0.5068493954076106 0.7927225696110605
    outer loop
      vertex 25.933342139811764 -6.377365522457699 31.397763534763058
      vertex 25.995607489060042 -6.48521227090674 31.302207768974775
      vertex 26.081661160733486 -6.427713045780024 31.302207768974775
    endloop
  endfacet
  facet normal 0.4667272787359155 -0.532200461963575 0.7063485793639881
    outer loop
      vertex 26.149229290703854 -6.515769547152839 31.191214978120087
      vertex 26.15947347640508 -6.359473476405076 31.302207768974775
      vertex 26.081661160733486 -6.427713045780024 31.302207768974775
    endloop
  endfacet
  facet normal 0.40192572621211137 -0.4583084531602088 0.7927225696110611
    outer loop
      vertex 26.081661160733486 -6.427713045780024 31.302207768974775
      vertex 26.15947347640508 -6.359473476405076 31.302207768974775
      vertex 26.005851674761267 -6.328916200158977 31.397763534763058
    endloop
  endfacet
  facet normal 0.596947959136419 -0.5235093097942041 0.60794007652207
    outer loop
      vertex 26.30552536145162 -6.505525361451615 31.066684279623523
      vertex 26.391579033125062 -6.4073999552351495 31.066684279623523
      vertex 26.23795723148125 -6.437957231481247 31.191214978120087
    endloop
  endfacet
  facet normal 0.5969479591364206 -0.5235093097941976 0.6079400765220737
    outer loop
      vertex 26.391579033125062 -6.4073999552351495 31.066684279623523
      vertex 26.31576954715284 -6.349229290703852 31.191214978120087
      vertex 26.23795723148125 -6.437957231481247 31.191214978120087
    endloop
  endfacet
  facet normal 0.4667272787359262 -0.5322004619635723 0.7063485793639833
    outer loop
      vertex 26.149229290703854 -6.515769547152839 31.191214978120087
      vertex 26.23795723148125 -6.437957231481247 31.191214978120087
      vertex 26.15947347640508 -6.359473476405076 31.302207768974775
    endloop
  endfacet
  facet normal 0.5322004619635756 -0.466727278735923 0.7063485793639828
    outer loop
      vertex 26.15947347640508 -6.359473476405076 31.302207768974775
      vertex 26.23795723148125 -6.437957231481247 31.191214978120087
      vertex 26.31576954715284 -6.349229290703852 31.191214978120087
    endloop
  endfacet
  facet normal 0.33866593865368 -0.506849395407608 0.7927225696110615
    outer loop
      vertex 25.933342139811764 -6.377365522457699 31.397763534763058
      vertex 26.081661160733486 -6.427713045780024 31.302207768974775
      vertex 26.005851674761267 -6.328916200158977 31.397763534763058
    endloop
  endfacet
  facet normal 0.8664366884369482 -0.4272792898483747 0.2583019035878046
    outer loop
      vertex 26.619261962184453 -6.388471168241938 30.634108386419356
      vertex 26.687352935623466 -6.250396333021438 30.634108386419356
      vertex 26.64981923843055 -6.234849366598127 30.785727358363797
    endloop
  endfacet
  facet normal 0.8664366884369382 -0.4272792898483865 0.25830190358781846
    outer loop
      vertex 26.58407865730198 -6.368158077697063 30.785727358363797
      vertex 26.619261962184453 -6.388471168241938 30.634108386419356
      vertex 26.64981923843055 -6.234849366598127 30.785727358363797
    endloop
  endfacet
  facet normal 0.8288620241475334 -0.4087495160194047 0.3819837405963195
    outer loop
      vertex 26.58407865730198 -6.368158077697063 30.785727358363797
      vertex 26.64981923843055 -6.234849366598127 30.785727358363797
      vertex 26.594322843003205 -6.211862006949301 30.930746428262804
    endloop
  endfacet
  facet normal 0.8288620241475235 -0.4087495160194143 0.3819837405963305
    outer loop
      vertex 26.58407865730198 -6.368158077697063 30.785727358363797
      vertex 26.594322843003205 -6.211862006949301 30.930746428262804
      vertex 26.532057493754923 -6.338123644919612 30.930746428262804
    endloop
  endfacet
  facet normal 0.7771302178258067 -0.38323821235152145 0.4991964514453446
    outer loop
      vertex 26.532057493754923 -6.338123644919612 30.930746428262804
      vertex 26.594322843003205 -6.211862006949301 30.930746428262804
      vertex 26.464088568074565 -6.298881767381527 31.066684279623523
    endloop
  endfacet
  facet normal 0.9147953411749423 -0.3105311745502176 0.25830190358780397
    outer loop
      vertex 26.687352935623466 -6.250396333021438 30.634108386419356
      vertex 26.69759712132469 -6.094100262273676 30.785727358363797
      vertex 26.64981923843055 -6.234849366598127 30.785727358363797
    endloop
  endfacet
  facet normal 0.8751235125267665 -0.2970644033586959 0.38198374059631973
    outer loop
      vertex 26.64981923843055 -6.234849366598127 30.785727358363797
      vertex 26.69759712132469 -6.094100262273676 30.785727358363797
      vertex 26.594322843003205 -6.211862006949301 30.930746428262804
    endloop
  endfacet
  facet normal 0.9147953411749443 -0.31053117455021456 0.2583019035878007
    outer loop
      vertex 26.687352935623466 -6.250396333021438 30.634108386419356
      vertex 26.736838998862776 -6.104615091669486 30.634108386419356
      vertex 26.69759712132469 -6.094100262273676 30.785727358363797
    endloop
  endfacet
  facet normal 0.7771302178258077 -0.3832382123515032 0.49919645144535724
    outer loop
      vertex 26.464088568074565 -6.298881767381527 31.066684279623523
      vertex 26.594322843003205 -6.211862006949301 30.930746428262804
      vertex 26.5218133080537 -6.18182757417185 31.066684279623523
    endloop
  endfacet
  facet normal 0.8205043856531653 -0.2785237081260503 0.49919645144535685
    outer loop
      vertex 26.5218133080537 -6.18182757417185 31.066684279623523
      vertex 26.594322843003205 -6.211862006949301 30.930746428262804
      vertex 26.639575052729327 -6.078553295850364 30.930746428262804
    endloop
  endfacet
  facet normal 0.8751235125267665 -0.29706440335869366 0.38198374059632156
    outer loop
      vertex 26.594322843003205 -6.211862006949301 30.930746428262804
      vertex 26.69759712132469 -6.094100262273676 30.785727358363797
      vertex 26.639575052729327 -6.078553295850364 30.930746428262804
    endloop
  endfacet
  facet normal 0.6601726633925676 -0.44111327101720504 0.6079400765220743
    outer loop
      vertex 26.391579033125062 -6.4073999552351495 31.066684279623523
      vertex 26.381334847423837 -6.251103884487386 31.191214978120087
      vertex 26.31576954715284 -6.349229290703852 31.191214978120087
    endloop
  endfacet
  facet normal 0.5322004619635775 -0.46672727873591546 0.7063485793639863
    outer loop
      vertex 26.15947347640508 -6.359473476405076 31.302207768974775
      vertex 26.31576954715284 -6.349229290703852 31.191214978120087
      vertex 26.227713045780025 -6.281661160733485 31.302207768974775
    endloop
  endfacet
  facet normal 0.5885675477331757 -0.3932682623678583 0.7063485793639861
    outer loop
      vertex 26.31576954715284 -6.349229290703852 31.191214978120087
      vertex 26.381334847423837 -6.251103884487386 31.191214978120087
      vertex 26.227713045780025 -6.281661160733485 31.302207768974775
    endloop
  endfacet
  facet normal 0.4583084531602102 -0.4019257262121107 0.7927225696110607
    outer loop
      vertex 26.15947347640508 -6.359473476405076 31.302207768974775
      vertex 26.227713045780025 -6.281661160733485 31.302207768974775
      vertex 26.12891620015898 -6.205851674761265 31.397763534763058
    endloop
  endfacet
  facet normal 0.5885675477331765 -0.39326826236785106 0.7063485793639893
    outer loop
      vertex 26.227713045780025 -6.281661160733485 31.302207768974775
      vertex 26.381334847423837 -6.251103884487386 31.191214978120087
      vertex 26.28521227090674 -6.195607489060041 31.302207768974775
    endloop
  endfacet
  facet normal 0.40192572621211153 -0.45830845316020846 0.7927225696110611
    outer loop
      vertex 26.15947347640508 -6.359473476405076 31.302207768974775
      vertex 26.071416975032264 -6.2714169750322615 31.397763534763058
      vertex 26.005851674761267 -6.328916200158977 31.397763534763058
    endloop
  endfacet
  facet normal 0.3302030079006439 -0.37652436734026584 0.8655607282983556
    outer loop
      vertex 25.92309795411054 -6.221069451709936 31.47624728983923
      vertex 26.005851674761267 -6.328916200158977 31.397763534763058
      vertex 26.071416975032264 -6.2714169750322615 31.397763534763058
    endloop
  endfacet
  facet normal 0.45830845316020824 -0.40192572621211137 0.7927225696110614
    outer loop
      vertex 26.15947347640508 -6.359473476405076 31.302207768974775
      vertex 26.12891620015898 -6.205851674761265 31.397763534763058
      vertex 26.071416975032264 -6.2714169750322615 31.397763534763058
    endloop
  endfacet
  facet normal 0.5068493954076134 -0.33866593865367517 0.79272256961106
    outer loop
      vertex 26.227713045780025 -6.281661160733485 31.302207768974775
      vertex 26.28521227090674 -6.195607489060041 31.302207768974775
      vertex 26.12891620015898 -6.205851674761265 31.397763534763058
    endloop
  endfacet
  facet normal 0.6348640795793109 -0.313080316996115 0.7063485793639898
    outer loop
      vertex 26.28521227090674 -6.195607489060041 31.302207768974775
      vertex 26.381334847423837 -6.251103884487386 31.191214978120087
      vertex 26.33098732410151 -6.102784863565662 31.302207768974775
    endloop
  endfacet
  facet normal 0.33020300790064605 -0.37652436734026123 0.8655607282983568
    outer loop
      vertex 25.92309795411054 -6.221069451709936 31.47624728983923
      vertex 26.071416975032264 -6.2714169750322615 31.397763534763058
      vertex 25.975294398515167 -6.175294398515167 31.47624728983923
    endloop
  endfacet
  facet normal 0.3765243673402575 -0.33020300790064916 0.8655607282983572
    outer loop
      vertex 26.071416975032264 -6.2714169750322615 31.397763534763058
      vertex 26.021069451709938 -6.123097954110538 31.47624728983923
      vertex 25.975294398515167 -6.175294398515167 31.47624728983923
    endloop
  endfacet
  facet normal 0.37652436734026684 -0.3302030079006448 0.8655607282983548
    outer loop
      vertex 26.071416975032264 -6.2714169750322615 31.397763534763058
      vertex 26.12891620015898 -6.205851674761265 31.397763534763058
      vertex 26.021069451709938 -6.123097954110538 31.47624728983923
    endloop
  endfacet
  facet normal 0.4164032904624111 -0.2782317834462819 0.8655607282983548
    outer loop
      vertex 26.12891620015898 -6.205851674761265 31.397763534763058
      vertex 26.059639889843442 -6.065373214131401 31.47624728983923
      vertex 26.021069451709938 -6.123097954110538 31.47624728983923
    endloop
  endfacet
  facet normal 0.41640329046241537 -0.27823178344627914 0.8655607282983535
    outer loop
      vertex 26.12891620015898 -6.205851674761265 31.397763534763058
      vertex 26.1773655224577 -6.133342139811761 31.397763534763058
      vertex 26.059639889843442 -6.065373214131401 31.47624728983923
    endloop
  endfacet
  facet normal 0.5068493954076148 -0.33866593865366584 0.792722569611063
    outer loop
      vertex 26.28521227090674 -6.195607489060041 31.302207768974775
      vertex 26.1773655224577 -6.133342139811761 31.397763534763058
      vertex 26.12891620015898 -6.205851674761265 31.397763534763058
    endloop
  endfacet
  facet normal 0.5467180039743819 -0.2696114829889496 0.7927225696110634
    outer loop
      vertex 26.28521227090674 -6.195607489060041 31.302207768974775
      vertex 26.215935960591207 -6.055129028430176 31.397763534763058
      vertex 26.1773655224577 -6.133342139811761 31.397763534763058
    endloop
  endfacet
  facet normal 0.6601726633925732 -0.4411132710172017 0.6079400765220706
    outer loop
      vertex 26.391579033125062 -6.4073999552351495 31.066684279623523
      vertex 26.464088568074565 -6.298881767381527 31.066684279623523
      vertex 26.381334847423837 -6.251103884487386 31.191214978120087
    endloop
  endfacet
  facet normal 0.7121016303436342 -0.3511696618733986 0.6079400765220706
    outer loop
      vertex 26.464088568074565 -6.298881767381527 31.066684279623523
      vertex 26.433531291828466 -6.145259965737716 31.191214978120087
      vertex 26.381334847423837 -6.251103884487386 31.191214978120087
    endloop
  endfacet
  facet normal 0.7121016303436384 -0.3511696618733952 0.6079400765220676
    outer loop
      vertex 26.464088568074565 -6.298881767381527 31.066684279623523
      vertex 26.5218133080537 -6.18182757417185 31.066684279623523
      vertex 26.433531291828466 -6.145259965737716 31.191214978120087
    endloop
  endfacet
  facet normal 0.6348640795793135 -0.3130803169961131 0.7063485793639883
    outer loop
      vertex 26.381334847423837 -6.251103884487386 31.191214978120087
      vertex 26.433531291828466 -6.145259965737716 31.191214978120087
      vertex 26.33098732410151 -6.102784863565662 31.302207768974775
    endloop
  endfacet
  facet normal 0.9724299610571457 -0.1934283456647946 0.13025147189870384
    outer loop
      vertex 26.756629245939003 -6.1099178723915735 30.478483755076173
      vertex 26.766873431640228 -5.953621801643811 30.634108386419356
      vertex 26.736838998862776 -6.104615091669486 30.634108386419356
    endloop
  endfacet
  facet normal 0.9724299610571465 -0.19342834566479206 0.1302514718987012
    outer loop
      vertex 26.756629245939003 -6.1099178723915735 30.478483755076173
      vertex 26.787186522185102 -5.956296070747762 30.478483755076173
      vertex 26.766873431640228 -5.953621801643811 30.634108386419356
    endloop
  endfacet
  facet normal 0.9893581533630929 -0.0648459593358955 0.13025147189870134
    outer loop
      vertex 26.787186522185102 -5.956296070747762 30.478483755076173
      vertex 26.776942336483877 -5.8 30.634108386419356
      vertex 26.766873431640228 -5.953621801643811 30.634108386419356
    endloop
  endfacet
  facet normal 0.9893581533630934 -0.06484595933589297 0.13025147189869887
    outer loop
      vertex 26.787186522185102 -5.956296070747762 30.478483755076173
      vertex 26.797430707886324 -5.8 30.478483755076173
      vertex 26.776942336483877 -5.8 30.634108386419356
    endloop
  endfacet
  facet normal 0.01696145610291518 -0.25878181247038645 0.9657868722142637
    outer loop
      vertex 25.650347523322328 -6.182427407341078 31.53631615539413
      vertex 25.6305572762461 -6.032105556719983 31.576942336483878
      vertex 25.6 -6.034108386419354 31.576942336483878
    endloop
  endfacet
  facet normal 0.08336117009475917 -0.24557408816693732 0.9657868722142634
    outer loop
      vertex 25.699833586561635 -6.172584017349847 31.53631615539413
      vertex 25.747611469455777 -6.156365611521955 31.53631615539413
      vertex 25.689589400860413 -6.016287946602084 31.576942336483878
    endloop
  endfacet
  facet normal 0.11470185436489483 -0.23259235168819425 0.9657868722142634
    outer loop
      vertex 25.747611469455777 -6.156365611521955 31.53631615539413
      vertex 25.7928636791819 -6.134049691277709 31.53631615539413
      vertex 25.689589400860413 -6.016287946602084 31.576942336483878
    endloop
  endfacet
  facet normal 0.0833611700947515 -0.24557408816693793 0.9657868722142638
    outer loop
      vertex 25.699833586561635 -6.172584017349847 31.53631615539413
      vertex 25.689589400860413 -6.016287946602084 31.576942336483878
      vertex 25.66059170902355 -6.0261313365933145 31.576942336483878
    endloop
  endfacet
  facet normal 0.050594153092219075 -0.2543539839111432 0.9657868722142638
    outer loop
      vertex 25.699833586561635 -6.172584017349847 31.53631615539413
      vertex 25.66059170902355 -6.0261313365933145 31.576942336483878
      vertex 25.6305572762461 -6.032105556719983 31.576942336483878
    endloop
  endfacet
  facet normal 0.11470185436490393 -0.2325923516881864 0.9657868722142641
    outer loop
      vertex 25.7928636791819 -6.134049691277709 31.53631615539413
      vertex 25.717054193209677 -6.002743809878144 31.576942336483878
      vertex 25.689589400860413 -6.016287946602084 31.576942336483878
    endloop
  endfacet
  facet normal 0.14407995810549065 -0.21563089558527876 0.9657868722142638
    outer loop
      vertex 25.7928636791819 -6.134049691277709 31.53631615539413
      vertex 25.834815937885303 -6.10601808819963 31.53631615539413
      vertex 25.742516155859573 -5.985730670355985 31.576942336483878
    endloop
  endfacet
  facet normal 0.2527826132027748 -0.2882433267822573 0.9235890509462925
    outer loop
      vertex 25.975294398515167 -6.175294398515167 31.47624728983923
      vertex 25.872750430788212 -6.072750430788212 31.53631615539413
      vertex 25.834815937885303 -6.10601808819963 31.53631615539413
    endloop
  endfacet
  facet normal 0.2882433267822593 -0.25278261320277057 0.923589050946293
    outer loop
      vertex 26.021069451709938 -6.123097954110538 31.47624728983923
      vertex 25.90601808819963 -6.034815937885302 31.53631615539413
      vertex 25.872750430788212 -6.072750430788212 31.53631615539413
    endloop
  endfacet
  facet normal 0.14407995810548513 -0.21563089558528079 0.9657868722142642
    outer loop
      vertex 25.7928636791819 -6.134049691277709 31.53631615539413
      vertex 25.742516155859573 -5.985730670355985 31.576942336483878
      vertex 25.717054193209677 -6.002743809878144 31.576942336483878
    endloop
  endfacet
  facet normal 0.1709928138163905 -0.1949799350747218 0.9657868722142637
    outer loop
      vertex 25.834815937885303 -6.10601808819963 31.53631615539413
      vertex 25.872750430788212 -6.072750430788212 31.53631615539413
      vertex 25.742516155859573 -5.985730670355985 31.576942336483878
    endloop
  endfacet
  facet normal 0.19497993507472686 -0.17099281381639098 0.9657868722142627
    outer loop
      vertex 25.872750430788212 -6.072750430788212 31.53631615539413
      vertex 25.90601808819963 -6.034815937885302 31.53631615539413
      vertex 25.78573067035599 -5.942516155859572 31.576942336483878
    endloop
  endfacet
  facet normal 0.31877211712435183 -0.2129967190268059 0.9235890509462931
    outer loop
      vertex 26.021069451709938 -6.123097954110538 31.47624728983923
      vertex 25.93404969127771 -5.992863679181896 31.53631615539413
      vertex 25.90601808819963 -6.034815937885302 31.53631615539413
    endloop
  endfacet
  facet normal 0.00855482556637925 -0.1305214158503248 0.9914085812438559
    outer loop
      vertex 25.6 -6.034108386419354 31.576942336483878
      vertex 25.6305572762461 -6.032105556719983 31.576942336483878
      vertex 25.6 -5.8784837550761715 31.597430707886325
    endloop
  endfacet
  facet normal 0.025518101261850692 -0.12828815823775278 0.9914085812438559
    outer loop
      vertex 25.6305572762461 -6.032105556719983 31.576942336483878
      vertex 25.66059170902355 -6.0261313365933145 31.576942336483878
      vertex 25.620313090544876 -5.87580948597222 31.597430707886325
    endloop
  endfacet
  facet normal 0.04204475516977028 -0.12385985466953713 0.9914085812438559
    outer loop
      vertex 25.66059170902355 -6.0261313365933145 31.576942336483878
      vertex 25.689589400860413 -6.016287946602084 31.576942336483878
      vertex 25.620313090544876 -5.87580948597222 31.597430707886325
    endloop
  endfacet
  facet normal 0.05785201165973904 -0.11731227464748188 0.991408581243856
    outer loop
      vertex 25.689589400860413 -6.016287946602084 31.576942336483878
      vertex 25.717054193209677 -6.002743809878144 31.576942336483878
      vertex 25.630034432777453 -5.872509534949503 31.597430707886325
    endloop
  endfacet
  facet normal 0.008554825566380006 -0.13052141585032465 0.9914085812438559
    outer loop
      vertex 25.6305572762461 -6.032105556719983 31.576942336483878
      vertex 25.610244185701227 -5.877812315671591 31.597430707886325
      vertex 25.6 -5.8784837550761715 31.597430707886325
    endloop
  endfacet
  facet normal 0.025518101261845182 -0.12828815823775316 0.9914085812438561
    outer loop
      vertex 25.6305572762461 -6.032105556719983 31.576942336483878
      vertex 25.620313090544876 -5.87580948597222 31.597430707886325
      vertex 25.610244185701227 -5.877812315671591 31.597430707886325
    endloop
  endfacet
  facet normal 0.072669404190589 -0.1087574490811079 0.9914085812438558
    outer loop
      vertex 25.717054193209677 -6.002743809878144 31.576942336483878
      vertex 25.742516155859573 -5.985730670355985 31.576942336483878
      vertex 25.647777882894143 -5.86226534924828 31.597430707886325
    endloop
  endfacet
  facet normal 0.08624340306798292 -0.0983417534076876 0.9914085812438558
    outer loop
      vertex 25.742516155859573 -5.985730670355985 31.576942336483878
      vertex 25.765539627569765 -5.965539627569766 31.576942336483878
      vertex 25.647777882894143 -5.86226534924828 31.597430707886325
    endloop
  endfacet
  facet normal 0.042044755169772616 -0.12385985466953596 0.991408581243856
    outer loop
      vertex 25.689589400860413 -6.016287946602084 31.576942336483878
      vertex 25.630034432777453 -5.872509534949503 31.597430707886325
      vertex 25.620313090544876 -5.87580948597222 31.597430707886325
    endloop
  endfacet
  facet normal 0.05785201165974222 -0.11731227464747965 0.9914085812438559
    outer loop
      vertex 25.717054193209677 -6.002743809878144 31.576942336483878
      vertex 25.639241877538087 -5.86796892568036 31.597430707886325
      vertex 25.630034432777453 -5.872509534949503 31.597430707886325
    endloop
  endfacet
  facet normal 0.07266940419057914 -0.10875744908111276 0.991408581243856
    outer loop
      vertex 25.717054193209677 -6.002743809878144 31.576942336483878
      vertex 25.647777882894143 -5.86226534924828 31.597430707886325
      vertex 25.639241877538087 -5.86796892568036 31.597430707886325
    endloop
  endfacet
  facet normal 0.09834175340768038 -0.08624340306798843 0.991408581243856
    outer loop
      vertex 25.765539627569765 -5.965539627569766 31.576942336483878
      vertex 25.78573067035599 -5.942516155859572 31.576942336483878
      vertex 25.655496395427345 -5.855496395427345 31.597430707886325
    endloop
  endfacet
  facet normal 0.17099281381639167 -0.19497993507472017 0.9657868722142638
    outer loop
      vertex 25.872750430788212 -6.072750430788212 31.53631615539413
      vertex 25.765539627569765 -5.965539627569766 31.576942336483878
      vertex 25.742516155859573 -5.985730670355985 31.576942336483878
    endloop
  endfacet
  facet normal 0.1949799350747077 -0.17099281381640424 0.9657868722142641
    outer loop
      vertex 25.872750430788212 -6.072750430788212 31.53631615539413
      vertex 25.78573067035599 -5.942516155859572 31.576942336483878
      vertex 25.765539627569765 -5.965539627569766 31.576942336483878
    endloop
  endfacet
  facet normal 0.21563089558528117 -0.1440799581054953 0.9657868722142626
    outer loop
      vertex 25.90601808819963 -6.034815937885302 31.53631615539413
      vertex 25.93404969127771 -5.992863679181896 31.53631615539413
      vertex 25.78573067035599 -5.942516155859572 31.576942336483878
    endloop
  endfacet
  facet normal 0.21563089558528908 -0.14407995810547322 0.9657868722142641
    outer loop
      vertex 25.93404969127771 -5.992863679181896 31.53631615539413
      vertex 25.802743809878145 -5.917054193209677 31.576942336483878
      vertex 25.78573067035599 -5.942516155859572 31.576942336483878
    endloop
  endfacet
  facet normal 0.23259235168819078 -0.11470185436489763 0.9657868722142637
    outer loop
      vertex 25.93404969127771 -5.992863679181896 31.53631615539413
      vertex 25.956365611521957 -5.947611469455776 31.53631615539413
      vertex 25.802743809878145 -5.917054193209677 31.576942336483878
    endloop
  endfacet
  facet normal 0.23259235168819134 -0.11470185436489529 0.965786872214264
    outer loop
      vertex 25.802743809878145 -5.917054193209677 31.576942336483878
      vertex 25.956365611521957 -5.947611469455776 31.53631615539413
      vertex 25.816287946602085 -5.889589400860411 31.576942336483878
    endloop
  endfacet
  facet normal 0 0 1
    outer loop
      vertex 25.630034432777453 -5.872509534949503 31.597430707886325
      vertex 25.66226534924828 -5.847777882894141 31.597430707886325
      vertex 25.620313090544876 -5.87580948597222 31.597430707886325
    endloop
  endfacet
  facet normal 0 0 1
    outer loop
      vertex 25.6 -5.8784837550761715 31.597430707886325
      vertex 25.610244185701227 -5.877812315671591 31.597430707886325
      vertex 25.66226534924828 -5.847777882894141 31.597430707886325
    endloop
  endfacet
  facet normal 0 0 1
    outer loop
      vertex 25.610244185701227 -5.877812315671591 31.597430707886325
      vertex 25.620313090544876 -5.87580948597222 31.597430707886325
      vertex 25.66226534924828 -5.847777882894141 31.597430707886325
    endloop
  endfacet
  facet normal 0 0 1
    outer loop
      vertex 25.630034432777453 -5.872509534949503 31.597430707886325
      vertex 25.639241877538087 -5.86796892568036 31.597430707886325
      vertex 25.66226534924828 -5.847777882894141 31.597430707886325
    endloop
  endfacet
  facet normal 0.08624340306799583 -0.09834175340767282 0.9914085812438561
    outer loop
      vertex 25.765539627569765 -5.965539627569766 31.576942336483878
      vertex 25.655496395427345 -5.855496395427345 31.597430707886325
      vertex 25.647777882894143 -5.86226534924828 31.597430707886325
    endloop
  endfacet
  facet normal 0.09834175340768747 -0.08624340306797768 0.9914085812438562
    outer loop
      vertex 25.78573067035599 -5.942516155859572 31.576942336483878
      vertex 25.66226534924828 -5.847777882894141 31.597430707886325
      vertex 25.655496395427345 -5.855496395427345 31.597430707886325
    endloop
  endfacet
  facet normal 0 0 1
    outer loop
      vertex 25.639241877538087 -5.86796892568036 31.597430707886325
      vertex 25.647777882894143 -5.86226534924828 31.597430707886325
      vertex 25.66226534924828 -5.847777882894141 31.597430707886325
    endloop
  endfacet
  facet normal 0 0 1
    outer loop
      vertex 25.647777882894143 -5.86226534924828 31.597430707886325
      vertex 25.655496395427345 -5.855496395427345 31.597430707886325
      vertex 25.66226534924828 -5.847777882894141 31.597430707886325
    endloop
  endfacet
  facet normal 0.10875744908108702 -0.07266940419061112 0.9914085812438564
    outer loop
      vertex 25.78573067035599 -5.942516155859572 31.576942336483878
      vertex 25.667968925680363 -5.839241877538086 31.597430707886325
      vertex 25.66226534924828 -5.847777882894141 31.597430707886325
    endloop
  endfacet
  facet normal 0.11731227464749029 -0.05785201165971958 0.991408581243856
    outer loop
      vertex 25.667968925680363 -5.839241877538086 31.597430707886325
      vertex 25.816287946602085 -5.889589400860411 31.576942336483878
      vertex 25.672509534949505 -5.83003443277745 31.597430707886325
    endloop
  endfacet
  facet normal 0 0 1
    outer loop
      vertex 25.66226534924828 -5.847777882894141 31.597430707886325
      vertex 25.667968925680363 -5.839241877538086 31.597430707886325
      vertex 25.672509534949505 -5.83003443277745 31.597430707886325
    endloop
  endfacet
  facet normal 0 0 1
    outer loop
      vertex 25.66226534924828 -5.847777882894141 31.597430707886325
      vertex 25.672509534949505 -5.83003443277745 31.597430707886325
      vertex 25.67580948597222 -5.820313090544874 31.597430707886325
    endloop
  endfacet
  facet normal 0 0 1
    outer loop
      vertex 25.66226534924828 -5.847777882894141 31.597430707886325
      vertex 25.67580948597222 -5.820313090544874 31.597430707886325
      vertex 25.67781231567159 -5.810244185701223 31.597430707886325
    endloop
  endfacet
  facet normal 0.12385985466953793 -0.04204475516975839 0.9914085812438563
    outer loop
      vertex 25.672509534949505 -5.83003443277745 31.597430707886325
      vertex 25.826131336593317 -5.860591709023549 31.576942336483878
      vertex 25.67580948597222 -5.820313090544874 31.597430707886325
    endloop
  endfacet
  facet normal 0.1282881582377502 -0.025518101261851486 0.9914085812438562
    outer loop
      vertex 25.67580948597222 -5.820313090544874 31.597430707886325
      vertex 25.826131336593317 -5.860591709023549 31.576942336483878
      vertex 25.67781231567159 -5.810244185701223 31.597430707886325
    endloop
  endfacet
  facet normal 0 0 1
    outer loop
      vertex 25.66226534924828 -5.847777882894141 31.597430707886325
      vertex 25.67781231567159 -5.810244185701223 31.597430707886325
      vertex 25.678483755076172 -5.8 31.597430707886325
    endloop
  endfacet
  facet normal 0.1305214158503237 -0.008554825566381456 0.9914085812438561
    outer loop
      vertex 25.67781231567159 -5.810244185701223 31.597430707886325
      vertex 25.832105556719984 -5.830557276246099 31.576942336483878
      vertex 25.678483755076172 -5.8 31.597430707886325
    endloop
  endfacet
  facet normal 0.10875744908111169 -0.0726694041905827 0.9914085812438559
    outer loop
      vertex 25.78573067035599 -5.942516155859572 31.576942336483878
      vertex 25.802743809878145 -5.917054193209677 31.576942336483878
      vertex 25.667968925680363 -5.839241877538086 31.597430707886325
    endloop
  endfacet
  facet normal 0.11731227464748503 -0.057852011659734984 0.9914085812438557
    outer loop
      vertex 25.802743809878145 -5.917054193209677 31.576942336483878
      vertex 25.816287946602085 -5.889589400860411 31.576942336483878
      vertex 25.667968925680363 -5.839241877538086 31.597430707886325
    endloop
  endfacet
  facet normal 0.12385985466953373 -0.04204475516977928 0.9914085812438559
    outer loop
      vertex 25.672509534949505 -5.83003443277745 31.597430707886325
      vertex 25.816287946602085 -5.889589400860411 31.576942336483878
      vertex 25.826131336593317 -5.860591709023549 31.576942336483878
    endloop
  endfacet
  facet normal 0.24557408816693083 -0.08336117009476918 0.9657868722142642
    outer loop
      vertex 25.956365611521957 -5.947611469455776 31.53631615539413
      vertex 25.826131336593317 -5.860591709023549 31.576942336483878
      vertex 25.816287946602085 -5.889589400860411 31.576942336483878
    endloop
  endfacet
  facet normal 0.2455740881669364 -0.08336117009476042 0.9657868722142635
    outer loop
      vertex 25.956365611521957 -5.947611469455776 31.53631615539413
      vertex 25.97258401734985 -5.899833586561635 31.53631615539413
      vertex 25.826131336593317 -5.860591709023549 31.576942336483878
    endloop
  endfacet
  facet normal 0.254353983911147 -0.05059415309220934 0.9657868722142634
    outer loop
      vertex 25.826131336593317 -5.860591709023549 31.576942336483878
      vertex 25.97258401734985 -5.899833586561635 31.53631615539413
      vertex 25.832105556719984 -5.830557276246099 31.576942336483878
    endloop
  endfacet
  facet normal 0.2543539839111493 -0.0505941530922045 0.9657868722142631
    outer loop
      vertex 25.832105556719984 -5.830557276246099 31.576942336483878
      vertex 25.97258401734985 -5.899833586561635 31.53631615539413
      vertex 25.982427407341078 -5.850347523322325 31.53631615539413
    endloop
  endfacet
  facet normal 0.12828815823775225 -0.025518101261845307 0.9914085812438561
    outer loop
      vertex 25.67781231567159 -5.810244185701223 31.597430707886325
      vertex 25.826131336593317 -5.860591709023549 31.576942336483878
      vertex 25.832105556719984 -5.830557276246099 31.576942336483878
    endloop
  endfacet
  facet normal 0.13052141585032412 -0.008554825566379435 0.9914085812438561
    outer loop
      vertex 25.678483755076172 -5.8 31.597430707886325
      vertex 25.832105556719984 -5.830557276246099 31.576942336483878
      vertex 25.834108386419356 -5.8 31.576942336483878
    endloop
  endfacet
  facet normal 0.25878181247038806 -0.01696145610292482 0.9657868722142631
    outer loop
      vertex 25.832105556719984 -5.830557276246099 31.576942336483878
      vertex 25.982427407341078 -5.850347523322325 31.53631615539413
      vertex 25.985727358363796 -5.8 31.53631615539413
    endloop
  endfacet
  facet normal 0.2587818124703864 -0.01696145610291567 0.9657868722142637
    outer loop
      vertex 25.832105556719984 -5.830557276246099 31.576942336483878
      vertex 25.985727358363796 -5.8 31.53631615539413
      vertex 25.834108386419356 -5.8 31.576942336483878
    endloop
  endfacet
  facet normal 0.906411394976593 -0.18029643639470258 0.38198374059632134
    outer loop
      vertex 26.69759712132469 -6.094100262273676 30.785727358363797
      vertex 26.726594813161554 -5.948319020921724 30.785727358363797
      vertex 26.639575052729327 -6.078553295850364 30.930746428262804
    endloop
  endfacet
  facet normal 0.9475015919962586 -0.1884697847599813 0.2583019035878014
    outer loop
      vertex 26.736838998862776 -6.104615091669486 30.634108386419356
      vertex 26.726594813161554 -5.948319020921724 30.785727358363797
      vertex 26.69759712132469 -6.094100262273676 30.785727358363797
    endloop
  endfacet
  facet normal 0.8205043856531642 -0.2785237081260366 0.4991964514453663
    outer loop
      vertex 26.5218133080537 -6.18182757417185 31.066684279623523
      vertex 26.639575052729327 -6.078553295850364 30.930746428262804
      vertex 26.563765566757105 -6.05824020530549 31.066684279623523
    endloop
  endfacet
  facet normal 0.8498394959552025 -0.1690435860331912 0.4991964514453668
    outer loop
      vertex 26.563765566757105 -6.05824020530549 31.066684279623523
      vertex 26.639575052729327 -6.078553295850364 30.930746428262804
      vertex 26.589227529407 -5.93023427492864 31.066684279623523
    endloop
  endfacet
  facet normal 0.9475015919962594 -0.18846978475997966 0.25830190358779975
    outer loop
      vertex 26.736838998862776 -6.104615091669486 30.634108386419356
      vertex 26.766873431640228 -5.953621801643811 30.634108386419356
      vertex 26.726594813161554 -5.948319020921724 30.785727358363797
    endloop
  endfacet
  facet normal 0.9064113949765894 -0.18029643639467707 0.38198374059634205
    outer loop
      vertex 26.639575052729327 -6.078553295850364 30.930746428262804
      vertex 26.726594813161554 -5.948319020921724 30.785727358363797
      vertex 26.66703984507859 -5.940478460629864 30.930746428262804
    endloop
  endfacet
  facet normal 0.8498394959552148 -0.1690435860331734 0.49919645144535196
    outer loop
      vertex 26.639575052729327 -6.078553295850364 30.930746428262804
      vertex 26.66703984507859 -5.940478460629864 30.930746428262804
      vertex 26.589227529407 -5.93023427492864 31.066684279623523
    endloop
  endfacet
  facet normal 0.546718003974394 -0.26961148298894017 0.7927225696110581
    outer loop
      vertex 26.28521227090674 -6.195607489060041 31.302207768974775
      vertex 26.33098732410151 -6.102784863565662 31.302207768974775
      vertex 26.215935960591207 -6.055129028430176 31.397763534763058
    endloop
  endfacet
  facet normal 0.6702979110062736 -0.22753548059830395 0.7063485793639885
    outer loop
      vertex 26.433531291828466 -6.145259965737716 31.191214978120087
      vertex 26.36425498151293 -6.004781505107851 31.302207768974775
      vertex 26.33098732410151 -6.102784863565662 31.302207768974775
    endloop
  endfacet
  facet normal 0.577232115914308 -0.19594390009982995 0.7927225696110579
    outer loop
      vertex 26.33098732410151 -6.102784863565662 31.302207768974775
      vertex 26.36425498151293 -6.004781505107851 31.302207768974775
      vertex 26.215935960591207 -6.055129028430176 31.397763534763058
    endloop
  endfacet
  facet normal 0.44915743783593415 -0.22149993603674625 0.8655607282983535
    outer loop
      vertex 26.1773655224577 -6.133342139811761 31.397763534763058
      vertex 26.215935960591207 -6.055129028430176 31.397763534763058
      vertex 26.059639889843442 -6.065373214131401 31.47624728983923
    endloop
  endfacet
  facet normal 0.4491574378359345 -0.2214999360367421 0.8655607282983546
    outer loop
      vertex 26.059639889843442 -6.065373214131401 31.47624728983923
      vertex 26.215935960591207 -6.055129028430176 31.397763534763058
      vertex 26.090345762025475 -6.003107864883121 31.47624728983923
    endloop
  endfacet
  facet normal 0.3187721171243589 -0.2129967190268006 0.923589050946292
    outer loop
      vertex 26.021069451709938 -6.123097954110538 31.47624728983923
      vertex 26.059639889843442 -6.065373214131401 31.47624728983923
      vertex 25.93404969127771 -5.992863679181896 31.53631615539413
    endloop
  endfacet
  facet normal 0.34384662816212336 -0.1695663919344463 0.923589050946292
    outer loop
      vertex 25.93404969127771 -5.992863679181896 31.53631615539413
      vertex 26.059639889843442 -6.065373214131401 31.47624728983923
      vertex 26.090345762025475 -6.003107864883121 31.47624728983923
    endloop
  endfacet
  facet normal 0.5978696263119455 -0.11892366275409899 0.7927225696110614
    outer loop
      vertex 26.36425498151293 -6.004781505107851 31.302207768974775
      vertex 26.384446024299148 -5.9032742783214855 31.302207768974775
      vertex 26.260980703191443 -5.887019760432226 31.397763534763058
    endloop
  endfacet
  facet normal 0.47422637691812775 -0.1609781633102063 0.8655607282983548
    outer loop
      vertex 26.215935960591207 -6.055129028430176 31.397763534763058
      vertex 26.11266168226972 -5.9373672837545515 31.47624728983923
      vertex 26.090345762025475 -6.003107864883121 31.47624728983923
    endloop
  endfacet
  facet normal 0.343846628162124 -0.1695663919344408 0.9235890509462928
    outer loop
      vertex 25.93404969127771 -5.992863679181896 31.53631615539413
      vertex 26.090345762025475 -6.003107864883121 31.47624728983923
      vertex 25.956365611521957 -5.947611469455776 31.53631615539413
    endloop
  endfacet
  facet normal 0.36303782805974305 -0.12323473686339521 0.9235890509462931
    outer loop
      vertex 25.956365611521957 -5.947611469455776 31.53631615539413
      vertex 26.090345762025475 -6.003107864883121 31.47624728983923
      vertex 25.97258401734985 -5.899833586561635 31.53631615539413
    endloop
  endfacet
  facet normal 0.36303782805974677 -0.12323473686339056 0.9235890509462923
    outer loop
      vertex 26.090345762025475 -6.003107864883121 31.47624728983923
      vertex 26.11266168226972 -5.9373672837545515 31.47624728983923
      vertex 25.97258401734985 -5.899833586561635 31.53631615539413
    endloop
  endfacet
  facet normal 0.47422637691813707 -0.16097816331019596 0.8655607282983516
    outer loop
      vertex 26.215935960591207 -6.055129028430176 31.397763534763058
      vertex 26.243967563669283 -5.972550588637022 31.397763534763058
      vertex 26.11266168226972 -5.9373672837545515 31.47624728983923
    endloop
  endfacet
  facet normal 0.5772321159143058 -0.19594390009981164 0.7927225696110641
    outer loop
      vertex 26.215935960591207 -6.055129028430176 31.397763534763058
      vertex 26.36425498151293 -6.004781505107851 31.302207768974775
      vertex 26.243967563669283 -5.972550588637022 31.397763534763058
    endloop
  endfacet
  facet normal 0.49118117121086147 -0.09770200957787022 0.8655607282983512
    outer loop
      vertex 26.11266168226972 -5.9373672837545515 31.47624728983923
      vertex 26.243967563669283 -5.972550588637022 31.397763534763058
      vertex 26.260980703191443 -5.887019760432226 31.397763534763058
    endloop
  endfacet
  facet normal 0.5978696263119408 -0.11892366275410522 0.7927225696110639
    outer loop
      vertex 26.36425498151293 -6.004781505107851 31.302207768974775
      vertex 26.260980703191443 -5.887019760432226 31.397763534763058
      vertex 26.243967563669283 -5.972550588637022 31.397763534763058
    endloop
  endfacet
  facet normal 0.7518463409676505 -0.25521744245231015 0.6079400765220676
    outer loop
      vertex 26.5218133080537 -6.18182757417185 31.066684279623523
      vertex 26.471465784731375 -6.033508553250126 31.191214978120087
      vertex 26.433531291828466 -6.145259965737716 31.191214978120087
    endloop
  endfacet
  facet normal 0.7518463409676521 -0.25521744245230826 0.607940076522066
    outer loop
      vertex 26.5218133080537 -6.18182757417185 31.066684279623523
      vertex 26.563765566757105 -6.05824020530549 31.066684279623523
      vertex 26.471465784731375 -6.033508553250126 31.191214978120087
    endloop
  endfacet
  facet normal 0.6702979110062768 -0.2275354805983006 0.7063485793639863
    outer loop
      vertex 26.433531291828466 -6.145259965737716 31.191214978120087
      vertex 26.471465784731375 -6.033508553250126 31.191214978120087
      vertex 26.36425498151293 -6.004781505107851 31.302207768974775
    endloop
  endfacet
  facet normal 0.7787267522465183 -0.1548983818312334 0.6079400765220658
    outer loop
      vertex 26.563765566757105 -6.05824020530549 31.066684279623523
      vertex 26.589227529407 -5.93023427492864 31.066684279623523
      vertex 26.471465784731375 -6.033508553250126 31.191214978120087
    endloop
  endfacet
  facet normal 0.7787267522465143 -0.1548983818312184 0.6079400765220746
    outer loop
      vertex 26.589227529407 -5.93023427492864 31.066684279623523
      vertex 26.494489256441568 -5.917761744675625 31.191214978120087
      vertex 26.471465784731375 -6.033508553250126 31.191214978120087
    endloop
  endfacet
  facet normal 0.6942627593342283 -0.1380974490427033 0.7063485793639862
    outer loop
      vertex 26.36425498151293 -6.004781505107851 31.302207768974775
      vertex 26.471465784731375 -6.033508553250126 31.191214978120087
      vertex 26.384446024299148 -5.9032742783214855 31.302207768974775
    endloop
  endfacet
  facet normal 0.694262759334232 -0.13809744904269852 0.7063485793639834
    outer loop
      vertex 26.471465784731375 -6.033508553250126 31.191214978120087
      vertex 26.494489256441568 -5.917761744675625 31.191214978120087
      vertex 26.384446024299148 -5.9032742783214855 31.302207768974775
    endloop
  endfacet
  facet normal 0.9639958278814502 -0.06318362469878178 0.2583019035877996
    outer loop
      vertex 26.766873431640228 -5.953621801643811 30.634108386419356
      vertex 26.776942336483877 -5.8 30.634108386419356
      vertex 26.726594813161554 -5.948319020921724 30.785727358363797
    endloop
  endfacet
  facet normal 0.9639958278814499 -0.06318362469878065 0.2583019035878006
    outer loop
      vertex 26.726594813161554 -5.948319020921724 30.785727358363797
      vertex 26.776942336483877 -5.8 30.634108386419356
      vertex 26.736316155394128 -5.8 30.785727358363797
    endloop
  endfacet
  facet normal 0.9221903271536567 -0.06044354741635664 0.3819837405963223
    outer loop
      vertex 26.726594813161554 -5.948319020921724 30.785727358363797
      vertex 26.736316155394128 -5.8 30.785727358363797
      vertex 26.676247289839228 -5.8 30.930746428262804
    endloop
  endfacet
  facet normal 0.922190327153647 -0.06044354741637914 0.3819837405963419
    outer loop
      vertex 26.726594813161554 -5.948319020921724 30.785727358363797
      vertex 26.676247289839228 -5.8 30.930746428262804
      vertex 26.66703984507859 -5.940478460629864 30.930746428262804
    endloop
  endfacet
  facet normal 0.864633616861438 -0.05667108131557355 0.49919645144535213
    outer loop
      vertex 26.66703984507859 -5.940478460629864 30.930746428262804
      vertex 26.676247289839228 -5.8 30.930746428262804
      vertex 26.589227529407 -5.93023427492864 31.066684279623523
    endloop
  endfacet
  facet normal 0.8646336168614291 -0.056671081315548405 0.49919645144537045
    outer loop
      vertex 26.589227529407 -5.93023427492864 31.066684279623523
      vertex 26.676247289839228 -5.8 30.930746428262804
      vertex 26.597763534763054 -5.8 31.066684279623523
    endloop
  endfacet
  facet normal 0.6082774216426219 -0.03986860856677906 0.7927225696110545
    outer loop
      vertex 26.266684279623526 -5.8 31.397763534763058
      vertex 26.384446024299148 -5.9032742783214855 31.302207768974775
      vertex 26.391214978120082 -5.8 31.302207768974775
    endloop
  endfacet
  facet normal 0.49118117121086075 -0.09770200957786693 0.8655607282983521
    outer loop
      vertex 26.11266168226972 -5.9373672837545515 31.47624728983923
      vertex 26.260980703191443 -5.887019760432226 31.397763534763058
      vertex 26.12620581899366 -5.869276310315536 31.47624728983923
    endloop
  endfacet
  facet normal 0.37601735006616044 -0.07479450127747135 0.9235890509462944
    outer loop
      vertex 25.97258401734985 -5.899833586561635 31.53631615539413
      vertex 26.12620581899366 -5.869276310315536 31.47624728983923
      vertex 25.982427407341078 -5.850347523322325 31.53631615539413
    endloop
  endfacet
  facet normal 0.37601735006616277 -0.07479450127748719 0.9235890509462922
    outer loop
      vertex 26.11266168226972 -5.9373672837545515 31.47624728983923
      vertex 26.12620581899366 -5.869276310315536 31.47624728983923
      vertex 25.97258401734985 -5.899833586561635 31.53631615539413
    endloop
  endfacet
  facet normal 0.38256311096123574 -0.02507451103778741 0.9235890509462947
    outer loop
      vertex 25.982427407341078 -5.850347523322325 31.53631615539413
      vertex 26.12620581899366 -5.869276310315536 31.47624728983923
      vertex 25.985727358363796 -5.8 31.53631615539413
    endloop
  endfacet
  facet normal 0.38256311096124546 -0.025074511037764622 0.9235890509462912
    outer loop
      vertex 26.12620581899366 -5.869276310315536 31.47624728983923
      vertex 26.130746428262803 -5.8 31.47624728983923
      vertex 25.985727358363796 -5.8 31.53631615539413
    endloop
  endfacet
  facet normal 0.49973171948302203 -0.03275414737354436 0.8655607282983524
    outer loop
      vertex 26.12620581899366 -5.869276310315536 31.47624728983923
      vertex 26.260980703191443 -5.887019760432226 31.397763534763058
      vertex 26.266684279623526 -5.8 31.397763534763058
    endloop
  endfacet
  facet normal 0.608277421642611 -0.03986860856679829 0.7927225696110618
    outer loop
      vertex 26.260980703191443 -5.887019760432226 31.397763534763058
      vertex 26.384446024299148 -5.9032742783214855 31.302207768974775
      vertex 26.266684279623526 -5.8 31.397763534763058
    endloop
  endfacet
  facet normal 0.4997317194830143 -0.03275414737352266 0.8655607282983576
    outer loop
      vertex 26.12620581899366 -5.869276310315536 31.47624728983923
      vertex 26.266684279623526 -5.8 31.397763534763058
      vertex 26.130746428262803 -5.8 31.47624728983923
    endloop
  endfacet
  facet normal 0.7922829328905984 -0.05192896695107199 0.6079400765220747
    outer loop
      vertex 26.589227529407 -5.93023427492864 31.066684279623523
      vertex 26.502207768974774 -5.8 31.191214978120087
      vertex 26.494489256441568 -5.917761744675625 31.191214978120087
    endloop
  endfacet
  facet normal 0.7063485793639717 -0.04629653184614702 0.7063485793639834
    outer loop
      vertex 26.494489256441568 -5.917761744675625 31.191214978120087
      vertex 26.502207768974774 -5.8 31.191214978120087
      vertex 26.384446024299148 -5.9032742783214855 31.302207768974775
    endloop
  endfacet
  facet normal 0.7922829328906102 -0.05192896695105115 0.6079400765220612
    outer loop
      vertex 26.589227529407 -5.93023427492864 31.066684279623523
      vertex 26.597763534763054 -5.8 31.066684279623523
      vertex 26.502207768974774 -5.8 31.191214978120087
    endloop
  endfacet
  facet normal 0.7063485793639667 -0.04629653184613494 0.7063485793639893
    outer loop
      vertex 26.384446024299148 -5.9032742783214855 31.302207768974775
      vertex 26.502207768974774 -5.8 31.191214978120087
      vertex 26.391214978120082 -5.8 31.302207768974775
    endloop
  endfacet
  facet normal 1 0 0
    outer loop
      vertex 26.797430707886324 -5.8 1.1215162449238285
      vertex 26.797430707886324 5.8 30.478483755076173
      vertex 26.797430707886324 -5.8 30.478483755076173
    endloop
  endfacet
  facet normal 0.9914448613738113 0 0.1305261922200455
    outer loop
      vertex 26.797430707886324 -5.8 30.478483755076173
      vertex 26.797430707886324 5.8 30.478483755076173
      vertex 26.776942336483877 -5.8 30.634108386419356
    endloop
  endfacet
  facet normal 0 0 1
    outer loop
      vertex 25.66226534924828 -5.847777882894141 31.597430707886325
      vertex 25.678483755076172 -5.8 31.597430707886325
      vertex 25.678483755076172 5.8 31.597430707886325
    endloop
  endfacet
  facet normal 0.1305261922200455 -7.569734501604351e-20 0.9914448613738113
    outer loop
      vertex 25.678483755076172 -5.8 31.597430707886325
      vertex 25.834108386419356 -5.8 31.576942336483878
      vertex 25.834108386419356 5.8 31.576942336483878
    endloop
  endfacet
  facet normal 0.25881904510251563 0 0.9659258262890696
    outer loop
      vertex 25.834108386419356 -5.8 31.576942336483878
      vertex 25.985727358363796 -5.8 31.53631615539413
      vertex 25.834108386419356 5.8 31.576942336483878
    endloop
  endfacet
  facet normal 0.9659258262890696 -1.6831519711181374e-19 0.25881904510251563
    outer loop
      vertex 26.776942336483877 -5.8 30.634108386419356
      vertex 26.736316155394128 5.8 30.785727358363797
      vertex 26.736316155394128 -5.8 30.785727358363797
    endloop
  endfacet
  facet normal 0.9238795325112882 0 0.38268343236508656
    outer loop
      vertex 26.736316155394128 -5.8 30.785727358363797
      vertex 26.736316155394128 5.8 30.785727358363797
      vertex 26.676247289839228 -5.8 30.930746428262804
    endloop
  endfacet
  facet normal 0.8660254037844279 3.200671503986353e-19 0.5000000000000185
    outer loop
      vertex 26.676247289839228 -5.8 30.930746428262804
      vertex 26.597763534763054 5.8 31.066684279623523
      vertex 26.597763534763054 -5.8 31.066684279623523
    endloop
  endfacet
  facet normal 0.38268343236508656 1.135800780709646e-19 0.9238795325112882
    outer loop
      vertex 25.985727358363796 -5.8 31.53631615539413
      vertex 26.130746428262803 -5.8 31.47624728983923
      vertex 26.130746428262803 5.8 31.47624728983923
    endloop
  endfacet
  facet normal 0.4999999999999918 0 0.8660254037844434
    outer loop
      vertex 26.130746428262803 -5.8 31.47624728983923
      vertex 26.266684279623526 -5.8 31.397763534763058
      vertex 26.130746428262803 5.8 31.47624728983923
    endloop
  endfacet
  facet normal 0.6087614290087393 0 0.7933533402912208
    outer loop
      vertex 26.266684279623526 -5.8 31.397763534763058
      vertex 26.391214978120082 -5.8 31.302207768974775
      vertex 26.266684279623526 5.8 31.397763534763058
    endloop
  endfacet
  facet normal 0.7933533402912485 2.3906322857319103e-19 0.6087614290087033
    outer loop
      vertex 26.597763534763054 -5.8 31.066684279623523
      vertex 26.502207768974774 5.8 31.191214978120087
      vertex 26.502207768974774 -5.8 31.191214978120087
    endloop
  endfacet
  facet normal 0.7071067811865362 0 0.7071067811865589
    outer loop
      vertex 26.502207768974774 -5.8 31.191214978120087
      vertex 26.502207768974774 5.8 31.191214978120087
      vertex 26.391214978120082 -5.8 31.302207768974775
    endloop
  endfacet
  facet normal 0 0 -1
    outer loop
      vertex -25.6 5.8784837550761715 0.002569292113674848
      vertex 25.6 5.8784837550761715 0.002569292113674848
      vertex 25.639241877538087 -5.86796892568036 0.002569292113674848
    endloop
  endfacet
  facet normal 0 0.13052619222005735 -0.9914448613738097
    outer loop
      vertex -25.6 6.034108386419354 0.023057663516123483
      vertex 25.6 6.034108386419354 0.023057663516123483
      vertex 25.6 5.8784837550761715 0.002569292113674848
    endloop
  endfacet
  facet normal 0 0.258819045102517 -0.9659258262890693
    outer loop
      vertex -25.6 6.034108386419354 0.023057663516123483
      vertex 25.6 6.185727358363794 0.06368384460587251
      vertex 25.6 6.034108386419354 0.023057663516123483
    endloop
  endfacet
  facet normal 0 0.38268343236508456 -0.923879532511289
    outer loop
      vertex -25.6 6.330746428262802 0.1237527101607725
      vertex 25.6 6.330746428262802 0.1237527101607725
      vertex 25.6 6.185727358363794 0.06368384460587251
    endloop
  endfacet
  facet normal 0 0.5000000000000052 -0.8660254037844357
    outer loop
      vertex -25.6 6.330746428262802 0.1237527101607725
      vertex 25.6 6.466684279623522 0.20223646523694505
      vertex 25.6 6.330746428262802 0.1237527101607725
    endloop
  endfacet
  facet normal 0 0.6087614290087213 -0.7933533402912345
    outer loop
      vertex -25.6 6.591214978120083 0.2977922310252268
      vertex 25.6 6.591214978120083 0.2977922310252268
      vertex 25.6 6.466684279623522 0.20223646523694505
    endloop
  endfacet
  facet normal 0 0.7071067811865447 -0.7071067811865503
    outer loop
      vertex -25.6 6.702207768974773 0.4087850218799165
      vertex 25.6 6.702207768974773 0.4087850218799165
      vertex 25.6 6.591214978120083 0.2977922310252268
    endloop
  endfacet
  facet normal 0 0.7933533402912374 -0.6087614290087178
    outer loop
      vertex -25.6 6.702207768974773 0.4087850218799165
      vertex 25.6 6.797763534763054 0.5333157203764767
      vertex 25.6 6.702207768974773 0.4087850218799165
    endloop
  endfacet
  facet normal 0 0.8660254037844382 -0.5000000000000009
    outer loop
      vertex -25.6 6.876247289839226 0.6692535717371975
      vertex 25.6 6.876247289839226 0.6692535717371975
      vertex 25.6 6.797763534763054 0.5333157203764767
    endloop
  endfacet
  facet normal 0 0.9238795325112861 -0.3826834323650913
    outer loop
      vertex -25.6 6.876247289839226 0.6692535717371975
      vertex 25.6 6.936316155394127 0.8142726416362045
      vertex 25.6 6.876247289839226 0.6692535717371975
    endloop
  endfacet
  facet normal 0 0.9659258262890683 -0.25881904510252096
    outer loop
      vertex -25.6 6.936316155394127 0.8142726416362045
      vertex 25.6 6.9769423364838765 0.965891613580645
      vertex 25.6 6.936316155394127 0.8142726416362045
    endloop
  endfacet
  facet normal 0 0.9914448613738105 -0.13052619222005107
    outer loop
      vertex -25.6 6.997430707886324 1.1215162449238285
      vertex 25.6 6.997430707886324 1.1215162449238285
      vertex 25.6 6.9769423364838765 0.965891613580645
    endloop
  endfacet
  facet normal 0 1 0
    outer loop
      vertex 25.6 6.997430707886324 1.1215162449238285
      vertex -23.8 6.997430707886324 2
      vertex 23.8 6.997430707886324 2
    endloop
  endfacet
  facet normal 0 0 -1
    outer loop
      vertex 25.639241877538087 -5.86796892568036 0.002569292113674848
      vertex 25.639241877538087 5.86796892568036 0.002569292113674848
      vertex 25.647777882894143 5.86226534924828 0.002569292113674848
    endloop
  endfacet
  facet normal 0 0 -1
    outer loop
      vertex 25.639241877538087 -5.86796892568036 0.002569292113674848
      vertex 25.630034432777453 5.872509534949503 0.002569292113674848
      vertex 25.639241877538087 5.86796892568036 0.002569292113674848
    endloop
  endfacet
  facet normal 0 0 -1
    outer loop
      vertex 25.639241877538087 -5.86796892568036 0.002569292113674848
      vertex 25.610244185701227 5.877812315671591 0.002569292113674848
      vertex 25.620313090544876 5.87580948597222 0.002569292113674848
    endloop
  endfacet
  facet normal 0 0 -1
    outer loop
      vertex 25.639241877538087 -5.86796892568036 0.002569292113674848
      vertex 25.6 5.8784837550761715 0.002569292113674848
      vertex 25.610244185701227 5.877812315671591 0.002569292113674848
    endloop
  endfacet
  facet normal 0 0 -1
    outer loop
      vertex 25.639241877538087 -5.86796892568036 0.002569292113674848
      vertex 25.620313090544876 5.87580948597222 0.002569292113674848
      vertex 25.630034432777453 5.872509534949503 0.002569292113674848
    endloop
  endfacet
  facet normal 0 0 -1
    outer loop
      vertex 25.639241877538087 -5.86796892568036 0.002569292113674848
      vertex 25.67580948597222 5.820313090544874 0.002569292113674848
      vertex 25.67781231567159 5.810244185701223 0.002569292113674848
    endloop
  endfacet
  facet normal 0 0 -1
    outer loop
      vertex 25.639241877538087 -5.86796892568036 0.002569292113674848
      vertex 25.67781231567159 5.810244185701223 0.002569292113674848
      vertex 25.678483755076172 5.8 0.002569292113674848
    endloop
  endfacet
  facet normal 0 0 -1
    outer loop
      vertex 25.639241877538087 -5.86796892568036 0.002569292113674848
      vertex 25.672509534949505 5.83003443277745 0.002569292113674848
      vertex 25.67580948597222 5.820313090544874 0.002569292113674848
    endloop
  endfacet
  facet normal 0 0 -1
    outer loop
      vertex 25.639241877538087 -5.86796892568036 0.002569292113674848
      vertex 25.667968925680363 5.839241877538086 0.002569292113674848
      vertex 25.672509534949505 5.83003443277745 0.002569292113674848
    endloop
  endfacet
  facet normal 0 0 -1
    outer loop
      vertex 25.639241877538087 -5.86796892568036 0.002569292113674848
      vertex 25.66226534924828 5.847777882894141 0.002569292113674848
      vertex 25.667968925680363 5.839241877538086 0.002569292113674848
    endloop
  endfacet
  facet normal 0 0 -1
    outer loop
      vertex 25.639241877538087 -5.86796892568036 0.002569292113674848
      vertex 25.655496395427345 5.855496395427345 0.002569292113674848
      vertex 25.66226534924828 5.847777882894141 0.002569292113674848
    endloop
  endfacet
  facet normal 0 0 -1
    outer loop
      vertex 25.639241877538087 -5.86796892568036 0.002569292113674848
      vertex 25.647777882894143 5.86226534924828 0.002569292113674848
      vertex 25.655496395427345 5.855496395427345 0.002569292113674848
    endloop
  endfacet
  facet normal 0.1305261922200566 0 -0.9914448613738097
    outer loop
      vertex 25.834108386419356 -5.8 0.023057663516123483
      vertex 25.678483755076172 5.8 0.002569292113674848
      vertex 25.834108386419356 5.8 0.023057663516123483
    endloop
  endfacet
  facet normal 0.25881904510251563 0 -0.9659258262890696
    outer loop
      vertex 25.985727358363796 -5.8 0.06368384460587251
      vertex 25.834108386419356 5.8 0.023057663516123483
      vertex 25.985727358363796 5.8 0.06368384460587251
    endloop
  endfacet
  facet normal 0.38268343236508656 0 -0.9238795325112882
    outer loop
      vertex 25.985727358363796 -5.8 0.06368384460587251
      vertex 25.985727358363796 5.8 0.06368384460587251
      vertex 26.130746428262803 5.8 0.1237527101607725
    endloop
  endfacet
  facet normal 0.5000000000000002 0 -0.8660254037844385
    outer loop
      vertex 26.266684279623526 -5.8 0.20223646523694505
      vertex 26.130746428262803 5.8 0.1237527101607725
      vertex 26.266684279623526 5.8 0.20223646523694505
    endloop
  endfacet
  facet normal 0.6087614290087322 0 -0.7933533402912262
    outer loop
      vertex 26.266684279623526 -5.8 0.20223646523694505
      vertex 26.266684279623526 5.8 0.20223646523694505
      vertex 26.391214978120082 5.8 0.2977922310252268
    endloop
  endfacet
  facet normal 0.7071067811865419 0 -0.7071067811865532
    outer loop
      vertex 26.502207768974774 -5.8 0.4087850218799165
      vertex 26.391214978120082 5.8 0.2977922310252268
      vertex 26.502207768974774 5.8 0.4087850218799165
    endloop
  endfacet
  facet normal 0.79335334029124 0 -0.6087614290087142
    outer loop
      vertex 26.597763534763054 -5.8 0.5333157203764767
      vertex 26.502207768974774 5.8 0.4087850218799165
      vertex 26.597763534763054 5.8 0.5333157203764767
    endloop
  endfacet
  facet normal 0.8660254037844307 0 -0.5000000000000135
    outer loop
      vertex 26.597763534763054 -5.8 0.5333157203764767
      vertex 26.597763534763054 5.8 0.5333157203764767
      vertex 26.676247289839228 5.8 0.6692535717371975
    endloop
  endfacet
  facet normal 0.9238795325112882 0 -0.38268343236508656
    outer loop
      vertex 26.736316155394128 -5.8 0.8142726416362045
      vertex 26.676247289839228 5.8 0.6692535717371975
      vertex 26.736316155394128 5.8 0.8142726416362045
    endloop
  endfacet
  facet normal 0.9659258262890696 0 -0.25881904510251563
    outer loop
      vertex 26.736316155394128 -5.8 0.8142726416362045
      vertex 26.736316155394128 5.8 0.8142726416362045
      vertex 26.776942336483877 5.8 0.965891613580645
    endloop
  endfacet
  facet normal 0.9914448613738113 0 -0.1305261922200455
    outer loop
      vertex 26.776942336483877 -5.8 0.965891613580645
      vertex 26.776942336483877 5.8 0.965891613580645
      vertex 26.797430707886324 5.8 1.1215162449238285
    endloop
  endfacet
  facet normal 1 0 0
    outer loop
      vertex 26.797430707886324 -5.8 1.1215162449238285
      vertex 26.797430707886324 5.8 1.1215162449238285
      vertex 26.797430707886324 5.8 30.478483755076173
    endloop
  endfacet
  facet normal 0.13052141585033483 0.008554825566382184 -0.9914085812438547
    outer loop
      vertex 25.678483755076172 5.8 0.002569292113674848
      vertex 25.67781231567159 5.810244185701223 0.002569292113674848
      vertex 25.832105556719984 5.830557276246099 0.023057663516123483
    endloop
  endfacet
  facet normal 0.12828815823776113 0.025518101261853658 -0.9914085812438548
    outer loop
      vertex 25.67781231567159 5.810244185701223 0.002569292113674848
      vertex 25.67580948597222 5.820313090544874 0.002569292113674848
      vertex 25.826131336593317 5.860591709023549 0.023057663516123483
    endloop
  endfacet
  facet normal 0.12385985466954849 0.04204475516976198 -0.9914085812438548
    outer loop
      vertex 25.67580948597222 5.820313090544874 0.002569292113674848
      vertex 25.672509534949505 5.83003443277745 0.002569292113674848
      vertex 25.826131336593317 5.860591709023549 0.023057663516123483
    endloop
  endfacet
  facet normal 0.1173122746475003 0.057852011659724506 -0.9914085812438546
    outer loop
      vertex 25.672509534949505 5.83003443277745 0.002569292113674848
      vertex 25.667968925680363 5.839241877538086 0.002569292113674848
      vertex 25.816287946602085 5.889589400860411 0.023057663516123483
    endloop
  endfacet
  facet normal 0.10875744908109625 0.07266940419061718 -0.991408581243855
    outer loop
      vertex 25.667968925680363 5.839241877538086 0.002569292113674848
      vertex 25.66226534924828 5.847777882894141 0.002569292113674848
      vertex 25.78573067035599 5.942516155859572 0.023057663516123483
    endloop
  endfacet
  facet normal 0.08624340306800328 0.09834175340768118 -0.9914085812438546
    outer loop
      vertex 25.655496395427345 5.855496395427345 0.002569292113674848
      vertex 25.647777882894143 5.86226534924828 0.002569292113674848
      vertex 25.765539627569765 5.965539627569766 0.023057663516123483
    endloop
  endfacet
  facet normal 0.09834175340769595 0.08624340306798507 -0.9914085812438548
    outer loop
      vertex 25.66226534924828 5.847777882894141 0.002569292113674848
      vertex 25.655496395427345 5.855496395427345 0.002569292113674848
      vertex 25.78573067035599 5.942516155859572 0.023057663516123483
    endloop
  endfacet
  facet normal 0.13052141585033522 0.008554825566380186 -0.9914085812438547
    outer loop
      vertex 25.678483755076172 5.8 0.002569292113674848
      vertex 25.832105556719984 5.830557276246099 0.023057663516123483
      vertex 25.834108386419356 5.8 0.023057663516123483
    endloop
  endfacet
  facet normal 0.1282881582377632 0.025518101261847434 -0.9914085812438547
    outer loop
      vertex 25.67781231567159 5.810244185701223 0.002569292113674848
      vertex 25.826131336593317 5.860591709023549 0.023057663516123483
      vertex 25.832105556719984 5.830557276246099 0.023057663516123483
    endloop
  endfacet
  facet normal 0.2587818124703864 0.01696145610291567 -0.9657868722142637
    outer loop
      vertex 25.834108386419356 5.8 0.023057663516123483
      vertex 25.832105556719984 5.830557276246099 0.023057663516123483
      vertex 25.985727358363796 5.8 0.06368384460587251
    endloop
  endfacet
  facet normal 0.25878181247038806 0.01696145610292482 -0.9657868722142631
    outer loop
      vertex 25.832105556719984 5.830557276246099 0.023057663516123483
      vertex 25.982427407341078 5.850347523322325 0.06368384460587251
      vertex 25.985727358363796 5.8 0.06368384460587251
    endloop
  endfacet
  facet normal 0.1238598546695443 0.042044755169782844 -0.9914085812438544
    outer loop
      vertex 25.672509534949505 5.83003443277745 0.002569292113674848
      vertex 25.816287946602085 5.889589400860411 0.023057663516123483
      vertex 25.826131336593317 5.860591709023549 0.023057663516123483
    endloop
  endfacet
  facet normal 0.11731227464749505 0.05785201165973994 -0.9914085812438542
    outer loop
      vertex 25.667968925680363 5.839241877538086 0.002569292113674848
      vertex 25.802743809878145 5.917054193209677 0.023057663516123483
      vertex 25.816287946602085 5.889589400860411 0.023057663516123483
    endloop
  endfacet
  facet normal 0.10875744908112092 0.07266940419058883 -0.9914085812438543
    outer loop
      vertex 25.667968925680363 5.839241877538086 0.002569292113674848
      vertex 25.78573067035599 5.942516155859572 0.023057663516123483
      vertex 25.802743809878145 5.917054193209677 0.023057663516123483
    endloop
  endfacet
  facet normal 0.254353983911147 0.05059415309220934 -0.9657868722142634
    outer loop
      vertex 25.832105556719984 5.830557276246099 0.023057663516123483
      vertex 25.826131336593317 5.860591709023549 0.023057663516123483
      vertex 25.97258401734985 5.899833586561635 0.06368384460587251
    endloop
  endfacet
  facet normal 0.2543539839111493 0.0505941530922045 -0.9657868722142631
    outer loop
      vertex 25.832105556719984 5.830557276246099 0.023057663516123483
      vertex 25.97258401734985 5.899833586561635 0.06368384460587251
      vertex 25.982427407341078 5.850347523322325 0.06368384460587251
    endloop
  endfacet
  facet normal 0.24557408816693074 0.08336117009476922 -0.9657868722142642
    outer loop
      vertex 25.826131336593317 5.860591709023549 0.023057663516123483
      vertex 25.816287946602085 5.889589400860411 0.023057663516123483
      vertex 25.956365611521957 5.947611469455776 0.06368384460587251
    endloop
  endfacet
  facet normal 0.24557408816693643 0.08336117009476038 -0.9657868722142635
    outer loop
      vertex 25.826131336593317 5.860591709023549 0.023057663516123483
      vertex 25.956365611521957 5.947611469455776 0.06368384460587251
      vertex 25.97258401734985 5.899833586561635 0.06368384460587251
    endloop
  endfacet
  facet normal 0.02551810126184743 0.12828815823776407 -0.9914085812438544
    outer loop
      vertex 25.620313090544876 5.87580948597222 0.002569292113674848
      vertex 25.610244185701227 5.877812315671591 0.002569292113674848
      vertex 25.6305572762461 6.032105556719983 0.023057663516123483
    endloop
  endfacet
  facet normal 0.008554825566380765 0.1305214158503358 -0.9914085812438546
    outer loop
      vertex 25.610244185701227 5.877812315671591 0.002569292113674848
      vertex 25.6 5.8784837550761715 0.002569292113674848
      vertex 25.6305572762461 6.032105556719983 0.023057663516123483
    endloop
  endfacet
  facet normal 0.07266940419058537 0.10875744908112206 -0.9914085812438547
    outer loop
      vertex 25.639241877538087 5.86796892568036 0.002569292113674848
      vertex 25.717054193209677 6.002743809878144 0.023057663516123483
      vertex 25.647777882894143 5.86226534924828 0.002569292113674848
    endloop
  endfacet
  facet normal 0.05785201165974731 0.11731227464748964 -0.9914085812438544
    outer loop
      vertex 25.630034432777453 5.872509534949503 0.002569292113674848
      vertex 25.717054193209677 6.002743809878144 0.023057663516123483
      vertex 25.639241877538087 5.86796892568036 0.002569292113674848
    endloop
  endfacet
  facet normal 0.04204475516977626 0.12385985466954652 -0.9914085812438543
    outer loop
      vertex 25.630034432777453 5.872509534949503 0.002569292113674848
      vertex 25.620313090544876 5.87580948597222 0.002569292113674848
      vertex 25.689589400860413 6.016287946602084 0.023057663516123483
    endloop
  endfacet
  facet normal 0.09834175340768879 0.08624340306799579 -0.9914085812438546
    outer loop
      vertex 25.655496395427345 5.855496395427345 0.002569292113674848
      vertex 25.765539627569765 5.965539627569766 0.023057663516123483
      vertex 25.78573067035599 5.942516155859572 0.023057663516123483
    endloop
  endfacet
  facet normal 0.08624340306799022 0.09834175340769596 -0.9914085812438543
    outer loop
      vertex 25.647777882894143 5.86226534924828 0.002569292113674848
      vertex 25.742516155859573 5.985730670355985 0.023057663516123483
      vertex 25.765539627569765 5.965539627569766 0.023057663516123483
    endloop
  endfacet
  facet normal 0.07266940419059517 0.10875744908111715 -0.9914085812438543
    outer loop
      vertex 25.647777882894143 5.86226534924828 0.002569292113674848
      vertex 25.717054193209677 6.002743809878144 0.023057663516123483
      vertex 25.742516155859573 5.985730670355985 0.023057663516123483
    endloop
  endfacet
  facet normal 0.008554825566379988 0.13052141585033594 -0.9914085812438544
    outer loop
      vertex 25.6 5.8784837550761715 0.002569292113674848
      vertex 25.6 6.034108386419354 0.023057663516123483
      vertex 25.6305572762461 6.032105556719983 0.023057663516123483
    endloop
  endfacet
  facet normal 0.025518101261852912 0.1282881582377637 -0.9914085812438544
    outer loop
      vertex 25.620313090544876 5.87580948597222 0.002569292113674848
      vertex 25.6305572762461 6.032105556719983 0.023057663516123483
      vertex 25.66059170902355 6.0261313365933145 0.023057663516123483
    endloop
  endfacet
  facet normal 0.057852011659743977 0.11731227464749192 -0.9914085812438546
    outer loop
      vertex 25.630034432777453 5.872509534949503 0.002569292113674848
      vertex 25.689589400860413 6.016287946602084 0.023057663516123483
      vertex 25.717054193209677 6.002743809878144 0.023057663516123483
    endloop
  endfacet
  facet normal 0.04204475516977388 0.1238598546695477 -0.9914085812438544
    outer loop
      vertex 25.620313090544876 5.87580948597222 0.002569292113674848
      vertex 25.66059170902355 6.0261313365933145 0.023057663516123483
      vertex 25.689589400860413 6.016287946602084 0.023057663516123483
    endloop
  endfacet
  facet normal 0.21563089558528908 0.14407995810547317 -0.9657868722142641
    outer loop
      vertex 25.802743809878145 5.917054193209677 0.023057663516123483
      vertex 25.78573067035599 5.942516155859572 0.023057663516123483
      vertex 25.93404969127771 5.992863679181896 0.06368384460587251
    endloop
  endfacet
  facet normal 0.23259235168819134 0.11470185436489529 -0.965786872214264
    outer loop
      vertex 25.816287946602085 5.889589400860411 0.023057663516123483
      vertex 25.802743809878145 5.917054193209677 0.023057663516123483
      vertex 25.956365611521957 5.947611469455776 0.06368384460587251
    endloop
  endfacet
  facet normal 0.23259235168819076 0.11470185436489769 -0.9657868722142637
    outer loop
      vertex 25.802743809878145 5.917054193209677 0.023057663516123483
      vertex 25.93404969127771 5.992863679181896 0.06368384460587251
      vertex 25.956365611521957 5.947611469455776 0.06368384460587251
    endloop
  endfacet
  facet normal 0.17099281381639164 0.19497993507472008 -0.9657868722142638
    outer loop
      vertex 25.742516155859573 5.985730670355985 0.023057663516123483
      vertex 25.872750430788212 6.072750430788212 0.06368384460587251
      vertex 25.765539627569765 5.965539627569766 0.023057663516123483
    endloop
  endfacet
  facet normal 0.19497993507470765 0.17099281381640424 -0.9657868722142641
    outer loop
      vertex 25.78573067035599 5.942516155859572 0.023057663516123483
      vertex 25.765539627569765 5.965539627569766 0.023057663516123483
      vertex 25.872750430788212 6.072750430788212 0.06368384460587251
    endloop
  endfacet
  facet normal 0.21563089558528115 0.1440799581054952 -0.9657868722142625
    outer loop
      vertex 25.78573067035599 5.942516155859572 0.023057663516123483
      vertex 25.90601808819963 6.034815937885302 0.06368384460587251
      vertex 25.93404969127771 5.992863679181896 0.06368384460587251
    endloop
  endfacet
  facet normal 0.11470185436490402 0.23259235168818648 -0.9657868722142641
    outer loop
      vertex 25.717054193209677 6.002743809878144 0.023057663516123483
      vertex 25.689589400860413 6.016287946602084 0.023057663516123483
      vertex 25.7928636791819 6.134049691277709 0.06368384460587251
    endloop
  endfacet
  facet normal 0.01696145610291518 0.2587818124703864 -0.9657868722142637
    outer loop
      vertex 25.6 6.034108386419354 0.023057663516123483
      vertex 25.650347523322328 6.182427407341078 0.06368384460587251
      vertex 25.6305572762461 6.032105556719983 0.023057663516123483
    endloop
  endfacet
  facet normal 0.08336117009475151 0.24557408816693793 -0.9657868722142638
    outer loop
      vertex 25.689589400860413 6.016287946602084 0.023057663516123483
      vertex 25.66059170902355 6.0261313365933145 0.023057663516123483
      vertex 25.699833586561635 6.172584017349847 0.06368384460587251
    endloop
  endfacet
  facet normal 0.05059415309221912 0.2543539839111432 -0.9657868722142638
    outer loop
      vertex 25.6305572762461 6.032105556719983 0.023057663516123483
      vertex 25.699833586561635 6.172584017349847 0.06368384460587251
      vertex 25.66059170902355 6.0261313365933145 0.023057663516123483
    endloop
  endfacet
  facet normal 0.11470185436489479 0.23259235168819423 -0.9657868722142633
    outer loop
      vertex 25.689589400860413 6.016287946602084 0.023057663516123483
      vertex 25.747611469455777 6.156365611521955 0.06368384460587251
      vertex 25.7928636791819 6.134049691277709 0.06368384460587251
    endloop
  endfacet
  facet normal 0.0833611700947592 0.24557408816693732 -0.9657868722142633
    outer loop
      vertex 25.689589400860413 6.016287946602084 0.023057663516123483
      vertex 25.699833586561635 6.172584017349847 0.06368384460587251
      vertex 25.747611469455777 6.156365611521955 0.06368384460587251
    endloop
  endfacet
  facet normal 0.19497993507472688 0.170992813816391 -0.9657868722142627
    outer loop
      vertex 25.78573067035599 5.942516155859572 0.023057663516123483
      vertex 25.872750430788212 6.072750430788212 0.06368384460587251
      vertex 25.90601808819963 6.034815937885302 0.06368384460587251
    endloop
  endfacet
  facet normal 0.14407995810548513 0.21563089558528076 -0.9657868722142642
    outer loop
      vertex 25.742516155859573 5.985730670355985 0.023057663516123483
      vertex 25.717054193209677 6.002743809878144 0.023057663516123483
      vertex 25.7928636791819 6.134049691277709 0.06368384460587251
    endloop
  endfacet
  facet normal 0.1709928138163905 0.19497993507472178 -0.9657868722142637
    outer loop
      vertex 25.742516155859573 5.985730670355985 0.023057663516123483
      vertex 25.834815937885303 6.10601808819963 0.06368384460587251
      vertex 25.872750430788212 6.072750430788212 0.06368384460587251
    endloop
  endfacet
  facet normal 0.3187721171243518 0.21299671902680584 -0.9235890509462932
    outer loop
      vertex 25.93404969127771 5.992863679181896 0.06368384460587251
      vertex 25.90601808819963 6.034815937885302 0.06368384460587251
      vertex 26.021069451709938 6.123097954110538 0.1237527101607725
    endloop
  endfacet
  facet normal 0.14407995810549065 0.21563089558527876 -0.9657868722142637
    outer loop
      vertex 25.742516155859573 5.985730670355985 0.023057663516123483
      vertex 25.7928636791819 6.134049691277709 0.06368384460587251
      vertex 25.834815937885303 6.10601808819963 0.06368384460587251
    endloop
  endfacet
  facet normal 0.2882433267822593 0.25278261320277057 -0.923589050946293
    outer loop
      vertex 25.90601808819963 6.034815937885302 0.06368384460587251
      vertex 25.872750430788212 6.072750430788212 0.06368384460587251
      vertex 26.021069451709938 6.123097954110538 0.1237527101607725
    endloop
  endfacet
  facet normal 0.2527826132027747 0.2882433267822572 -0.9235890509462924
    outer loop
      vertex 25.834815937885303 6.10601808819963 0.06368384460587251
      vertex 25.975294398515167 6.175294398515167 0.1237527101607725
      vertex 25.872750430788212 6.072750430788212 0.06368384460587251
    endloop
  endfacet
  facet normal 0.38256311096123574 0.02507451103778741 -0.9235890509462947
    outer loop
      vertex 25.985727358363796 5.8 0.06368384460587251
      vertex 25.982427407341078 5.850347523322325 0.06368384460587251
      vertex 26.12620581899366 5.869276310315536 0.1237527101607725
    endloop
  endfacet
  facet normal 0.3825631109612454 0.025074511037764653 -0.9235890509462912
    outer loop
      vertex 25.985727358363796 5.8 0.06368384460587251
      vertex 26.12620581899366 5.869276310315536 0.1237527101607725
      vertex 26.130746428262803 5.8 0.1237527101607725
    endloop
  endfacet
  facet normal 0.37601735006616044 0.07479450127747135 -0.9235890509462944
    outer loop
      vertex 25.982427407341078 5.850347523322325 0.06368384460587251
      vertex 25.97258401734985 5.899833586561635 0.06368384460587251
      vertex 26.12620581899366 5.869276310315536 0.1237527101607725
    endloop
  endfacet
  facet normal 0.3760173500661627 0.0747945012774871 -0.9235890509462922
    outer loop
      vertex 25.97258401734985 5.899833586561635 0.06368384460587251
      vertex 26.11266168226972 5.9373672837545515 0.1237527101607725
      vertex 26.12620581899366 5.869276310315536 0.1237527101607725
    endloop
  endfacet
  facet normal 0.49118117121086907 0.09770200957786858 -0.8655607282983471
    outer loop
      vertex 26.12620581899366 5.869276310315536 0.1237527101607725
      vertex 26.11266168226972 5.9373672837545515 0.1237527101607725
      vertex 26.260980703191443 5.887019760432226 0.20223646523694505
    endloop
  endfacet
  facet normal 0.49973171948302286 0.03275414737352322 -0.8655607282983528
    outer loop
      vertex 26.130746428262803 5.8 0.1237527101607725
      vertex 26.12620581899366 5.869276310315536 0.1237527101607725
      vertex 26.266684279623526 5.8 0.20223646523694505
    endloop
  endfacet
  facet normal 0.4997317194830306 0.032754147373544915 -0.8655607282983475
    outer loop
      vertex 26.12620581899366 5.869276310315536 0.1237527101607725
      vertex 26.260980703191443 5.887019760432226 0.20223646523694505
      vertex 26.266684279623526 5.8 0.20223646523694505
    endloop
  endfacet
  facet normal 0.6082774216426039 0.03986860856679782 -0.7927225696110672
    outer loop
      vertex 26.266684279623526 5.8 0.20223646523694505
      vertex 26.260980703191443 5.887019760432226 0.20223646523694505
      vertex 26.384446024299148 5.9032742783214855 0.2977922310252268
    endloop
  endfacet
  facet normal 0.6082774216426147 0.03986860856677864 -0.7927225696110599
    outer loop
      vertex 26.266684279623526 5.8 0.20223646523694505
      vertex 26.384446024299148 5.9032742783214855 0.2977922310252268
      vertex 26.391214978120082 5.8 0.2977922310252268
    endloop
  endfacet
  facet normal 0.7063485793639722 0.0462965318461353 -0.7063485793639835
    outer loop
      vertex 26.391214978120082 5.8 0.2977922310252268
      vertex 26.384446024299148 5.9032742783214855 0.2977922310252268
      vertex 26.502207768974774 5.8 0.4087850218799165
    endloop
  endfacet
  facet normal 0.7922829328906018 0.051928966951050544 -0.6079400765220719
    outer loop
      vertex 26.502207768974774 5.8 0.4087850218799165
      vertex 26.589227529407 5.93023427492864 0.5333157203764767
      vertex 26.597763534763054 5.8 0.5333157203764767
    endloop
  endfacet
  facet normal 0.7063485793639773 0.04629653184614738 -0.7063485793639777
    outer loop
      vertex 26.502207768974774 5.8 0.4087850218799165
      vertex 26.384446024299148 5.9032742783214855 0.2977922310252268
      vertex 26.494489256441568 5.917761744675625 0.4087850218799165
    endloop
  endfacet
  facet normal 0.7922829328905902 0.05192896695107147 -0.6079400765220856
    outer loop
      vertex 26.502207768974774 5.8 0.4087850218799165
      vertex 26.494489256441568 5.917761744675625 0.4087850218799165
      vertex 26.589227529407 5.93023427492864 0.5333157203764767
    endloop
  endfacet
  facet normal 0.8646336168614318 0.05667108131554859 -0.49919645144536556
    outer loop
      vertex 26.597763534763054 5.8 0.5333157203764767
      vertex 26.589227529407 5.93023427492864 0.5333157203764767
      vertex 26.676247289839228 5.8 0.6692535717371975
    endloop
  endfacet
  facet normal 0.8646336168614408 0.05667108131557374 -0.4991964514453472
    outer loop
      vertex 26.676247289839228 5.8 0.6692535717371975
      vertex 26.589227529407 5.93023427492864 0.5333157203764767
      vertex 26.66703984507859 5.940478460629864 0.6692535717371975
    endloop
  endfacet
  facet normal 0.922190327153647 0.060443547416379126 -0.381983740596342
    outer loop
      vertex 26.676247289839228 5.8 0.6692535717371975
      vertex 26.66703984507859 5.940478460629864 0.6692535717371975
      vertex 26.726594813161554 5.948319020921724 0.8142726416362045
    endloop
  endfacet
  facet normal 0.9221903271536567 0.060443547416356644 -0.3819837405963223
    outer loop
      vertex 26.676247289839228 5.8 0.6692535717371975
      vertex 26.726594813161554 5.948319020921724 0.8142726416362045
      vertex 26.736316155394128 5.8 0.8142726416362045
    endloop
  endfacet
  facet normal 0.9639958278814499 0.06318362469878065 -0.2583019035878006
    outer loop
      vertex 26.736316155394128 5.8 0.8142726416362045
      vertex 26.726594813161554 5.948319020921724 0.8142726416362045
      vertex 26.776942336483877 5.8 0.965891613580645
    endloop
  endfacet
  facet normal 0.9639958278814501 0.06318362469878176 -0.2583019035877996
    outer loop
      vertex 26.776942336483877 5.8 0.965891613580645
      vertex 26.726594813161554 5.948319020921724 0.8142726416362045
      vertex 26.766873431640228 5.953621801643811 0.965891613580645
    endloop
  endfacet
  facet normal 0.36303782805974305 0.12323473686339521 -0.9235890509462931
    outer loop
      vertex 25.956365611521957 5.947611469455776 0.06368384460587251
      vertex 26.090345762025475 6.003107864883121 0.1237527101607725
      vertex 25.97258401734985 5.899833586561635 0.06368384460587251
    endloop
  endfacet
  facet normal 0.36303782805974677 0.12323473686339058 -0.9235890509462923
    outer loop
      vertex 25.97258401734985 5.899833586561635 0.06368384460587251
      vertex 26.090345762025475 6.003107864883121 0.1237527101607725
      vertex 26.11266168226972 5.9373672837545515 0.1237527101607725
    endloop
  endfacet
  facet normal 0.343846628162124 0.1695663919344408 -0.9235890509462928
    outer loop
      vertex 25.956365611521957 5.947611469455776 0.06368384460587251
      vertex 25.93404969127771 5.992863679181896 0.06368384460587251
      vertex 26.090345762025475 6.003107864883121 0.1237527101607725
    endloop
  endfacet
  facet normal 0.47422637691813563 0.1609781633102091 -0.86556072829835
    outer loop
      vertex 26.11266168226972 5.9373672837545515 0.1237527101607725
      vertex 26.090345762025475 6.003107864883121 0.1237527101607725
      vertex 26.215935960591207 6.055129028430176 0.20223646523694505
    endloop
  endfacet
  facet normal 0.4911811712108698 0.09770200957787184 -0.8655607282983463
    outer loop
      vertex 26.260980703191443 5.887019760432226 0.20223646523694505
      vertex 26.11266168226972 5.9373672837545515 0.1237527101607725
      vertex 26.243967563669283 5.972550588637022 0.20223646523694505
    endloop
  endfacet
  facet normal 0.5978696263119339 0.11892366275410385 -0.7927225696110695
    outer loop
      vertex 26.260980703191443 5.887019760432226 0.20223646523694505
      vertex 26.243967563669283 5.972550588637022 0.20223646523694505
      vertex 26.36425498151293 6.004781505107851 0.2977922310252268
    endloop
  endfacet
  facet normal 0.474226376918145 0.1609781633101987 -0.8655607282983467
    outer loop
      vertex 26.11266168226972 5.9373672837545515 0.1237527101607725
      vertex 26.215935960591207 6.055129028430176 0.20223646523694505
      vertex 26.243967563669283 5.972550588637022 0.20223646523694505
    endloop
  endfacet
  facet normal 0.577232115914299 0.1959439000998094 -0.7927225696110697
    outer loop
      vertex 26.243967563669283 5.972550588637022 0.20223646523694505
      vertex 26.215935960591207 6.055129028430176 0.20223646523694505
      vertex 26.36425498151293 6.004781505107851 0.2977922310252268
    endloop
  endfacet
  facet normal 0.5978696263119385 0.11892366275409762 -0.7927225696110668
    outer loop
      vertex 26.260980703191443 5.887019760432226 0.20223646523694505
      vertex 26.36425498151293 6.004781505107851 0.2977922310252268
      vertex 26.384446024299148 5.9032742783214855 0.2977922310252268
    endloop
  endfacet
  facet normal 0.34384662816212336 0.1695663919344463 -0.923589050946292
    outer loop
      vertex 25.93404969127771 5.992863679181896 0.06368384460587251
      vertex 26.059639889843442 6.065373214131401 0.1237527101607725
      vertex 26.090345762025475 6.003107864883121 0.1237527101607725
    endloop
  endfacet
  facet normal 0.3187721171243589 0.21299671902680062 -0.9235890509462918
    outer loop
      vertex 25.93404969127771 5.992863679181896 0.06368384460587251
      vertex 26.021069451709938 6.123097954110538 0.1237527101607725
      vertex 26.059639889843442 6.065373214131401 0.1237527101607725
    endloop
  endfacet
  facet normal 0.4491574378359421 0.22149993603674586 -0.8655607282983496
    outer loop
      vertex 26.090345762025475 6.003107864883121 0.1237527101607725
      vertex 26.059639889843442 6.065373214131401 0.1237527101607725
      vertex 26.215935960591207 6.055129028430176 0.20223646523694505
    endloop
  endfacet
  facet normal 0.44915743783594186 0.22149993603675003 -0.8655607282983486
    outer loop
      vertex 26.059639889843442 6.065373214131401 0.1237527101607725
      vertex 26.1773655224577 6.133342139811761 0.20223646523694505
      vertex 26.215935960591207 6.055129028430176 0.20223646523694505
    endloop
  endfacet
  facet normal 0.5772321159143013 0.1959439000998277 -0.7927225696110636
    outer loop
      vertex 26.36425498151293 6.004781505107851 0.2977922310252268
      vertex 26.215935960591207 6.055129028430176 0.20223646523694505
      vertex 26.33098732410151 6.102784863565662 0.2977922310252268
    endloop
  endfacet
  facet normal 0.6702979110062788 0.22753548059830572 -0.7063485793639828
    outer loop
      vertex 26.36425498151293 6.004781505107851 0.2977922310252268
      vertex 26.33098732410151 6.102784863565662 0.2977922310252268
      vertex 26.433531291828466 6.145259965737716 0.4087850218799165
    endloop
  endfacet
  facet normal 0.5467180039743876 0.26961148298893706 -0.7927225696110637
    outer loop
      vertex 26.215935960591207 6.055129028430176 0.20223646523694505
      vertex 26.28521227090674 6.195607489060041 0.2977922310252268
      vertex 26.33098732410151 6.102784863565662 0.2977922310252268
    endloop
  endfacet
  facet normal 0.6942627593342375 0.13809744904269963 -0.7063485793639777
    outer loop
      vertex 26.384446024299148 5.9032742783214855 0.2977922310252268
      vertex 26.471465784731375 6.033508553250126 0.4087850218799165
      vertex 26.494489256441568 5.917761744675625 0.4087850218799165
    endloop
  endfacet
  facet normal 0.6942627593342339 0.1380974490427044 -0.7063485793639803
    outer loop
      vertex 26.384446024299148 5.9032742783214855 0.2977922310252268
      vertex 26.36425498151293 6.004781505107851 0.2977922310252268
      vertex 26.471465784731375 6.033508553250126 0.4087850218799165
    endloop
  endfacet
  facet normal 0.7787267522465061 0.15489838183121674 -0.6079400765220855
    outer loop
      vertex 26.494489256441568 5.917761744675625 0.4087850218799165
      vertex 26.471465784731375 6.033508553250126 0.4087850218799165
      vertex 26.589227529407 5.93023427492864 0.5333157203764767
    endloop
  endfacet
  facet normal 0.77872675224651 0.15489838183123175 -0.6079400765220766
    outer loop
      vertex 26.471465784731375 6.033508553250126 0.4087850218799165
      vertex 26.563765566757105 6.05824020530549 0.5333157203764767
      vertex 26.589227529407 5.93023427492864 0.5333157203764767
    endloop
  endfacet
  facet normal 0.6702979110062822 0.22753548059830245 -0.7063485793639808
    outer loop
      vertex 26.36425498151293 6.004781505107851 0.2977922310252268
      vertex 26.433531291828466 6.145259965737716 0.4087850218799165
      vertex 26.471465784731375 6.033508553250126 0.4087850218799165
    endloop
  endfacet
  facet normal 0.7518463409676424 0.2552174424523074 -0.6079400765220784
    outer loop
      vertex 26.471465784731375 6.033508553250126 0.4087850218799165
      vertex 26.433531291828466 6.145259965737716 0.4087850218799165
      vertex 26.5218133080537 6.18182757417185 0.5333157203764767
    endloop
  endfacet
  facet normal 0.7518463409676442 0.2552174424523056 -0.6079400765220769
    outer loop
      vertex 26.471465784731375 6.033508553250126 0.4087850218799165
      vertex 26.5218133080537 6.18182757417185 0.5333157203764767
      vertex 26.563765566757105 6.05824020530549 0.5333157203764767
    endloop
  endfacet
  facet normal 0.8498394959552175 0.16904358603317396 -0.49919645144534713
    outer loop
      vertex 26.589227529407 5.93023427492864 0.5333157203764767
      vertex 26.639575052729327 6.078553295850364 0.6692535717371975
      vertex 26.66703984507859 5.940478460629864 0.6692535717371975
    endloop
  endfacet
  facet normal 0.9064113949765894 0.18029643639467707 -0.38198374059634205
    outer loop
      vertex 26.66703984507859 5.940478460629864 0.6692535717371975
      vertex 26.639575052729327 6.078553295850364 0.6692535717371975
      vertex 26.726594813161554 5.948319020921724 0.8142726416362045
    endloop
  endfacet
  facet normal 0.9475015919962594 0.18846978475997966 -0.25830190358779975
    outer loop
      vertex 26.726594813161554 5.948319020921724 0.8142726416362045
      vertex 26.736838998862776 6.104615091669486 0.965891613580645
      vertex 26.766873431640228 5.953621801643811 0.965891613580645
    endloop
  endfacet
  facet normal 0.8205043856531667 0.2785237081260375 -0.4991964514453614
    outer loop
      vertex 26.563765566757105 6.05824020530549 0.5333157203764767
      vertex 26.5218133080537 6.18182757417185 0.5333157203764767
      vertex 26.639575052729327 6.078553295850364 0.6692535717371975
    endloop
  endfacet
  facet normal 0.8498394959552051 0.16904358603319172 -0.4991964514453619
    outer loop
      vertex 26.589227529407 5.93023427492864 0.5333157203764767
      vertex 26.563765566757105 6.05824020530549 0.5333157203764767
      vertex 26.639575052729327 6.078553295850364 0.6692535717371975
    endloop
  endfacet
  facet normal 0.906411394976593 0.18029643639470258 -0.38198374059632134
    outer loop
      vertex 26.726594813161554 5.948319020921724 0.8142726416362045
      vertex 26.639575052729327 6.078553295850364 0.6692535717371975
      vertex 26.69759712132469 6.094100262273676 0.8142726416362045
    endloop
  endfacet
  facet normal 0.9475015919962586 0.1884697847599813 -0.2583019035878014
    outer loop
      vertex 26.726594813161554 5.948319020921724 0.8142726416362045
      vertex 26.69759712132469 6.094100262273676 0.8142726416362045
      vertex 26.736838998862776 6.104615091669486 0.965891613580645
    endloop
  endfacet
  facet normal 0.9893581533630934 0.06484595933589299 -0.13025147189869887
    outer loop
      vertex 26.776942336483877 5.8 0.965891613580645
      vertex 26.787186522185102 5.956296070747762 1.1215162449238285
      vertex 26.797430707886324 5.8 1.1215162449238285
    endloop
  endfacet
  facet normal 0.9893581533630929 0.06484595933589549 -0.13025147189870137
    outer loop
      vertex 26.776942336483877 5.8 0.965891613580645
      vertex 26.766873431640228 5.953621801643811 0.965891613580645
      vertex 26.787186522185102 5.956296070747762 1.1215162449238285
    endloop
  endfacet
  facet normal 0.9724299610571465 0.19342834566479206 -0.1302514718987012
    outer loop
      vertex 26.766873431640228 5.953621801643811 0.965891613580645
      vertex 26.756629245939003 6.1099178723915735 1.1215162449238285
      vertex 26.787186522185102 5.956296070747762 1.1215162449238285
    endloop
  endfacet
  facet normal 0.9724299610571457 0.1934283456647946 -0.13025147189870384
    outer loop
      vertex 26.766873431640228 5.953621801643811 0.965891613580645
      vertex 26.736838998862776 6.104615091669486 0.965891613580645
      vertex 26.756629245939003 6.1099178723915735 1.1215162449238285
    endloop
  endfacet
  facet normal 0.016961456102910864 0.25878181247038784 -0.9657868722142635
    outer loop
      vertex 25.6 6.034108386419354 0.023057663516123483
      vertex 25.6 6.185727358363794 0.06368384460587251
      vertex 25.650347523322328 6.182427407341078 0.06368384460587251
    endloop
  endfacet
  facet normal 0.050594153092215495 0.25435398391114494 -0.9657868722142636
    outer loop
      vertex 25.6305572762461 6.032105556719983 0.023057663516123483
      vertex 25.650347523322328 6.182427407341078 0.06368384460587251
      vertex 25.699833586561635 6.172584017349847 0.06368384460587251
    endloop
  endfacet
  facet normal 0.0747945012774893 0.37601735006616255 -0.9235890509462921
    outer loop
      vertex 25.699833586561635 6.172584017349847 0.06368384460587251
      vertex 25.650347523322328 6.182427407341078 0.06368384460587251
      vertex 25.737367283754555 6.312661682269718 0.1237527101607725
    endloop
  endfacet
  facet normal 0.12323473686339362 0.3630378280597451 -0.9235890509462923
    outer loop
      vertex 25.747611469455777 6.156365611521955 0.06368384460587251
      vertex 25.699833586561635 6.172584017349847 0.06368384460587251
      vertex 25.737367283754555 6.312661682269718 0.1237527101607725
    endloop
  endfacet
  facet normal 0.21299671902680473 0.3187721171243568 -0.9235890509462916
    outer loop
      vertex 25.834815937885303 6.10601808819963 0.06368384460587251
      vertex 25.7928636791819 6.134049691277709 0.06368384460587251
      vertex 25.92309795411054 6.221069451709936 0.1237527101607725
    endloop
  endfacet
  facet normal 0.28824332678225806 0.2527826132027736 -0.9235890509462924
    outer loop
      vertex 25.872750430788212 6.072750430788212 0.06368384460587251
      vertex 25.975294398515167 6.175294398515167 0.1237527101607725
      vertex 26.021069451709938 6.123097954110538 0.1237527101607725
    endloop
  endfacet
  facet normal 0.2527826132027722 0.288243326782262 -0.9235890509462917
    outer loop
      vertex 25.834815937885303 6.10601808819963 0.06368384460587251
      vertex 25.92309795411054 6.221069451709936 0.1237527101607725
      vertex 25.975294398515167 6.175294398515167 0.1237527101607725
    endloop
  endfacet
  facet normal 0.1695663919344365 0.34384662816212874 -0.9235890509462917
    outer loop
      vertex 25.747611469455777 6.156365611521955 0.06368384460587251
      vertex 25.80310786488312 6.290345762025472 0.1237527101607725
      vertex 25.7928636791819 6.134049691277709 0.06368384460587251
    endloop
  endfacet
  facet normal 0.16956639193443906 0.3438466281621284 -0.9235890509462913
    outer loop
      vertex 25.7928636791819 6.134049691277709 0.06368384460587251
      vertex 25.80310786488312 6.290345762025472 0.1237527101607725
      vertex 25.865373214131402 6.259639889843441 0.1237527101607725
    endloop
  endfacet
  facet normal 0.2129967190268036 0.3187721171243583 -0.9235890509462914
    outer loop
      vertex 25.7928636791819 6.134049691277709 0.06368384460587251
      vertex 25.865373214131402 6.259639889843441 0.1237527101607725
      vertex 25.92309795411054 6.221069451709936 0.1237527101607725
    endloop
  endfacet
  facet normal 0.025074511037767224 0.3825631109612434 -0.9235890509462918
    outer loop
      vertex 25.6 6.185727358363794 0.06368384460587251
      vertex 25.6 6.330746428262802 0.1237527101607725
      vertex 25.650347523322328 6.182427407341078 0.06368384460587251
    endloop
  endfacet
  facet normal 0.025074511037769052 0.3825631109612439 -0.9235890509462916
    outer loop
      vertex 25.650347523322328 6.182427407341078 0.06368384460587251
      vertex 25.6 6.330746428262802 0.1237527101607725
      vertex 25.66927631031554 6.3262058189936585 0.1237527101607725
    endloop
  endfacet
  facet normal 0.07479450127748656 0.3760173500661642 -0.9235890509462916
    outer loop
      vertex 25.650347523322328 6.182427407341078 0.06368384460587251
      vertex 25.66927631031554 6.3262058189936585 0.1237527101607725
      vertex 25.737367283754555 6.312661682269718 0.1237527101607725
    endloop
  endfacet
  facet normal 0.12323473686339675 0.3630378280597452 -0.923589050946292
    outer loop
      vertex 25.747611469455777 6.156365611521955 0.06368384460587251
      vertex 25.737367283754555 6.312661682269718 0.1237527101607725
      vertex 25.80310786488312 6.290345762025472 0.1237527101607725
    endloop
  endfacet
  facet normal 0.27823178344628785 0.41640329046241364 -0.8655607282983515
    outer loop
      vertex 25.92309795411054 6.221069451709936 0.1237527101607725
      vertex 25.865373214131402 6.259639889843441 0.1237527101607725
      vertex 25.933342139811764 6.377365522457699 0.20223646523694505
    endloop
  endfacet
  facet normal 0.1609781633102165 0.47422637691813185 -0.8655607282983506
    outer loop
      vertex 25.737367283754555 6.312661682269718 0.1237527101607725
      vertex 25.855129028430177 6.415935960591204 0.20223646523694505
      vertex 25.80310786488312 6.290345762025472 0.1237527101607725
    endloop
  endfacet
  facet normal 0.2214999360367342 0.44915743783594425 -0.8655607282983514
    outer loop
      vertex 25.865373214131402 6.259639889843441 0.1237527101607725
      vertex 25.80310786488312 6.290345762025472 0.1237527101607725
      vertex 25.933342139811764 6.377365522457699 0.20223646523694505
    endloop
  endfacet
  facet normal 0.27823178344629274 0.4164032904624128 -0.8655607282983505
    outer loop
      vertex 25.92309795411054 6.221069451709936 0.1237527101607725
      vertex 25.933342139811764 6.377365522457699 0.20223646523694505
      vertex 26.005851674761267 6.328916200158977 0.20223646523694505
    endloop
  endfacet
  facet normal 0.09770200957786634 0.49118117121086424 -0.8655607282983502
    outer loop
      vertex 25.737367283754555 6.312661682269718 0.1237527101607725
      vertex 25.66927631031554 6.3262058189936585 0.1237527101607725
      vertex 25.772550588637024 6.4439675636692835 0.20223646523694505
    endloop
  endfacet
  facet normal 0.03275414737352951 0.49973171948302747 -0.86556072829835
    outer loop
      vertex 25.6 6.330746428262802 0.1237527101607725
      vertex 25.68701976043223 6.460980703191442 0.20223646523694505
      vertex 25.66927631031554 6.3262058189936585 0.1237527101607725
    endloop
  endfacet
  facet normal 0.03275414737352904 0.4997317194830276 -0.8655607282983497
    outer loop
      vertex 25.6 6.330746428262802 0.1237527101607725
      vertex 25.6 6.466684279623522 0.20223646523694505
      vertex 25.68701976043223 6.460980703191442 0.20223646523694505
    endloop
  endfacet
  facet normal 0.0977020095778657 0.49118117121086463 -0.8655607282983498
    outer loop
      vertex 25.66927631031554 6.3262058189936585 0.1237527101607725
      vertex 25.68701976043223 6.460980703191442 0.20223646523694505
      vertex 25.772550588637024 6.4439675636692835 0.20223646523694505
    endloop
  endfacet
  facet normal 0.16097816331021383 0.47422637691813435 -0.8655607282983497
    outer loop
      vertex 25.737367283754555 6.312661682269718 0.1237527101607725
      vertex 25.772550588637024 6.4439675636692835 0.20223646523694505
      vertex 25.855129028430177 6.415935960591204 0.20223646523694505
    endloop
  endfacet
  facet normal 0.22149993603673213 0.44915743783594675 -0.8655607282983506
    outer loop
      vertex 25.80310786488312 6.290345762025472 0.1237527101607725
      vertex 25.855129028430177 6.415935960591204 0.20223646523694505
      vertex 25.933342139811764 6.377365522457699 0.20223646523694505
    endloop
  endfacet
  facet normal 0.2696114829889267 0.5467180039743855 -0.7927225696110687
    outer loop
      vertex 25.933342139811764 6.377365522457699 0.20223646523694505
      vertex 25.855129028430177 6.415935960591204 0.20223646523694505
      vertex 25.902784863565664 6.53098732410151 0.2977922310252268
    endloop
  endfacet
  facet normal 0.03986860856677879 0.6082774216426038 -0.7927225696110684
    outer loop
      vertex 25.6 6.466684279623522 0.20223646523694505
      vertex 25.6 6.591214978120083 0.2977922310252268
      vertex 25.68701976043223 6.460980703191442 0.20223646523694505
    endloop
  endfacet
  facet normal 0.19594390009983043 0.5772321159142937 -0.7927225696110682
    outer loop
      vertex 25.855129028430177 6.415935960591204 0.20223646523694505
      vertex 25.772550588637024 6.4439675636692835 0.20223646523694505
      vertex 25.902784863565664 6.53098732410151 0.2977922310252268
    endloop
  endfacet
  facet normal 0.11892366275409832 0.5978696263119373 -0.7927225696110676
    outer loop
      vertex 25.772550588637024 6.4439675636692835 0.20223646523694505
      vertex 25.68701976043223 6.460980703191442 0.20223646523694505
      vertex 25.804781505107854 6.564254981512928 0.2977922310252268
    endloop
  endfacet
  facet normal 0.03986860856678326 0.6082774216426056 -0.7927225696110667
    outer loop
      vertex 25.68701976043223 6.460980703191442 0.20223646523694505
      vertex 25.6 6.591214978120083 0.2977922310252268
      vertex 25.703274278321487 6.584446024299147 0.2977922310252268
    endloop
  endfacet
  facet normal 0.1189236627540957 0.5978696263119394 -0.7927225696110665
    outer loop
      vertex 25.68701976043223 6.460980703191442 0.20223646523694505
      vertex 25.703274278321487 6.584446024299147 0.2977922310252268
      vertex 25.804781505107854 6.564254981512928 0.2977922310252268
    endloop
  endfacet
  facet normal 0.2696114829889332 0.5467180039743853 -0.7927225696110664
    outer loop
      vertex 25.933342139811764 6.377365522457699 0.20223646523694505
      vertex 25.902784863565664 6.53098732410151 0.2977922310252268
      vertex 25.995607489060042 6.48521227090674 0.2977922310252268
    endloop
  endfacet
  facet normal 0.19594390009982907 0.5772321159142951 -0.7927225696110677
    outer loop
      vertex 25.772550588637024 6.4439675636692835 0.20223646523694505
      vertex 25.804781505107854 6.564254981512928 0.2977922310252268
      vertex 25.902784863565664 6.53098732410151 0.2977922310252268
    endloop
  endfacet
  facet normal 0.4164032904624182 0.27823178344628663 -0.8655607282983498
    outer loop
      vertex 26.059639889843442 6.065373214131401 0.1237527101607725
      vertex 26.021069451709938 6.123097954110538 0.1237527101607725
      vertex 26.12891620015898 6.205851674761265 0.20223646523694505
    endloop
  endfacet
  facet normal 0.41640329046242236 0.2782317834462838 -0.8655607282983486
    outer loop
      vertex 26.059639889843442 6.065373214131401 0.1237527101607725
      vertex 26.12891620015898 6.205851674761265 0.20223646523694505
      vertex 26.1773655224577 6.133342139811761 0.20223646523694505
    endloop
  endfacet
  facet normal 0.3765243673402639 0.33020300790065477 -0.8655607282983523
    outer loop
      vertex 26.021069451709938 6.123097954110538 0.1237527101607725
      vertex 25.975294398515167 6.175294398515167 0.1237527101607725
      vertex 26.071416975032264 6.2714169750322615 0.20223646523694505
    endloop
  endfacet
  facet normal 0.3302030079006516 0.3765243673402676 -0.8655607282983518
    outer loop
      vertex 25.92309795411054 6.221069451709936 0.1237527101607725
      vertex 26.071416975032264 6.2714169750322615 0.20223646523694505
      vertex 25.975294398515167 6.175294398515167 0.1237527101607725
    endloop
  endfacet
  facet normal 0.3765243673402733 0.3302030079006504 -0.86556072829835
    outer loop
      vertex 26.021069451709938 6.123097954110538 0.1237527101607725
      vertex 26.071416975032264 6.2714169750322615 0.20223646523694505
      vertex 26.12891620015898 6.205851674761265 0.20223646523694505
    endloop
  endfacet
  facet normal 0.5467180039743755 0.2696114829889465 -0.7927225696110688
    outer loop
      vertex 26.215935960591207 6.055129028430176 0.20223646523694505
      vertex 26.1773655224577 6.133342139811761 0.20223646523694505
      vertex 26.28521227090674 6.195607489060041 0.2977922310252268
    endloop
  endfacet
  facet normal 0.5068493954076089 0.3386659386536619 -0.7927225696110687
    outer loop
      vertex 26.12891620015898 6.205851674761265 0.20223646523694505
      vertex 26.28521227090674 6.195607489060041 0.2977922310252268
      vertex 26.1773655224577 6.133342139811761 0.20223646523694505
    endloop
  endfacet
  facet normal 0.5068493954076075 0.3386659386536712 -0.7927225696110655
    outer loop
      vertex 26.12891620015898 6.205851674761265 0.20223646523694505
      vertex 26.227713045780025 6.281661160733485 0.2977922310252268
      vertex 26.28521227090674 6.195607489060041 0.2977922310252268
    endloop
  endfacet
  facet normal 0.634864079579316 0.31308031699611755 -0.7063485793639841
    outer loop
      vertex 26.33098732410151 6.102784863565662 0.2977922310252268
      vertex 26.28521227090674 6.195607489060041 0.2977922310252268
      vertex 26.381334847423837 6.251103884487386 0.4087850218799165
    endloop
  endfacet
  facet normal 0.3302030079006495 0.37652436734027217 -0.8655607282983507
    outer loop
      vertex 25.92309795411054 6.221069451709936 0.1237527101607725
      vertex 26.005851674761267 6.328916200158977 0.20223646523694505
      vertex 26.071416975032264 6.2714169750322615 0.20223646523694505
    endloop
  endfacet
  facet normal 0.4583084531602029 0.40192572621210676 -0.7927225696110669
    outer loop
      vertex 26.12891620015898 6.205851674761265 0.20223646523694505
      vertex 26.071416975032264 6.2714169750322615 0.20223646523694505
      vertex 26.15947347640508 6.359473476405076 0.2977922310252268
    endloop
  endfacet
  facet normal 0.4019257262121069 0.4583084531602032 -0.7927225696110667
    outer loop
      vertex 26.071416975032264 6.2714169750322615 0.20223646523694505
      vertex 26.005851674761267 6.328916200158977 0.20223646523694505
      vertex 26.15947347640508 6.359473476405076 0.2977922310252268
    endloop
  endfacet
  facet normal 0.45830845316020474 0.4019257262121059 -0.7927225696110662
    outer loop
      vertex 26.12891620015898 6.205851674761265 0.20223646523694505
      vertex 26.15947347640508 6.359473476405076 0.2977922310252268
      vertex 26.227713045780025 6.281661160733485 0.2977922310252268
    endloop
  endfacet
  facet normal 0.5885675477331813 0.3932682623678543 -0.7063485793639838
    outer loop
      vertex 26.28521227090674 6.195607489060041 0.2977922310252268
      vertex 26.227713045780025 6.281661160733485 0.2977922310252268
      vertex 26.381334847423837 6.251103884487386 0.4087850218799165
    endloop
  endfacet
  facet normal 0.5322004619635817 0.4667272787359193 -0.7063485793639808
    outer loop
      vertex 26.227713045780025 6.281661160733485 0.2977922310252268
      vertex 26.15947347640508 6.359473476405076 0.2977922310252268
      vertex 26.31576954715284 6.349229290703852 0.4087850218799165
    endloop
  endfacet
  facet normal 0.5885675477331803 0.39326826236786144 -0.7063485793639803
    outer loop
      vertex 26.227713045780025 6.281661160733485 0.2977922310252268
      vertex 26.31576954715284 6.349229290703852 0.4087850218799165
      vertex 26.381334847423837 6.251103884487386 0.4087850218799165
    endloop
  endfacet
  facet normal 0.6601726633925605 0.44111327101720027 -0.6079400765220851
    outer loop
      vertex 26.381334847423837 6.251103884487386 0.4087850218799165
      vertex 26.31576954715284 6.349229290703852 0.4087850218799165
      vertex 26.391579033125062 6.4073999552351495 0.5333157203764767
    endloop
  endfacet
  facet normal 0.6348640795793185 0.31308031699611555 -0.7063485793639827
    outer loop
      vertex 26.33098732410151 6.102784863565662 0.2977922310252268
      vertex 26.381334847423837 6.251103884487386 0.4087850218799165
      vertex 26.433531291828466 6.145259965737716 0.4087850218799165
    endloop
  endfacet
  facet normal 0.7121016303436266 0.3511696618733949 -0.6079400765220817
    outer loop
      vertex 26.433531291828466 6.145259965737716 0.4087850218799165
      vertex 26.381334847423837 6.251103884487386 0.4087850218799165
      vertex 26.464088568074565 6.298881767381527 0.5333157203764767
    endloop
  endfacet
  facet normal 0.7121016303436309 0.3511696618733916 -0.6079400765220786
    outer loop
      vertex 26.433531291828466 6.145259965737716 0.4087850218799165
      vertex 26.464088568074565 6.298881767381527 0.5333157203764767
      vertex 26.5218133080537 6.18182757417185 0.5333157203764767
    endloop
  endfacet
  facet normal 0.6601726633925662 0.441113271017197 -0.6079400765220814
    outer loop
      vertex 26.381334847423837 6.251103884487386 0.4087850218799165
      vertex 26.391579033125062 6.4073999552351495 0.5333157203764767
      vertex 26.464088568074565 6.298881767381527 0.5333157203764767
    endloop
  endfacet
  facet normal 0.820504385653168 0.2785237081260512 -0.49919645144535196
    outer loop
      vertex 26.639575052729327 6.078553295850364 0.6692535717371975
      vertex 26.5218133080537 6.18182757417185 0.5333157203764767
      vertex 26.594322843003205 6.211862006949301 0.6692535717371975
    endloop
  endfacet
  facet normal 0.7771302178258103 0.3832382123515044 -0.4991964514453523
    outer loop
      vertex 26.5218133080537 6.18182757417185 0.5333157203764767
      vertex 26.464088568074565 6.298881767381527 0.5333157203764767
      vertex 26.594322843003205 6.211862006949301 0.6692535717371975
    endloop
  endfacet
  facet normal 0.8751235125267665 0.29706440335869366 -0.38198374059632156
    outer loop
      vertex 26.639575052729327 6.078553295850364 0.6692535717371975
      vertex 26.594322843003205 6.211862006949301 0.6692535717371975
      vertex 26.69759712132469 6.094100262273676 0.8142726416362045
    endloop
  endfacet
  facet normal 0.9147953411749443 0.31053117455021456 -0.2583019035878007
    outer loop
      vertex 26.69759712132469 6.094100262273676 0.8142726416362045
      vertex 26.687352935623466 6.250396333021438 0.965891613580645
      vertex 26.736838998862776 6.104615091669486 0.965891613580645
    endloop
  endfacet
  facet normal 0.8751235125267665 0.2970644033586959 -0.38198374059631973
    outer loop
      vertex 26.69759712132469 6.094100262273676 0.8142726416362045
      vertex 26.594322843003205 6.211862006949301 0.6692535717371975
      vertex 26.64981923843055 6.234849366598127 0.8142726416362045
    endloop
  endfacet
  facet normal 0.9147953411749423 0.3105311745502176 -0.25830190358780397
    outer loop
      vertex 26.69759712132469 6.094100262273676 0.8142726416362045
      vertex 26.64981923843055 6.234849366598127 0.8142726416362045
      vertex 26.687352935623466 6.250396333021438 0.965891613580645
    endloop
  endfacet
  facet normal 0.7771302178258094 0.38323821235152267 -0.4991964514453397
    outer loop
      vertex 26.594322843003205 6.211862006949301 0.6692535717371975
      vertex 26.464088568074565 6.298881767381527 0.5333157203764767
      vertex 26.532057493754923 6.338123644919612 0.6692535717371975
    endloop
  endfacet
  facet normal 0.8288620241475235 0.4087495160194143 -0.38198374059633056
    outer loop
      vertex 26.594322843003205 6.211862006949301 0.6692535717371975
      vertex 26.532057493754923 6.338123644919612 0.6692535717371975
      vertex 26.58407865730198 6.368158077697063 0.8142726416362045
    endloop
  endfacet
  facet normal 0.8288620241475334 0.4087495160194047 -0.3819837405963194
    outer loop
      vertex 26.594322843003205 6.211862006949301 0.6692535717371975
      vertex 26.58407865730198 6.368158077697063 0.8142726416362045
      vertex 26.64981923843055 6.234849366598127 0.8142726416362045
    endloop
  endfacet
  facet normal 0.8664366884369382 0.4272792898483865 -0.25830190358781846
    outer loop
      vertex 26.64981923843055 6.234849366598127 0.8142726416362045
      vertex 26.58407865730198 6.368158077697063 0.8142726416362045
      vertex 26.619261962184453 6.388471168241938 0.965891613580645
    endloop
  endfacet
  facet normal 0.8664366884369482 0.4272792898483747 -0.2583019035878046
    outer loop
      vertex 26.64981923843055 6.234849366598127 0.8142726416362045
      vertex 26.619261962184453 6.388471168241938 0.965891613580645
      vertex 26.687352935623466 6.250396333021438 0.965891613580645
    endloop
  endfacet
  facet normal 0.338665938653676 0.5068493954076021 -0.7927225696110669
    outer loop
      vertex 25.933342139811764 6.377365522457699 0.20223646523694505
      vertex 26.081661160733486 6.427713045780024 0.2977922310252268
      vertex 26.005851674761267 6.328916200158977 0.20223646523694505
    endloop
  endfacet
  facet normal 0.40192572621210676 0.4583084531602035 -0.7927225696110666
    outer loop
      vertex 26.005851674761267 6.328916200158977 0.20223646523694505
      vertex 26.081661160733486 6.427713045780024 0.2977922310252268
      vertex 26.15947347640508 6.359473476405076 0.2977922310252268
    endloop
  endfacet
  facet normal 0.3386659386536745 0.5068493954076048 -0.7927225696110659
    outer loop
      vertex 25.933342139811764 6.377365522457699 0.20223646523694505
      vertex 25.995607489060042 6.48521227090674 0.2977922310252268
      vertex 26.081661160733486 6.427713045780024 0.2977922310252268
    endloop
  endfacet
  facet normal 0.46672727873591924 0.5322004619635793 -0.7063485793639824
    outer loop
      vertex 26.15947347640508 6.359473476405076 0.2977922310252268
      vertex 26.081661160733486 6.427713045780024 0.2977922310252268
      vertex 26.149229290703854 6.515769547152839 0.4087850218799165
    endloop
  endfacet
  facet normal 0.5322004619635798 0.46672727873592673 -0.7063485793639772
    outer loop
      vertex 26.15947347640508 6.359473476405076 0.2977922310252268
      vertex 26.23795723148125 6.437957231481247 0.4087850218799165
      vertex 26.31576954715284 6.349229290703852 0.4087850218799165
    endloop
  endfacet
  facet normal 0.4667272787359299 0.5322004619635765 -0.7063485793639777
    outer loop
      vertex 26.15947347640508 6.359473476405076 0.2977922310252268
      vertex 26.149229290703854 6.515769547152839 0.4087850218799165
      vertex 26.23795723148125 6.437957231481247 0.4087850218799165
    endloop
  endfacet
  facet normal 0.5969479591364144 0.5235093097941923 -0.6079400765220848
    outer loop
      vertex 26.31576954715284 6.349229290703852 0.4087850218799165
      vertex 26.23795723148125 6.437957231481247 0.4087850218799165
      vertex 26.391579033125062 6.4073999552351495 0.5333157203764767
    endloop
  endfacet
  facet normal 0.5969479591364126 0.5235093097941984 -0.607940076522081
    outer loop
      vertex 26.23795723148125 6.437957231481247 0.4087850218799165
      vertex 26.30552536145162 6.505525361451615 0.5333157203764767
      vertex 26.391579033125062 6.4073999552351495 0.5333157203764767
    endloop
  endfacet
  facet normal 0.39326826236785856 0.5885675477331785 -0.7063485793639835
    outer loop
      vertex 26.081661160733486 6.427713045780024 0.2977922310252268
      vertex 25.995607489060042 6.48521227090674 0.2977922310252268
      vertex 26.05110388448739 6.581334847423835 0.4087850218799165
    endloop
  endfacet
  facet normal 0.3130803169961157 0.6348640795793185 -0.7063485793639828
    outer loop
      vertex 25.902784863565664 6.53098732410151 0.2977922310252268
      vertex 26.05110388448739 6.581334847423835 0.4087850218799165
      vertex 25.995607489060042 6.48521227090674 0.2977922310252268
    endloop
  endfacet
  facet normal 0.3932682623678618 0.5885675477331782 -0.7063485793639819
    outer loop
      vertex 26.081661160733486 6.427713045780024 0.2977922310252268
      vertex 26.05110388448739 6.581334847423835 0.4087850218799165
      vertex 26.149229290703854 6.515769547152839 0.4087850218799165
    endloop
  endfacet
  facet normal 0.523509309794198 0.5969479591364134 -0.6079400765220807
    outer loop
      vertex 26.23795723148125 6.437957231481247 0.4087850218799165
      vertex 26.149229290703854 6.515769547152839 0.4087850218799165
      vertex 26.30552536145162 6.505525361451615 0.5333157203764767
    endloop
  endfacet
  facet normal 0.5235093097941937 0.5969479591364235 -0.6079400765220745
    outer loop
      vertex 26.149229290703854 6.515769547152839 0.4087850218799165
      vertex 26.20739995523515 6.5915790331250586 0.5333157203764767
      vertex 26.30552536145162 6.505525361451615 0.5333157203764767
    endloop
  endfacet
  facet normal 0.6514607996199837 0.5713157878291691 -0.4991964514453476
    outer loop
      vertex 26.30552536145162 6.505525361451615 0.5333157203764767
      vertex 26.361021756878962 6.56102175687896 0.6692535717371975
      vertex 26.391579033125062 6.4073999552351495 0.5333157203764767
    endloop
  endfacet
  facet normal 0.7204591365102515 0.48139540450993 -0.49919645144534375
    outer loop
      vertex 26.464088568074565 6.298881767381527 0.5333157203764767
      vertex 26.391579033125062 6.4073999552351495 0.5333157203764767
      vertex 26.45384438237334 6.4551778381292895 0.6692535717371975
    endloop
  endfacet
  facet normal 0.720459136510256 0.4813954045099273 -0.49919645144534025
    outer loop
      vertex 26.464088568074565 6.298881767381527 0.5333157203764767
      vertex 26.45384438237334 6.4551778381292895 0.6692535717371975
      vertex 26.532057493754923 6.338123644919612 0.6692535717371975
    endloop
  endfacet
  facet normal 0.7684184767311653 0.5134408111342421 -0.3819837405963334
    outer loop
      vertex 26.532057493754923 6.338123644919612 0.6692535717371975
      vertex 26.45384438237334 6.4551778381292895 0.6692535717371975
      vertex 26.501500217508827 6.491745446563424 0.8142726416362045
    endloop
  endfacet
  facet normal 0.7684184767311681 0.51344081113424 -0.3819837405963305
    outer loop
      vertex 26.532057493754923 6.338123644919612 0.6692535717371975
      vertex 26.501500217508827 6.491745446563424 0.8142726416362045
      vertex 26.58407865730198 6.368158077697063 0.8142726416362045
    endloop
  endfacet
  facet normal 0.8032530637381532 0.5367165380330479 -0.2583019035878173
    outer loop
      vertex 26.58407865730198 6.368158077697063 0.8142726416362045
      vertex 26.501500217508827 6.491745446563424 0.8142726416362045
      vertex 26.619261962184453 6.388471168241938 0.965891613580645
    endloop
  endfacet
  facet normal 0.651460799619988 0.571315787829167 -0.4991964514453443
    outer loop
      vertex 26.391579033125062 6.4073999552351495 0.5333157203764767
      vertex 26.361021756878962 6.56102175687896 0.6692535717371975
      vertex 26.45384438237334 6.4551778381292895 0.6692535717371975
    endloop
  endfacet
  facet normal 0.6948270761320735 0.6093469916179013 -0.38198374059633367
    outer loop
      vertex 26.45384438237334 6.4551778381292895 0.6692535717371975
      vertex 26.361021756878962 6.56102175687896 0.6692535717371975
      vertex 26.501500217508827 6.491745446563424 0.8142726416362045
    endloop
  endfacet
  facet normal 0.803253063738149 0.5367165380330602 -0.25830190358780575
    outer loop
      vertex 26.619261962184453 6.388471168241938 0.965891613580645
      vertex 26.501500217508827 6.491745446563424 0.8142726416362045
      vertex 26.533731133979657 6.516477098618787 0.965891613580645
    endloop
  endfacet
  facet normal 0.6948270761320674 0.6093469916179165 -0.38198374059632056
    outer loop
      vertex 26.501500217508827 6.491745446563424 0.8142726416362045
      vertex 26.361021756878962 6.56102175687896 0.6692535717371975
      vertex 26.403496859051014 6.603496859051013 0.8142726416362045
    endloop
  endfacet
  facet normal 0.7263255564149693 0.636970417446055 -0.2583019035878051
    outer loop
      vertex 26.501500217508827 6.491745446563424 0.8142726416362045
      vertex 26.43222390719329 6.632223907193288 0.965891613580645
      vertex 26.533731133979657 6.516477098618787 0.965891613580645
    endloop
  endfacet
  facet normal 0.9388632225089935 0.31870111937087603 -0.13025147189870376
    outer loop
      vertex 26.736838998862776 6.104615091669486 0.965891613580645
      vertex 26.687352935623466 6.250396333021438 0.965891613580645
      vertex 26.756629245939003 6.1099178723915735 1.1215162449238285
    endloop
  endfacet
  facet normal 0.9388632225089931 0.3187011193708773 -0.13025147189870243
    outer loop
      vertex 26.756629245939003 6.1099178723915735 1.1215162449238285
      vertex 26.687352935623466 6.250396333021438 0.965891613580645
      vertex 26.706281722616676 6.258236893313297 1.1215162449238285
    endloop
  endfacet
  facet normal 0.8892322739216588 0.4385208285638638 -0.13025147189870223
    outer loop
      vertex 26.687352935623466 6.250396333021438 0.965891613580645
      vertex 26.637005412301143 6.398715353943162 1.1215162449238285
      vertex 26.706281722616676 6.258236893313297 1.1215162449238285
    endloop
  endfacet
  facet normal 0.8892322739216582 0.43852082856386465 -0.13025147189870334
    outer loop
      vertex 26.687352935623466 6.250396333021438 0.965891613580645
      vertex 26.619261962184453 6.388471168241938 0.965891613580645
      vertex 26.637005412301143 6.398715353943162 1.1215162449238285
    endloop
  endfacet
  facet normal 0.8243863145857449 0.5508373247992135 -0.1302514718987039
    outer loop
      vertex 26.619261962184453 6.388471168241938 0.965891613580645
      vertex 26.533731133979657 6.516477098618787 0.965891613580645
      vertex 26.637005412301143 6.398715353943162 1.1215162449238285
    endloop
  endfacet
  facet normal 0.8243863145857433 0.5508373247992168 -0.1302514718987005
    outer loop
      vertex 26.533731133979657 6.516477098618787 0.965891613580645
      vertex 26.549985651868916 6.5289496288718025 1.1215162449238285
      vertex 26.637005412301143 6.398715353943162 1.1215162449238285
    endloop
  endfacet
  facet normal 0.13809744904270196 0.6942627593342336 -0.7063485793639809
    outer loop
      vertex 25.703274278321487 6.584446024299147 0.2977922310252268
      vertex 25.717761744675627 6.694489256441568 0.4087850218799165
      vertex 25.804781505107854 6.564254981512928 0.2977922310252268
    endloop
  endfacet
  facet normal 0.046296531846141555 0.706348579363975 -0.7063485793639807
    outer loop
      vertex 25.6 6.591214978120083 0.2977922310252268
      vertex 25.6 6.702207768974773 0.4087850218799165
      vertex 25.703274278321487 6.584446024299147 0.2977922310252268
    endloop
  endfacet
  facet normal 0.04629653184614155 0.706348579363975 -0.7063485793639807
    outer loop
      vertex 25.703274278321487 6.584446024299147 0.2977922310252268
      vertex 25.6 6.702207768974773 0.4087850218799165
      vertex 25.717761744675627 6.694489256441568 0.4087850218799165
    endloop
  endfacet
  facet normal 0.22753548059830966 0.6702979110062783 -0.706348579363982
    outer loop
      vertex 25.902784863565664 6.53098732410151 0.2977922310252268
      vertex 25.804781505107854 6.564254981512928 0.2977922310252268
      vertex 25.94525996573772 6.633531291828464 0.4087850218799165
    endloop
  endfacet
  facet normal 0.13809744904270657 0.6942627593342351 -0.7063485793639789
    outer loop
      vertex 25.804781505107854 6.564254981512928 0.2977922310252268
      vertex 25.717761744675627 6.694489256441568 0.4087850218799165
      vertex 25.833508553250127 6.6714657847313745 0.4087850218799165
    endloop
  endfacet
  facet normal 0.22753548059830322 0.6702979110062848 -0.7063485793639779
    outer loop
      vertex 25.804781505107854 6.564254981512928 0.2977922310252268
      vertex 25.833508553250127 6.6714657847313745 0.4087850218799165
      vertex 25.94525996573772 6.633531291828464 0.4087850218799165
    endloop
  endfacet
  facet normal 0.05192896695106152 0.7922829328905987 -0.6079400765220753
    outer loop
      vertex 25.6 6.702207768974773 0.4087850218799165
      vertex 25.6 6.797763534763054 0.5333157203764767
      vertex 25.73023427492864 6.7892275294069995 0.5333157203764767
    endloop
  endfacet
  facet normal 0.051928966951065504 0.7922829328905963 -0.6079400765220778
    outer loop
      vertex 25.6 6.702207768974773 0.4087850218799165
      vertex 25.73023427492864 6.7892275294069995 0.5333157203764767
      vertex 25.717761744675627 6.694489256441568 0.4087850218799165
    endloop
  endfacet
  facet normal 0.1548983818312259 0.7787267522465102 -0.6079400765220779
    outer loop
      vertex 25.717761744675627 6.694489256441568 0.4087850218799165
      vertex 25.858240205305492 6.763765566757105 0.5333157203764767
      vertex 25.833508553250127 6.6714657847313745 0.4087850218799165
    endloop
  endfacet
  facet normal 0.25521744245230715 0.751846340967642 -0.6079400765220793
    outer loop
      vertex 25.94525996573772 6.633531291828464 0.4087850218799165
      vertex 25.833508553250127 6.6714657847313745 0.4087850218799165
      vertex 25.858240205305492 6.763765566757105 0.5333157203764767
    endloop
  endfacet
  facet normal 0.255217442452316 0.7518463409676431 -0.6079400765220743
    outer loop
      vertex 25.94525996573772 6.633531291828464 0.4087850218799165
      vertex 25.858240205305492 6.763765566757105 0.5333157203764767
      vertex 25.981827574171852 6.721813308053699 0.5333157203764767
    endloop
  endfacet
  facet normal 0.1548983818312244 0.7787267522465113 -0.6079400765220768
    outer loop
      vertex 25.717761744675627 6.694489256441568 0.4087850218799165
      vertex 25.73023427492864 6.7892275294069995 0.5333157203764767
      vertex 25.858240205305492 6.763765566757105 0.5333157203764767
    endloop
  endfacet
  facet normal 0.2785237081260496 0.8205043856531677 -0.499196451445353
    outer loop
      vertex 25.858240205305492 6.763765566757105 0.5333157203764767
      vertex 25.878553295850367 6.839575052729325 0.6692535717371975
      vertex 25.981827574171852 6.721813308053699 0.5333157203764767
    endloop
  endfacet
  facet normal 0.05667108131556123 0.8646336168614386 -0.4991964514453526
    outer loop
      vertex 25.6 6.797763534763054 0.5333157203764767
      vertex 25.6 6.876247289839226 0.6692535717371975
      vertex 25.73023427492864 6.7892275294069995 0.5333157203764767
    endloop
  endfacet
  facet normal 0.05667108131556236 0.8646336168614388 -0.4991964514453517
    outer loop
      vertex 25.73023427492864 6.7892275294069995 0.5333157203764767
      vertex 25.6 6.876247289839226 0.6692535717371975
      vertex 25.740478460629866 6.86703984507859 0.6692535717371975
    endloop
  endfacet
  facet normal 0.16904358603318473 0.8498394959552116 -0.49919645144535335
    outer loop
      vertex 25.858240205305492 6.763765566757105 0.5333157203764767
      vertex 25.73023427492864 6.7892275294069995 0.5333157203764767
      vertex 25.878553295850367 6.839575052729325 0.6692535717371975
    endloop
  endfacet
  facet normal 0.16904358603318387 0.8498394959552122 -0.4991964514453527
    outer loop
      vertex 25.73023427492864 6.7892275294069995 0.5333157203764767
      vertex 25.740478460629866 6.86703984507859 0.6692535717371975
      vertex 25.878553295850367 6.839575052729325 0.6692535717371975
    endloop
  endfacet
  facet normal 0.2785237081260513 0.820504385653168 -0.4991964514453519
    outer loop
      vertex 25.878553295850367 6.839575052729325 0.6692535717371975
      vertex 26.0118620069493 6.794322843003203 0.6692535717371975
      vertex 25.981827574171852 6.721813308053699 0.5333157203764767
    endloop
  endfacet
  facet normal 0.18029643639468937 0.9064113949765926 -0.3819837405963285
    outer loop
      vertex 25.740478460629866 6.86703984507859 0.6692535717371975
      vertex 25.748319020921727 6.926594813161551 0.8142726416362045
      vertex 25.878553295850367 6.839575052729325 0.6692535717371975
    endloop
  endfacet
  facet normal 0.29706440335869316 0.8751235125267647 -0.3819837405963262
    outer loop
      vertex 25.878553295850367 6.839575052729325 0.6692535717371975
      vertex 25.89410026227368 6.897597121324689 0.8142726416362045
      vertex 26.0118620069493 6.794322843003203 0.6692535717371975
    endloop
  endfacet
  facet normal 0.18029643639469267 0.906411394976593 -0.3819837405963259
    outer loop
      vertex 25.878553295850367 6.839575052729325 0.6692535717371975
      vertex 25.748319020921727 6.926594813161551 0.8142726416362045
      vertex 25.89410026227368 6.897597121324689 0.8142726416362045
    endloop
  endfacet
  facet normal 0.060443547416367524 0.9221903271536537 -0.3819837405963275
    outer loop
      vertex 25.6 6.876247289839226 0.6692535717371975
      vertex 25.748319020921727 6.926594813161551 0.8142726416362045
      vertex 25.740478460629866 6.86703984507859 0.6692535717371975
    endloop
  endfacet
  facet normal 0.06044354741636678 0.9221903271536541 -0.38198374059632695
    outer loop
      vertex 25.6 6.876247289839226 0.6692535717371975
      vertex 25.6 6.936316155394127 0.8142726416362045
      vertex 25.748319020921727 6.926594813161551 0.8142726416362045
    endloop
  endfacet
  facet normal 0.06318362469879132 0.963995827881448 -0.2583019035878057
    outer loop
      vertex 25.6 6.936316155394127 0.8142726416362045
      vertex 25.6 6.9769423364838765 0.965891613580645
      vertex 25.748319020921727 6.926594813161551 0.8142726416362045
    endloop
  endfacet
  facet normal 0.06318362469879243 0.9639958278814482 -0.25830190358780475
    outer loop
      vertex 25.748319020921727 6.926594813161551 0.8142726416362045
      vertex 25.6 6.9769423364838765 0.965891613580645
      vertex 25.753621801643813 6.966873431640225 0.965891613580645
    endloop
  endfacet
  facet normal 0.18846978475997114 0.9475015919962598 -0.258301903587804
    outer loop
      vertex 25.748319020921727 6.926594813161551 0.8142726416362045
      vertex 25.753621801643813 6.966873431640225 0.965891613580645
      vertex 25.89410026227368 6.897597121324689 0.8142726416362045
    endloop
  endfacet
  facet normal 0.18846978475997533 0.9475015919962602 -0.25830190358780025
    outer loop
      vertex 25.89410026227368 6.897597121324689 0.8142726416362045
      vertex 25.753621801643813 6.966873431640225 0.965891613580645
      vertex 25.904615091669488 6.9368389988627746 0.965891613580645
    endloop
  endfacet
  facet normal 0.3105311745502114 0.9147953411749458 -0.25830190358779903
    outer loop
      vertex 25.89410026227368 6.897597121324689 0.8142726416362045
      vertex 25.904615091669488 6.9368389988627746 0.965891613580645
      vertex 26.05039633302144 6.887352935623465 0.965891613580645
    endloop
  endfacet
  facet normal 0.31308031699611555 0.6348640795793185 -0.7063485793639827
    outer loop
      vertex 25.902784863565664 6.53098732410151 0.2977922310252268
      vertex 25.94525996573772 6.633531291828464 0.4087850218799165
      vertex 26.05110388448739 6.581334847423835 0.4087850218799165
    endloop
  endfacet
  facet normal 0.44111327101720627 0.6601726633925666 -0.6079400765220743
    outer loop
      vertex 26.149229290703854 6.515769547152839 0.4087850218799165
      vertex 26.05110388448739 6.581334847423835 0.4087850218799165
      vertex 26.20739995523515 6.5915790331250586 0.5333157203764767
    endloop
  endfacet
  facet normal 0.4411132710172046 0.6601726633925695 -0.6079400765220725
    outer loop
      vertex 26.05110388448739 6.581334847423835 0.4087850218799165
      vertex 26.098881767381528 6.664088568074563 0.5333157203764767
      vertex 26.20739995523515 6.5915790331250586 0.5333157203764767
    endloop
  endfacet
  facet normal 0.3511696618733976 0.712101630343632 -0.6079400765220737
    outer loop
      vertex 25.94525996573772 6.633531291828464 0.4087850218799165
      vertex 26.098881767381528 6.664088568074563 0.5333157203764767
      vertex 26.05110388448739 6.581334847423835 0.4087850218799165
    endloop
  endfacet
  facet normal 0.35116966187339754 0.7121016303436322 -0.6079400765220737
    outer loop
      vertex 25.94525996573772 6.633531291828464 0.4087850218799165
      vertex 25.981827574171852 6.721813308053699 0.5333157203764767
      vertex 26.098881767381528 6.664088568074563 0.5333157203764767
    endloop
  endfacet
  facet normal 0.571315787829157 0.6514607996199876 -0.49919645144535646
    outer loop
      vertex 26.30552536145162 6.505525361451615 0.5333157203764767
      vertex 26.20739995523515 6.5915790331250586 0.5333157203764767
      vertex 26.255177838129292 6.653844382373339 0.6692535717371975
    endloop
  endfacet
  facet normal 0.5713157878291687 0.6514607996199837 -0.49919645144534797
    outer loop
      vertex 26.30552536145162 6.505525361451615 0.5333157203764767
      vertex 26.255177838129292 6.653844382373339 0.6692535717371975
      vertex 26.361021756878962 6.56102175687896 0.6692535717371975
    endloop
  endfacet
  facet normal 0.4813954045099303 0.7204591365102431 -0.49919645144535574
    outer loop
      vertex 26.098881767381528 6.664088568074563 0.5333157203764767
      vertex 26.255177838129292 6.653844382373339 0.6692535717371975
      vertex 26.20739995523515 6.5915790331250586 0.5333157203764767
    endloop
  endfacet
  facet normal 0.6093469916179073 0.6948270761320736 -0.3819837405963235
    outer loop
      vertex 26.361021756878962 6.56102175687896 0.6692535717371975
      vertex 26.255177838129292 6.653844382373339 0.6692535717371975
      vertex 26.291745446563425 6.7015002175088245 0.8142726416362045
    endloop
  endfacet
  facet normal 0.60934699161791 0.6948270761320726 -0.38198374059632123
    outer loop
      vertex 26.361021756878962 6.56102175687896 0.6692535717371975
      vertex 26.291745446563425 6.7015002175088245 0.8142726416362045
      vertex 26.403496859051014 6.603496859051013 0.8142726416362045
    endloop
  endfacet
  facet normal 0.38323821235150946 0.7771302178258087 -0.49919645144535085
    outer loop
      vertex 26.098881767381528 6.664088568074563 0.5333157203764767
      vertex 25.981827574171852 6.721813308053699 0.5333157203764767
      vertex 26.138123644919613 6.732057493754923 0.6692535717371975
    endloop
  endfacet
  facet normal 0.48139540450992646 0.7204591365102492 -0.4991964514453508
    outer loop
      vertex 26.098881767381528 6.664088568074563 0.5333157203764767
      vertex 26.138123644919613 6.732057493754923 0.6692535717371975
      vertex 26.255177838129292 6.653844382373339 0.6692535717371975
    endloop
  endfacet
  facet normal 0.38323821235150907 0.7771302178258093 -0.4991964514453504
    outer loop
      vertex 25.981827574171852 6.721813308053699 0.5333157203764767
      vertex 26.0118620069493 6.794322843003203 0.6692535717371975
      vertex 26.138123644919613 6.732057493754923 0.6692535717371975
    endloop
  endfacet
  facet normal 0.4087495160194031 0.8288620241475302 -0.38198374059632806
    outer loop
      vertex 26.138123644919613 6.732057493754923 0.6692535717371975
      vertex 26.0118620069493 6.794322843003203 0.6692535717371975
      vertex 26.168158077697065 6.784078657301979 0.8142726416362045
    endloop
  endfacet
  facet normal 0.5134408111342458 0.768418476731165 -0.3819837405963291
    outer loop
      vertex 26.255177838129292 6.653844382373339 0.6692535717371975
      vertex 26.138123644919613 6.732057493754923 0.6692535717371975
      vertex 26.168158077697065 6.784078657301979 0.8142726416362045
    endloop
  endfacet
  facet normal 0.5134408111342517 0.7684184767311635 -0.38198374059632423
    outer loop
      vertex 26.255177838129292 6.653844382373339 0.6692535717371975
      vertex 26.168158077697065 6.784078657301979 0.8142726416362045
      vertex 26.291745446563425 6.7015002175088245 0.8142726416362045
    endloop
  endfacet
  facet normal 0.6369704174460522 0.7263255564149694 -0.2583019035878116
    outer loop
      vertex 26.291745446563425 6.7015002175088245 0.8142726416362045
      vertex 26.31647709861879 6.733731133979654 0.965891613580645
      vertex 26.403496859051014 6.603496859051013 0.8142726416362045
    endloop
  endfacet
  facet normal 0.5367165380330596 0.8032530637381478 -0.25830190358781013
    outer loop
      vertex 26.291745446563425 6.7015002175088245 0.8142726416362045
      vertex 26.168158077697065 6.784078657301979 0.8142726416362045
      vertex 26.31647709861879 6.733731133979654 0.965891613580645
    endloop
  endfacet
  facet normal 0.7263255564149638 0.6369704174460588 -0.2583019035878112
    outer loop
      vertex 26.501500217508827 6.491745446563424 0.8142726416362045
      vertex 26.403496859051014 6.603496859051013 0.8142726416362045
      vertex 26.43222390719329 6.632223907193288 0.965891613580645
    endloop
  endfacet
  facet normal 0.6369704174460532 0.726325556414969 -0.2583019035878106
    outer loop
      vertex 26.31647709861879 6.733731133979654 0.965891613580645
      vertex 26.43222390719329 6.632223907193288 0.965891613580645
      vertex 26.403496859051014 6.603496859051013 0.8142726416362045
    endloop
  endfacet
  facet normal 0.4087495160194013 0.828862024147532 -0.381983740596326
    outer loop
      vertex 26.0118620069493 6.794322843003203 0.6692535717371975
      vertex 26.034849366598127 6.849819238430548 0.8142726416362045
      vertex 26.168158077697065 6.784078657301979 0.8142726416362045
    endloop
  endfacet
  facet normal 0.42727928984838603 0.8664366884369427 -0.25830190358780425
    outer loop
      vertex 26.168158077697065 6.784078657301979 0.8142726416362045
      vertex 26.05039633302144 6.887352935623465 0.965891613580645
      vertex 26.18847116824194 6.8192619621844495 0.965891613580645
    endloop
  endfacet
  facet normal 0.29706440335869344 0.8751235125267646 -0.3819837405963258
    outer loop
      vertex 25.89410026227368 6.897597121324689 0.8142726416362045
      vertex 26.034849366598127 6.849819238430548 0.8142726416362045
      vertex 26.0118620069493 6.794322843003203 0.6692535717371975
    endloop
  endfacet
  facet normal 0.310531174550216 0.9147953411749429 -0.25830190358780397
    outer loop
      vertex 25.89410026227368 6.897597121324689 0.8142726416362045
      vertex 26.05039633302144 6.887352935623465 0.965891613580645
      vertex 26.034849366598127 6.849819238430548 0.8142726416362045
    endloop
  endfacet
  facet normal 0.4272792898483858 0.8664366884369427 -0.25830190358780436
    outer loop
      vertex 26.168158077697065 6.784078657301979 0.8142726416362045
      vertex 26.034849366598127 6.849819238430548 0.8142726416362045
      vertex 26.05039633302144 6.887352935623465 0.965891613580645
    endloop
  endfacet
  facet normal 0.5367165380330551 0.8032530637381528 -0.2583019035878041
    outer loop
      vertex 26.31647709861879 6.733731133979654 0.965891613580645
      vertex 26.168158077697065 6.784078657301979 0.8142726416362045
      vertex 26.18847116824194 6.8192619621844495 0.965891613580645
    endloop
  endfacet
  facet normal 0.06484595933590648 0.9893581533630916 -0.13025147189870429
    outer loop
      vertex 25.6 6.9769423364838765 0.965891613580645
      vertex 25.6 6.997430707886324 1.1215162449238285
      vertex 25.753621801643813 6.966873431640225 0.965891613580645
    endloop
  endfacet
  facet normal 0.064845959335909 0.9893581533630919 -0.13025147189870184
    outer loop
      vertex 25.753621801643813 6.966873431640225 0.965891613580645
      vertex 25.6 6.997430707886324 1.1215162449238285
      vertex 25.756296070747766 6.9871865221851 1.1215162449238285
    endloop
  endfacet
  facet normal 0.3187011193708725 0.9388632225089941 -0.13025147189870726
    outer loop
      vertex 25.904615091669488 6.9368389988627746 0.965891613580645
      vertex 25.909917872391574 6.956629245939002 1.1215162449238285
      vertex 26.05039633302144 6.887352935623465 0.965891613580645
    endloop
  endfacet
  facet normal 0.19342834566478448 0.9724299610571481 -0.13025147189870237
    outer loop
      vertex 25.753621801643813 6.966873431640225 0.965891613580645
      vertex 25.756296070747766 6.9871865221851 1.1215162449238285
      vertex 25.909917872391574 6.956629245939002 1.1215162449238285
    endloop
  endfacet
  facet normal 0.19342834566479009 0.972429961057146 -0.13025147189870817
    outer loop
      vertex 25.904615091669488 6.9368389988627746 0.965891613580645
      vertex 25.753621801643813 6.966873431640225 0.965891613580645
      vertex 25.909917872391574 6.956629245939002 1.1215162449238285
    endloop
  endfacet
  facet normal 0.6537288416862738 0.7454348768442121 -0.13025147189869776
    outer loop
      vertex 26.31647709861879 6.733731133979654 0.965891613580645
      vertex 26.328949628871804 6.749985651868913 1.1215162449238285
      vertex 26.44671137354743 6.6467113735474275 1.1215162449238285
    endloop
  endfacet
  facet normal 0.5508373247992194 0.8243863145857417 -0.13025147189869898
    outer loop
      vertex 26.31647709861879 6.733731133979654 0.965891613580645
      vertex 26.198715353943165 6.83700541230114 1.1215162449238285
      vertex 26.328949628871804 6.749985651868913 1.1215162449238285
    endloop
  endfacet
  facet normal 0.7454348768442043 0.6537288416862808 -0.1302514718987075
    outer loop
      vertex 26.533731133979657 6.516477098618787 0.965891613580645
      vertex 26.43222390719329 6.632223907193288 0.965891613580645
      vertex 26.44671137354743 6.6467113735474275 1.1215162449238285
    endloop
  endfacet
  facet normal 0.7454348768442093 0.6537288416862763 -0.1302514718987009
    outer loop
      vertex 26.533731133979657 6.516477098618787 0.965891613580645
      vertex 26.44671137354743 6.6467113735474275 1.1215162449238285
      vertex 26.549985651868916 6.5289496288718025 1.1215162449238285
    endloop
  endfacet
  facet normal 0.65372884168628 0.745434876844205 -0.13025147189870703
    outer loop
      vertex 26.31647709861879 6.733731133979654 0.965891613580645
      vertex 26.44671137354743 6.6467113735474275 1.1215162449238285
      vertex 26.43222390719329 6.632223907193288 0.965891613580645
    endloop
  endfacet
  facet normal 0.4385208285638757 0.8892322739216516 -0.13025147189871086
    outer loop
      vertex 26.05039633302144 6.887352935623465 0.965891613580645
      vertex 26.198715353943165 6.83700541230114 1.1215162449238285
      vertex 26.18847116824194 6.8192619621844495 0.965891613580645
    endloop
  endfacet
  facet normal 0.4385208285638725 0.8892322739216537 -0.13025147189870703
    outer loop
      vertex 26.05039633302144 6.887352935623465 0.965891613580645
      vertex 26.0582368933133 6.906281722616676 1.1215162449238285
      vertex 26.198715353943165 6.83700541230114 1.1215162449238285
    endloop
  endfacet
  facet normal 0.5508373247992079 0.8243863145857476 -0.13025147189871172
    outer loop
      vertex 26.31647709861879 6.733731133979654 0.965891613580645
      vertex 26.18847116824194 6.8192619621844495 0.965891613580645
      vertex 26.198715353943165 6.83700541230114 1.1215162449238285
    endloop
  endfacet
  facet normal 0.3187011193708738 0.938863222508994 -0.130251471898706
    outer loop
      vertex 26.05039633302144 6.887352935623465 0.965891613580645
      vertex 25.909917872391574 6.956629245939002 1.1215162449238285
      vertex 26.0582368933133 6.906281722616676 1.1215162449238285
    endloop
  endfacet
  facet normal 0.9978589232386044 0.06540312923012931 0
    outer loop
      vertex 26.797430707886324 5.8 1.1215162449238285
      vertex 26.787186522185102 5.956296070747762 1.1215162449238285
      vertex 26.797430707886324 5.8 30.478483755076173
    endloop
  endfacet
  facet normal 0.9807852804032292 0.19509032201613447 7.727361483463122e-20
    outer loop
      vertex 26.787186522185102 5.956296070747762 1.1215162449238285
      vertex 26.756629245939003 6.1099178723915735 1.1215162449238285
      vertex 26.756629245939003 6.1099178723915735 30.478483755076173
    endloop
  endfacet
  facet normal 0 1 0
    outer loop
      vertex 25.6 6.997430707886324 1.1215162449238285
      vertex 23.8 6.997430707886324 2
      vertex 23.8 6.997430707886324 29.6
    endloop
  endfacet
  facet normal 0.9469301294951037 0.3214394653031673 0
    outer loop
      vertex 26.756629245939003 6.1099178723915735 1.1215162449238285
      vertex 26.706281722616676 6.258236893313297 1.1215162449238285
      vertex 26.756629245939003 6.1099178723915735 30.478483755076173
    endloop
  endfacet
  facet normal 0.8968727415326955 0.4422886902189866 1.0471988010338758e-19
    outer loop
      vertex 26.706281722616676 6.258236893313297 1.1215162449238285
      vertex 26.637005412301143 6.398715353943162 1.1215162449238285
      vertex 26.637005412301143 6.398715353943162 30.478483755076173
    endloop
  endfacet
  facet normal 0.8314696123025433 0.5555702330196051 -7.583714653006022e-20
    outer loop
      vertex 26.637005412301143 6.398715353943162 1.1215162449238285
      vertex 26.549985651868916 6.5289496288718025 1.1215162449238285
      vertex 26.549985651868916 6.5289496288718025 30.478483755076173
    endloop
  endfacet
  facet normal 0.06540312923014552 0.9978589232386034 0
    outer loop
      vertex 25.6 6.997430707886324 1.1215162449238285
      vertex 25.6 6.997430707886324 30.478483755076173
      vertex 25.756296070747766 6.9871865221851 1.1215162449238285
    endloop
  endfacet
  facet normal 0.19509032201612683 0.9807852804032308 -1.9040275858667106e-20
    outer loop
      vertex 25.756296070747766 6.9871865221851 1.1215162449238285
      vertex 25.909917872391574 6.956629245939002 30.478483755076173
      vertex 25.909917872391574 6.956629245939002 1.1215162449238285
    endloop
  endfacet
  facet normal 0.6593458151000663 0.7518398074789798 0
    outer loop
      vertex 26.328949628871804 6.749985651868913 1.1215162449238285
      vertex 26.328949628871804 6.749985651868913 30.478483755076173
      vertex 26.44671137354743 6.6467113735474275 1.1215162449238285
    endloop
  endfacet
  facet normal 0.7518398074789772 0.659345815100069 6.74081661273184e-20
    outer loop
      vertex 26.549985651868916 6.5289496288718025 1.1215162449238285
      vertex 26.44671137354743 6.6467113735474275 1.1215162449238285
      vertex 26.44671137354743 6.6467113735474275 30.478483755076173
    endloop
  endfacet
  facet normal 0.4422886902189958 0.8968727415326911 1.6133004579129745e-19
    outer loop
      vertex 26.198715353943165 6.83700541230114 1.1215162449238285
      vertex 26.0582368933133 6.906281722616676 1.1215162449238285
      vertex 26.0582368933133 6.906281722616676 30.478483755076173
    endloop
  endfacet
  facet normal 0.5555702330196076 0.8314696123025416 0
    outer loop
      vertex 26.328949628871804 6.749985651868913 1.1215162449238285
      vertex 26.198715353943165 6.83700541230114 1.1215162449238285
      vertex 26.328949628871804 6.749985651868913 30.478483755076173
    endloop
  endfacet
  facet normal 0.32143946530316386 0.9469301294951048 8.418257737681921e-21
    outer loop
      vertex 25.909917872391574 6.956629245939002 1.1215162449238285
      vertex 26.0582368933133 6.906281722616676 30.478483755076173
      vertex 26.0582368933133 6.906281722616676 1.1215162449238285
    endloop
  endfacet
  facet normal 0 0 1
    outer loop
      vertex -25.6 5.8784837550761715 31.597430707886325
      vertex 25.66226534924828 -5.847777882894141 31.597430707886325
      vertex 25.6 5.8784837550761715 31.597430707886325
    endloop
  endfacet
  facet normal 0 0.13052619222004622 0.991444861373811
    outer loop
      vertex -25.6 5.8784837550761715 31.597430707886325
      vertex 25.6 5.8784837550761715 31.597430707886325
      vertex 25.6 6.034108386419354 31.576942336483878
    endloop
  endfacet
  facet normal 0 0.258819045102517 0.9659258262890693
    outer loop
      vertex -25.6 6.034108386419354 31.576942336483878
      vertex 25.6 6.034108386419354 31.576942336483878
      vertex 25.6 6.185727358363794 31.53631615539413
    endloop
  endfacet
  facet normal 0 1 0
    outer loop
      vertex -25.6 6.997430707886324 30.478483755076173
      vertex 25.6 6.997430707886324 30.478483755076173
      vertex 22.3 6.997430707886324 29.650000000000002
    endloop
  endfacet
  facet normal 0 0.38268343236508456 0.923879532511289
    outer loop
      vertex -25.6 6.185727358363794 31.53631615539413
      vertex 25.6 6.185727358363794 31.53631615539413
      vertex 25.6 6.330746428262802 31.47624728983923
    endloop
  endfacet
  facet normal 0 0.49999999999999656 0.8660254037844405
    outer loop
      vertex -25.6 6.466684279623522 31.397763534763058
      vertex 25.6 6.330746428262802 31.47624728983923
      vertex 25.6 6.466684279623522 31.397763534763058
    endloop
  endfacet
  facet normal 0 0.6087614290087285 0.7933533402912293
    outer loop
      vertex -25.6 6.466684279623522 31.397763534763058
      vertex 25.6 6.466684279623522 31.397763534763058
      vertex 25.6 6.591214978120083 31.302207768974775
    endloop
  endfacet
  facet normal 0 0.9914448613738105 0.13052619222005107
    outer loop
      vertex -25.6 6.997430707886324 30.478483755076173
      vertex 25.6 6.9769423364838765 30.634108386419356
      vertex 25.6 6.997430707886324 30.478483755076173
    endloop
  endfacet
  facet normal 0 0.707106781186539 0.707106781186556
    outer loop
      vertex -25.6 6.702207768974773 31.191214978120087
      vertex 25.6 6.591214978120083 31.302207768974775
      vertex 25.6 6.702207768974773 31.191214978120087
    endloop
  endfacet
  facet normal 0 0.7933533402912458 0.6087614290087069
    outer loop
      vertex -25.6 6.702207768974773 31.191214978120087
      vertex 25.6 6.702207768974773 31.191214978120087
      vertex 25.6 6.797763534763054 31.066684279623523
    endloop
  endfacet
  facet normal 0 0.8660254037844353 0.5000000000000058
    outer loop
      vertex -25.6 6.876247289839226 30.930746428262804
      vertex 25.6 6.797763534763054 31.066684279623523
      vertex 25.6 6.876247289839226 30.930746428262804
    endloop
  endfacet
  facet normal 0 0.9238795325112861 0.3826834323650913
    outer loop
      vertex -25.6 6.936316155394127 30.785727358363797
      vertex 25.6 6.876247289839226 30.930746428262804
      vertex 25.6 6.936316155394127 30.785727358363797
    endloop
  endfacet
  facet normal 0 0.9659258262890683 0.25881904510252096
    outer loop
      vertex -25.6 6.936316155394127 30.785727358363797
      vertex 25.6 6.936316155394127 30.785727358363797
      vertex 25.6 6.9769423364838765 30.634108386419356
    endloop
  endfacet
  facet normal 0.9914448613738113 0 0.1305261922200455
    outer loop
      vertex 26.776942336483877 -5.8 30.634108386419356
      vertex 26.797430707886324 5.8 30.478483755076173
      vertex 26.776942336483877 5.8 30.634108386419356
    endloop
  endfacet
  facet normal 0 0 1
    outer loop
      vertex 25.66226534924828 -5.847777882894141 31.597430707886325
      vertex 25.630034432777453 5.872509534949503 31.597430707886325
      vertex 25.620313090544876 5.87580948597222 31.597430707886325
    endloop
  endfacet
  facet normal 0 0 1
    outer loop
      vertex 25.66226534924828 -5.847777882894141 31.597430707886325
      vertex 25.639241877538087 5.86796892568036 31.597430707886325
      vertex 25.630034432777453 5.872509534949503 31.597430707886325
    endloop
  endfacet
  facet normal 0 0 1
    outer loop
      vertex 25.66226534924828 -5.847777882894141 31.597430707886325
      vertex 25.678483755076172 5.8 31.597430707886325
      vertex 25.67781231567159 5.810244185701223 31.597430707886325
    endloop
  endfacet
  facet normal 0 0 1
    outer loop
      vertex 25.66226534924828 -5.847777882894141 31.597430707886325
      vertex 25.672509534949505 5.83003443277745 31.597430707886325
      vertex 25.667968925680363 5.839241877538086 31.597430707886325
    endloop
  endfacet
  facet normal 0 0 1
    outer loop
      vertex 25.66226534924828 -5.847777882894141 31.597430707886325
      vertex 25.67781231567159 5.810244185701223 31.597430707886325
      vertex 25.67580948597222 5.820313090544874 31.597430707886325
    endloop
  endfacet
  facet normal 0 0 1
    outer loop
      vertex 25.66226534924828 -5.847777882894141 31.597430707886325
      vertex 25.67580948597222 5.820313090544874 31.597430707886325
      vertex 25.672509534949505 5.83003443277745 31.597430707886325
    endloop
  endfacet
  facet normal 0.1305261922200455 0 0.9914448613738113
    outer loop
      vertex 25.678483755076172 -5.8 31.597430707886325
      vertex 25.834108386419356 5.8 31.576942336483878
      vertex 25.678483755076172 5.8 31.597430707886325
    endloop
  endfacet
  facet normal 0 0 1
    outer loop
      vertex 25.66226534924828 -5.847777882894141 31.597430707886325
      vertex 25.66226534924828 5.847777882894141 31.597430707886325
      vertex 25.655496395427345 5.855496395427345 31.597430707886325
    endloop
  endfacet
  facet normal 0 0 1
    outer loop
      vertex 25.66226534924828 -5.847777882894141 31.597430707886325
      vertex 25.667968925680363 5.839241877538086 31.597430707886325
      vertex 25.66226534924828 5.847777882894141 31.597430707886325
    endloop
  endfacet
  facet normal 0 0 1
    outer loop
      vertex 25.66226534924828 -5.847777882894141 31.597430707886325
      vertex 25.647777882894143 5.86226534924828 31.597430707886325
      vertex 25.639241877538087 5.86796892568036 31.597430707886325
    endloop
  endfacet
  facet normal 0 0 1
    outer loop
      vertex 25.66226534924828 -5.847777882894141 31.597430707886325
      vertex 25.655496395427345 5.855496395427345 31.597430707886325
      vertex 25.647777882894143 5.86226534924828 31.597430707886325
    endloop
  endfacet
  facet normal 0.25881904510251563 0 0.9659258262890696
    outer loop
      vertex 25.985727358363796 -5.8 31.53631615539413
      vertex 25.985727358363796 5.8 31.53631615539413
      vertex 25.834108386419356 5.8 31.576942336483878
    endloop
  endfacet
  facet normal 0 0 1
    outer loop
      vertex 25.66226534924828 -5.847777882894141 31.597430707886325
      vertex 25.610244185701227 5.877812315671591 31.597430707886325
      vertex 25.6 5.8784837550761715 31.597430707886325
    endloop
  endfacet
  facet normal 0 0 1
    outer loop
      vertex 25.66226534924828 -5.847777882894141 31.597430707886325
      vertex 25.620313090544876 5.87580948597222 31.597430707886325
      vertex 25.610244185701227 5.877812315671591 31.597430707886325
    endloop
  endfacet
  facet normal 0.9659258262890696 0 0.25881904510251563
    outer loop
      vertex 26.776942336483877 -5.8 30.634108386419356
      vertex 26.776942336483877 5.8 30.634108386419356
      vertex 26.736316155394128 5.8 30.785727358363797
    endloop
  endfacet
  facet normal 0.8660254037844279 0 0.5000000000000185
    outer loop
      vertex 26.676247289839228 -5.8 30.930746428262804
      vertex 26.676247289839228 5.8 30.930746428262804
      vertex 26.597763534763054 5.8 31.066684279623523
    endloop
  endfacet
  facet normal 0.9238795325112882 0 0.38268343236508656
    outer loop
      vertex 26.676247289839228 -5.8 30.930746428262804
      vertex 26.736316155394128 5.8 30.785727358363797
      vertex 26.676247289839228 5.8 30.930746428262804
    endloop
  endfacet
  facet normal 0.6087614290087393 0 0.7933533402912208
    outer loop
      vertex 26.391214978120082 -5.8 31.302207768974775
      vertex 26.391214978120082 5.8 31.302207768974775
      vertex 26.266684279623526 5.8 31.397763534763058
    endloop
  endfacet
  facet normal 0.38268343236508656 0 0.9238795325112882
    outer loop
      vertex 25.985727358363796 -5.8 31.53631615539413
      vertex 26.130746428262803 5.8 31.47624728983923
      vertex 25.985727358363796 5.8 31.53631615539413
    endloop
  endfacet
  facet normal 0.4999999999999918 0 0.8660254037844434
    outer loop
      vertex 26.266684279623526 -5.8 31.397763534763058
      vertex 26.266684279623526 5.8 31.397763534763058
      vertex 26.130746428262803 5.8 31.47624728983923
    endloop
  endfacet
  facet normal 0.7933533402912485 0 0.6087614290087033
    outer loop
      vertex 26.597763534763054 -5.8 31.066684279623523
      vertex 26.597763534763054 5.8 31.066684279623523
      vertex 26.502207768974774 5.8 31.191214978120087
    endloop
  endfacet
  facet normal 0.7071067811865362 0 0.7071067811865589
    outer loop
      vertex 26.391214978120082 -5.8 31.302207768974775
      vertex 26.502207768974774 5.8 31.191214978120087
      vertex 26.391214978120082 5.8 31.302207768974775
    endloop
  endfacet
  facet normal 0.9978589232386044 0.06540312923012931 0
    outer loop
      vertex 26.787186522185102 5.956296070747762 1.1215162449238285
      vertex 26.787186522185102 5.956296070747762 30.478483755076173
      vertex 26.797430707886324 5.8 30.478483755076173
    endloop
  endfacet
  facet normal 0.9807852804032292 0.19509032201613447 0
    outer loop
      vertex 26.787186522185102 5.956296070747762 1.1215162449238285
      vertex 26.756629245939003 6.1099178723915735 30.478483755076173
      vertex 26.787186522185102 5.956296070747762 30.478483755076173
    endloop
  endfacet
  facet normal 0 1 0
    outer loop
      vertex 25.6 6.997430707886324 1.1215162449238285
      vertex 23.8 6.997430707886324 29.6
      vertex 25.6 6.997430707886324 30.478483755076173
    endloop
  endfacet
  facet normal 0.9469301294951037 0.3214394653031673 0
    outer loop
      vertex 26.706281722616676 6.258236893313297 1.1215162449238285
      vertex 26.706281722616676 6.258236893313297 30.478483755076173
      vertex 26.756629245939003 6.1099178723915735 30.478483755076173
    endloop
  endfacet
  facet normal 0.8968727415326955 0.4422886902189866 0
    outer loop
      vertex 26.706281722616676 6.258236893313297 1.1215162449238285
      vertex 26.637005412301143 6.398715353943162 30.478483755076173
      vertex 26.706281722616676 6.258236893313297 30.478483755076173
    endloop
  endfacet
  facet normal 0.8314696123025433 0.5555702330196051 0
    outer loop
      vertex 26.637005412301143 6.398715353943162 1.1215162449238285
      vertex 26.549985651868916 6.5289496288718025 30.478483755076173
      vertex 26.637005412301143 6.398715353943162 30.478483755076173
    endloop
  endfacet
  facet normal 0.06540312923014552 0.9978589232386034 0
    outer loop
      vertex 25.756296070747766 6.9871865221851 1.1215162449238285
      vertex 25.6 6.997430707886324 30.478483755076173
      vertex 25.756296070747766 6.9871865221851 30.478483755076173
    endloop
  endfacet
  facet normal 0.32143946530316386 0.9469301294951048 0
    outer loop
      vertex 25.909917872391574 6.956629245939002 1.1215162449238285
      vertex 25.909917872391574 6.956629245939002 30.478483755076173
      vertex 26.0582368933133 6.906281722616676 30.478483755076173
    endloop
  endfacet
  facet normal 0.19509032201612683 0.9807852804032308 0
    outer loop
      vertex 25.756296070747766 6.9871865221851 1.1215162449238285
      vertex 25.756296070747766 6.9871865221851 30.478483755076173
      vertex 25.909917872391574 6.956629245939002 30.478483755076173
    endloop
  endfacet
  facet normal 0.7518398074789772 0.659345815100069 0
    outer loop
      vertex 26.549985651868916 6.5289496288718025 1.1215162449238285
      vertex 26.44671137354743 6.6467113735474275 30.478483755076173
      vertex 26.549985651868916 6.5289496288718025 30.478483755076173
    endloop
  endfacet
  facet normal 0.6593458151000663 0.7518398074789798 0
    outer loop
      vertex 26.44671137354743 6.6467113735474275 1.1215162449238285
      vertex 26.328949628871804 6.749985651868913 30.478483755076173
      vertex 26.44671137354743 6.6467113735474275 30.478483755076173
    endloop
  endfacet
  facet normal 0.4422886902189958 0.8968727415326911 0
    outer loop
      vertex 26.198715353943165 6.83700541230114 1.1215162449238285
      vertex 26.0582368933133 6.906281722616676 30.478483755076173
      vertex 26.198715353943165 6.83700541230114 30.478483755076173
    endloop
  endfacet
  facet normal 0.5555702330196076 0.8314696123025416 0
    outer loop
      vertex 26.198715353943165 6.83700541230114 1.1215162449238285
      vertex 26.198715353943165 6.83700541230114 30.478483755076173
      vertex 26.328949628871804 6.749985651868913 30.478483755076173
    endloop
  endfacet
  facet normal 0 1 0
    outer loop
      vertex 22.3 6.997430707886324 29.6
      vertex 22.3 6.997430707886324 29.650000000000002
      vertex 23.8 6.997430707886324 29.6
    endloop
  endfacet
  facet normal 0.9893581533630934 0.06484595933589297 0.13025147189869887
    outer loop
      vertex 26.797430707886324 5.8 30.478483755076173
      vertex 26.787186522185102 5.956296070747762 30.478483755076173
      vertex 26.776942336483877 5.8 30.634108386419356
    endloop
  endfacet
  facet normal 0.9893581533630929 0.0648459593358955 0.13025147189870137
    outer loop
      vertex 26.787186522185102 5.956296070747762 30.478483755076173
      vertex 26.766873431640228 5.953621801643811 30.634108386419356
      vertex 26.776942336483877 5.8 30.634108386419356
    endloop
  endfacet
  facet normal 0.9724299610571465 0.19342834566479206 0.1302514718987012
    outer loop
      vertex 26.787186522185102 5.956296070747762 30.478483755076173
      vertex 26.756629245939003 6.1099178723915735 30.478483755076173
      vertex 26.766873431640228 5.953621801643811 30.634108386419356
    endloop
  endfacet
  facet normal 0.9724299610571457 0.1934283456647946 0.13025147189870384
    outer loop
      vertex 26.756629245939003 6.1099178723915735 30.478483755076173
      vertex 26.736838998862776 6.104615091669486 30.634108386419356
      vertex 26.766873431640228 5.953621801643811 30.634108386419356
    endloop
  endfacet
  facet normal 0.1305214158503237 0.008554825566381456 0.9914085812438561
    outer loop
      vertex 25.678483755076172 5.8 31.597430707886325
      vertex 25.832105556719984 5.830557276246099 31.576942336483878
      vertex 25.67781231567159 5.810244185701223 31.597430707886325
    endloop
  endfacet
  facet normal 0.1282881582377502 0.025518101261851486 0.9914085812438562
    outer loop
      vertex 25.67781231567159 5.810244185701223 31.597430707886325
      vertex 25.826131336593317 5.860591709023549 31.576942336483878
      vertex 25.67580948597222 5.820313090544874 31.597430707886325
    endloop
  endfacet
  facet normal 0.12385985466953793 0.04204475516975839 0.9914085812438563
    outer loop
      vertex 25.67580948597222 5.820313090544874 31.597430707886325
      vertex 25.826131336593317 5.860591709023549 31.576942336483878
      vertex 25.672509534949505 5.83003443277745 31.597430707886325
    endloop
  endfacet
  facet normal 0.11731227464749029 0.05785201165971958 0.991408581243856
    outer loop
      vertex 25.672509534949505 5.83003443277745 31.597430707886325
      vertex 25.816287946602085 5.889589400860411 31.576942336483878
      vertex 25.667968925680363 5.839241877538086 31.597430707886325
    endloop
  endfacet
  facet normal 0.10875744908108696 0.07266940419061099 0.9914085812438564
    outer loop
      vertex 25.66226534924828 5.847777882894141 31.597430707886325
      vertex 25.667968925680363 5.839241877538086 31.597430707886325
      vertex 25.78573067035599 5.942516155859572 31.576942336483878
    endloop
  endfacet
  facet normal 0.08624340306799594 0.0983417534076728 0.9914085812438561
    outer loop
      vertex 25.655496395427345 5.855496395427345 31.597430707886325
      vertex 25.765539627569765 5.965539627569766 31.576942336483878
      vertex 25.647777882894143 5.86226534924828 31.597430707886325
    endloop
  endfacet
  facet normal 0.09834175340768757 0.08624340306797772 0.9914085812438562
    outer loop
      vertex 25.66226534924828 5.847777882894141 31.597430707886325
      vertex 25.78573067035599 5.942516155859572 31.576942336483878
      vertex 25.655496395427345 5.855496395427345 31.597430707886325
    endloop
  endfacet
  facet normal 0.13052141585032412 0.00855482556637942 0.9914085812438561
    outer loop
      vertex 25.678483755076172 5.8 31.597430707886325
      vertex 25.834108386419356 5.8 31.576942336483878
      vertex 25.832105556719984 5.830557276246099 31.576942336483878
    endloop
  endfacet
  facet normal 0.12828815823775225 0.02551810126184532 0.9914085812438561
    outer loop
      vertex 25.67781231567159 5.810244185701223 31.597430707886325
      vertex 25.832105556719984 5.830557276246099 31.576942336483878
      vertex 25.826131336593317 5.860591709023549 31.576942336483878
    endloop
  endfacet
  facet normal 0.2587818124703864 0.01696145610291567 0.9657868722142637
    outer loop
      vertex 25.834108386419356 5.8 31.576942336483878
      vertex 25.985727358363796 5.8 31.53631615539413
      vertex 25.832105556719984 5.830557276246099 31.576942336483878
    endloop
  endfacet
  facet normal 0.25878181247038806 0.016961456102924863 0.9657868722142631
    outer loop
      vertex 25.832105556719984 5.830557276246099 31.576942336483878
      vertex 25.985727358363796 5.8 31.53631615539413
      vertex 25.982427407341078 5.850347523322325 31.53631615539413
    endloop
  endfacet
  facet normal 0.1238598546695337 0.0420447551697793 0.9914085812438559
    outer loop
      vertex 25.672509534949505 5.83003443277745 31.597430707886325
      vertex 25.826131336593317 5.860591709023549 31.576942336483878
      vertex 25.816287946602085 5.889589400860411 31.576942336483878
    endloop
  endfacet
  facet normal 0.117312274647485 0.05785201165973496 0.9914085812438557
    outer loop
      vertex 25.667968925680363 5.839241877538086 31.597430707886325
      vertex 25.816287946602085 5.889589400860411 31.576942336483878
      vertex 25.802743809878145 5.917054193209677 31.576942336483878
    endloop
  endfacet
  facet normal 0.10875744908111172 0.07266940419058268 0.9914085812438559
    outer loop
      vertex 25.667968925680363 5.839241877538086 31.597430707886325
      vertex 25.802743809878145 5.917054193209677 31.576942336483878
      vertex 25.78573067035599 5.942516155859572 31.576942336483878
    endloop
  endfacet
  facet normal 0.254353983911147 0.05059415309220934 0.9657868722142634
    outer loop
      vertex 25.832105556719984 5.830557276246099 31.576942336483878
      vertex 25.97258401734985 5.899833586561635 31.53631615539413
      vertex 25.826131336593317 5.860591709023549 31.576942336483878
    endloop
  endfacet
  facet normal 0.2543539839111493 0.05059415309220458 0.9657868722142631
    outer loop
      vertex 25.832105556719984 5.830557276246099 31.576942336483878
      vertex 25.982427407341078 5.850347523322325 31.53631615539413
      vertex 25.97258401734985 5.899833586561635 31.53631615539413
    endloop
  endfacet
  facet normal 0.2455740881669308 0.08336117009476923 0.9657868722142642
    outer loop
      vertex 25.826131336593317 5.860591709023549 31.576942336483878
      vertex 25.956365611521957 5.947611469455776 31.53631615539413
      vertex 25.816287946602085 5.889589400860411 31.576942336483878
    endloop
  endfacet
  facet normal 0.24557408816693646 0.08336117009476039 0.9657868722142635
    outer loop
      vertex 25.826131336593317 5.860591709023549 31.576942336483878
      vertex 25.97258401734985 5.899833586561635 31.53631615539413
      vertex 25.956365611521957 5.947611469455776 31.53631615539413
    endloop
  endfacet
  facet normal 0.008554825566380037 0.1305214158503247 0.9914085812438561
    outer loop
      vertex 25.610244185701227 5.877812315671591 31.597430707886325
      vertex 25.6305572762461 6.032105556719983 31.576942336483878
      vertex 25.6 5.8784837550761715 31.597430707886325
    endloop
  endfacet
  facet normal 0.025518101261845255 0.12828815823775316 0.991408581243856
    outer loop
      vertex 25.620313090544876 5.87580948597222 31.597430707886325
      vertex 25.6305572762461 6.032105556719983 31.576942336483878
      vertex 25.610244185701227 5.877812315671591 31.597430707886325
    endloop
  endfacet
  facet normal 0.05785201165974238 0.11731227464747963 0.9914085812438559
    outer loop
      vertex 25.639241877538087 5.86796892568036 31.597430707886325
      vertex 25.717054193209677 6.002743809878144 31.576942336483878
      vertex 25.630034432777453 5.872509534949503 31.597430707886325
    endloop
  endfacet
  facet normal 0.07266940419057917 0.10875744908111279 0.991408581243856
    outer loop
      vertex 25.639241877538087 5.86796892568036 31.597430707886325
      vertex 25.647777882894143 5.86226534924828 31.597430707886325
      vertex 25.717054193209677 6.002743809878144 31.576942336483878
    endloop
  endfacet
  facet normal 0.04204475516977268 0.12385985466953596 0.991408581243856
    outer loop
      vertex 25.630034432777453 5.872509534949503 31.597430707886325
      vertex 25.689589400860413 6.016287946602084 31.576942336483878
      vertex 25.620313090544876 5.87580948597222 31.597430707886325
    endloop
  endfacet
  facet normal 0.09834175340768035 0.08624340306798839 0.991408581243856
    outer loop
      vertex 25.655496395427345 5.855496395427345 31.597430707886325
      vertex 25.78573067035599 5.942516155859572 31.576942336483878
      vertex 25.765539627569765 5.965539627569766 31.576942336483878
    endloop
  endfacet
  facet normal 0.0862434030679829 0.09834175340768753 0.9914085812438558
    outer loop
      vertex 25.647777882894143 5.86226534924828 31.597430707886325
      vertex 25.765539627569765 5.965539627569766 31.576942336483878
      vertex 25.742516155859573 5.985730670355985 31.576942336483878
    endloop
  endfacet
  facet normal 0.07266940419058901 0.10875744908110788 0.9914085812438558
    outer loop
      vertex 25.647777882894143 5.86226534924828 31.597430707886325
      vertex 25.742516155859573 5.985730670355985 31.576942336483878
      vertex 25.717054193209677 6.002743809878144 31.576942336483878
    endloop
  endfacet
  facet normal 0.025518101261850678 0.12828815823775278 0.9914085812438559
    outer loop
      vertex 25.620313090544876 5.87580948597222 31.597430707886325
      vertex 25.66059170902355 6.0261313365933145 31.576942336483878
      vertex 25.6305572762461 6.032105556719983 31.576942336483878
    endloop
  endfacet
  facet normal 0.008554825566379216 0.1305214158503248 0.9914085812438559
    outer loop
      vertex 25.6 5.8784837550761715 31.597430707886325
      vertex 25.6305572762461 6.032105556719983 31.576942336483878
      vertex 25.6 6.034108386419354 31.576942336483878
    endloop
  endfacet
  facet normal 0.05785201165973904 0.11731227464748184 0.9914085812438558
    outer loop
      vertex 25.630034432777453 5.872509534949503 31.597430707886325
      vertex 25.717054193209677 6.002743809878144 31.576942336483878
      vertex 25.689589400860413 6.016287946602084 31.576942336483878
    endloop
  endfacet
  facet normal 0.0420447551697703 0.12385985466953715 0.9914085812438559
    outer loop
      vertex 25.620313090544876 5.87580948597222 31.597430707886325
      vertex 25.689589400860413 6.016287946602084 31.576942336483878
      vertex 25.66059170902355 6.0261313365933145 31.576942336483878
    endloop
  endfacet
  facet normal 0.2156308955852891 0.1440799581054732 0.9657868722142641
    outer loop
      vertex 25.802743809878145 5.917054193209677 31.576942336483878
      vertex 25.93404969127771 5.992863679181896 31.53631615539413
      vertex 25.78573067035599 5.942516155859572 31.576942336483878
    endloop
  endfacet
  facet normal 0.23259235168819134 0.11470185436489529 0.965786872214264
    outer loop
      vertex 25.816287946602085 5.889589400860411 31.576942336483878
      vertex 25.956365611521957 5.947611469455776 31.53631615539413
      vertex 25.802743809878145 5.917054193209677 31.576942336483878
    endloop
  endfacet
  facet normal 0.23259235168819076 0.11470185436489762 0.9657868722142636
    outer loop
      vertex 25.802743809878145 5.917054193209677 31.576942336483878
      vertex 25.956365611521957 5.947611469455776 31.53631615539413
      vertex 25.93404969127771 5.992863679181896 31.53631615539413
    endloop
  endfacet
  facet normal 0.1709928138163917 0.1949799350747201 0.9657868722142638
    outer loop
      vertex 25.742516155859573 5.985730670355985 31.576942336483878
      vertex 25.765539627569765 5.965539627569766 31.576942336483878
      vertex 25.872750430788212 6.072750430788212 31.53631615539413
    endloop
  endfacet
  facet normal 0.19497993507470765 0.17099281381640424 0.9657868722142641
    outer loop
      vertex 25.78573067035599 5.942516155859572 31.576942336483878
      vertex 25.872750430788212 6.072750430788212 31.53631615539413
      vertex 25.765539627569765 5.965539627569766 31.576942336483878
    endloop
  endfacet
  facet normal 0.2156308955852811 0.1440799581054953 0.9657868722142625
    outer loop
      vertex 25.78573067035599 5.942516155859572 31.576942336483878
      vertex 25.93404969127771 5.992863679181896 31.53631615539413
      vertex 25.90601808819963 6.034815937885302 31.53631615539413
    endloop
  endfacet
  facet normal 0.11470185436490402 0.23259235168818648 0.9657868722142641
    outer loop
      vertex 25.717054193209677 6.002743809878144 31.576942336483878
      vertex 25.7928636791819 6.134049691277709 31.53631615539413
      vertex 25.689589400860413 6.016287946602084 31.576942336483878
    endloop
  endfacet
  facet normal 0.01696145610291518 0.2587818124703864 0.9657868722142637
    outer loop
      vertex 25.6 6.034108386419354 31.576942336483878
      vertex 25.6305572762461 6.032105556719983 31.576942336483878
      vertex 25.650347523322328 6.182427407341078 31.53631615539413
    endloop
  endfacet
  facet normal 0.08336117009475151 0.24557408816693793 0.9657868722142638
    outer loop
      vertex 25.689589400860413 6.016287946602084 31.576942336483878
      vertex 25.699833586561635 6.172584017349847 31.53631615539413
      vertex 25.66059170902355 6.0261313365933145 31.576942336483878
    endloop
  endfacet
  facet normal 0.05059415309221912 0.2543539839111432 0.9657868722142638
    outer loop
      vertex 25.6305572762461 6.032105556719983 31.576942336483878
      vertex 25.66059170902355 6.0261313365933145 31.576942336483878
      vertex 25.699833586561635 6.172584017349847 31.53631615539413
    endloop
  endfacet
  facet normal 0.1147018543648948 0.23259235168819423 0.9657868722142633
    outer loop
      vertex 25.689589400860413 6.016287946602084 31.576942336483878
      vertex 25.7928636791819 6.134049691277709 31.53631615539413
      vertex 25.747611469455777 6.156365611521955 31.53631615539413
    endloop
  endfacet
  facet normal 0.08336117009475917 0.24557408816693732 0.9657868722142634
    outer loop
      vertex 25.689589400860413 6.016287946602084 31.576942336483878
      vertex 25.747611469455777 6.156365611521955 31.53631615539413
      vertex 25.699833586561635 6.172584017349847 31.53631615539413
    endloop
  endfacet
  facet normal 0.19497993507472683 0.17099281381639103 0.9657868722142627
    outer loop
      vertex 25.78573067035599 5.942516155859572 31.576942336483878
      vertex 25.90601808819963 6.034815937885302 31.53631615539413
      vertex 25.872750430788212 6.072750430788212 31.53631615539413
    endloop
  endfacet
  facet normal 0.14407995810548513 0.21563089558528076 0.9657868722142642
    outer loop
      vertex 25.742516155859573 5.985730670355985 31.576942336483878
      vertex 25.7928636791819 6.134049691277709 31.53631615539413
      vertex 25.717054193209677 6.002743809878144 31.576942336483878
    endloop
  endfacet
  facet normal 0.1709928138163905 0.19497993507472183 0.9657868722142636
    outer loop
      vertex 25.742516155859573 5.985730670355985 31.576942336483878
      vertex 25.872750430788212 6.072750430788212 31.53631615539413
      vertex 25.834815937885303 6.10601808819963 31.53631615539413
    endloop
  endfacet
  facet normal 0.3187721171243518 0.21299671902680584 0.9235890509462931
    outer loop
      vertex 25.93404969127771 5.992863679181896 31.53631615539413
      vertex 26.021069451709938 6.123097954110538 31.47624728983923
      vertex 25.90601808819963 6.034815937885302 31.53631615539413
    endloop
  endfacet
  facet normal 0.14407995810549065 0.21563089558527876 0.9657868722142638
    outer loop
      vertex 25.742516155859573 5.985730670355985 31.576942336483878
      vertex 25.834815937885303 6.10601808819963 31.53631615539413
      vertex 25.7928636791819 6.134049691277709 31.53631615539413
    endloop
  endfacet
  facet normal 0.2882433267822593 0.25278261320277057 0.923589050946293
    outer loop
      vertex 25.90601808819963 6.034815937885302 31.53631615539413
      vertex 26.021069451709938 6.123097954110538 31.47624728983923
      vertex 25.872750430788212 6.072750430788212 31.53631615539413
    endloop
  endfacet
  facet normal 0.25278261320277473 0.2882433267822573 0.9235890509462925
    outer loop
      vertex 25.834815937885303 6.10601808819963 31.53631615539413
      vertex 25.872750430788212 6.072750430788212 31.53631615539413
      vertex 25.975294398515167 6.175294398515167 31.47624728983923
    endloop
  endfacet
  facet normal 0.9639958278814502 0.06318362469878178 0.2583019035877996
    outer loop
      vertex 26.776942336483877 5.8 30.634108386419356
      vertex 26.766873431640228 5.953621801643811 30.634108386419356
      vertex 26.726594813161554 5.948319020921724 30.785727358363797
    endloop
  endfacet
  facet normal 0.9639958278814499 0.06318362469878064 0.2583019035878006
    outer loop
      vertex 26.776942336483877 5.8 30.634108386419356
      vertex 26.726594813161554 5.948319020921724 30.785727358363797
      vertex 26.736316155394128 5.8 30.785727358363797
    endloop
  endfacet
  facet normal 0.9221903271536567 0.06044354741635664 0.3819837405963223
    outer loop
      vertex 26.736316155394128 5.8 30.785727358363797
      vertex 26.726594813161554 5.948319020921724 30.785727358363797
      vertex 26.676247289839228 5.8 30.930746428262804
    endloop
  endfacet
  facet normal 0.8646336168614291 0.05667108131554844 0.49919645144537045
    outer loop
      vertex 26.676247289839228 5.8 30.930746428262804
      vertex 26.589227529407 5.93023427492864 31.066684279623523
      vertex 26.597763534763054 5.8 31.066684279623523
    endloop
  endfacet
  facet normal 0.922190327153647 0.060443547416379126 0.381983740596342
    outer loop
      vertex 26.676247289839228 5.8 30.930746428262804
      vertex 26.726594813161554 5.948319020921724 30.785727358363797
      vertex 26.66703984507859 5.940478460629864 30.930746428262804
    endloop
  endfacet
  facet normal 0.864633616861438 0.05667108131557355 0.49919645144535213
    outer loop
      vertex 26.676247289839228 5.8 30.930746428262804
      vertex 26.66703984507859 5.940478460629864 30.930746428262804
      vertex 26.589227529407 5.93023427492864 31.066684279623523
    endloop
  endfacet
  facet normal 0.6082774216426219 0.03986860856677906 0.7927225696110545
    outer loop
      vertex 26.266684279623526 5.8 31.397763534763058
      vertex 26.391214978120082 5.8 31.302207768974775
      vertex 26.384446024299148 5.9032742783214855 31.302207768974775
    endloop
  endfacet
  facet normal 0.38256311096123574 0.02507451103778741 0.9235890509462947
    outer loop
      vertex 25.985727358363796 5.8 31.53631615539413
      vertex 26.12620581899366 5.869276310315536 31.47624728983923
      vertex 25.982427407341078 5.850347523322325 31.53631615539413
    endloop
  endfacet
  facet normal 0.3825631109612454 0.02507451103776464 0.9235890509462912
    outer loop
      vertex 25.985727358363796 5.8 31.53631615539413
      vertex 26.130746428262803 5.8 31.47624728983923
      vertex 26.12620581899366 5.869276310315536 31.47624728983923
    endloop
  endfacet
  facet normal 0.49118117121086075 0.09770200957786693 0.8655607282983521
    outer loop
      vertex 26.12620581899366 5.869276310315536 31.47624728983923
      vertex 26.260980703191443 5.887019760432226 31.397763534763058
      vertex 26.11266168226972 5.9373672837545515 31.47624728983923
    endloop
  endfacet
  facet normal 0.37601735006616044 0.07479450127747135 0.9235890509462944
    outer loop
      vertex 25.982427407341078 5.850347523322325 31.53631615539413
      vertex 26.12620581899366 5.869276310315536 31.47624728983923
      vertex 25.97258401734985 5.899833586561635 31.53631615539413
    endloop
  endfacet
  facet normal 0.37601735006616277 0.07479450127748719 0.9235890509462922
    outer loop
      vertex 25.97258401734985 5.899833586561635 31.53631615539413
      vertex 26.12620581899366 5.869276310315536 31.47624728983923
      vertex 26.11266168226972 5.9373672837545515 31.47624728983923
    endloop
  endfacet
  facet normal 0.4997317194830143 0.03275414737352266 0.8655607282983576
    outer loop
      vertex 26.130746428262803 5.8 31.47624728983923
      vertex 26.266684279623526 5.8 31.397763534763058
      vertex 26.12620581899366 5.869276310315536 31.47624728983923
    endloop
  endfacet
  facet normal 0.49973171948302214 0.03275414737354436 0.8655607282983524
    outer loop
      vertex 26.12620581899366 5.869276310315536 31.47624728983923
      vertex 26.266684279623526 5.8 31.397763534763058
      vertex 26.260980703191443 5.887019760432226 31.397763534763058
    endloop
  endfacet
  facet normal 0.608277421642611 0.03986860856679829 0.7927225696110618
    outer loop
      vertex 26.266684279623526 5.8 31.397763534763058
      vertex 26.384446024299148 5.9032742783214855 31.302207768974775
      vertex 26.260980703191443 5.887019760432226 31.397763534763058
    endloop
  endfacet
  facet normal 0.7922829328906102 0.05192896695105115 0.6079400765220612
    outer loop
      vertex 26.597763534763054 5.8 31.066684279623523
      vertex 26.589227529407 5.93023427492864 31.066684279623523
      vertex 26.502207768974774 5.8 31.191214978120087
    endloop
  endfacet
  facet normal 0.7063485793639667 0.04629653184613493 0.7063485793639893
    outer loop
      vertex 26.502207768974774 5.8 31.191214978120087
      vertex 26.384446024299148 5.9032742783214855 31.302207768974775
      vertex 26.391214978120082 5.8 31.302207768974775
    endloop
  endfacet
  facet normal 0.7922829328905984 0.051928966951072006 0.6079400765220747
    outer loop
      vertex 26.502207768974774 5.8 31.191214978120087
      vertex 26.589227529407 5.93023427492864 31.066684279623523
      vertex 26.494489256441568 5.917761744675625 31.191214978120087
    endloop
  endfacet
  facet normal 0.7063485793639717 0.04629653184614702 0.7063485793639834
    outer loop
      vertex 26.502207768974774 5.8 31.191214978120087
      vertex 26.494489256441568 5.917761744675625 31.191214978120087
      vertex 26.384446024299148 5.9032742783214855 31.302207768974775
    endloop
  endfacet
  facet normal 0.9475015919962594 0.18846978475997966 0.25830190358779975
    outer loop
      vertex 26.766873431640228 5.953621801643811 30.634108386419356
      vertex 26.736838998862776 6.104615091669486 30.634108386419356
      vertex 26.726594813161554 5.948319020921724 30.785727358363797
    endloop
  endfacet
  facet normal 0.8498394959552148 0.1690435860331734 0.49919645144535196
    outer loop
      vertex 26.66703984507859 5.940478460629864 30.930746428262804
      vertex 26.639575052729327 6.078553295850364 30.930746428262804
      vertex 26.589227529407 5.93023427492864 31.066684279623523
    endloop
  endfacet
  facet normal 0.9064113949765894 0.1802964363946771 0.38198374059634205
    outer loop
      vertex 26.726594813161554 5.948319020921724 30.785727358363797
      vertex 26.639575052729327 6.078553295850364 30.930746428262804
      vertex 26.66703984507859 5.940478460629864 30.930746428262804
    endloop
  endfacet
  facet normal 0.906411394976593 0.18029643639470258 0.38198374059632134
    outer loop
      vertex 26.726594813161554 5.948319020921724 30.785727358363797
      vertex 26.69759712132469 6.094100262273676 30.785727358363797
      vertex 26.639575052729327 6.078553295850364 30.930746428262804
    endloop
  endfacet
  facet normal 0.9475015919962586 0.1884697847599813 0.2583019035878014
    outer loop
      vertex 26.726594813161554 5.948319020921724 30.785727358363797
      vertex 26.736838998862776 6.104615091669486 30.634108386419356
      vertex 26.69759712132469 6.094100262273676 30.785727358363797
    endloop
  endfacet
  facet normal 0.8205043856531642 0.2785237081260366 0.4991964514453663
    outer loop
      vertex 26.563765566757105 6.05824020530549 31.066684279623523
      vertex 26.639575052729327 6.078553295850364 30.930746428262804
      vertex 26.5218133080537 6.18182757417185 31.066684279623523
    endloop
  endfacet
  facet normal 0.8498394959552025 0.1690435860331912 0.4991964514453668
    outer loop
      vertex 26.589227529407 5.93023427492864 31.066684279623523
      vertex 26.639575052729327 6.078553295850364 30.930746428262804
      vertex 26.563765566757105 6.05824020530549 31.066684279623523
    endloop
  endfacet
  facet normal 0.5978696263119455 0.11892366275409895 0.7927225696110614
    outer loop
      vertex 26.260980703191443 5.887019760432226 31.397763534763058
      vertex 26.384446024299148 5.9032742783214855 31.302207768974775
      vertex 26.36425498151293 6.004781505107851 31.302207768974775
    endloop
  endfacet
  facet normal 0.36303782805974305 0.12323473686339521 0.9235890509462931
    outer loop
      vertex 25.956365611521957 5.947611469455776 31.53631615539413
      vertex 25.97258401734985 5.899833586561635 31.53631615539413
      vertex 26.090345762025475 6.003107864883121 31.47624728983923
    endloop
  endfacet
  facet normal 0.3630378280597467 0.1232347368633906 0.9235890509462921
    outer loop
      vertex 25.97258401734985 5.899833586561635 31.53631615539413
      vertex 26.11266168226972 5.9373672837545515 31.47624728983923
      vertex 26.090345762025475 6.003107864883121 31.47624728983923
    endloop
  endfacet
  facet normal 0.47422637691812775 0.16097816331020637 0.8655607282983548
    outer loop
      vertex 26.11266168226972 5.9373672837545515 31.47624728983923
      vertex 26.215935960591207 6.055129028430176 31.397763534763058
      vertex 26.090345762025475 6.003107864883121 31.47624728983923
    endloop
  endfacet
  facet normal 0.343846628162124 0.1695663919344408 0.9235890509462928
    outer loop
      vertex 25.956365611521957 5.947611469455776 31.53631615539413
      vertex 26.090345762025475 6.003107864883121 31.47624728983923
      vertex 25.93404969127771 5.992863679181896 31.53631615539413
    endloop
  endfacet
  facet normal 0.49118117121086147 0.09770200957787019 0.8655607282983512
    outer loop
      vertex 26.260980703191443 5.887019760432226 31.397763534763058
      vertex 26.243967563669283 5.972550588637022 31.397763534763058
      vertex 26.11266168226972 5.9373672837545515 31.47624728983923
    endloop
  endfacet
  facet normal 0.5978696263119407 0.11892366275410524 0.792722569611064
    outer loop
      vertex 26.260980703191443 5.887019760432226 31.397763534763058
      vertex 26.36425498151293 6.004781505107851 31.302207768974775
      vertex 26.243967563669283 5.972550588637022 31.397763534763058
    endloop
  endfacet
  facet normal 0.474226376918137 0.16097816331019593 0.8655607282983516
    outer loop
      vertex 26.11266168226972 5.9373672837545515 31.47624728983923
      vertex 26.243967563669283 5.972550588637022 31.397763534763058
      vertex 26.215935960591207 6.055129028430176 31.397763534763058
    endloop
  endfacet
  facet normal 0.5772321159143058 0.19594390009981166 0.7927225696110641
    outer loop
      vertex 26.36425498151293 6.004781505107851 31.302207768974775
      vertex 26.215935960591207 6.055129028430176 31.397763534763058
      vertex 26.243967563669283 5.972550588637022 31.397763534763058
    endloop
  endfacet
  facet normal 0.577232115914308 0.19594390009982995 0.7927225696110579
    outer loop
      vertex 26.36425498151293 6.004781505107851 31.302207768974775
      vertex 26.33098732410151 6.102784863565662 31.302207768974775
      vertex 26.215935960591207 6.055129028430176 31.397763534763058
    endloop
  endfacet
  facet normal 0.6702979110062736 0.22753548059830395 0.7063485793639884
    outer loop
      vertex 26.36425498151293 6.004781505107851 31.302207768974775
      vertex 26.433531291828466 6.145259965737716 31.191214978120087
      vertex 26.33098732410151 6.102784863565662 31.302207768974775
    endloop
  endfacet
  facet normal 0.546718003974394 0.26961148298894017 0.7927225696110581
    outer loop
      vertex 26.33098732410151 6.102784863565662 31.302207768974775
      vertex 26.28521227090674 6.195607489060041 31.302207768974775
      vertex 26.215935960591207 6.055129028430176 31.397763534763058
    endloop
  endfacet
  facet normal 0.4491574378359345 0.2214999360367421 0.8655607282983546
    outer loop
      vertex 26.090345762025475 6.003107864883121 31.47624728983923
      vertex 26.215935960591207 6.055129028430176 31.397763534763058
      vertex 26.059639889843442 6.065373214131401 31.47624728983923
    endloop
  endfacet
  facet normal 0.3438466281621233 0.16956639193444634 0.923589050946292
    outer loop
      vertex 25.93404969127771 5.992863679181896 31.53631615539413
      vertex 26.090345762025475 6.003107864883121 31.47624728983923
      vertex 26.059639889843442 6.065373214131401 31.47624728983923
    endloop
  endfacet
  facet normal 0.3187721171243588 0.2129967190268006 0.923589050946292
    outer loop
      vertex 25.93404969127771 5.992863679181896 31.53631615539413
      vertex 26.059639889843442 6.065373214131401 31.47624728983923
      vertex 26.021069451709938 6.123097954110538 31.47624728983923
    endloop
  endfacet
  facet normal 0.44915743783593426 0.2214999360367463 0.8655607282983536
    outer loop
      vertex 26.059639889843442 6.065373214131401 31.47624728983923
      vertex 26.215935960591207 6.055129028430176 31.397763534763058
      vertex 26.1773655224577 6.133342139811761 31.397763534763058
    endloop
  endfacet
  facet normal 0.694262759334232 0.1380974490426985 0.7063485793639834
    outer loop
      vertex 26.384446024299148 5.9032742783214855 31.302207768974775
      vertex 26.494489256441568 5.917761744675625 31.191214978120087
      vertex 26.471465784731375 6.033508553250126 31.191214978120087
    endloop
  endfacet
  facet normal 0.7787267522465143 0.15489838183121832 0.6079400765220746
    outer loop
      vertex 26.589227529407 5.93023427492864 31.066684279623523
      vertex 26.471465784731375 6.033508553250126 31.191214978120087
      vertex 26.494489256441568 5.917761744675625 31.191214978120087
    endloop
  endfacet
  facet normal 0.7787267522465183 0.1548983818312334 0.6079400765220658
    outer loop
      vertex 26.589227529407 5.93023427492864 31.066684279623523
      vertex 26.563765566757105 6.05824020530549 31.066684279623523
      vertex 26.471465784731375 6.033508553250126 31.191214978120087
    endloop
  endfacet
  facet normal 0.6942627593342283 0.1380974490427033 0.7063485793639862
    outer loop
      vertex 26.384446024299148 5.9032742783214855 31.302207768974775
      vertex 26.471465784731375 6.033508553250126 31.191214978120087
      vertex 26.36425498151293 6.004781505107851 31.302207768974775
    endloop
  endfacet
  facet normal 0.6702979110062768 0.2275354805983006 0.7063485793639863
    outer loop
      vertex 26.36425498151293 6.004781505107851 31.302207768974775
      vertex 26.471465784731375 6.033508553250126 31.191214978120087
      vertex 26.433531291828466 6.145259965737716 31.191214978120087
    endloop
  endfacet
  facet normal 0.7518463409676505 0.2552174424523101 0.6079400765220676
    outer loop
      vertex 26.471465784731375 6.033508553250126 31.191214978120087
      vertex 26.5218133080537 6.18182757417185 31.066684279623523
      vertex 26.433531291828466 6.145259965737716 31.191214978120087
    endloop
  endfacet
  facet normal 0.7518463409676521 0.25521744245230826 0.607940076522066
    outer loop
      vertex 26.563765566757105 6.05824020530549 31.066684279623523
      vertex 26.5218133080537 6.18182757417185 31.066684279623523
      vertex 26.471465784731375 6.033508553250126 31.191214978120087
    endloop
  endfacet
  facet normal 0 1 0
    outer loop
      vertex 25.6 6.997430707886324 30.478483755076173
      vertex 23.8 6.997430707886324 29.6
      vertex 22.3 6.997430707886324 29.650000000000002
    endloop
  endfacet
  facet normal 0.9388632225089935 0.31870111937087603 0.13025147189870376
    outer loop
      vertex 26.756629245939003 6.1099178723915735 30.478483755076173
      vertex 26.687352935623466 6.250396333021438 30.634108386419356
      vertex 26.736838998862776 6.104615091669486 30.634108386419356
    endloop
  endfacet
  facet normal 0.9388632225089931 0.3187011193708773 0.1302514718987024
    outer loop
      vertex 26.756629245939003 6.1099178723915735 30.478483755076173
      vertex 26.706281722616676 6.258236893313297 30.478483755076173
      vertex 26.687352935623466 6.250396333021438 30.634108386419356
    endloop
  endfacet
  facet normal 0.8892322739216588 0.43852082856386376 0.13025147189870223
    outer loop
      vertex 26.706281722616676 6.258236893313297 30.478483755076173
      vertex 26.637005412301143 6.398715353943162 30.478483755076173
      vertex 26.687352935623466 6.250396333021438 30.634108386419356
    endloop
  endfacet
  facet normal 0.8892322739216582 0.43852082856386465 0.1302514718987033
    outer loop
      vertex 26.637005412301143 6.398715353943162 30.478483755076173
      vertex 26.619261962184453 6.388471168241938 30.634108386419356
      vertex 26.687352935623466 6.250396333021438 30.634108386419356
    endloop
  endfacet
  facet normal 0.8243863145857449 0.5508373247992135 0.1302514718987039
    outer loop
      vertex 26.637005412301143 6.398715353943162 30.478483755076173
      vertex 26.533731133979657 6.516477098618787 30.634108386419356
      vertex 26.619261962184453 6.388471168241938 30.634108386419356
    endloop
  endfacet
  facet normal 0.8243863145857433 0.5508373247992168 0.13025147189870054
    outer loop
      vertex 26.637005412301143 6.398715353943162 30.478483755076173
      vertex 26.549985651868916 6.5289496288718025 30.478483755076173
      vertex 26.533731133979657 6.516477098618787 30.634108386419356
    endloop
  endfacet
  facet normal 0.016961456102910895 0.25878181247038784 0.9657868722142635
    outer loop
      vertex 25.6 6.034108386419354 31.576942336483878
      vertex 25.650347523322328 6.182427407341078 31.53631615539413
      vertex 25.6 6.185727358363794 31.53631615539413
    endloop
  endfacet
  facet normal 0.05059415309221555 0.25435398391114494 0.9657868722142636
    outer loop
      vertex 25.6305572762461 6.032105556719983 31.576942336483878
      vertex 25.699833586561635 6.172584017349847 31.53631615539413
      vertex 25.650347523322328 6.182427407341078 31.53631615539413
    endloop
  endfacet
  facet normal 0.0747945012774893 0.37601735006616255 0.9235890509462921
    outer loop
      vertex 25.699833586561635 6.172584017349847 31.53631615539413
      vertex 25.737367283754555 6.312661682269718 31.47624728983923
      vertex 25.650347523322328 6.182427407341078 31.53631615539413
    endloop
  endfacet
  facet normal 0.12323473686339362 0.3630378280597451 0.9235890509462923
    outer loop
      vertex 25.747611469455777 6.156365611521955 31.53631615539413
      vertex 25.737367283754555 6.312661682269718 31.47624728983923
      vertex 25.699833586561635 6.172584017349847 31.53631615539413
    endloop
  endfacet
  facet normal 0.21299671902680473 0.3187721171243568 0.9235890509462916
    outer loop
      vertex 25.834815937885303 6.10601808819963 31.53631615539413
      vertex 25.92309795411054 6.221069451709936 31.47624728983923
      vertex 25.7928636791819 6.134049691277709 31.53631615539413
    endloop
  endfacet
  facet normal 0.288243326782258 0.2527826132027737 0.9235890509462924
    outer loop
      vertex 25.872750430788212 6.072750430788212 31.53631615539413
      vertex 26.021069451709938 6.123097954110538 31.47624728983923
      vertex 25.975294398515167 6.175294398515167 31.47624728983923
    endloop
  endfacet
  facet normal 0.2527826132027721 0.2882433267822619 0.9235890509462917
    outer loop
      vertex 25.834815937885303 6.10601808819963 31.53631615539413
      vertex 25.975294398515167 6.175294398515167 31.47624728983923
      vertex 25.92309795411054 6.221069451709936 31.47624728983923
    endloop
  endfacet
  facet normal 0.1695663919344365 0.34384662816212874 0.9235890509462917
    outer loop
      vertex 25.747611469455777 6.156365611521955 31.53631615539413
      vertex 25.7928636791819 6.134049691277709 31.53631615539413
      vertex 25.80310786488312 6.290345762025472 31.47624728983923
    endloop
  endfacet
  facet normal 0.16956639193443906 0.34384662816212835 0.9235890509462913
    outer loop
      vertex 25.7928636791819 6.134049691277709 31.53631615539413
      vertex 25.865373214131402 6.259639889843441 31.47624728983923
      vertex 25.80310786488312 6.290345762025472 31.47624728983923
    endloop
  endfacet
  facet normal 0.21299671902680353 0.31877211712435843 0.9235890509462914
    outer loop
      vertex 25.7928636791819 6.134049691277709 31.53631615539413
      vertex 25.92309795411054 6.221069451709936 31.47624728983923
      vertex 25.865373214131402 6.259639889843441 31.47624728983923
    endloop
  endfacet
  facet normal 0.025074511037767224 0.3825631109612434 0.9235890509462918
    outer loop
      vertex 25.6 6.185727358363794 31.53631615539413
      vertex 25.650347523322328 6.182427407341078 31.53631615539413
      vertex 25.6 6.330746428262802 31.47624728983923
    endloop
  endfacet
  facet normal 0.025074511037769094 0.38256311096124396 0.9235890509462916
    outer loop
      vertex 25.650347523322328 6.182427407341078 31.53631615539413
      vertex 25.66927631031554 6.3262058189936585 31.47624728983923
      vertex 25.6 6.330746428262802 31.47624728983923
    endloop
  endfacet
  facet normal 0.07479450127748655 0.3760173500661642 0.9235890509462916
    outer loop
      vertex 25.650347523322328 6.182427407341078 31.53631615539413
      vertex 25.737367283754555 6.312661682269718 31.47624728983923
      vertex 25.66927631031554 6.3262058189936585 31.47624728983923
    endloop
  endfacet
  facet normal 0.27823178344628313 0.4164032904624066 0.8655607282983565
    outer loop
      vertex 25.92309795411054 6.221069451709936 31.47624728983923
      vertex 25.933342139811764 6.377365522457699 31.397763534763058
      vertex 25.865373214131402 6.259639889843441 31.47624728983923
    endloop
  endfacet
  facet normal 0.12323473686339671 0.3630378280597452 0.923589050946292
    outer loop
      vertex 25.747611469455777 6.156365611521955 31.53631615539413
      vertex 25.80310786488312 6.290345762025472 31.47624728983923
      vertex 25.737367283754555 6.312661682269718 31.47624728983923
    endloop
  endfacet
  facet normal 0.16097816331021378 0.47422637691812386 0.8655607282983555
    outer loop
      vertex 25.737367283754555 6.312661682269718 31.47624728983923
      vertex 25.80310786488312 6.290345762025472 31.47624728983923
      vertex 25.855129028430177 6.415935960591204 31.397763534763058
    endloop
  endfacet
  facet normal 0.2214999360367305 0.44915743783593676 0.8655607282983563
    outer loop
      vertex 25.865373214131402 6.259639889843441 31.47624728983923
      vertex 25.933342139811764 6.377365522457699 31.397763534763058
      vertex 25.80310786488312 6.290345762025472 31.47624728983923
    endloop
  endfacet
  facet normal 0.278231783446288 0.4164032904624057 0.8655607282983553
    outer loop
      vertex 25.92309795411054 6.221069451709936 31.47624728983923
      vertex 26.005851674761267 6.328916200158977 31.397763534763058
      vertex 25.933342139811764 6.377365522457699 31.397763534763058
    endloop
  endfacet
  facet normal 0.09770200957786467 0.4911811712108558 0.865560728298355
    outer loop
      vertex 25.737367283754555 6.312661682269718 31.47624728983923
      vertex 25.772550588637024 6.4439675636692835 31.397763534763058
      vertex 25.66927631031554 6.3262058189936585 31.47624728983923
    endloop
  endfacet
  facet normal 0.03275414737352895 0.4997317194830189 0.8655607282983547
    outer loop
      vertex 25.6 6.330746428262802 31.47624728983923
      vertex 25.66927631031554 6.3262058189936585 31.47624728983923
      vertex 25.68701976043223 6.460980703191442 31.397763534763058
    endloop
  endfacet
  facet normal 0.03275414737352857 0.49973171948301914 0.8655607282983547
    outer loop
      vertex 25.6 6.330746428262802 31.47624728983923
      vertex 25.68701976043223 6.460980703191442 31.397763534763058
      vertex 25.6 6.466684279623522 31.397763534763058
    endloop
  endfacet
  facet normal 0.097702009577864 0.49118117121085636 0.8655607282983548
    outer loop
      vertex 25.66927631031554 6.3262058189936585 31.47624728983923
      vertex 25.772550588637024 6.4439675636692835 31.397763534763058
      vertex 25.68701976043223 6.460980703191442 31.397763534763058
    endloop
  endfacet
  facet normal 0.1609781633102111 0.4742263769181263 0.8655607282983546
    outer loop
      vertex 25.737367283754555 6.312661682269718 31.47624728983923
      vertex 25.855129028430177 6.415935960591204 31.397763534763058
      vertex 25.772550588637024 6.4439675636692835 31.397763534763058
    endloop
  endfacet
  facet normal 0.22149993603672838 0.4491574378359392 0.8655607282983556
    outer loop
      vertex 25.80310786488312 6.290345762025472 31.47624728983923
      vertex 25.933342139811764 6.377365522457699 31.397763534763058
      vertex 25.855129028430177 6.415935960591204 31.397763534763058
    endloop
  endfacet
  facet normal 0.2696114829889298 0.5467180039743919 0.7927225696110631
    outer loop
      vertex 25.933342139811764 6.377365522457699 31.397763534763058
      vertex 25.902784863565664 6.53098732410151 31.302207768974775
      vertex 25.855129028430177 6.415935960591204 31.397763534763058
    endloop
  endfacet
  facet normal 0.039868608566783724 0.6082774216426127 0.7927225696110611
    outer loop
      vertex 25.68701976043223 6.460980703191442 31.397763534763058
      vertex 25.703274278321487 6.584446024299147 31.302207768974775
      vertex 25.6 6.591214978120083 31.302207768974775
    endloop
  endfacet
  facet normal 0.11892366275409702 0.5978696263119463 0.792722569611061
    outer loop
      vertex 25.68701976043223 6.460980703191442 31.397763534763058
      vertex 25.804781505107854 6.564254981512928 31.302207768974775
      vertex 25.703274278321487 6.584446024299147 31.302207768974775
    endloop
  endfacet
  facet normal 0.2696114829889365 0.5467180039743919 0.792722569611061
    outer loop
      vertex 25.933342139811764 6.377365522457699 31.397763534763058
      vertex 25.995607489060042 6.48521227090674 31.302207768974775
      vertex 25.902784863565664 6.53098732410151 31.302207768974775
    endloop
  endfacet
  facet normal 0.1959439000998314 0.5772321159143018 0.7927225696110622
    outer loop
      vertex 25.772550588637024 6.4439675636692835 31.397763534763058
      vertex 25.902784863565664 6.53098732410151 31.302207768974775
      vertex 25.804781505107854 6.564254981512928 31.302207768974775
    endloop
  endfacet
  facet normal 0.03986860856677925 0.6082774216426109 0.7927225696110628
    outer loop
      vertex 25.6 6.466684279623522 31.397763534763058
      vertex 25.68701976043223 6.460980703191442 31.397763534763058
      vertex 25.6 6.591214978120083 31.302207768974775
    endloop
  endfacet
  facet normal 0.1959439000998327 0.5772321159143005 0.7927225696110628
    outer loop
      vertex 25.855129028430177 6.415935960591204 31.397763534763058
      vertex 25.902784863565664 6.53098732410151 31.302207768974775
      vertex 25.772550588637024 6.4439675636692835 31.397763534763058
    endloop
  endfacet
  facet normal 0.11892366275409973 0.5978696263119443 0.7927225696110621
    outer loop
      vertex 25.772550588637024 6.4439675636692835 31.397763534763058
      vertex 25.804781505107854 6.564254981512928 31.302207768974775
      vertex 25.68701976043223 6.460980703191442 31.397763534763058
    endloop
  endfacet
  facet normal 0.9147953411749443 0.31053117455021456 0.25830190358780064
    outer loop
      vertex 26.736838998862776 6.104615091669486 30.634108386419356
      vertex 26.687352935623466 6.250396333021438 30.634108386419356
      vertex 26.69759712132469 6.094100262273676 30.785727358363797
    endloop
  endfacet
  facet normal 0.9147953411749423 0.3105311745502176 0.25830190358780397
    outer loop
      vertex 26.69759712132469 6.094100262273676 30.785727358363797
      vertex 26.687352935623466 6.250396333021438 30.634108386419356
      vertex 26.64981923843055 6.234849366598127 30.785727358363797
    endloop
  endfacet
  facet normal 0.8751235125267665 0.2970644033586959 0.38198374059631973
    outer loop
      vertex 26.69759712132469 6.094100262273676 30.785727358363797
      vertex 26.64981923843055 6.234849366598127 30.785727358363797
      vertex 26.594322843003205 6.211862006949301 30.930746428262804
    endloop
  endfacet
  facet normal 0.8205043856531653 0.2785237081260503 0.4991964514453569
    outer loop
      vertex 26.639575052729327 6.078553295850364 30.930746428262804
      vertex 26.594322843003205 6.211862006949301 30.930746428262804
      vertex 26.5218133080537 6.18182757417185 31.066684279623523
    endloop
  endfacet
  facet normal 0.7771302178258077 0.3832382123515032 0.49919645144535724
    outer loop
      vertex 26.5218133080537 6.18182757417185 31.066684279623523
      vertex 26.594322843003205 6.211862006949301 30.930746428262804
      vertex 26.464088568074565 6.298881767381527 31.066684279623523
    endloop
  endfacet
  facet normal 0.8751235125267665 0.29706440335869366 0.38198374059632156
    outer loop
      vertex 26.69759712132469 6.094100262273676 30.785727358363797
      vertex 26.594322843003205 6.211862006949301 30.930746428262804
      vertex 26.639575052729327 6.078553295850364 30.930746428262804
    endloop
  endfacet
  facet normal 0.8288620241475334 0.4087495160194047 0.3819837405963195
    outer loop
      vertex 26.594322843003205 6.211862006949301 30.930746428262804
      vertex 26.64981923843055 6.234849366598127 30.785727358363797
      vertex 26.58407865730198 6.368158077697063 30.785727358363797
    endloop
  endfacet
  facet normal 0.8664366884369482 0.4272792898483747 0.2583019035878046
    outer loop
      vertex 26.687352935623466 6.250396333021438 30.634108386419356
      vertex 26.619261962184453 6.388471168241938 30.634108386419356
      vertex 26.64981923843055 6.234849366598127 30.785727358363797
    endloop
  endfacet
  facet normal 0.8664366884369382 0.4272792898483865 0.25830190358781846
    outer loop
      vertex 26.64981923843055 6.234849366598127 30.785727358363797
      vertex 26.619261962184453 6.388471168241938 30.634108386419356
      vertex 26.58407865730198 6.368158077697063 30.785727358363797
    endloop
  endfacet
  facet normal 0.7771302178258068 0.3832382123515215 0.4991964514453446
    outer loop
      vertex 26.594322843003205 6.211862006949301 30.930746428262804
      vertex 26.532057493754923 6.338123644919612 30.930746428262804
      vertex 26.464088568074565 6.298881767381527 31.066684279623523
    endloop
  endfacet
  facet normal 0.8288620241475235 0.4087495160194143 0.3819837405963305
    outer loop
      vertex 26.594322843003205 6.211862006949301 30.930746428262804
      vertex 26.58407865730198 6.368158077697063 30.785727358363797
      vertex 26.532057493754923 6.338123644919612 30.930746428262804
    endloop
  endfacet
  facet normal 0.5068493954076134 0.33866593865367517 0.7927225696110599
    outer loop
      vertex 26.28521227090674 6.195607489060041 31.302207768974775
      vertex 26.227713045780025 6.281661160733485 31.302207768974775
      vertex 26.12891620015898 6.205851674761265 31.397763534763058
    endloop
  endfacet
  facet normal 0.6348640795793109 0.313080316996115 0.7063485793639899
    outer loop
      vertex 26.33098732410151 6.102784863565662 31.302207768974775
      vertex 26.381334847423837 6.251103884487386 31.191214978120087
      vertex 26.28521227090674 6.195607489060041 31.302207768974775
    endloop
  endfacet
  facet normal 0.4164032904624111 0.27823178344628186 0.8655607282983546
    outer loop
      vertex 26.059639889843442 6.065373214131401 31.47624728983923
      vertex 26.12891620015898 6.205851674761265 31.397763534763058
      vertex 26.021069451709938 6.123097954110538 31.47624728983923
    endloop
  endfacet
  facet normal 0.4164032904624154 0.2782317834462791 0.8655607282983536
    outer loop
      vertex 26.059639889843442 6.065373214131401 31.47624728983923
      vertex 26.1773655224577 6.133342139811761 31.397763534763058
      vertex 26.12891620015898 6.205851674761265 31.397763534763058
    endloop
  endfacet
  facet normal 0.3765243673402575 0.33020300790064916 0.8655607282983572
    outer loop
      vertex 26.021069451709938 6.123097954110538 31.47624728983923
      vertex 26.071416975032264 6.2714169750322615 31.397763534763058
      vertex 25.975294398515167 6.175294398515167 31.47624728983923
    endloop
  endfacet
  facet normal 0.33020300790064605 0.37652436734026123 0.8655607282983568
    outer loop
      vertex 25.92309795411054 6.221069451709936 31.47624728983923
      vertex 25.975294398515167 6.175294398515167 31.47624728983923
      vertex 26.071416975032264 6.2714169750322615 31.397763534763058
    endloop
  endfacet
  facet normal 0.3765243673402669 0.3302030079006448 0.8655607282983548
    outer loop
      vertex 26.021069451709938 6.123097954110538 31.47624728983923
      vertex 26.12891620015898 6.205851674761265 31.397763534763058
      vertex 26.071416975032264 6.2714169750322615 31.397763534763058
    endloop
  endfacet
  facet normal 0.5467180039743819 0.2696114829889496 0.7927225696110634
    outer loop
      vertex 26.215935960591207 6.055129028430176 31.397763534763058
      vertex 26.28521227090674 6.195607489060041 31.302207768974775
      vertex 26.1773655224577 6.133342139811761 31.397763534763058
    endloop
  endfacet
  facet normal 0.5068493954076148 0.33866593865366584 0.7927225696110631
    outer loop
      vertex 26.28521227090674 6.195607489060041 31.302207768974775
      vertex 26.12891620015898 6.205851674761265 31.397763534763058
      vertex 26.1773655224577 6.133342139811761 31.397763534763058
    endloop
  endfacet
  facet normal 0.45830845316021007 0.4019257262121106 0.7927225696110607
    outer loop
      vertex 26.12891620015898 6.205851674761265 31.397763534763058
      vertex 26.227713045780025 6.281661160733485 31.302207768974775
      vertex 26.15947347640508 6.359473476405076 31.302207768974775
    endloop
  endfacet
  facet normal 0.5885675477331765 0.39326826236785106 0.7063485793639893
    outer loop
      vertex 26.28521227090674 6.195607489060041 31.302207768974775
      vertex 26.381334847423837 6.251103884487386 31.191214978120087
      vertex 26.227713045780025 6.281661160733485 31.302207768974775
    endloop
  endfacet
  facet normal 0.6601726633925676 0.44111327101720504 0.6079400765220743
    outer loop
      vertex 26.381334847423837 6.251103884487386 31.191214978120087
      vertex 26.391579033125062 6.4073999552351495 31.066684279623523
      vertex 26.31576954715284 6.349229290703852 31.191214978120087
    endloop
  endfacet
  facet normal 0.5322004619635775 0.46672727873591546 0.7063485793639863
    outer loop
      vertex 26.227713045780025 6.281661160733485 31.302207768974775
      vertex 26.31576954715284 6.349229290703852 31.191214978120087
      vertex 26.15947347640508 6.359473476405076 31.302207768974775
    endloop
  endfacet
  facet normal 0.5885675477331758 0.3932682623678583 0.7063485793639862
    outer loop
      vertex 26.227713045780025 6.281661160733485 31.302207768974775
      vertex 26.381334847423837 6.251103884487386 31.191214978120087
      vertex 26.31576954715284 6.349229290703852 31.191214978120087
    endloop
  endfacet
  facet normal 0.3302030079006439 0.3765243673402658 0.8655607282983556
    outer loop
      vertex 25.92309795411054 6.221069451709936 31.47624728983923
      vertex 26.071416975032264 6.2714169750322615 31.397763534763058
      vertex 26.005851674761267 6.328916200158977 31.397763534763058
    endloop
  endfacet
  facet normal 0.4583084531602083 0.40192572621211137 0.7927225696110614
    outer loop
      vertex 26.12891620015898 6.205851674761265 31.397763534763058
      vertex 26.15947347640508 6.359473476405076 31.302207768974775
      vertex 26.071416975032264 6.2714169750322615 31.397763534763058
    endloop
  endfacet
  facet normal 0.4019257262121115 0.45830845316020846 0.7927225696110611
    outer loop
      vertex 26.071416975032264 6.2714169750322615 31.397763534763058
      vertex 26.15947347640508 6.359473476405076 31.302207768974775
      vertex 26.005851674761267 6.328916200158977 31.397763534763058
    endloop
  endfacet
  facet normal 0.6348640795793135 0.3130803169961131 0.7063485793639883
    outer loop
      vertex 26.33098732410151 6.102784863565662 31.302207768974775
      vertex 26.433531291828466 6.145259965737716 31.191214978120087
      vertex 26.381334847423837 6.251103884487386 31.191214978120087
    endloop
  endfacet
  facet normal 0.7121016303436342 0.35116966187339854 0.6079400765220707
    outer loop
      vertex 26.464088568074565 6.298881767381527 31.066684279623523
      vertex 26.381334847423837 6.251103884487386 31.191214978120087
      vertex 26.433531291828466 6.145259965737716 31.191214978120087
    endloop
  endfacet
  facet normal 0.7121016303436384 0.3511696618733952 0.6079400765220676
    outer loop
      vertex 26.5218133080537 6.18182757417185 31.066684279623523
      vertex 26.464088568074565 6.298881767381527 31.066684279623523
      vertex 26.433531291828466 6.145259965737716 31.191214978120087
    endloop
  endfacet
  facet normal 0.6601726633925732 0.4411132710172017 0.6079400765220706
    outer loop
      vertex 26.464088568074565 6.298881767381527 31.066684279623523
      vertex 26.391579033125062 6.4073999552351495 31.066684279623523
      vertex 26.381334847423837 6.251103884487386 31.191214978120087
    endloop
  endfacet
  facet normal 0.6514607996199815 0.5713157878291673 0.49919645144535246
    outer loop
      vertex 26.30552536145162 6.505525361451615 31.066684279623523
      vertex 26.391579033125062 6.4073999552351495 31.066684279623523
      vertex 26.361021756878962 6.56102175687896 30.930746428262804
    endloop
  endfacet
  facet normal 0.8032530637381532 0.5367165380330479 0.2583019035878173
    outer loop
      vertex 26.58407865730198 6.368158077697063 30.785727358363797
      vertex 26.619261962184453 6.388471168241938 30.634108386419356
      vertex 26.501500217508827 6.491745446563424 30.785727358363797
    endloop
  endfacet
  facet normal 0.7684184767311683 0.51344081113424 0.38198374059633067
    outer loop
      vertex 26.532057493754923 6.338123644919612 30.930746428262804
      vertex 26.58407865730198 6.368158077697063 30.785727358363797
      vertex 26.501500217508827 6.491745446563424 30.785727358363797
    endloop
  endfacet
  facet normal 0.7204591365102536 0.48139540450992574 0.49919645144534514
    outer loop
      vertex 26.532057493754923 6.338123644919612 30.930746428262804
      vertex 26.45384438237334 6.4551778381292895 30.930746428262804
      vertex 26.464088568074565 6.298881767381527 31.066684279623523
    endloop
  endfacet
  facet normal 0.7204591365102492 0.48139540450992846 0.4991964514453487
    outer loop
      vertex 26.464088568074565 6.298881767381527 31.066684279623523
      vertex 26.45384438237334 6.4551778381292895 30.930746428262804
      vertex 26.391579033125062 6.4073999552351495 31.066684279623523
    endloop
  endfacet
  facet normal 0.7684184767311653 0.5134408111342421 0.3819837405963334
    outer loop
      vertex 26.532057493754923 6.338123644919612 30.930746428262804
      vertex 26.501500217508827 6.491745446563424 30.785727358363797
      vertex 26.45384438237334 6.4551778381292895 30.930746428262804
    endloop
  endfacet
  facet normal 0.803253063738149 0.5367165380330602 0.25830190358780575
    outer loop
      vertex 26.619261962184453 6.388471168241938 30.634108386419356
      vertex 26.533731133979657 6.516477098618787 30.634108386419356
      vertex 26.501500217508827 6.491745446563424 30.785727358363797
    endloop
  endfacet
  facet normal 0.7263255564149693 0.636970417446055 0.2583019035878051
    outer loop
      vertex 26.501500217508827 6.491745446563424 30.785727358363797
      vertex 26.533731133979657 6.516477098618787 30.634108386419356
      vertex 26.43222390719329 6.632223907193288 30.634108386419356
    endloop
  endfacet
  facet normal 0.6948270761320674 0.6093469916179165 0.38198374059632056
    outer loop
      vertex 26.501500217508827 6.491745446563424 30.785727358363797
      vertex 26.403496859051014 6.603496859051013 30.785727358363797
      vertex 26.361021756878962 6.56102175687896 30.930746428262804
    endloop
  endfacet
  facet normal 0.6514607996199859 0.5713157878291653 0.49919645144534913
    outer loop
      vertex 26.391579033125062 6.4073999552351495 31.066684279623523
      vertex 26.45384438237334 6.4551778381292895 30.930746428262804
      vertex 26.361021756878962 6.56102175687896 30.930746428262804
    endloop
  endfacet
  facet normal 0.6948270761320735 0.6093469916179013 0.38198374059633367
    outer loop
      vertex 26.501500217508827 6.491745446563424 30.785727358363797
      vertex 26.361021756878962 6.56102175687896 30.930746428262804
      vertex 26.45384438237334 6.4551778381292895 30.930746428262804
    endloop
  endfacet
  facet normal 0.4019257262121114 0.45830845316020885 0.792722569611061
    outer loop
      vertex 26.005851674761267 6.328916200158977 31.397763534763058
      vertex 26.15947347640508 6.359473476405076 31.302207768974775
      vertex 26.081661160733486 6.427713045780024 31.302207768974775
    endloop
  endfacet
  facet normal 0.3386659386536785 0.5068493954076106 0.7927225696110605
    outer loop
      vertex 25.933342139811764 6.377365522457699 31.397763534763058
      vertex 26.081661160733486 6.427713045780024 31.302207768974775
      vertex 25.995607489060042 6.48521227090674 31.302207768974775
    endloop
  endfacet
  facet normal 0.4667272787359155 0.532200461963575 0.7063485793639881
    outer loop
      vertex 26.15947347640508 6.359473476405076 31.302207768974775
      vertex 26.149229290703854 6.515769547152839 31.191214978120087
      vertex 26.081661160733486 6.427713045780024 31.302207768974775
    endloop
  endfacet
  facet normal 0.5322004619635755 0.466727278735923 0.7063485793639828
    outer loop
      vertex 26.15947347640508 6.359473476405076 31.302207768974775
      vertex 26.31576954715284 6.349229290703852 31.191214978120087
      vertex 26.23795723148125 6.437957231481247 31.191214978120087
    endloop
  endfacet
  facet normal 0.5969479591364206 0.5235093097941976 0.6079400765220737
    outer loop
      vertex 26.391579033125062 6.4073999552351495 31.066684279623523
      vertex 26.23795723148125 6.437957231481247 31.191214978120087
      vertex 26.31576954715284 6.349229290703852 31.191214978120087
    endloop
  endfacet
  facet normal 0.596947959136419 0.5235093097942041 0.60794007652207
    outer loop
      vertex 26.30552536145162 6.505525361451615 31.066684279623523
      vertex 26.23795723148125 6.437957231481247 31.191214978120087
      vertex 26.391579033125062 6.4073999552351495 31.066684279623523
    endloop
  endfacet
  facet normal 0.4667272787359262 0.5322004619635723 0.7063485793639833
    outer loop
      vertex 26.15947347640508 6.359473476405076 31.302207768974775
      vertex 26.23795723148125 6.437957231481247 31.191214978120087
      vertex 26.149229290703854 6.515769547152839 31.191214978120087
    endloop
  endfacet
  facet normal 0.33866593865368 0.506849395407608 0.7927225696110614
    outer loop
      vertex 25.933342139811764 6.377365522457699 31.397763534763058
      vertex 26.005851674761267 6.328916200158977 31.397763534763058
      vertex 26.081661160733486 6.427713045780024 31.302207768974775
    endloop
  endfacet
  facet normal 0.3932682623678554 0.588567547733174 0.7063485793639892
    outer loop
      vertex 26.081661160733486 6.427713045780024 31.302207768974775
      vertex 26.05110388448739 6.581334847423835 31.191214978120087
      vertex 25.995607489060042 6.48521227090674 31.302207768974775
    endloop
  endfacet
  facet normal 0.31308031699611316 0.6348640795793133 0.7063485793639883
    outer loop
      vertex 25.902784863565664 6.53098732410151 31.302207768974775
      vertex 25.995607489060042 6.48521227090674 31.302207768974775
      vertex 26.05110388448739 6.581334847423835 31.191214978120087
    endloop
  endfacet
  facet normal 0.39326826236785867 0.5885675477331734 0.7063485793639878
    outer loop
      vertex 26.081661160733486 6.427713045780024 31.302207768974775
      vertex 26.149229290703854 6.515769547152839 31.191214978120087
      vertex 26.05110388448739 6.581334847423835 31.191214978120087
    endloop
  endfacet
  facet normal 0.5235093097942035 0.5969479591364197 0.6079400765220697
    outer loop
      vertex 26.30552536145162 6.505525361451615 31.066684279623523
      vertex 26.149229290703854 6.515769547152839 31.191214978120087
      vertex 26.23795723148125 6.437957231481247 31.191214978120087
    endloop
  endfacet
  facet normal 0.5235093097941992 0.5969479591364298 0.6079400765220635
    outer loop
      vertex 26.30552536145162 6.505525361451615 31.066684279623523
      vertex 26.20739995523515 6.5915790331250586 31.066684279623523
      vertex 26.149229290703854 6.515769547152839 31.191214978120087
    endloop
  endfacet
  facet normal 0.064845959335909 0.9893581533630919 0.13025147189870184
    outer loop
      vertex 25.6 6.997430707886324 30.478483755076173
      vertex 25.753621801643813 6.966873431640225 30.634108386419356
      vertex 25.756296070747766 6.9871865221851 30.478483755076173
    endloop
  endfacet
  facet normal 0.06484595933590648 0.9893581533630916 0.13025147189870429
    outer loop
      vertex 25.6 6.997430707886324 30.478483755076173
      vertex 25.6 6.9769423364838765 30.634108386419356
      vertex 25.753621801643813 6.966873431640225 30.634108386419356
    endloop
  endfacet
  facet normal 0.3187011193708725 0.9388632225089941 0.13025147189870726
    outer loop
      vertex 25.909917872391574 6.956629245939002 30.478483755076173
      vertex 25.904615091669488 6.9368389988627746 30.634108386419356
      vertex 26.05039633302144 6.887352935623465 30.634108386419356
    endloop
  endfacet
  facet normal 0.19342834566478448 0.9724299610571481 0.13025147189870237
    outer loop
      vertex 25.756296070747766 6.9871865221851 30.478483755076173
      vertex 25.753621801643813 6.966873431640225 30.634108386419356
      vertex 25.909917872391574 6.956629245939002 30.478483755076173
    endloop
  endfacet
  facet normal 0.19342834566479009 0.972429961057146 0.13025147189870817
    outer loop
      vertex 25.909917872391574 6.956629245939002 30.478483755076173
      vertex 25.753621801643813 6.966873431640225 30.634108386419356
      vertex 25.904615091669488 6.9368389988627746 30.634108386419356
    endloop
  endfacet
  facet normal 0.6537288416862738 0.7454348768442121 0.13025147189869776
    outer loop
      vertex 26.328949628871804 6.749985651868913 30.478483755076173
      vertex 26.31647709861879 6.733731133979654 30.634108386419356
      vertex 26.44671137354743 6.6467113735474275 30.478483755076173
    endloop
  endfacet
  facet normal 0.5508373247992194 0.8243863145857417 0.13025147189869898
    outer loop
      vertex 26.328949628871804 6.749985651868913 30.478483755076173
      vertex 26.198715353943165 6.83700541230114 30.478483755076173
      vertex 26.31647709861879 6.733731133979654 30.634108386419356
    endloop
  endfacet
  facet normal 0.7454348768442043 0.6537288416862808 0.1302514718987075
    outer loop
      vertex 26.533731133979657 6.516477098618787 30.634108386419356
      vertex 26.44671137354743 6.6467113735474275 30.478483755076173
      vertex 26.43222390719329 6.632223907193288 30.634108386419356
    endloop
  endfacet
  facet normal 0.7454348768442093 0.6537288416862763 0.1302514718987009
    outer loop
      vertex 26.549985651868916 6.5289496288718025 30.478483755076173
      vertex 26.44671137354743 6.6467113735474275 30.478483755076173
      vertex 26.533731133979657 6.516477098618787 30.634108386419356
    endloop
  endfacet
  facet normal 0.65372884168628 0.745434876844205 0.130251471898707
    outer loop
      vertex 26.44671137354743 6.6467113735474275 30.478483755076173
      vertex 26.31647709861879 6.733731133979654 30.634108386419356
      vertex 26.43222390719329 6.632223907193288 30.634108386419356
    endloop
  endfacet
  facet normal 0.4385208285638757 0.8892322739216516 0.13025147189871086
    outer loop
      vertex 26.198715353943165 6.83700541230114 30.478483755076173
      vertex 26.05039633302144 6.887352935623465 30.634108386419356
      vertex 26.18847116824194 6.8192619621844495 30.634108386419356
    endloop
  endfacet
  facet normal 0.4385208285638725 0.8892322739216537 0.130251471898707
    outer loop
      vertex 26.198715353943165 6.83700541230114 30.478483755076173
      vertex 26.0582368933133 6.906281722616676 30.478483755076173
      vertex 26.05039633302144 6.887352935623465 30.634108386419356
    endloop
  endfacet
  facet normal 0.5508373247992078 0.8243863145857475 0.13025147189871167
    outer loop
      vertex 26.198715353943165 6.83700541230114 30.478483755076173
      vertex 26.18847116824194 6.8192619621844495 30.634108386419356
      vertex 26.31647709861879 6.733731133979654 30.634108386419356
    endloop
  endfacet
  facet normal 0.31870111937087375 0.938863222508994 0.13025147189870595
    outer loop
      vertex 25.909917872391574 6.956629245939002 30.478483755076173
      vertex 26.05039633302144 6.887352935623465 30.634108386419356
      vertex 26.0582368933133 6.906281722616676 30.478483755076173
    endloop
  endfacet
  facet normal 0.27852370812604876 0.8205043856531651 0.4991964514453579
    outer loop
      vertex 25.858240205305492 6.763765566757105 31.066684279623523
      vertex 25.981827574171852 6.721813308053699 31.066684279623523
      vertex 25.878553295850367 6.839575052729325 30.930746428262804
    endloop
  endfacet
  facet normal 0.13809744904270085 0.6942627593342282 0.7063485793639867
    outer loop
      vertex 25.703274278321487 6.584446024299147 31.302207768974775
      vertex 25.804781505107854 6.564254981512928 31.302207768974775
      vertex 25.717761744675627 6.694489256441568 31.191214978120087
    endloop
  endfacet
  facet normal 0.04629653184614118 0.7063485793639692 0.7063485793639862
    outer loop
      vertex 25.6 6.591214978120083 31.302207768974775
      vertex 25.703274278321487 6.584446024299147 31.302207768974775
      vertex 25.6 6.702207768974773 31.191214978120087
    endloop
  endfacet
  facet normal 0.046296531846141166 0.7063485793639692 0.7063485793639862
    outer loop
      vertex 25.703274278321487 6.584446024299147 31.302207768974775
      vertex 25.717761744675627 6.694489256441568 31.191214978120087
      vertex 25.6 6.702207768974773 31.191214978120087
    endloop
  endfacet
  facet normal 0.22753548059830783 0.6702979110062728 0.7063485793639876
    outer loop
      vertex 25.902784863565664 6.53098732410151 31.302207768974775
      vertex 25.94525996573772 6.633531291828464 31.191214978120087
      vertex 25.804781505107854 6.564254981512928 31.302207768974775
    endloop
  endfacet
  facet normal 0.1380974490427054 0.6942627593342294 0.7063485793639844
    outer loop
      vertex 25.804781505107854 6.564254981512928 31.302207768974775
      vertex 25.833508553250127 6.6714657847313745 31.191214978120087
      vertex 25.717761744675627 6.694489256441568 31.191214978120087
    endloop
  endfacet
  facet normal 0.22753548059830142 0.6702979110062794 0.7063485793639837
    outer loop
      vertex 25.804781505107854 6.564254981512928 31.302207768974775
      vertex 25.94525996573772 6.633531291828464 31.191214978120087
      vertex 25.833508553250127 6.6714657847313745 31.191214978120087
    endloop
  endfacet
  facet normal 0.051928966951062125 0.792282932890607 0.6079400765220643
    outer loop
      vertex 25.6 6.702207768974773 31.191214978120087
      vertex 25.73023427492864 6.7892275294069995 31.066684279623523
      vertex 25.6 6.797763534763054 31.066684279623523
    endloop
  endfacet
  facet normal 0.05192896695106606 0.7922829328906047 0.6079400765220668
    outer loop
      vertex 25.6 6.702207768974773 31.191214978120087
      vertex 25.717761744675627 6.694489256441568 31.191214978120087
      vertex 25.73023427492864 6.7892275294069995 31.066684279623523
    endloop
  endfacet
  facet normal 0.1548983818312275 0.7787267522465185 0.6079400765220669
    outer loop
      vertex 25.858240205305492 6.763765566757105 31.066684279623523
      vertex 25.717761744675627 6.694489256441568 31.191214978120087
      vertex 25.833508553250127 6.6714657847313745 31.191214978120087
    endloop
  endfacet
  facet normal 0.25521744245230976 0.7518463409676499 0.6079400765220684
    outer loop
      vertex 25.858240205305492 6.763765566757105 31.066684279623523
      vertex 25.833508553250127 6.6714657847313745 31.191214978120087
      vertex 25.94525996573772 6.633531291828464 31.191214978120087
    endloop
  endfacet
  facet normal 0.25521744245231864 0.7518463409676509 0.6079400765220632
    outer loop
      vertex 25.858240205305492 6.763765566757105 31.066684279623523
      vertex 25.94525996573772 6.633531291828464 31.191214978120087
      vertex 25.981827574171852 6.721813308053699 31.066684279623523
    endloop
  endfacet
  facet normal 0.1548983818312261 0.7787267522465197 0.607940076522066
    outer loop
      vertex 25.858240205305492 6.763765566757105 31.066684279623523
      vertex 25.73023427492864 6.7892275294069995 31.066684279623523
      vertex 25.717761744675627 6.694489256441568 31.191214978120087
    endloop
  endfacet
  facet normal 0.18029643639469262 0.9064113949765932 0.3819837405963259
    outer loop
      vertex 25.878553295850367 6.839575052729325 30.930746428262804
      vertex 25.89410026227368 6.897597121324689 30.785727358363797
      vertex 25.748319020921727 6.926594813161551 30.785727358363797
    endloop
  endfacet
  facet normal 0.056671081315561034 0.8646336168614358 0.4991964514453574
    outer loop
      vertex 25.6 6.797763534763054 31.066684279623523
      vertex 25.73023427492864 6.7892275294069995 31.066684279623523
      vertex 25.6 6.876247289839226 30.930746428262804
    endloop
  endfacet
  facet normal 0.05667108131556213 0.864633616861436 0.4991964514453565
    outer loop
      vertex 25.73023427492864 6.7892275294069995 31.066684279623523
      vertex 25.740478460629866 6.86703984507859 30.930746428262804
      vertex 25.6 6.876247289839226 30.930746428262804
    endloop
  endfacet
  facet normal 0.16904358603318329 0.8498394959552095 0.49919645144535746
    outer loop
      vertex 25.73023427492864 6.7892275294069995 31.066684279623523
      vertex 25.878553295850367 6.839575052729325 30.930746428262804
      vertex 25.740478460629866 6.86703984507859 30.930746428262804
    endloop
  endfacet
  facet normal 0.27852370812605043 0.8205043856531653 0.49919645144535674
    outer loop
      vertex 25.878553295850367 6.839575052729325 30.930746428262804
      vertex 25.981827574171852 6.721813308053699 31.066684279623523
      vertex 26.0118620069493 6.794322843003203 30.930746428262804
    endloop
  endfacet
  facet normal 0.1690435860331842 0.8498394959552089 0.49919645144535835
    outer loop
      vertex 25.858240205305492 6.763765566757105 31.066684279623523
      vertex 25.878553295850367 6.839575052729325 30.930746428262804
      vertex 25.73023427492864 6.7892275294069995 31.066684279623523
    endloop
  endfacet
  facet normal 0.18029643639468937 0.9064113949765926 0.3819837405963285
    outer loop
      vertex 25.740478460629866 6.86703984507859 30.930746428262804
      vertex 25.878553295850367 6.839575052729325 30.930746428262804
      vertex 25.748319020921727 6.926594813161551 30.785727358363797
    endloop
  endfacet
  facet normal 0.29706440335869316 0.8751235125267647 0.3819837405963262
    outer loop
      vertex 25.878553295850367 6.839575052729325 30.930746428262804
      vertex 26.0118620069493 6.794322843003203 30.930746428262804
      vertex 25.89410026227368 6.897597121324689 30.785727358363797
    endloop
  endfacet
  facet normal 0.06044354741636678 0.9221903271536541 0.38198374059632695
    outer loop
      vertex 25.6 6.876247289839226 30.930746428262804
      vertex 25.748319020921727 6.926594813161551 30.785727358363797
      vertex 25.6 6.936316155394127 30.785727358363797
    endloop
  endfacet
  facet normal 0.0631836246987924 0.9639958278814482 0.25830190358780475
    outer loop
      vertex 25.748319020921727 6.926594813161551 30.785727358363797
      vertex 25.753621801643813 6.966873431640225 30.634108386419356
      vertex 25.6 6.9769423364838765 30.634108386419356
    endloop
  endfacet
  facet normal 0.06318362469879132 0.963995827881448 0.2583019035878057
    outer loop
      vertex 25.6 6.936316155394127 30.785727358363797
      vertex 25.748319020921727 6.926594813161551 30.785727358363797
      vertex 25.6 6.9769423364838765 30.634108386419356
    endloop
  endfacet
  facet normal 0.18846978475997536 0.9475015919962602 0.25830190358780025
    outer loop
      vertex 25.904615091669488 6.9368389988627746 30.634108386419356
      vertex 25.753621801643813 6.966873431640225 30.634108386419356
      vertex 25.89410026227368 6.897597121324689 30.785727358363797
    endloop
  endfacet
  facet normal 0.3105311745502114 0.9147953411749458 0.25830190358779903
    outer loop
      vertex 25.904615091669488 6.9368389988627746 30.634108386419356
      vertex 25.89410026227368 6.897597121324689 30.785727358363797
      vertex 26.05039633302144 6.887352935623465 30.634108386419356
    endloop
  endfacet
  facet normal 0.18846978475997114 0.9475015919962598 0.258301903587804
    outer loop
      vertex 25.748319020921727 6.926594813161551 30.785727358363797
      vertex 25.89410026227368 6.897597121324689 30.785727358363797
      vertex 25.753621801643813 6.966873431640225 30.634108386419356
    endloop
  endfacet
  facet normal 0.060443547416367524 0.9221903271536537 0.3819837405963275
    outer loop
      vertex 25.6 6.876247289839226 30.930746428262804
      vertex 25.740478460629866 6.86703984507859 30.930746428262804
      vertex 25.748319020921727 6.926594813161551 30.785727358363797
    endloop
  endfacet
  facet normal 0.60934699161791 0.6948270761320726 0.38198374059632134
    outer loop
      vertex 26.361021756878962 6.56102175687896 30.930746428262804
      vertex 26.403496859051014 6.603496859051013 30.785727358363797
      vertex 26.291745446563425 6.7015002175088245 30.785727358363797
    endloop
  endfacet
  facet normal 0.5713157878291668 0.6514607996199817 0.4991964514453529
    outer loop
      vertex 26.30552536145162 6.505525361451615 31.066684279623523
      vertex 26.361021756878962 6.56102175687896 30.930746428262804
      vertex 26.255177838129292 6.653844382373339 30.930746428262804
    endloop
  endfacet
  facet normal 0.5713157878291552 0.6514607996199854 0.4991964514453613
    outer loop
      vertex 26.30552536145162 6.505525361451615 31.066684279623523
      vertex 26.255177838129292 6.653844382373339 30.930746428262804
      vertex 26.20739995523515 6.5915790331250586 31.066684279623523
    endloop
  endfacet
  facet normal 0.6093469916179073 0.6948270761320736 0.3819837405963235
    outer loop
      vertex 26.361021756878962 6.56102175687896 30.930746428262804
      vertex 26.291745446563425 6.7015002175088245 30.785727358363797
      vertex 26.255177838129292 6.653844382373339 30.930746428262804
    endloop
  endfacet
  facet normal 0.4813954045099288 0.7204591365102407 0.4991964514453606
    outer loop
      vertex 26.098881767381528 6.664088568074563 31.066684279623523
      vertex 26.20739995523515 6.5915790331250586 31.066684279623523
      vertex 26.255177838129292 6.653844382373339 30.930746428262804
    endloop
  endfacet
  facet normal 0.5134408111342518 0.7684184767311635 0.3819837405963243
    outer loop
      vertex 26.255177838129292 6.653844382373339 30.930746428262804
      vertex 26.291745446563425 6.7015002175088245 30.785727358363797
      vertex 26.168158077697065 6.784078657301979 30.785727358363797
    endloop
  endfacet
  facet normal 0.6369704174460522 0.7263255564149694 0.2583019035878116
    outer loop
      vertex 26.291745446563425 6.7015002175088245 30.785727358363797
      vertex 26.403496859051014 6.603496859051013 30.785727358363797
      vertex 26.31647709861879 6.733731133979654 30.634108386419356
    endloop
  endfacet
  facet normal 0.5367165380330596 0.8032530637381478 0.25830190358781013
    outer loop
      vertex 26.291745446563425 6.7015002175088245 30.785727358363797
      vertex 26.31647709861879 6.733731133979654 30.634108386419356
      vertex 26.168158077697065 6.784078657301979 30.785727358363797
    endloop
  endfacet
  facet normal 0.48139540450992485 0.720459136510247 0.4991964514453557
    outer loop
      vertex 26.098881767381528 6.664088568074563 31.066684279623523
      vertex 26.255177838129292 6.653844382373339 30.930746428262804
      vertex 26.138123644919613 6.732057493754923 30.930746428262804
    endloop
  endfacet
  facet normal 0.38323821235150823 0.7771302178258062 0.4991964514453558
    outer loop
      vertex 26.098881767381528 6.664088568074563 31.066684279623523
      vertex 26.138123644919613 6.732057493754923 30.930746428262804
      vertex 25.981827574171852 6.721813308053699 31.066684279623523
    endloop
  endfacet
  facet normal 0.3832382123515078 0.7771302178258066 0.4991964514453552
    outer loop
      vertex 25.981827574171852 6.721813308053699 31.066684279623523
      vertex 26.138123644919613 6.732057493754923 30.930746428262804
      vertex 26.0118620069493 6.794322843003203 30.930746428262804
    endloop
  endfacet
  facet normal 0.4087495160194031 0.8288620241475302 0.381983740596328
    outer loop
      vertex 26.138123644919613 6.732057493754923 30.930746428262804
      vertex 26.168158077697065 6.784078657301979 30.785727358363797
      vertex 26.0118620069493 6.794322843003203 30.930746428262804
    endloop
  endfacet
  facet normal 0.5134408111342458 0.768418476731165 0.3819837405963291
    outer loop
      vertex 26.255177838129292 6.653844382373339 30.930746428262804
      vertex 26.168158077697065 6.784078657301979 30.785727358363797
      vertex 26.138123644919613 6.732057493754923 30.930746428262804
    endloop
  endfacet
  facet normal 0.7263255564149638 0.6369704174460588 0.25830190358781113
    outer loop
      vertex 26.501500217508827 6.491745446563424 30.785727358363797
      vertex 26.43222390719329 6.632223907193288 30.634108386419356
      vertex 26.403496859051014 6.603496859051013 30.785727358363797
    endloop
  endfacet
  facet normal 0.6369704174460532 0.726325556414969 0.2583019035878106
    outer loop
      vertex 26.31647709861879 6.733731133979654 30.634108386419356
      vertex 26.403496859051014 6.603496859051013 30.785727358363797
      vertex 26.43222390719329 6.632223907193288 30.634108386419356
    endloop
  endfacet
  facet normal 0.441113271017211 0.6601726633925736 0.6079400765220634
    outer loop
      vertex 26.149229290703854 6.515769547152839 31.191214978120087
      vertex 26.20739995523515 6.5915790331250586 31.066684279623523
      vertex 26.05110388448739 6.581334847423835 31.191214978120087
    endloop
  endfacet
  facet normal 0.4411132710172093 0.6601726633925765 0.6079400765220615
    outer loop
      vertex 26.098881767381528 6.664088568074563 31.066684279623523
      vertex 26.05110388448739 6.581334847423835 31.191214978120087
      vertex 26.20739995523515 6.5915790331250586 31.066684279623523
    endloop
  endfacet
  facet normal 0.31308031699611305 0.6348640795793135 0.7063485793639883
    outer loop
      vertex 25.902784863565664 6.53098732410151 31.302207768974775
      vertex 26.05110388448739 6.581334847423835 31.191214978120087
      vertex 25.94525996573772 6.633531291828464 31.191214978120087
    endloop
  endfacet
  facet normal 0.3511696618734013 0.7121016303436396 0.6079400765220627
    outer loop
      vertex 25.94525996573772 6.633531291828464 31.191214978120087
      vertex 26.05110388448739 6.581334847423835 31.191214978120087
      vertex 26.098881767381528 6.664088568074563 31.066684279623523
    endloop
  endfacet
  facet normal 0.35116966187340126 0.7121016303436396 0.6079400765220627
    outer loop
      vertex 25.94525996573772 6.633531291828464 31.191214978120087
      vertex 26.098881767381528 6.664088568074563 31.066684279623523
      vertex 25.981827574171852 6.721813308053699 31.066684279623523
    endloop
  endfacet
  facet normal 0.427279289848386 0.8664366884369427 0.25830190358780425
    outer loop
      vertex 26.168158077697065 6.784078657301979 30.785727358363797
      vertex 26.18847116824194 6.8192619621844495 30.634108386419356
      vertex 26.05039633302144 6.887352935623465 30.634108386419356
    endloop
  endfacet
  facet normal 0.4087495160194012 0.8288620241475319 0.381983740596326
    outer loop
      vertex 26.168158077697065 6.784078657301979 30.785727358363797
      vertex 26.034849366598127 6.849819238430548 30.785727358363797
      vertex 26.0118620069493 6.794322843003203 30.930746428262804
    endloop
  endfacet
  facet normal 0.29706440335869344 0.8751235125267646 0.3819837405963258
    outer loop
      vertex 25.89410026227368 6.897597121324689 30.785727358363797
      vertex 26.0118620069493 6.794322843003203 30.930746428262804
      vertex 26.034849366598127 6.849819238430548 30.785727358363797
    endloop
  endfacet
  facet normal 0.310531174550216 0.9147953411749429 0.25830190358780397
    outer loop
      vertex 25.89410026227368 6.897597121324689 30.785727358363797
      vertex 26.034849366598127 6.849819238430548 30.785727358363797
      vertex 26.05039633302144 6.887352935623465 30.634108386419356
    endloop
  endfacet
  facet normal 0.4272792898483858 0.8664366884369427 0.25830190358780436
    outer loop
      vertex 26.168158077697065 6.784078657301979 30.785727358363797
      vertex 26.05039633302144 6.887352935623465 30.634108386419356
      vertex 26.034849366598127 6.849819238430548 30.785727358363797
    endloop
  endfacet
  facet normal 0.5367165380330551 0.8032530637381528 0.2583019035878041
    outer loop
      vertex 26.31647709861879 6.733731133979654 30.634108386419356
      vertex 26.18847116824194 6.8192619621844495 30.634108386419356
      vertex 26.168158077697065 6.784078657301979 30.785727358363797
    endloop
  endfacet
  facet normal 1 0 0
    outer loop
      vertex -23.8 -6.997430707886324 29.6
      vertex -23.8 -6.997430707886324 2
      vertex -23.8 6.997430707886324 2
    endloop
  endfacet
  facet normal 0 0 -1
    outer loop
      vertex -23.8 -6.997430707886324 29.6
      vertex -23.8 6.997430707886324 29.6
      vertex -22.3 -6.997430707886324 29.6
    endloop
  endfacet
  facet normal 0 0 1
    outer loop
      vertex -23.8 6.997430707886324 2
      vertex -23.8 -6.997430707886324 2
      vertex 23.8 6.997430707886324 2
    endloop
  endfacet
  facet normal 1 0 0
    outer loop
      vertex -23.8 -6.997430707886324 29.6
      vertex -23.8 6.997430707886324 2
      vertex -23.8 6.997430707886324 29.6
    endloop
  endfacet
  facet normal 0 0 -1
    outer loop
      vertex -22.3 -6.997430707886324 29.6
      vertex -23.8 6.997430707886324 29.6
      vertex -22.3 6.997430707886324 29.6
    endloop
  endfacet
  facet normal 0 0 1
    outer loop
      vertex -23.8 -6.997430707886324 2
      vertex 23.8 -6.997430707886324 2
      vertex 23.8 6.997430707886324 2
    endloop
  endfacet
  facet normal -1 0 0
    outer loop
      vertex 23.8 -6.997430707886324 2
      vertex 23.8 -6.997430707886324 29.6
      vertex 23.8 6.997430707886324 29.6
    endloop
  endfacet
  facet normal 0 0 -1
    outer loop
      vertex 22.3 -6.997430707886324 29.6
      vertex 22.3 6.997430707886324 29.6
      vertex 23.8 -6.997430707886324 29.6
    endloop
  endfacet
  facet normal -1 0 0
    outer loop
      vertex 23.8 -6.997430707886324 2
      vertex 23.8 6.997430707886324 29.6
      vertex 23.8 6.997430707886324 2
    endloop
  endfacet
  facet normal 0 0 -1
    outer loop
      vertex 23.8 -6.997430707886324 29.6
      vertex 22.3 6.997430707886324 29.6
      vertex 23.8 6.997430707886324 29.6
    endloop
  endfacet
  facet normal 1 0 0
    outer loop
      vertex -22.3 -6.997430707886324 29.6
      vertex -22.3 6.997430707886324 29.6
      vertex -22.3 -6.997430707886324 29.650000000000002
    endloop
  endfacet
  facet normal 0 0 -1
    outer loop
      vertex -22.3 -6.997430707886324 29.650000000000002
      vertex -22.3 6.997430707886324 29.650000000000002
      vertex 22.3 -6.997430707886324 29.650000000000002
    endloop
  endfacet
  facet normal 1 0 0
    outer loop
      vertex -22.3 -6.997430707886324 29.650000000000002
      vertex -22.3 6.997430707886324 29.6
      vertex -22.3 6.997430707886324 29.650000000000002
    endloop
  endfacet
  facet normal -1 0 0
    outer loop
      vertex 22.3 -6.997430707886324 29.650000000000002
      vertex 22.3 6.997430707886324 29.650000000000002
      vertex 22.3 -6.997430707886324 29.6
    endloop
  endfacet
  facet normal 0 0 -1
    outer loop
      vertex 22.3 -6.997430707886324 29.650000000000002
      vertex -22.3 6.997430707886324 29.650000000000002
      vertex 22.3 6.997430707886324 29.650000000000002
    endloop
  endfacet
  facet normal -1 0 0
    outer loop
      vertex 22.3 -6.997430707886324 29.6
      vertex 22.3 6.997430707886324 29.650000000000002
      vertex 22.3 6.997430707886324 29.6
    endloop
  endfacet
endsolid OpenSCAD_Model
